# Blender 5.1.0
# www.blender.org
mtllib knight.mtl
o fou.003
v -0.113136 -0.002740 -0.113136
v -0.130404 0.049540 -0.130404
v 0.113136 -0.002740 -0.113136
v 0.130404 0.049540 -0.130404
v -0.113136 -0.002740 0.113136
v -0.130404 0.049540 0.130404
v 0.113136 -0.002740 0.113136
v 0.130404 0.049540 0.130404
v -0.146759 0.035907 -0.146759
v 0.146759 0.035907 -0.146759
v 0.146759 0.035907 0.146759
v -0.146759 0.035907 0.146759
v -0.097619 0.156833 -0.097609
v 0.097619 0.156833 -0.097609
v 0.097612 0.156833 0.097609
v -0.097612 0.156833 0.097609
v 0.130404 0.056016 -0.130404
v 0.130404 0.056016 0.130404
v -0.130404 0.056016 0.130404
v -0.130404 0.056016 -0.130404
v 0.144847 0.068628 -0.144847
v -0.144847 0.068628 -0.144847
v 0.144847 0.068628 0.144847
v -0.144847 0.068628 0.144847
v 0.150848 0.005869 -0.150848
v 0.150848 0.005869 0.150848
v -0.150848 0.005869 0.150848
v -0.150848 0.005869 -0.150848
v 0.138130 0.101465 -0.138130
v -0.138130 0.101465 -0.138130
v 0.138130 0.101465 0.138130
v -0.138130 0.101465 0.138130
v 0.119613 0.132214 -0.119611
v -0.119613 0.132214 -0.119611
v 0.119612 0.132214 0.119611
v -0.119612 0.132214 0.119611
v 0.079536 0.164345 0.079535
v -0.079536 0.164345 0.079535
v -0.079537 0.164345 -0.079535
v 0.079537 0.164345 -0.079535
v 0.078276 0.167187 -0.077791
v 0.078276 0.167187 0.082034
v -0.078276 0.167187 0.082034
v -0.078276 0.167187 -0.077791
v 0.115885 0.181902 -0.112940
v 0.116273 0.181902 0.141953
v -0.116273 0.181902 0.141953
v -0.115885 0.181902 -0.112940
v 0.097976 0.240787 -0.093261
v 0.101369 0.240514 0.162928
v -0.101369 0.240514 0.162928
v -0.097976 0.240787 -0.093261
v 0.070160 0.298249 -0.059662
v 0.078664 0.302742 0.168376
v -0.078664 0.302742 0.168376
v -0.070160 0.298249 -0.059662
v 0.059763 0.338759 -0.013295
v 0.065847 0.366743 0.172145
v -0.065847 0.366743 0.172145
v -0.059763 0.338759 -0.013295
v 0.056421 0.372192 0.013371
v 0.063653 0.407032 0.171964
v -0.063653 0.407032 0.171964
v -0.056421 0.372192 0.013371
v 0.057849 0.402833 0.024969
v 0.067891 0.437592 0.168077
v -0.067891 0.437592 0.168077
v -0.057849 0.402833 0.024969
v 0.061352 0.430225 -0.002117
v 0.071031 0.475557 0.153875
v -0.071031 0.475557 0.153875
v -0.061352 0.430225 -0.002117
v 0.073484 0.485096 -0.024158
v 0.065878 0.531377 0.121198
v -0.065878 0.531377 0.121198
v -0.073484 0.485096 -0.024158
v 0.040661 0.574733 -0.060052
v 0.038336 0.594828 0.055632
v -0.038336 0.594828 0.055632
v -0.040661 0.574733 -0.060052
v -0.021517 0.390189 -0.164204
v 0.021517 0.390189 -0.164204
v -0.026301 0.415103 -0.185117
v 0.026301 0.415103 -0.185117
v -0.022551 0.466797 -0.189026
v 0.022551 0.466797 -0.189026
v 0.043420 0.515127 -0.113611
v -0.043420 0.515127 -0.113611
v -0.057521 0.444564 -0.108213
v -0.042156 0.407951 -0.089489
v 0.057521 0.444564 -0.108213
v 0.042156 0.407951 -0.089489
v 0.035258 0.482967 -0.155501
v -0.045126 0.423907 -0.152148
v 0.045126 0.423907 -0.152148
v 0.034020 0.393944 -0.133490
v -0.035258 0.482967 -0.155501
v -0.034020 0.393944 -0.133490
v 0.094774 -0.002787 -0.121082
v 0.067123 -0.002838 -0.129638
v 0.034710 -0.002874 -0.135681
v -0.000000 -0.002887 -0.137928
v -0.034710 -0.002874 -0.135681
v -0.067123 -0.002838 -0.129638
v -0.094774 -0.002787 -0.121082
v -0.145050 0.038823 -0.145050
v -0.143054 0.041271 -0.143054
v -0.140866 0.043312 -0.140866
v -0.138582 0.045007 -0.138582
v -0.136298 0.046417 -0.136298
v -0.134110 0.047601 -0.134110
v -0.132113 0.048622 -0.132113
v -0.103152 0.049540 -0.151799
v -0.071315 0.049540 -0.167080
v -0.036421 0.049540 -0.176249
v -0.000000 0.049540 -0.179306
v 0.036421 0.049540 -0.176249
v 0.071315 0.049540 -0.167080
v 0.103152 0.049540 -0.151799
v 0.150747 0.003357 -0.150747
v 0.150040 0.001394 -0.150040
v 0.148123 -0.000089 -0.148123
v 0.144388 -0.001161 -0.144388
v 0.138406 -0.001892 -0.138406
v 0.130446 -0.002354 -0.130446
v 0.121183 -0.002617 -0.121183
v 0.121082 -0.002787 0.094774
v 0.129638 -0.002838 0.067123
v 0.135681 -0.002874 0.034710
v 0.137928 -0.002887 -0.000000
v 0.135681 -0.002874 -0.034710
v 0.129638 -0.002838 -0.067123
v 0.121082 -0.002787 -0.094774
v 0.151799 0.049540 -0.103152
v 0.167080 0.049540 -0.071315
v 0.176249 0.049540 -0.036421
v 0.179306 0.049540 -0.000000
v 0.176249 0.049540 0.036421
v 0.167080 0.049540 0.071315
v 0.151799 0.049540 0.103152
v 0.150747 0.003357 0.150747
v 0.150040 0.001394 0.150040
v 0.148123 -0.000089 0.148123
v 0.144388 -0.001161 0.144388
v 0.138406 -0.001892 0.138406
v 0.130446 -0.002354 0.130446
v 0.121183 -0.002617 0.121183
v -0.094774 -0.002787 0.121082
v -0.067123 -0.002838 0.129638
v -0.034710 -0.002874 0.135681
v 0.000000 -0.002887 0.137928
v 0.034710 -0.002874 0.135681
v 0.067123 -0.002838 0.129638
v 0.094774 -0.002787 0.121082
v 0.103152 0.049540 0.151799
v 0.071315 0.049540 0.167080
v 0.036421 0.049540 0.176249
v 0.000000 0.049540 0.179306
v -0.036421 0.049540 0.176249
v -0.071315 0.049540 0.167080
v -0.103152 0.049540 0.151799
v -0.150747 0.003357 0.150747
v -0.150040 0.001394 0.150040
v -0.148123 -0.000089 0.148123
v -0.144388 -0.001161 0.144388
v -0.138406 -0.001892 0.138406
v -0.130446 -0.002354 0.130446
v -0.121183 -0.002617 0.121183
v -0.121082 -0.002787 -0.094774
v -0.129638 -0.002838 -0.067123
v -0.135681 -0.002874 -0.034710
v -0.137928 -0.002887 0.000000
v -0.135681 -0.002874 0.034710
v -0.129638 -0.002838 0.067123
v -0.121082 -0.002787 0.094774
v -0.151799 0.049540 0.103152
v -0.167080 0.049540 0.071315
v -0.176249 0.049540 0.036421
v -0.179306 0.049540 0.000000
v -0.176249 0.049540 -0.036421
v -0.167080 0.049540 -0.071315
v -0.151799 0.049540 -0.103152
v -0.150840 0.008964 -0.150840
v -0.150784 0.012535 -0.150784
v -0.150632 0.016437 -0.150632
v -0.150337 0.020528 -0.150337
v -0.149850 0.024664 -0.149850
v -0.149123 0.028701 -0.149123
v -0.148109 0.032497 -0.148109
v 0.132113 0.048622 -0.132113
v 0.134110 0.047601 -0.134110
v 0.136298 0.046417 -0.136298
v 0.138582 0.045007 -0.138582
v 0.140866 0.043312 -0.140866
v 0.143054 0.041271 -0.143054
v 0.145050 0.038823 -0.145050
v 0.132113 0.048622 0.132113
v 0.134110 0.047601 0.134110
v 0.136298 0.046417 0.136298
v 0.138582 0.045007 0.138582
v 0.140866 0.043312 0.140866
v 0.143054 0.041271 0.143054
v 0.145050 0.038823 0.145050
v -0.132113 0.048622 0.132113
v -0.134110 0.047601 0.134110
v -0.136298 0.046417 0.136298
v -0.138582 0.045007 0.138582
v -0.140866 0.043312 0.140866
v -0.143054 0.041271 0.143054
v -0.145050 0.038823 0.145050
v -0.170837 0.035907 0.116089
v -0.188035 0.035907 0.080259
v -0.198354 0.035907 0.040989
v -0.201794 0.035907 0.000000
v -0.198354 0.035907 -0.040989
v -0.188035 0.035907 -0.080259
v -0.170837 0.035907 -0.116089
v 0.116089 0.035907 0.170837
v 0.080259 0.035907 0.188035
v 0.040989 0.035907 0.198354
v 0.000000 0.035907 0.201794
v -0.040989 0.035907 0.198354
v -0.080259 0.035907 0.188035
v -0.116089 0.035907 0.170837
v 0.170837 0.035907 -0.116089
v 0.188035 0.035907 -0.080259
v 0.198354 0.035907 -0.040989
v 0.201794 0.035907 -0.000000
v 0.198354 0.035907 0.040989
v 0.188035 0.035907 0.080259
v 0.170837 0.035907 0.116089
v -0.116089 0.035907 -0.170837
v -0.080259 0.035907 -0.188035
v -0.040989 0.035907 -0.198354
v -0.000000 0.035907 -0.201794
v 0.040989 0.035907 -0.198354
v 0.080259 0.035907 -0.188035
v 0.116089 0.035907 -0.170837
v -0.077218 0.156833 -0.113623
v -0.053386 0.156833 -0.125061
v -0.027265 0.156833 -0.131924
v 0.000000 0.156833 -0.134212
v 0.027265 0.156833 -0.131924
v 0.053386 0.156833 -0.125061
v 0.077218 0.156833 -0.113623
v 0.113633 0.156833 -0.077210
v 0.125072 0.156833 -0.053380
v 0.131934 0.156833 -0.027262
v 0.134221 0.156833 -0.000000
v 0.131932 0.156833 0.027262
v 0.125067 0.156833 0.053380
v 0.113627 0.156833 0.077210
v 0.077212 0.156833 0.113623
v 0.053381 0.156833 0.125061
v 0.027262 0.156833 0.131924
v 0.000000 0.156833 0.134212
v -0.027262 0.156833 0.131924
v -0.053381 0.156833 0.125061
v -0.077212 0.156833 0.113623
v -0.113627 0.156833 0.077210
v -0.125067 0.156833 0.053380
v -0.131932 0.156833 0.027262
v -0.134221 0.156833 0.000000
v -0.131934 0.156833 -0.027262
v -0.125072 0.156833 -0.053380
v -0.113633 0.156833 -0.077210
v 0.116901 0.135813 -0.116898
v 0.114134 0.139363 -0.114129
v 0.111333 0.142814 -0.111328
v 0.108522 0.146115 -0.108515
v 0.105723 0.149217 -0.105715
v 0.102958 0.152071 -0.102949
v 0.100249 0.154626 -0.100239
v 0.129063 0.055204 0.129063
v 0.128104 0.054410 0.128104
v 0.127529 0.053625 0.127529
v 0.127338 0.052841 0.127338
v 0.127529 0.052049 0.127529
v 0.128104 0.051241 0.128104
v 0.129063 0.050407 0.129063
v -0.129063 0.055204 0.129063
v -0.128104 0.054410 0.128104
v -0.127529 0.053625 0.127529
v -0.127338 0.052841 0.127338
v -0.127529 0.052049 0.127529
v -0.128104 0.051241 0.128104
v -0.129063 0.050407 0.129063
v -0.116901 0.135813 -0.116898
v -0.114134 0.139363 -0.114129
v -0.111333 0.142814 -0.111328
v -0.108522 0.146115 -0.108515
v -0.105723 0.149217 -0.105715
v -0.102958 0.152071 -0.102949
v -0.100249 0.154626 -0.100239
v 0.129063 0.050407 -0.129063
v 0.128104 0.051241 -0.128104
v 0.127529 0.052049 -0.127529
v 0.127338 0.052841 -0.127338
v 0.127529 0.053625 -0.127529
v 0.128104 0.054410 -0.128104
v 0.129063 0.055204 -0.129063
v 0.143769 0.065898 0.143769
v 0.142247 0.063618 0.142247
v 0.140399 0.061729 0.140399
v 0.138343 0.060169 0.138343
v 0.136197 0.058879 0.136197
v 0.134080 0.057797 0.134080
v 0.132109 0.056863 0.132109
v -0.143769 0.065898 0.143769
v -0.142247 0.063618 0.142247
v -0.140399 0.061729 0.140399
v -0.138343 0.060170 0.138343
v -0.136197 0.058879 0.136197
v -0.134080 0.057797 0.134080
v -0.132109 0.056863 0.132109
v -0.129063 0.050407 -0.129063
v -0.128104 0.051241 -0.128104
v -0.127529 0.052049 -0.127529
v -0.127338 0.052841 -0.127338
v -0.127529 0.053625 -0.127529
v -0.128104 0.054410 -0.128104
v -0.129063 0.055204 -0.129063
v -0.151799 0.056016 0.103152
v -0.167080 0.056016 0.071315
v -0.176249 0.056016 0.036421
v -0.179306 0.056016 0.000000
v -0.176249 0.056016 -0.036421
v -0.167080 0.056016 -0.071315
v -0.151799 0.056016 -0.103152
v -0.103152 0.056016 -0.151799
v -0.071315 0.056016 -0.167080
v -0.036421 0.056016 -0.176249
v -0.000000 0.056016 -0.179306
v 0.036421 0.056016 -0.176249
v 0.071315 0.056016 -0.167080
v 0.103152 0.056016 -0.151799
v 0.103152 0.056016 0.151799
v 0.071315 0.056016 0.167080
v 0.036421 0.056016 0.176249
v 0.000000 0.056016 0.179306
v -0.036421 0.056016 0.176249
v -0.071315 0.056016 0.167080
v -0.103152 0.056016 0.151799
v 0.151799 0.056016 -0.103152
v 0.167080 0.056016 -0.071315
v 0.176249 0.056016 -0.036421
v 0.179306 0.056016 -0.000000
v 0.176249 0.056016 0.036421
v 0.167080 0.056016 0.071315
v 0.151799 0.056016 0.103152
v 0.132109 0.056863 -0.132109
v 0.134080 0.057797 -0.134080
v 0.136197 0.058879 -0.136197
v 0.138343 0.060169 -0.138343
v 0.140399 0.061729 -0.140399
v 0.142247 0.063618 -0.142247
v 0.143769 0.065898 -0.143769
v -0.132109 0.056863 -0.132109
v -0.134080 0.057797 -0.134080
v -0.136197 0.058879 -0.136197
v -0.138343 0.060169 -0.138343
v -0.140399 0.061729 -0.140399
v -0.142247 0.063618 -0.142247
v -0.143769 0.065898 -0.143769
v 0.139963 0.097076 0.139963
v 0.141624 0.092596 0.141624
v 0.143056 0.088111 0.143056
v 0.144205 0.083707 0.144205
v 0.145014 0.079471 0.145014
v 0.145428 0.075489 0.145428
v 0.145391 0.071846 0.145391
v -0.139963 0.097076 0.139963
v -0.141624 0.092596 0.141624
v -0.143056 0.088111 0.143056
v -0.144205 0.083708 0.144205
v -0.145014 0.079472 0.145014
v -0.145428 0.075489 0.145428
v -0.145391 0.071846 0.145391
v -0.168611 0.068628 0.114576
v -0.185585 0.068628 0.079213
v -0.195769 0.068628 0.040455
v -0.199164 0.068628 0.000000
v -0.195769 0.068628 -0.040455
v -0.185585 0.068628 -0.079213
v -0.168611 0.068628 -0.114576
v -0.114576 0.068628 -0.168611
v -0.079213 0.068628 -0.185585
v -0.040455 0.068628 -0.195769
v -0.000000 0.068628 -0.199164
v 0.040455 0.068628 -0.195769
v 0.079213 0.068628 -0.185585
v 0.114576 0.068628 -0.168611
v 0.114576 0.068628 0.168611
v 0.079213 0.068628 0.185585
v 0.040455 0.068628 0.195769
v 0.000000 0.068628 0.199164
v -0.040455 0.068628 0.195769
v -0.079213 0.068628 0.185585
v -0.114576 0.068628 0.168611
v 0.168611 0.068628 -0.114576
v 0.185585 0.068628 -0.079213
v 0.195769 0.068628 -0.040455
v 0.199164 0.068628 -0.000000
v 0.195769 0.068628 0.040455
v 0.185585 0.068628 0.079213
v 0.168611 0.068628 0.114576
v 0.148109 0.032497 -0.148109
v 0.149123 0.028701 -0.149123
v 0.149850 0.024664 -0.149850
v 0.150337 0.020528 -0.150337
v 0.150632 0.016437 -0.150632
v 0.150784 0.012535 -0.150784
v 0.150840 0.008964 -0.150840
v 0.148109 0.032497 0.148109
v 0.149123 0.028701 0.149123
v 0.149850 0.024664 0.149850
v 0.150337 0.020528 0.150337
v 0.150632 0.016437 0.150632
v 0.150784 0.012535 0.150784
v 0.150840 0.008964 0.150840
v -0.148109 0.032497 0.148109
v -0.149123 0.028701 0.149123
v -0.149850 0.024664 0.149850
v -0.150337 0.020528 0.150337
v -0.150632 0.016437 0.150632
v -0.150784 0.012535 0.150784
v -0.150840 0.008964 0.150840
v -0.121183 -0.002617 -0.121183
v -0.130446 -0.002354 -0.130446
v -0.138406 -0.001892 -0.138406
v -0.144388 -0.001161 -0.144388
v -0.148123 -0.000089 -0.148123
v -0.150040 0.001394 -0.150040
v -0.150747 0.003357 -0.150747
v -0.119323 0.005869 -0.175596
v -0.082495 0.005869 -0.193274
v -0.042131 0.005869 -0.203880
v -0.000000 0.005869 -0.207416
v 0.042131 0.005869 -0.203880
v 0.082495 0.005869 -0.193274
v 0.119323 0.005869 -0.175596
v 0.175596 0.005869 -0.119323
v 0.193274 0.005869 -0.082495
v 0.203880 0.005869 -0.042131
v 0.207416 0.005869 -0.000000
v 0.203880 0.005869 0.042131
v 0.193274 0.005869 0.082495
v 0.175596 0.005869 0.119323
v 0.119323 0.005869 0.175596
v 0.082495 0.005869 0.193274
v 0.042131 0.005869 0.203880
v 0.000000 0.005869 0.207416
v -0.042131 0.005869 0.203880
v -0.082495 0.005869 0.193274
v -0.119323 0.005869 0.175596
v -0.175596 0.005869 0.119323
v -0.193274 0.005869 0.082495
v -0.203880 0.005869 0.042131
v -0.207416 0.005869 0.000000
v -0.203880 0.005869 -0.042131
v -0.193274 0.005869 -0.082495
v -0.175596 0.005869 -0.119323
v 0.145391 0.071846 -0.145391
v 0.145428 0.075489 -0.145428
v 0.145014 0.079471 -0.145014
v 0.144205 0.083708 -0.144205
v 0.143056 0.088111 -0.143056
v 0.141624 0.092596 -0.141624
v 0.139963 0.097076 -0.139963
v -0.145391 0.071846 -0.145391
v -0.145428 0.075489 -0.145428
v -0.145014 0.079471 -0.145014
v -0.144205 0.083707 -0.144205
v -0.143056 0.088111 -0.143056
v -0.141624 0.092596 -0.141624
v -0.139963 0.097076 -0.139963
v 0.122249 0.128602 0.122249
v 0.124805 0.124969 0.124804
v 0.127273 0.121291 0.127272
v 0.129648 0.117547 0.129648
v 0.131926 0.113714 0.131926
v 0.134103 0.109771 0.134103
v 0.136172 0.105695 0.136172
v -0.122249 0.128602 0.122249
v -0.124805 0.124969 0.124804
v -0.127273 0.121291 0.127272
v -0.129648 0.117547 0.129648
v -0.131926 0.113714 0.131926
v -0.134103 0.109771 0.134103
v -0.136172 0.105695 0.136172
v -0.160792 0.101465 0.109263
v -0.176979 0.101465 0.075540
v -0.186692 0.101465 0.038579
v -0.189929 0.101465 0.000000
v -0.186692 0.101465 -0.038579
v -0.176979 0.101465 -0.075540
v -0.160792 0.101465 -0.109263
v -0.109263 0.101465 -0.160792
v -0.075540 0.101465 -0.176979
v -0.038579 0.101465 -0.186692
v -0.000000 0.101465 -0.189929
v 0.038579 0.101465 -0.186692
v 0.075540 0.101465 -0.176979
v 0.109263 0.101465 -0.160792
v 0.109263 0.101465 0.160792
v 0.075540 0.101465 0.176979
v 0.038579 0.101465 0.186692
v 0.000000 0.101465 0.189929
v -0.038579 0.101465 0.186692
v -0.075540 0.101465 0.176979
v -0.109263 0.101465 0.160792
v 0.160792 0.101465 -0.109263
v 0.176979 0.101465 -0.075540
v 0.186692 0.101465 -0.038579
v 0.189929 0.101465 -0.000000
v 0.186692 0.101465 0.038579
v 0.176979 0.101465 0.075540
v 0.160792 0.101465 0.109263
v -0.081574 0.163955 0.081573
v -0.083660 0.163505 0.083659
v -0.085802 0.162946 0.085800
v -0.088007 0.162230 0.088005
v -0.090283 0.161309 0.090280
v -0.092638 0.160134 0.092635
v -0.095078 0.158658 0.095075
v 0.081576 0.163955 -0.081573
v 0.083663 0.163505 -0.083659
v 0.085806 0.162946 -0.085800
v 0.088012 0.162230 -0.088005
v 0.090289 0.161309 -0.090280
v 0.092643 0.160134 -0.092635
v 0.095084 0.158658 -0.095075
v 0.136172 0.105695 -0.136172
v 0.134103 0.109771 -0.134103
v 0.131927 0.113714 -0.131926
v 0.129648 0.117547 -0.129648
v 0.127273 0.121291 -0.127272
v 0.124805 0.124969 -0.124804
v 0.122251 0.128602 -0.122249
v -0.136172 0.105695 -0.136172
v -0.134103 0.109771 -0.134103
v -0.131927 0.113714 -0.131926
v -0.129648 0.117547 -0.129648
v -0.127273 0.121291 -0.127272
v -0.124805 0.124969 -0.124804
v -0.122250 0.128602 -0.122249
v 0.100242 0.154626 0.100239
v 0.102952 0.152071 0.102949
v 0.105718 0.149217 0.105715
v 0.108518 0.146115 0.108515
v 0.111329 0.142814 0.111328
v 0.114131 0.139363 0.114129
v 0.116899 0.135813 0.116898
v -0.100242 0.154626 0.100239
v -0.102952 0.152071 0.102949
v -0.105718 0.149217 0.105715
v -0.108518 0.146115 0.108515
v -0.111329 0.142814 0.111328
v -0.114131 0.139363 0.114129
v -0.116899 0.135813 0.116898
v -0.139235 0.132214 0.094614
v -0.153253 0.132214 0.065412
v -0.161663 0.132214 0.033407
v -0.164467 0.132214 0.000000
v -0.161664 0.132214 -0.033407
v -0.153254 0.132214 -0.065412
v -0.139237 0.132214 -0.094614
v -0.094616 0.132214 -0.139234
v -0.065414 0.132214 -0.153251
v -0.033408 0.132214 -0.161661
v -0.000000 0.132214 -0.164465
v 0.033408 0.132214 -0.161661
v 0.065414 0.132214 -0.153251
v 0.094616 0.132214 -0.139234
v 0.094614 0.132214 0.139234
v 0.065412 0.132214 0.153251
v 0.033407 0.132214 0.161661
v 0.000000 0.132214 0.164465
v -0.033407 0.132214 0.161661
v -0.065412 0.132214 0.153251
v -0.094614 0.132214 0.139234
v 0.139237 0.132214 -0.094614
v 0.153254 0.132214 -0.065412
v 0.161664 0.132214 -0.033407
v 0.164467 0.132214 -0.000000
v 0.161663 0.132214 0.033407
v 0.153253 0.132214 0.065412
v 0.139235 0.132214 0.094614
v 0.095078 0.158658 0.095075
v 0.092638 0.160134 0.092635
v 0.090283 0.161309 0.090280
v 0.088007 0.162230 0.088005
v 0.085802 0.162946 0.085800
v 0.083660 0.163505 0.083659
v 0.081574 0.163955 0.081573
v -0.095084 0.158658 -0.095075
v -0.092643 0.160134 -0.092635
v -0.090289 0.161309 -0.090280
v -0.088012 0.162230 -0.088005
v -0.085806 0.162946 -0.085800
v -0.083663 0.163505 -0.083659
v -0.081576 0.163955 -0.081573
v 0.092586 0.164345 -0.062913
v 0.101907 0.164345 -0.043496
v 0.107499 0.164345 -0.022214
v 0.109363 0.164345 -0.000000
v 0.107498 0.164345 0.022214
v 0.101906 0.164345 0.043496
v 0.092585 0.164345 0.062913
v -0.092585 0.164345 0.062913
v -0.101906 0.164345 0.043496
v -0.107498 0.164345 0.022214
v -0.109363 0.164345 0.000000
v -0.107499 0.164345 -0.022214
v -0.101907 0.164345 -0.043496
v -0.092586 0.164345 -0.062913
v -0.062915 0.164345 -0.092584
v -0.043497 0.164345 -0.101904
v -0.022215 0.164345 -0.107497
v -0.000000 0.164345 -0.109361
v 0.022215 0.164345 -0.107497
v 0.043497 0.164345 -0.101904
v 0.062915 0.164345 -0.092584
v 0.062914 0.164345 0.092584
v 0.043496 0.164345 0.101904
v 0.022214 0.164345 0.107497
v 0.000000 0.164345 0.109361
v -0.022214 0.164345 0.107497
v -0.043496 0.164345 0.101904
v -0.062914 0.164345 0.092584
v 0.091118 0.167187 -0.061091
v 0.100291 0.167187 -0.041581
v 0.105795 0.167187 -0.020198
v 0.107629 0.167187 0.002122
v 0.105795 0.167187 0.024441
v 0.100291 0.167187 0.045824
v 0.091118 0.167187 0.065334
v -0.091118 0.167187 0.065334
v -0.100291 0.167187 0.045824
v -0.105795 0.167187 0.024441
v -0.107629 0.167187 0.002122
v -0.105795 0.167187 -0.020198
v -0.100291 0.167187 -0.041581
v -0.091118 0.167187 -0.061091
v -0.061917 0.167187 -0.090902
v -0.042807 0.167187 -0.100266
v -0.021862 0.167187 -0.105885
v -0.000000 0.167187 -0.107758
v 0.021862 0.167187 -0.105885
v 0.042807 0.167187 -0.100266
v 0.061917 0.167187 -0.090902
v 0.061917 0.167187 0.095145
v 0.042807 0.167187 0.104509
v 0.021862 0.167187 0.110128
v 0.000000 0.167187 0.112001
v -0.021862 0.167187 0.110128
v -0.042807 0.167187 0.104509
v -0.061917 0.167187 0.095145
v -0.077566 0.164715 0.077573
v -0.075795 0.165076 0.075854
v -0.074383 0.165430 0.074581
v -0.073489 0.165779 0.073959
v -0.073273 0.166127 0.074190
v -0.073892 0.166475 0.075477
v -0.075507 0.166828 0.078024
v -0.075507 0.166828 -0.075182
v -0.073892 0.166475 -0.073687
v -0.073273 0.166127 -0.073154
v -0.073490 0.165779 -0.073429
v -0.074384 0.165430 -0.074358
v -0.075796 0.165076 -0.075787
v -0.077567 0.164715 -0.077564
v 0.075507 0.166828 -0.075182
v 0.073892 0.166475 -0.073687
v 0.073273 0.166127 -0.073154
v 0.073490 0.165779 -0.073429
v 0.074384 0.165430 -0.074358
v 0.075796 0.165076 -0.075787
v 0.077567 0.164715 -0.077564
v 0.075507 0.166828 0.078024
v 0.073892 0.166475 0.075477
v 0.073273 0.166127 0.074190
v 0.073489 0.165779 0.073959
v 0.074383 0.165430 0.074581
v 0.075795 0.165076 0.075854
v 0.077566 0.164715 0.077573
v 0.134946 0.181902 -0.086306
v 0.148593 0.181902 -0.055191
v 0.156817 0.181902 -0.021089
v 0.159609 0.181902 0.014506
v 0.156959 0.181902 0.050101
v 0.148860 0.181902 0.084203
v 0.135300 0.181902 0.115318
v -0.135301 0.181902 0.115318
v -0.148860 0.181902 0.084203
v -0.156959 0.181902 0.050101
v -0.159609 0.181902 0.014506
v -0.156817 0.181902 -0.021089
v -0.148593 0.181902 -0.055191
v -0.134946 0.181902 -0.086306
v -0.091643 0.181902 -0.133850
v -0.063347 0.181902 -0.148785
v -0.032349 0.181902 -0.157746
v -0.000000 0.181902 -0.160733
v 0.032349 0.181902 -0.157746
v 0.063347 0.181902 -0.148785
v 0.091643 0.181902 -0.133850
v 0.091998 0.181902 0.162862
v 0.063614 0.181902 0.177797
v 0.032492 0.181902 0.186758
v 0.000000 0.181902 0.189745
v -0.032492 0.181902 0.186758
v -0.063614 0.181902 0.177797
v -0.091998 0.181902 0.162862
v -0.082270 0.167577 -0.081582
v -0.087208 0.168111 -0.086276
v -0.092718 0.168924 -0.091508
v -0.098430 0.170152 -0.096911
v -0.103974 0.171928 -0.102122
v -0.108978 0.174389 -0.106774
v -0.113072 0.177669 -0.110502
v 0.113072 0.177669 -0.110502
v 0.108978 0.174389 -0.106774
v 0.103974 0.171928 -0.102122
v 0.098430 0.170152 -0.096911
v 0.092718 0.168924 -0.091508
v 0.087208 0.168111 -0.086276
v 0.082270 0.167577 -0.081582
v 0.113332 0.177669 0.135167
v 0.109141 0.174389 0.127433
v 0.104069 0.171928 0.119124
v 0.098479 0.170152 0.110615
v 0.092739 0.168924 0.102278
v 0.087214 0.168111 0.094486
v 0.082271 0.167577 0.087614
v -0.113332 0.177669 0.135167
v -0.109141 0.174389 0.127433
v -0.104069 0.171928 0.119124
v -0.098479 0.170152 0.110615
v -0.092739 0.168924 0.102278
v -0.087214 0.168111 0.094486
v -0.082271 0.167577 0.087614
v 0.114475 0.240759 -0.066491
v 0.126539 0.240725 -0.035218
v 0.134091 0.240689 -0.000943
v 0.137050 0.240650 0.034834
v 0.135336 0.240612 0.070610
v 0.128871 0.240576 0.104886
v 0.117575 0.240542 0.136159
v -0.117575 0.240542 0.136159
v -0.128872 0.240576 0.104886
v -0.135336 0.240612 0.070610
v -0.137050 0.240650 0.034834
v -0.134091 0.240689 -0.000943
v -0.126539 0.240725 -0.035218
v -0.114475 0.240759 -0.066491
v -0.077292 0.240810 -0.114276
v -0.053342 0.240826 -0.129287
v -0.027215 0.240835 -0.138294
v -0.000000 0.240838 -0.141296
v 0.027215 0.240835 -0.138294
v 0.053342 0.240826 -0.129287
v 0.077292 0.240810 -0.114276
v 0.080393 0.240491 0.183944
v 0.055674 0.240475 0.198955
v 0.028461 0.240466 0.207962
v 0.000000 0.240462 0.210964
v -0.028461 0.240466 0.207962
v -0.055674 0.240475 0.198955
v -0.080393 0.240491 0.183944
v 0.117145 0.187175 -0.113824
v 0.116971 0.193373 -0.113286
v 0.115580 0.200332 -0.111560
v 0.113190 0.207887 -0.108879
v 0.110017 0.215874 -0.105475
v 0.106279 0.224130 -0.101582
v 0.102193 0.232489 -0.097433
v 0.104944 0.232305 0.162109
v 0.108480 0.224014 0.161097
v 0.111752 0.215808 0.159731
v 0.114535 0.207853 0.157851
v 0.116604 0.200318 0.155294
v 0.117733 0.193369 0.151899
v 0.117698 0.187175 0.147506
v -0.104944 0.232305 0.162109
v -0.108480 0.224014 0.161097
v -0.111752 0.215808 0.159731
v -0.114535 0.207853 0.157851
v -0.116604 0.200318 0.155294
v -0.117733 0.193369 0.151899
v -0.117698 0.187175 0.147506
v -0.102193 0.232489 -0.097433
v -0.106279 0.224130 -0.101582
v -0.110017 0.215874 -0.105475
v -0.113190 0.207887 -0.108879
v -0.115580 0.200332 -0.111560
v -0.116971 0.193373 -0.113286
v -0.117145 0.187175 -0.113824
v 0.082733 0.298719 -0.035834
v 0.092417 0.299267 -0.007997
v 0.099011 0.299868 0.022512
v 0.102316 0.300496 0.054357
v 0.102134 0.301123 0.086202
v 0.098264 0.301724 0.116711
v 0.090507 0.302273 0.144548
v -0.090507 0.302273 0.144548
v -0.098264 0.301724 0.116711
v -0.102134 0.301123 0.086202
v -0.102316 0.300496 0.054357
v -0.099011 0.299868 0.022512
v -0.092417 0.299267 -0.007997
v -0.082733 0.298719 -0.035834
v -0.054974 0.297881 -0.078369
v -0.037771 0.297617 -0.091730
v -0.019222 0.297459 -0.099747
v -0.000000 0.297407 -0.102420
v 0.019222 0.297459 -0.099747
v 0.037771 0.297617 -0.091730
v 0.054974 0.297881 -0.078369
v 0.062748 0.303111 0.187083
v 0.043617 0.303374 0.200444
v 0.022344 0.303532 0.208461
v 0.000000 0.303585 0.211134
v -0.022344 0.303532 0.208461
v -0.043617 0.303374 0.200444
v -0.062748 0.303111 0.187083
v 0.097941 0.248510 0.163691
v 0.094694 0.256319 0.164424
v 0.091621 0.264003 0.165132
v 0.088717 0.271624 0.165817
v 0.085975 0.279246 0.166481
v 0.083390 0.286931 0.167127
v 0.080955 0.294742 0.167758
v -0.080955 0.294742 0.167758
v -0.083390 0.286931 0.167127
v -0.085975 0.279246 0.166481
v -0.088717 0.271624 0.165817
v -0.091621 0.264003 0.165132
v -0.094694 0.256319 0.164424
v -0.097941 0.248510 0.163691
v -0.072700 0.292069 -0.064660
v -0.075581 0.285578 -0.069254
v -0.078765 0.278788 -0.073533
v -0.082217 0.271712 -0.077584
v -0.085900 0.264361 -0.081495
v -0.089779 0.256748 -0.085353
v -0.093816 0.248886 -0.089245
v 0.072700 0.292069 -0.064660
v 0.075581 0.285578 -0.069254
v 0.078765 0.278788 -0.073533
v 0.082217 0.271712 -0.077584
v 0.085900 0.264361 -0.081495
v 0.089779 0.256748 -0.085353
v 0.093816 0.248886 -0.089245
v 0.070329 0.341683 0.006082
v 0.078378 0.345099 0.028719
v 0.083768 0.348843 0.053528
v 0.086357 0.352751 0.079425
v 0.086002 0.356659 0.105321
v 0.082560 0.360403 0.130131
v 0.075889 0.363819 0.152768
v -0.075889 0.363819 0.152768
v -0.082560 0.360403 0.130131
v -0.086002 0.356659 0.105321
v -0.086357 0.352751 0.079425
v -0.083768 0.348843 0.053528
v -0.078378 0.345099 0.028719
v -0.070329 0.341683 0.006082
v -0.046899 0.336463 -0.028507
v -0.032255 0.334823 -0.039373
v -0.016424 0.333839 -0.045892
v 0.000000 0.333512 -0.048065
v 0.016424 0.333839 -0.045892
v 0.032255 0.334823 -0.039373
v 0.046899 0.336463 -0.028507
v 0.052460 0.369039 0.187357
v 0.036438 0.370678 0.198223
v 0.018658 0.371662 0.204742
v 0.000000 0.371990 0.206915
v -0.018658 0.371662 0.204742
v -0.036438 0.370678 0.198223
v -0.052460 0.369039 0.187357
v -0.067983 0.304112 -0.054211
v -0.066140 0.309684 -0.048399
v -0.064590 0.314995 -0.042358
v -0.063291 0.320078 -0.036219
v -0.062200 0.324964 -0.030112
v -0.061277 0.329685 -0.024169
v -0.060478 0.334273 -0.018520
v 0.060478 0.334273 -0.018520
v 0.061277 0.329685 -0.024169
v 0.062200 0.324964 -0.030112
v 0.063291 0.320078 -0.036219
v 0.064590 0.314995 -0.042358
v 0.066140 0.309684 -0.048399
v 0.067983 0.304112 -0.054211
v 0.066859 0.359701 0.171875
v 0.068052 0.352175 0.171529
v 0.069420 0.344271 0.171116
v 0.070956 0.336092 0.170645
v 0.072654 0.327745 0.170126
v 0.074509 0.319335 0.169569
v 0.076514 0.310965 0.168982
v -0.066859 0.359701 0.171875
v -0.068052 0.352175 0.171529
v -0.069420 0.344271 0.171116
v -0.070956 0.336092 0.170645
v -0.072654 0.327745 0.170126
v -0.074509 0.319335 0.169569
v -0.076514 0.310965 0.168982
v 0.066581 0.375832 0.029943
v 0.074436 0.380085 0.049303
v 0.079816 0.384746 0.070520
v 0.082551 0.389612 0.092668
v 0.082471 0.394477 0.114815
v 0.079408 0.399138 0.136033
v 0.073192 0.403391 0.155392
v -0.073192 0.403391 0.155392
v -0.079408 0.399138 0.136033
v -0.082471 0.394477 0.114815
v -0.082551 0.389612 0.092668
v -0.079816 0.384746 0.070520
v -0.074436 0.380085 0.049302
v -0.066581 0.375832 0.029943
v -0.044185 0.369334 0.000362
v -0.030347 0.367292 -0.008931
v -0.015440 0.366067 -0.014506
v 0.000000 0.365659 -0.016365
v 0.015440 0.366067 -0.014506
v 0.030347 0.367292 -0.008931
v 0.044185 0.369334 0.000362
v 0.050795 0.409889 0.184973
v 0.035319 0.411931 0.194266
v 0.018096 0.413156 0.199841
v 0.000000 0.413564 0.201700
v -0.018096 0.413156 0.199841
v -0.035319 0.411931 0.194266
v -0.050795 0.409889 0.184973
v 0.065018 0.373224 0.172332
v 0.064367 0.379174 0.172442
v 0.063883 0.384653 0.172483
v 0.063558 0.389719 0.172464
v 0.063381 0.394432 0.172394
v 0.063345 0.398849 0.172281
v 0.063438 0.403029 0.172135
v -0.063438 0.403029 0.172135
v -0.063344 0.398849 0.172281
v -0.063381 0.394432 0.172394
v -0.063558 0.389719 0.172464
v -0.063883 0.384653 0.172483
v -0.064367 0.379174 0.172442
v -0.065018 0.373224 0.172332
v -0.056523 0.368236 0.011019
v -0.056735 0.364219 0.008497
v -0.057046 0.360140 0.005749
v -0.057448 0.355996 0.002721
v -0.057931 0.351787 -0.000642
v -0.058484 0.347512 -0.004396
v -0.059098 0.343170 -0.008595
v 0.056523 0.368236 0.011019
v 0.056735 0.364219 0.008497
v 0.057046 0.360140 0.005749
v 0.057448 0.355996 0.002721
v 0.057931 0.351787 -0.000642
v 0.058484 0.347512 -0.004396
v 0.059098 0.343170 -0.008595
v 0.068595 0.406465 0.039923
v 0.077100 0.410708 0.057392
v 0.083129 0.415358 0.076538
v 0.086446 0.420212 0.096523
v 0.086816 0.425066 0.116508
v 0.084004 0.429717 0.135654
v 0.077774 0.433960 0.153124
v -0.077774 0.433960 0.153124
v -0.084004 0.429717 0.135654
v -0.086816 0.425066 0.116508
v -0.086446 0.420212 0.096523
v -0.083129 0.415358 0.076538
v -0.077100 0.410708 0.057392
v -0.068595 0.406465 0.039923
v -0.045142 0.399981 0.013230
v -0.030930 0.397945 0.004844
v -0.015716 0.396723 -0.000187
v 0.000000 0.396315 -0.001864
v 0.015716 0.396723 -0.000187
v 0.030930 0.397945 0.004844
v 0.045142 0.399981 0.013230
v 0.054321 0.440443 0.179817
v 0.037834 0.442480 0.188202
v 0.019403 0.443702 0.193233
v 0.000000 0.444109 0.194910
v -0.019403 0.443702 0.193233
v -0.037834 0.442480 0.188202
v -0.054321 0.440443 0.179817
v -0.063978 0.410911 0.171770
v -0.064397 0.414704 0.171538
v -0.064892 0.418447 0.171245
v -0.065445 0.422173 0.170868
v -0.066040 0.425917 0.170385
v -0.066657 0.429711 0.169774
v -0.067280 0.433592 0.169012
v -0.057672 0.398973 0.024538
v -0.057446 0.395149 0.023746
v -0.057196 0.391348 0.022627
v -0.056945 0.387555 0.021217
v -0.056719 0.383756 0.019552
v -0.056540 0.379939 0.017665
v -0.056433 0.376089 0.015594
v 0.057672 0.398973 0.024538
v 0.057446 0.395149 0.023746
v 0.057196 0.391348 0.022627
v 0.056945 0.387555 0.021217
v 0.056719 0.383756 0.019552
v 0.056540 0.379939 0.017665
v 0.056433 0.376089 0.015594
v 0.067280 0.433592 0.169012
v 0.066657 0.429711 0.169774
v 0.066040 0.425917 0.170385
v 0.065445 0.422173 0.170868
v 0.064892 0.418447 0.171245
v 0.064397 0.414704 0.171538
v 0.063978 0.410911 0.171770
v 0.072620 0.436833 0.019623
v 0.080434 0.443054 0.040608
v 0.086001 0.449265 0.061870
v 0.089165 0.455360 0.082961
v 0.089644 0.461200 0.103330
v 0.087053 0.466624 0.122360
v 0.080985 0.471465 0.139419
v -0.080985 0.471465 0.139419
v -0.087053 0.466624 0.122360
v -0.089644 0.461200 0.103330
v -0.089165 0.455360 0.082961
v -0.086001 0.449265 0.061870
v -0.080434 0.443054 0.040608
v -0.072620 0.436833 0.019623
v -0.046189 0.424454 -0.012018
v -0.031251 0.421253 -0.017577
v -0.015775 0.419473 -0.020688
v 0.000000 0.418908 -0.021680
v 0.015775 0.419473 -0.020688
v 0.031251 0.421253 -0.017577
v 0.046189 0.424454 -0.012018
v 0.057030 0.478761 0.165200
v 0.039809 0.481050 0.173290
v 0.020441 0.482423 0.178144
v 0.000000 0.482881 0.179761
v -0.020441 0.482423 0.178144
v -0.039809 0.481050 0.173290
v -0.057030 0.478761 0.165200
v -0.057967 0.406730 0.024985
v -0.058064 0.410614 0.024455
v -0.058189 0.414425 0.023232
v -0.058394 0.418100 0.021166
v -0.058731 0.421576 0.018082
v -0.059259 0.424788 0.013692
v -0.060051 0.427667 0.007572
v 0.060051 0.427667 0.007572
v 0.059259 0.424788 0.013692
v 0.058731 0.421576 0.018082
v 0.058394 0.418100 0.021166
v 0.058189 0.414425 0.023232
v 0.058064 0.410614 0.024455
v 0.057967 0.406730 0.024985
v 0.070885 0.470176 0.156276
v 0.070652 0.464988 0.158505
v 0.070341 0.459986 0.160559
v 0.069959 0.455167 0.162433
v 0.069515 0.450523 0.164126
v 0.069017 0.446049 0.165633
v 0.068473 0.441741 0.166951
v -0.070885 0.470176 0.156276
v -0.070652 0.464988 0.158505
v -0.070341 0.459986 0.160559
v -0.069959 0.455167 0.162433
v -0.069515 0.450523 0.164126
v -0.069017 0.446049 0.165633
v -0.068473 0.441741 0.166951
v 0.076794 0.491489 -0.006496
v 0.080016 0.498008 0.012629
v 0.082583 0.504503 0.032558
v 0.083934 0.510824 0.052632
v 0.083502 0.516822 0.072192
v 0.080725 0.522347 0.090579
v 0.075039 0.527249 0.107134
v -0.075039 0.527249 0.107134
v -0.080725 0.522347 0.090579
v -0.083502 0.516822 0.072192
v -0.083934 0.510824 0.052632
v -0.082583 0.504503 0.032558
v -0.080016 0.498008 0.012629
v -0.076794 0.491489 -0.006496
v 0.034151 0.480884 -0.161155
v 0.033069 0.478974 -0.166666
v 0.031879 0.477114 -0.171889
v 0.030446 0.475181 -0.176680
v 0.028674 0.473084 -0.180905
v 0.026611 0.470855 -0.184469
v 0.024393 0.468600 -0.187270
v 0.052942 0.534607 0.132222
v 0.036977 0.536915 0.140096
v 0.018993 0.538299 0.144821
v 0.000000 0.538760 0.146396
v -0.018993 0.538299 0.144821
v -0.036977 0.536915 0.140096
v -0.052942 0.534607 0.132222
v 0.071078 0.481146 0.151290
v 0.070997 0.486999 0.148449
v 0.070752 0.493183 0.145267
v 0.070310 0.499763 0.141656
v 0.069635 0.506807 0.137530
v 0.068695 0.514379 0.132803
v 0.067454 0.522547 0.127387
v -0.067454 0.522547 0.127387
v -0.068695 0.514379 0.132803
v -0.069635 0.506807 0.137530
v -0.070310 0.499763 0.141656
v -0.070752 0.493183 0.145267
v -0.070997 0.486999 0.148449
v -0.071078 0.481146 0.151290
v -0.074925 0.475440 -0.019714
v -0.075974 0.466942 -0.015640
v -0.076466 0.459442 -0.011983
v -0.076232 0.452781 -0.008790
v -0.075080 0.446794 -0.006113
v -0.072707 0.441285 -0.004021
v -0.068682 0.436014 -0.002603
v 0.074925 0.475440 -0.019714
v 0.075974 0.466942 -0.015640
v 0.076466 0.459442 -0.011983
v 0.076232 0.452781 -0.008790
v 0.075080 0.446794 -0.006113
v 0.072707 0.441285 -0.004021
v 0.068682 0.436014 -0.002603
v 0.041341 0.580663 -0.046255
v 0.042224 0.585704 -0.030754
v 0.042994 0.589765 -0.014268
v 0.043334 0.592757 0.002488
v 0.042981 0.594624 0.018785
v 0.041890 0.595446 0.033858
v 0.040138 0.595375 0.046820
v -0.040138 0.595375 0.046820
v -0.041890 0.595446 0.033858
v -0.042981 0.594624 0.018785
v -0.043334 0.592757 0.002488
v -0.042994 0.589765 -0.014268
v -0.042224 0.585704 -0.030754
v -0.041341 0.580663 -0.046255
v -0.031756 0.581537 -0.062633
v -0.021771 0.586397 -0.064476
v -0.011066 0.589313 -0.065582
v 0.000000 0.590285 -0.065951
v 0.011066 0.589313 -0.065582
v 0.021771 0.586397 -0.064476
v 0.031756 0.581537 -0.062633
v 0.032115 0.597174 0.057495
v 0.022746 0.599674 0.059484
v 0.011762 0.601419 0.060876
v 0.000000 0.602062 0.061390
v -0.011762 0.601419 0.060876
v -0.022746 0.599674 0.059484
v -0.032115 0.597174 0.057495
v -0.071764 0.495973 -0.028909
v -0.069668 0.507759 -0.033849
v -0.067042 0.520046 -0.038846
v -0.063736 0.532426 -0.043768
v -0.059596 0.544493 -0.048482
v -0.054472 0.555838 -0.052855
v -0.048211 0.566054 -0.056756
v 0.048211 0.566054 -0.056756
v 0.054472 0.555838 -0.052855
v 0.059596 0.544493 -0.048482
v 0.063736 0.532426 -0.043768
v 0.067042 0.520046 -0.038846
v 0.069668 0.507759 -0.033849
v 0.071764 0.495973 -0.028909
v 0.041996 0.591195 0.062023
v 0.046590 0.585402 0.070648
v 0.051084 0.578126 0.079865
v 0.055160 0.569691 0.089118
v 0.058638 0.560412 0.098025
v 0.061537 0.550668 0.106418
v 0.063927 0.540857 0.114181
v -0.041996 0.591195 0.062023
v -0.046590 0.585402 0.070648
v -0.051084 0.578126 0.079865
v -0.055160 0.569691 0.089118
v -0.058638 0.560412 0.098025
v -0.061537 0.550668 0.106418
v -0.063927 0.540857 0.114181
v -0.018037 0.389722 -0.164359
v -0.012782 0.389223 -0.164526
v -0.006612 0.388872 -0.164643
v 0.000000 0.388742 -0.164687
v 0.006612 0.388872 -0.164643
v 0.012782 0.389223 -0.164526
v 0.018037 0.389722 -0.164359
v -0.020691 0.414634 -0.187281
v -0.014254 0.414299 -0.188826
v -0.007265 0.414097 -0.189753
v 0.000000 0.414030 -0.190063
v 0.007265 0.414097 -0.189753
v 0.014254 0.414299 -0.188826
v 0.020691 0.414634 -0.187281
v -0.026234 0.409216 -0.182811
v -0.026244 0.404239 -0.180214
v -0.026172 0.400115 -0.177409
v -0.025858 0.396791 -0.174476
v -0.025177 0.394205 -0.171511
v -0.024124 0.392282 -0.168646
v -0.022773 0.390945 -0.166057
v 0.026234 0.409216 -0.182811
v 0.026244 0.404239 -0.180214
v 0.026172 0.400115 -0.177409
v 0.025858 0.396791 -0.174476
v 0.025177 0.394205 -0.171511
v 0.024124 0.392282 -0.168646
v 0.022773 0.390945 -0.166057
v -0.018919 0.468081 -0.189880
v -0.013418 0.469464 -0.190804
v -0.006944 0.470442 -0.191460
v 0.000000 0.470806 -0.191705
v 0.006944 0.470442 -0.191460
v 0.013418 0.469464 -0.190804
v 0.018919 0.468081 -0.189880
v -0.026547 0.421888 -0.187248
v -0.026847 0.429284 -0.188292
v -0.027019 0.436941 -0.189164
v -0.026883 0.444505 -0.190323
v -0.026293 0.451633 -0.190473
v -0.025258 0.458015 -0.190208
v -0.023866 0.463316 -0.189636
v 0.023866 0.463316 -0.189636
v 0.025258 0.458015 -0.190208
v 0.026293 0.451633 -0.190473
v 0.026883 0.444505 -0.190323
v 0.027019 0.436941 -0.188067
v 0.026847 0.429284 -0.188134
v 0.026547 0.421888 -0.186303
v -0.043325 0.521943 -0.109367
v -0.042921 0.529334 -0.105111
v -0.042329 0.537101 -0.100499
v -0.041665 0.545050 -0.095186
v -0.041048 0.552984 -0.088829
v -0.040597 0.560706 -0.081084
v -0.040428 0.568021 -0.071606
v -0.043908 0.422292 -0.157081
v -0.042677 0.420829 -0.161936
v -0.041278 0.419516 -0.166636
v -0.039555 0.418350 -0.171105
v -0.037351 0.417328 -0.175265
v -0.034511 0.416448 -0.179039
v -0.030880 0.415707 -0.182348
v -0.043161 0.410501 -0.082110
v -0.044262 0.413206 -0.074063
v -0.045575 0.416015 -0.065272
v -0.047215 0.418878 -0.055657
v -0.049315 0.421746 -0.045102
v -0.052061 0.424579 -0.033327
v -0.055719 0.427351 -0.019856
v 0.043908 0.422292 -0.157081
v 0.042677 0.420829 -0.161936
v 0.041278 0.419516 -0.166637
v 0.039555 0.418350 -0.171105
v 0.037351 0.417328 -0.175265
v 0.034511 0.416448 -0.179039
v 0.030880 0.415707 -0.182348
v 0.033040 0.392850 -0.138193
v 0.031992 0.391903 -0.142822
v 0.030781 0.391129 -0.147306
v 0.029315 0.390553 -0.151571
v 0.027529 0.390196 -0.155539
v 0.025482 0.390045 -0.159107
v 0.023307 0.390070 -0.162137
v 0.040428 0.568021 -0.071606
v 0.040597 0.560706 -0.081084
v 0.041048 0.552984 -0.088829
v 0.041665 0.545050 -0.095186
v 0.042329 0.537101 -0.100499
v 0.042921 0.529334 -0.105111
v 0.043325 0.521943 -0.109367
v -0.036489 0.485333 -0.149829
v -0.037806 0.488053 -0.144199
v -0.039136 0.491186 -0.138652
v -0.040406 0.494791 -0.133229
v -0.041542 0.498929 -0.127972
v -0.042472 0.503657 -0.122923
v -0.043122 0.509037 -0.118121
v -0.070543 0.478956 -0.039844
v -0.068008 0.473102 -0.053622
v -0.065812 0.467544 -0.065707
v -0.063886 0.462294 -0.076312
v -0.062162 0.457360 -0.085651
v -0.060572 0.452754 -0.093938
v -0.059048 0.448485 -0.101388
v -0.035009 0.395164 -0.128764
v -0.036017 0.396515 -0.123963
v -0.037039 0.398006 -0.119016
v -0.038069 0.399649 -0.113847
v -0.039101 0.401455 -0.108384
v -0.040130 0.403433 -0.102552
v -0.041151 0.405595 -0.096278
v 0.070543 0.478956 -0.039844
v 0.068008 0.473102 -0.053622
v 0.065812 0.467544 -0.065707
v 0.063886 0.462294 -0.076312
v 0.062162 0.457360 -0.085651
v 0.060572 0.452754 -0.093938
v 0.059048 0.448485 -0.101388
v 0.055719 0.427351 -0.019856
v 0.052061 0.424579 -0.033327
v 0.049315 0.421746 -0.045102
v 0.047215 0.418878 -0.055657
v 0.045575 0.416015 -0.065272
v 0.044262 0.413206 -0.074063
v 0.043161 0.410501 -0.082110
v -0.049864 0.508272 -0.113522
v -0.054235 0.500207 -0.113365
v -0.056902 0.491256 -0.113091
v -0.058231 0.481743 -0.112649
v -0.058590 0.471992 -0.111991
v -0.058346 0.462329 -0.111065
v -0.057867 0.453078 -0.109822
v -0.033648 0.406291 -0.087969
v -0.023399 0.405105 -0.086883
v -0.011990 0.404393 -0.086231
v 0.000000 0.404156 -0.086014
v 0.011990 0.404393 -0.086231
v 0.023399 0.405105 -0.086883
v 0.033648 0.406291 -0.087969
v 0.048498 0.410097 -0.091426
v 0.052872 0.412792 -0.093691
v 0.055630 0.416107 -0.096177
v 0.057124 0.420116 -0.098779
v 0.057708 0.424893 -0.101390
v 0.057734 0.430512 -0.103904
v 0.057554 0.437044 -0.106214
v 0.057867 0.453079 -0.109822
v 0.058346 0.462329 -0.111065
v 0.058590 0.471992 -0.111991
v 0.058231 0.481743 -0.112649
v 0.056902 0.491256 -0.113091
v 0.054235 0.500207 -0.113365
v 0.049864 0.508272 -0.113522
v 0.034700 0.520500 -0.113673
v 0.024150 0.524338 -0.113718
v 0.012380 0.526641 -0.113745
v 0.000000 0.527409 -0.113754
v -0.012380 0.526641 -0.113745
v -0.024150 0.524338 -0.113718
v -0.034700 0.520500 -0.113673
v -0.057554 0.437044 -0.106214
v -0.057734 0.430512 -0.103904
v -0.057708 0.424893 -0.101390
v -0.057124 0.420116 -0.098779
v -0.055630 0.416107 -0.096177
v -0.052872 0.412792 -0.093691
v -0.048498 0.410097 -0.091426
v 0.043122 0.509037 -0.118121
v 0.042472 0.503657 -0.122923
v 0.041542 0.498929 -0.127972
v 0.040406 0.494791 -0.133229
v 0.039136 0.491186 -0.138652
v 0.037806 0.488053 -0.144199
v 0.036489 0.485333 -0.149829
v -0.055939 0.440995 -0.114602
v -0.054313 0.437759 -0.120632
v -0.052669 0.434831 -0.126354
v -0.051035 0.432184 -0.131820
v -0.049437 0.429793 -0.137082
v -0.047902 0.427634 -0.142189
v -0.046456 0.425680 -0.147194
v 0.055939 0.440995 -0.114602
v 0.054313 0.437759 -0.120632
v 0.052669 0.434831 -0.126354
v 0.051035 0.432184 -0.131820
v 0.049437 0.429793 -0.137082
v 0.047902 0.427634 -0.142189
v 0.046456 0.425680 -0.147194
v 0.041151 0.405595 -0.096278
v 0.040130 0.403433 -0.102552
v 0.039101 0.401455 -0.108384
v 0.038069 0.399649 -0.113847
v 0.037039 0.398006 -0.119016
v 0.036017 0.396515 -0.123963
v 0.035009 0.395164 -0.128764
v -0.024393 0.468600 -0.187270
v -0.026611 0.470855 -0.184469
v -0.028674 0.473084 -0.180905
v -0.030446 0.475181 -0.176680
v -0.031879 0.477114 -0.171889
v -0.033069 0.478974 -0.166666
v -0.034151 0.480884 -0.161155
v -0.023307 0.390070 -0.162137
v -0.025482 0.390045 -0.159107
v -0.027529 0.390196 -0.155539
v -0.029315 0.390553 -0.151571
v -0.030781 0.391129 -0.147306
v -0.031992 0.391903 -0.142822
v -0.033040 0.392850 -0.138193
v -0.040338 0.477211 -0.155638
v -0.043675 0.470441 -0.155744
v -0.045590 0.462931 -0.155754
v -0.046406 0.454956 -0.155606
v -0.046445 0.446792 -0.155236
v -0.046030 0.438712 -0.154578
v -0.045483 0.430992 -0.153570
v -0.027221 0.392615 -0.131931
v -0.018960 0.391665 -0.130817
v -0.009724 0.391095 -0.130149
v 0.000000 0.390905 -0.129927
v 0.009724 0.391095 -0.130149
v 0.018960 0.391665 -0.130817
v 0.027221 0.392615 -0.131931
v 0.039002 0.395665 -0.135476
v 0.042341 0.397832 -0.137791
v 0.044345 0.400511 -0.140321
v 0.045323 0.403769 -0.142950
v 0.045583 0.407671 -0.145563
v 0.045431 0.412284 -0.148044
v 0.045176 0.417674 -0.150278
v 0.045483 0.430992 -0.153570
v 0.046030 0.438712 -0.154578
v 0.046445 0.446792 -0.155236
v 0.046406 0.454956 -0.155606
v 0.045590 0.462931 -0.155754
v 0.043675 0.470441 -0.155744
v 0.040338 0.477211 -0.155638
v 0.028251 0.487479 -0.155386
v 0.019695 0.490702 -0.155304
v 0.010106 0.492636 -0.155255
v 0.000000 0.493281 -0.155238
v -0.010106 0.492636 -0.155255
v -0.019695 0.490702 -0.155304
v -0.028251 0.487479 -0.155386
v -0.045176 0.417674 -0.150278
v -0.045431 0.412284 -0.148044
v -0.045583 0.407671 -0.145563
v -0.045323 0.403769 -0.142950
v -0.044345 0.400511 -0.140321
v -0.042341 0.397832 -0.137791
v -0.039002 0.395665 -0.135476
v -0.114737 0.038823 -0.168847
v -0.113158 0.041271 -0.166523
v -0.111427 0.043312 -0.163976
v -0.109620 0.045007 -0.161318
v -0.107814 0.046417 -0.158659
v -0.106083 0.047601 -0.156112
v -0.104504 0.048622 -0.153788
v -0.079324 0.038823 -0.185845
v -0.078232 0.041271 -0.183288
v -0.077036 0.043312 -0.180484
v -0.075787 0.045007 -0.177558
v -0.074538 0.046417 -0.174631
v -0.073341 0.047601 -0.171828
v -0.072249 0.048622 -0.169270
v -0.040512 0.038823 -0.196044
v -0.039954 0.041271 -0.193346
v -0.039343 0.043312 -0.190389
v -0.038705 0.045007 -0.187302
v -0.038068 0.046417 -0.184215
v -0.037456 0.047601 -0.181257
v -0.036899 0.048622 -0.178559
v -0.000000 0.038823 -0.199444
v -0.000000 0.041271 -0.196699
v -0.000000 0.043312 -0.193690
v -0.000000 0.045007 -0.190550
v -0.000000 0.046417 -0.187409
v -0.000000 0.047601 -0.184401
v -0.000000 0.048622 -0.181656
v 0.040512 0.038823 -0.196044
v 0.039954 0.041271 -0.193346
v 0.039343 0.043312 -0.190389
v 0.038705 0.045007 -0.187302
v 0.038068 0.046417 -0.184215
v 0.037456 0.047601 -0.181257
v 0.036899 0.048622 -0.178559
v 0.079324 0.038823 -0.185845
v 0.078232 0.041271 -0.183288
v 0.077036 0.043312 -0.180484
v 0.075787 0.045007 -0.177558
v 0.074538 0.046417 -0.174631
v 0.073341 0.047601 -0.171828
v 0.072249 0.048622 -0.169270
v 0.114737 0.038823 -0.168847
v 0.113158 0.041271 -0.166523
v 0.111427 0.043312 -0.163976
v 0.109620 0.045007 -0.161318
v 0.107814 0.046417 -0.158659
v 0.106083 0.047601 -0.156112
v 0.104504 0.048622 -0.153788
v 0.168847 0.038823 -0.114737
v 0.166523 0.041271 -0.113158
v 0.163976 0.043312 -0.111427
v 0.161318 0.045007 -0.109620
v 0.158659 0.046417 -0.107814
v 0.156112 0.047601 -0.106083
v 0.153788 0.048622 -0.104504
v 0.185845 0.038823 -0.079324
v 0.183288 0.041271 -0.078232
v 0.180484 0.043312 -0.077036
v 0.177558 0.045007 -0.075787
v 0.174631 0.046417 -0.074538
v 0.171828 0.047601 -0.073341
v 0.169270 0.048622 -0.072249
v 0.196044 0.038823 -0.040512
v 0.193346 0.041271 -0.039954
v 0.190389 0.043312 -0.039343
v 0.187302 0.045007 -0.038705
v 0.184215 0.046417 -0.038068
v 0.181257 0.047601 -0.037456
v 0.178559 0.048622 -0.036899
v 0.199444 0.038823 -0.000000
v 0.196699 0.041271 0.000000
v 0.193690 0.043312 -0.000000
v 0.190550 0.045007 0.000000
v 0.187409 0.046417 -0.000000
v 0.184401 0.047601 -0.000000
v 0.181656 0.048622 -0.000000
v 0.196044 0.038823 0.040512
v 0.193346 0.041271 0.039954
v 0.190389 0.043312 0.039343
v 0.187302 0.045007 0.038705
v 0.184215 0.046417 0.038068
v 0.181257 0.047601 0.037456
v 0.178559 0.048622 0.036899
v 0.185845 0.038823 0.079324
v 0.183288 0.041271 0.078232
v 0.180484 0.043312 0.077036
v 0.177558 0.045007 0.075787
v 0.174631 0.046417 0.074538
v 0.171828 0.047601 0.073341
v 0.169270 0.048622 0.072249
v 0.168847 0.038823 0.114737
v 0.166523 0.041271 0.113158
v 0.163976 0.043312 0.111427
v 0.161318 0.045007 0.109620
v 0.158659 0.046417 0.107814
v 0.156112 0.047601 0.106083
v 0.153788 0.048622 0.104504
v 0.114737 0.038823 0.168847
v 0.113158 0.041271 0.166523
v 0.111427 0.043312 0.163976
v 0.109620 0.045007 0.161318
v 0.107814 0.046417 0.158659
v 0.106083 0.047601 0.156112
v 0.104504 0.048622 0.153788
v 0.079324 0.038823 0.185845
v 0.078232 0.041271 0.183288
v 0.077036 0.043312 0.180484
v 0.075787 0.045007 0.177558
v 0.074538 0.046417 0.174631
v 0.073341 0.047601 0.171828
v 0.072249 0.048622 0.169270
v 0.040512 0.038823 0.196044
v 0.039954 0.041271 0.193346
v 0.039343 0.043312 0.190389
v 0.038705 0.045007 0.187302
v 0.038068 0.046417 0.184215
v 0.037456 0.047601 0.181257
v 0.036899 0.048622 0.178559
v 0.000000 0.038823 0.199444
v -0.000000 0.041271 0.196699
v 0.000000 0.043312 0.193690
v -0.000000 0.045007 0.190550
v 0.000000 0.046417 0.187409
v 0.000000 0.047601 0.184401
v 0.000000 0.048622 0.181656
v -0.040512 0.038823 0.196044
v -0.039954 0.041271 0.193346
v -0.039343 0.043312 0.190389
v -0.038705 0.045007 0.187302
v -0.038068 0.046417 0.184215
v -0.037456 0.047601 0.181257
v -0.036899 0.048622 0.178559
v -0.079324 0.038823 0.185845
v -0.078232 0.041271 0.183288
v -0.077036 0.043312 0.180484
v -0.075787 0.045007 0.177558
v -0.074538 0.046417 0.174631
v -0.073341 0.047601 0.171828
v -0.072249 0.048622 0.169270
v -0.114737 0.038823 0.168847
v -0.113158 0.041271 0.166523
v -0.111427 0.043312 0.163976
v -0.109620 0.045007 0.161318
v -0.107814 0.046417 0.158659
v -0.106083 0.047601 0.156112
v -0.104504 0.048622 0.153788
v -0.168847 0.038823 0.114737
v -0.166523 0.041271 0.113158
v -0.163976 0.043312 0.111427
v -0.161318 0.045007 0.109620
v -0.158659 0.046417 0.107814
v -0.156112 0.047601 0.106083
v -0.153788 0.048622 0.104504
v -0.185845 0.038823 0.079324
v -0.183288 0.041271 0.078232
v -0.180484 0.043312 0.077036
v -0.177558 0.045007 0.075787
v -0.174631 0.046417 0.074538
v -0.171828 0.047601 0.073341
v -0.169270 0.048622 0.072249
v -0.196044 0.038823 0.040512
v -0.193346 0.041271 0.039954
v -0.190389 0.043312 0.039343
v -0.187302 0.045007 0.038705
v -0.184215 0.046417 0.038068
v -0.181257 0.047601 0.037456
v -0.178559 0.048622 0.036899
v -0.199444 0.038823 0.000000
v -0.196699 0.041271 0.000000
v -0.193690 0.043312 0.000000
v -0.190550 0.045007 0.000000
v -0.187409 0.046417 0.000000
v -0.184401 0.047601 0.000000
v -0.181656 0.048622 0.000000
v -0.196044 0.038823 -0.040512
v -0.193346 0.041271 -0.039954
v -0.190389 0.043312 -0.039343
v -0.187302 0.045007 -0.038705
v -0.184215 0.046417 -0.038068
v -0.181257 0.047601 -0.037456
v -0.178559 0.048622 -0.036899
v -0.185845 0.038823 -0.079324
v -0.183288 0.041271 -0.078232
v -0.180484 0.043312 -0.077036
v -0.177558 0.045007 -0.075787
v -0.174631 0.046417 -0.074538
v -0.171828 0.047601 -0.073341
v -0.169270 0.048622 -0.072249
v -0.168847 0.038823 -0.114737
v -0.166523 0.041271 -0.113158
v -0.163976 0.043312 -0.111427
v -0.161318 0.045007 -0.109620
v -0.158659 0.046417 -0.107814
v -0.156112 0.047601 -0.106083
v -0.153788 0.048622 -0.104504
v 0.097695 -0.002888 -0.097695
v 0.103022 -0.002960 -0.068556
v 0.107343 -0.003005 -0.035319
v 0.109060 -0.003021 -0.000000
v 0.107343 -0.003005 0.035319
v 0.103022 -0.002960 0.068556
v 0.097695 -0.002888 0.097695
v 0.068556 -0.002960 -0.103022
v 0.071537 -0.003047 -0.071537
v 0.074233 -0.003100 -0.036637
v 0.075380 -0.003118 -0.000000
v 0.074233 -0.003100 0.036637
v 0.071537 -0.003047 0.071537
v 0.068556 -0.002960 0.103022
v 0.035319 -0.003005 -0.107343
v 0.036637 -0.003100 -0.074233
v 0.037919 -0.003157 -0.037919
v 0.038492 -0.003176 -0.000000
v 0.037919 -0.003157 0.037919
v 0.036637 -0.003100 0.074233
v 0.035319 -0.003005 0.107343
v -0.000000 -0.003021 -0.109060
v -0.000000 -0.003118 -0.075380
v 0.000000 -0.003176 -0.038492
v 0.000000 -0.003195 0.000000
v 0.000000 -0.003176 0.038492
v 0.000000 -0.003118 0.075380
v 0.000000 -0.003021 0.109060
v -0.035319 -0.003005 -0.107343
v -0.036637 -0.003100 -0.074233
v -0.037919 -0.003157 -0.037919
v -0.038492 -0.003176 0.000000
v -0.037919 -0.003157 0.037919
v -0.036637 -0.003100 0.074233
v -0.035319 -0.003005 0.107343
v -0.068556 -0.002960 -0.103022
v -0.071537 -0.003047 -0.071537
v -0.074233 -0.003100 -0.036637
v -0.075380 -0.003118 0.000000
v -0.074233 -0.003100 0.036637
v -0.071537 -0.003047 0.071537
v -0.068556 -0.002960 0.103022
v -0.097695 -0.002888 -0.097695
v -0.103022 -0.002960 -0.068556
v -0.107343 -0.003005 -0.035319
v -0.109060 -0.003021 0.000000
v -0.107343 -0.003005 0.035319
v -0.103022 -0.002960 0.068556
v -0.097695 -0.002888 0.097695
v 0.136078 0.135813 0.092468
v 0.149777 0.135813 0.063928
v 0.157997 0.135813 0.032649
v 0.160737 0.135813 -0.000000
v 0.157998 0.135813 -0.032649
v 0.149779 0.135813 -0.063928
v 0.136080 0.135813 -0.092468
v 0.132856 0.139363 0.090278
v 0.146231 0.139363 0.062414
v 0.154256 0.139363 0.031876
v 0.156932 0.139363 -0.000000
v 0.154257 0.139363 -0.031876
v 0.146233 0.139363 -0.062414
v 0.132858 0.139363 -0.090278
v 0.129595 0.142814 0.088062
v 0.142642 0.142814 0.060882
v 0.150471 0.142814 0.031093
v 0.153081 0.142814 0.000000
v 0.150472 0.142814 -0.031093
v 0.142645 0.142814 -0.060882
v 0.129598 0.142814 -0.088062
v 0.126322 0.146115 0.085837
v 0.139040 0.146115 0.059344
v 0.146671 0.146115 0.030308
v 0.149215 0.146115 0.000000
v 0.146672 0.146115 -0.030308
v 0.139043 0.146115 -0.059344
v 0.126326 0.146115 -0.085837
v 0.123063 0.149217 0.083622
v 0.135452 0.149217 0.057813
v 0.142887 0.149217 0.029526
v 0.145365 0.149217 0.000000
v 0.142889 0.149217 -0.029526
v 0.135456 0.149217 -0.057813
v 0.123068 0.149217 -0.083622
v 0.119843 0.152071 0.081434
v 0.131909 0.152071 0.056300
v 0.139149 0.152071 0.028753
v 0.141563 0.152071 -0.000000
v 0.139151 0.152071 -0.028753
v 0.131913 0.152071 -0.056300
v 0.119849 0.152071 -0.081434
v 0.116689 0.154626 0.079291
v 0.128438 0.154626 0.054818
v 0.135487 0.154626 0.027997
v 0.137838 0.154626 -0.000000
v 0.135489 0.154626 -0.027997
v 0.128442 0.154626 -0.054818
v 0.116695 0.154626 -0.079291
v -0.175587 0.008964 0.119317
v -0.175522 0.012535 0.119272
v -0.175345 0.016437 0.119152
v -0.175001 0.020528 0.118919
v -0.174434 0.024664 0.118533
v -0.173588 0.028701 0.117959
v -0.172408 0.032497 0.117156
v -0.193264 0.008964 0.082491
v -0.193192 0.012535 0.082460
v -0.192998 0.016437 0.082377
v -0.192619 0.020528 0.082215
v -0.191995 0.024664 0.081949
v -0.191064 0.028701 0.081552
v -0.189764 0.032497 0.080997
v -0.203869 0.008964 0.042129
v -0.203794 0.012535 0.042113
v -0.203589 0.016437 0.042071
v -0.203189 0.020528 0.041989
v -0.202531 0.024664 0.041853
v -0.201549 0.028701 0.041650
v -0.200178 0.032497 0.041366
v -0.207405 0.008964 0.000000
v -0.207328 0.012535 0.000000
v -0.207119 0.016437 0.000000
v -0.206713 0.020528 0.000000
v -0.206043 0.024664 0.000000
v -0.205044 0.028701 0.000000
v -0.203649 0.032497 0.000000
v -0.203869 0.008964 -0.042129
v -0.203794 0.012535 -0.042113
v -0.203589 0.016437 -0.042071
v -0.203189 0.020528 -0.041989
v -0.202531 0.024664 -0.041853
v -0.201549 0.028701 -0.041650
v -0.200178 0.032497 -0.041366
v -0.193264 0.008964 -0.082491
v -0.193192 0.012535 -0.082460
v -0.192998 0.016437 -0.082377
v -0.192619 0.020528 -0.082215
v -0.191995 0.024664 -0.081949
v -0.191064 0.028701 -0.081552
v -0.189764 0.032497 -0.080997
v -0.175587 0.008964 -0.119317
v -0.175522 0.012535 -0.119272
v -0.175345 0.016437 -0.119152
v -0.175001 0.020528 -0.118919
v -0.174434 0.024664 -0.118533
v -0.173588 0.028701 -0.117959
v -0.172408 0.032497 -0.117156
v 0.119317 0.008964 0.175587
v 0.119272 0.012535 0.175522
v 0.119152 0.016437 0.175345
v 0.118919 0.020528 0.175001
v 0.118533 0.024664 0.174434
v 0.117959 0.028701 0.173588
v 0.117156 0.032497 0.172408
v 0.082491 0.008964 0.193264
v 0.082460 0.012535 0.193192
v 0.082377 0.016437 0.192997
v 0.082215 0.020528 0.192619
v 0.081949 0.024664 0.191995
v 0.081552 0.028701 0.191064
v 0.080997 0.032497 0.189764
v 0.042129 0.008964 0.203869
v 0.042113 0.012535 0.203794
v 0.042071 0.016437 0.203589
v 0.041989 0.020528 0.203189
v 0.041853 0.024664 0.202531
v 0.041650 0.028701 0.201549
v 0.041366 0.032497 0.200178
v 0.000000 0.008964 0.207405
v 0.000000 0.012535 0.207328
v 0.000000 0.016437 0.207119
v 0.000000 0.020528 0.206713
v 0.000000 0.024664 0.206043
v 0.000000 0.028701 0.205044
v 0.000000 0.032497 0.203649
v -0.042129 0.008964 0.203869
v -0.042113 0.012535 0.203794
v -0.042071 0.016437 0.203589
v -0.041989 0.020528 0.203189
v -0.041853 0.024664 0.202531
v -0.041650 0.028701 0.201549
v -0.041366 0.032497 0.200178
v -0.082491 0.008964 0.193264
v -0.082460 0.012535 0.193192
v -0.082377 0.016437 0.192997
v -0.082215 0.020528 0.192619
v -0.081949 0.024664 0.191995
v -0.081552 0.028701 0.191064
v -0.080997 0.032497 0.189764
v -0.119317 0.008964 0.175587
v -0.119272 0.012535 0.175522
v -0.119152 0.016437 0.175345
v -0.118919 0.020528 0.175001
v -0.118533 0.024664 0.174434
v -0.117959 0.028701 0.173588
v -0.117156 0.032497 0.172408
v 0.175587 0.008964 -0.119317
v 0.175522 0.012535 -0.119272
v 0.175345 0.016437 -0.119152
v 0.175001 0.020528 -0.118919
v 0.174434 0.024664 -0.118533
v 0.173588 0.028701 -0.117959
v 0.172408 0.032497 -0.117156
v 0.193264 0.008964 -0.082491
v 0.193192 0.012535 -0.082460
v 0.192997 0.016437 -0.082377
v 0.192619 0.020528 -0.082215
v 0.191995 0.024664 -0.081949
v 0.191064 0.028701 -0.081552
v 0.189764 0.032497 -0.080997
v 0.203869 0.008964 -0.042129
v 0.203794 0.012535 -0.042113
v 0.203589 0.016437 -0.042071
v 0.203189 0.020528 -0.041989
v 0.202531 0.024664 -0.041853
v 0.201549 0.028701 -0.041650
v 0.200178 0.032497 -0.041366
v 0.207405 0.008964 -0.000000
v 0.207328 0.012535 -0.000000
v 0.207119 0.016437 -0.000000
v 0.206713 0.020528 -0.000000
v 0.206043 0.024664 -0.000000
v 0.205044 0.028701 -0.000000
v 0.203649 0.032497 -0.000000
v 0.203869 0.008964 0.042129
v 0.203794 0.012535 0.042113
v 0.203589 0.016437 0.042071
v 0.203189 0.020528 0.041989
v 0.202531 0.024664 0.041853
v 0.201549 0.028701 0.041650
v 0.200178 0.032497 0.041366
v 0.193264 0.008964 0.082491
v 0.193192 0.012535 0.082460
v 0.192997 0.016437 0.082377
v 0.192619 0.020528 0.082215
v 0.191995 0.024664 0.081949
v 0.191064 0.028701 0.081552
v 0.189764 0.032497 0.080997
v 0.175587 0.008964 0.119317
v 0.175522 0.012535 0.119272
v 0.175345 0.016437 0.119152
v 0.175001 0.020528 0.118919
v 0.174434 0.024664 0.118533
v 0.173588 0.028701 0.117959
v 0.172408 0.032497 0.117156
v -0.119317 0.008964 -0.175587
v -0.119272 0.012535 -0.175522
v -0.119152 0.016437 -0.175345
v -0.118919 0.020528 -0.175001
v -0.118533 0.024664 -0.174434
v -0.117959 0.028701 -0.173588
v -0.117156 0.032497 -0.172408
v -0.082491 0.008964 -0.193264
v -0.082460 0.012535 -0.193192
v -0.082377 0.016437 -0.192997
v -0.082215 0.020528 -0.192619
v -0.081949 0.024664 -0.191995
v -0.081552 0.028701 -0.191064
v -0.080997 0.032497 -0.189764
v -0.042129 0.008964 -0.203869
v -0.042113 0.012535 -0.203794
v -0.042071 0.016437 -0.203589
v -0.041989 0.020528 -0.203189
v -0.041853 0.024664 -0.202531
v -0.041650 0.028701 -0.201549
v -0.041366 0.032497 -0.200178
v -0.000000 0.008964 -0.207405
v -0.000000 0.012535 -0.207328
v -0.000000 0.016437 -0.207119
v -0.000000 0.020528 -0.206713
v -0.000000 0.024664 -0.206043
v -0.000000 0.028701 -0.205044
v -0.000000 0.032497 -0.203649
v 0.042129 0.008964 -0.203869
v 0.042113 0.012535 -0.203794
v 0.042071 0.016437 -0.203589
v 0.041989 0.020528 -0.203189
v 0.041853 0.024664 -0.202531
v 0.041650 0.028701 -0.201549
v 0.041366 0.032497 -0.200178
v 0.082491 0.008964 -0.193264
v 0.082460 0.012535 -0.193192
v 0.082377 0.016437 -0.192997
v 0.082215 0.020528 -0.192619
v 0.081949 0.024664 -0.191995
v 0.081552 0.028701 -0.191064
v 0.080997 0.032497 -0.189764
v 0.119317 0.008964 -0.175587
v 0.119272 0.012535 -0.175522
v 0.119152 0.016437 -0.175345
v 0.118919 0.020528 -0.175001
v 0.118533 0.024664 -0.174434
v 0.117959 0.028701 -0.173588
v 0.117156 0.032497 -0.172408
v -0.092469 0.135813 0.136076
v -0.063929 0.135813 0.149775
v -0.032649 0.135813 0.157994
v 0.000000 0.135813 0.160734
v 0.032649 0.135813 0.157994
v 0.063929 0.135813 0.149775
v 0.092469 0.135813 0.136076
v -0.090279 0.139363 0.132853
v -0.062415 0.139363 0.146228
v -0.031876 0.139363 0.154253
v 0.000000 0.139363 0.156927
v 0.031876 0.139363 0.154253
v 0.062415 0.139363 0.146228
v 0.090279 0.139363 0.132853
v -0.088063 0.142814 0.129592
v -0.060883 0.142814 0.142638
v -0.031094 0.142814 0.150466
v 0.000000 0.142814 0.153075
v 0.031094 0.142814 0.150466
v 0.060883 0.142814 0.142638
v 0.088063 0.142814 0.129592
v -0.085839 0.146115 0.126319
v -0.059345 0.146115 0.139035
v -0.030308 0.146115 0.146665
v 0.000000 0.146115 0.149209
v 0.030308 0.146115 0.146665
v 0.059345 0.146115 0.139035
v 0.085839 0.146115 0.126319
v -0.083624 0.149217 0.123059
v -0.057814 0.149217 0.135447
v -0.029526 0.149217 0.142880
v 0.000000 0.149217 0.145358
v 0.029526 0.149217 0.142880
v 0.057814 0.149217 0.135447
v 0.083624 0.149217 0.123059
v -0.081436 0.152071 0.119839
v -0.056301 0.152071 0.131903
v -0.028754 0.152071 0.139142
v 0.000000 0.152071 0.141555
v 0.028754 0.152071 0.139142
v 0.056301 0.152071 0.131903
v 0.081436 0.152071 0.119839
v -0.079293 0.154626 0.116685
v -0.054820 0.154626 0.128432
v -0.027997 0.154626 0.135480
v 0.000000 0.154626 0.137829
v 0.027997 0.154626 0.135480
v 0.054820 0.154626 0.128432
v 0.079293 0.154626 0.116685
v 0.092471 0.135813 -0.136076
v 0.063930 0.135813 -0.149775
v 0.032650 0.135813 -0.157994
v -0.000000 0.135813 -0.160734
v -0.032650 0.135813 -0.157994
v -0.063930 0.135813 -0.149775
v -0.092471 0.135813 -0.136076
v 0.090282 0.139363 -0.132853
v 0.062417 0.139363 -0.146228
v 0.031877 0.139363 -0.154253
v -0.000000 0.139363 -0.156927
v -0.031877 0.139363 -0.154253
v -0.062417 0.139363 -0.146228
v -0.090282 0.139363 -0.132853
v 0.088067 0.142814 -0.129592
v 0.060886 0.142814 -0.142638
v 0.031095 0.142814 -0.150466
v -0.000000 0.142814 -0.153075
v -0.031095 0.142814 -0.150466
v -0.060886 0.142814 -0.142638
v -0.088067 0.142814 -0.129592
v 0.085843 0.146115 -0.126319
v 0.059348 0.146115 -0.139035
v 0.030310 0.146115 -0.146665
v -0.000000 0.146115 -0.149209
v -0.030310 0.146115 -0.146665
v -0.059348 0.146115 -0.139035
v -0.085843 0.146115 -0.126319
v 0.083629 0.149217 -0.123059
v 0.057818 0.149217 -0.135447
v 0.029528 0.149217 -0.142880
v -0.000000 0.149217 -0.145358
v -0.029528 0.149217 -0.142880
v -0.057818 0.149217 -0.135447
v -0.083629 0.149217 -0.123059
v 0.081442 0.152071 -0.119839
v 0.056305 0.152071 -0.131903
v 0.028756 0.152071 -0.139142
v 0.000000 0.152071 -0.141555
v -0.028756 0.152071 -0.139142
v -0.056305 0.152071 -0.131903
v -0.081442 0.152071 -0.119839
v 0.079299 0.154626 -0.116685
v 0.054824 0.154626 -0.128432
v 0.027999 0.154626 -0.135480
v 0.000000 0.154626 -0.137829
v -0.027999 0.154626 -0.135480
v -0.054824 0.154626 -0.128432
v -0.079299 0.154626 -0.116685
v -0.136080 0.135813 -0.092468
v -0.149779 0.135813 -0.063928
v -0.157998 0.135813 -0.032649
v -0.160737 0.135813 0.000000
v -0.157997 0.135813 0.032649
v -0.149777 0.135813 0.063928
v -0.136078 0.135813 0.092468
v -0.132858 0.139363 -0.090278
v -0.146233 0.139363 -0.062414
v -0.154257 0.139363 -0.031876
v -0.156932 0.139363 0.000000
v -0.154256 0.139363 0.031876
v -0.146231 0.139363 0.062414
v -0.132856 0.139363 0.090278
v -0.129598 0.142814 -0.088062
v -0.142645 0.142814 -0.060882
v -0.150472 0.142814 -0.031093
v -0.153081 0.142814 0.000000
v -0.150471 0.142814 0.031093
v -0.142642 0.142814 0.060882
v -0.129595 0.142814 0.088062
v -0.126326 0.146115 -0.085837
v -0.139043 0.146115 -0.059344
v -0.146672 0.146115 -0.030308
v -0.149215 0.146115 0.000000
v -0.146671 0.146115 0.030308
v -0.139040 0.146115 0.059344
v -0.126322 0.146115 0.085837
v -0.123068 0.149217 -0.083622
v -0.135456 0.149217 -0.057813
v -0.142889 0.149217 -0.029526
v -0.145365 0.149217 0.000000
v -0.142887 0.149217 0.029526
v -0.135452 0.149217 0.057813
v -0.123063 0.149217 0.083622
v -0.119849 0.152071 -0.081434
v -0.131913 0.152071 -0.056300
v -0.139151 0.152071 -0.028753
v -0.141563 0.152071 0.000000
v -0.139149 0.152071 0.028753
v -0.131909 0.152071 0.056300
v -0.119843 0.152071 0.081434
v -0.116695 0.154626 -0.079291
v -0.128442 0.154626 -0.054818
v -0.135489 0.154626 -0.027997
v -0.137838 0.154626 -0.000000
v -0.135487 0.154626 0.027997
v -0.128438 0.154626 0.054818
v -0.116689 0.154626 0.079291
v -0.150237 0.050407 -0.102091
v -0.165361 0.050407 -0.070581
v -0.174436 0.050407 -0.036047
v -0.177461 0.050407 0.000000
v -0.174436 0.050407 0.036047
v -0.165361 0.050407 0.070581
v -0.150237 0.050407 0.102091
v -0.149121 0.051241 -0.101332
v -0.164134 0.051241 -0.070057
v -0.173141 0.051241 -0.035779
v -0.176143 0.051241 0.000000
v -0.173141 0.051241 0.035779
v -0.164134 0.051241 0.070057
v -0.149121 0.051241 0.101332
v -0.148452 0.052049 -0.100878
v -0.163397 0.052049 -0.069743
v -0.172364 0.052049 -0.035619
v -0.175353 0.052049 0.000000
v -0.172364 0.052049 0.035619
v -0.163397 0.052049 0.069743
v -0.148452 0.052049 0.100878
v -0.148229 0.052841 -0.100726
v -0.163151 0.052841 -0.069638
v -0.172105 0.052841 -0.035565
v -0.175089 0.052841 0.000000
v -0.172105 0.052841 0.035565
v -0.163151 0.052841 0.069638
v -0.148229 0.052841 0.100726
v -0.148452 0.053625 -0.100878
v -0.163397 0.053625 -0.069743
v -0.172364 0.053625 -0.035619
v -0.175353 0.053625 0.000000
v -0.172364 0.053625 0.035619
v -0.163397 0.053625 0.069743
v -0.148452 0.053625 0.100878
v -0.149121 0.054410 -0.101332
v -0.164134 0.054410 -0.070057
v -0.173141 0.054409 -0.035779
v -0.176143 0.054410 0.000000
v -0.173141 0.054410 0.035779
v -0.164134 0.054409 0.070057
v -0.149121 0.054410 0.101332
v -0.150237 0.055204 -0.102091
v -0.165361 0.055204 -0.070581
v -0.174436 0.055204 -0.036047
v -0.177461 0.055204 0.000000
v -0.174436 0.055204 0.036047
v -0.165361 0.055204 0.070581
v -0.150237 0.055204 0.102091
v 0.102091 0.050407 -0.150237
v 0.070581 0.050407 -0.165361
v 0.036047 0.050407 -0.174436
v -0.000000 0.050407 -0.177461
v -0.036047 0.050407 -0.174436
v -0.070581 0.050407 -0.165361
v -0.102091 0.050407 -0.150237
v 0.101332 0.051241 -0.149121
v 0.070057 0.051241 -0.164134
v 0.035779 0.051241 -0.173141
v -0.000000 0.051241 -0.176143
v -0.035779 0.051241 -0.173141
v -0.070057 0.051241 -0.164134
v -0.101332 0.051241 -0.149121
v 0.100878 0.052049 -0.148452
v 0.069743 0.052049 -0.163397
v 0.035619 0.052049 -0.172364
v -0.000000 0.052049 -0.175353
v -0.035619 0.052049 -0.172364
v -0.069743 0.052049 -0.163397
v -0.100878 0.052049 -0.148452
v 0.100726 0.052841 -0.148229
v 0.069638 0.052841 -0.163151
v 0.035565 0.052841 -0.172105
v -0.000000 0.052841 -0.175089
v -0.035565 0.052841 -0.172105
v -0.069638 0.052841 -0.163151
v -0.100726 0.052841 -0.148229
v 0.100878 0.053625 -0.148452
v 0.069743 0.053625 -0.163397
v 0.035619 0.053625 -0.172364
v -0.000000 0.053625 -0.175353
v -0.035619 0.053625 -0.172364
v -0.069743 0.053625 -0.163397
v -0.100878 0.053625 -0.148452
v 0.101332 0.054410 -0.149121
v 0.070057 0.054410 -0.164134
v 0.035779 0.054409 -0.173141
v -0.000000 0.054410 -0.176143
v -0.035779 0.054409 -0.173141
v -0.070057 0.054410 -0.164134
v -0.101332 0.054410 -0.149121
v 0.102091 0.055204 -0.150237
v 0.070581 0.055204 -0.165361
v 0.036047 0.055204 -0.174436
v -0.000000 0.055204 -0.177461
v -0.036047 0.055204 -0.174436
v -0.070581 0.055204 -0.165361
v -0.102091 0.055204 -0.150237
v -0.102091 0.050407 0.150237
v -0.070581 0.050407 0.165361
v -0.036047 0.050407 0.174436
v 0.000000 0.050407 0.177461
v 0.036047 0.050407 0.174436
v 0.070581 0.050407 0.165361
v 0.102091 0.050407 0.150237
v -0.101332 0.051241 0.149121
v -0.070057 0.051241 0.164134
v -0.035779 0.051241 0.173141
v 0.000000 0.051241 0.176143
v 0.035779 0.051241 0.173141
v 0.070057 0.051241 0.164134
v 0.101332 0.051241 0.149121
v -0.100878 0.052049 0.148452
v -0.069743 0.052049 0.163397
v -0.035619 0.052049 0.172364
v 0.000000 0.052049 0.175353
v 0.035619 0.052049 0.172364
v 0.069743 0.052049 0.163397
v 0.100878 0.052049 0.148452
v -0.100726 0.052841 0.148229
v -0.069638 0.052841 0.163151
v -0.035565 0.052841 0.172105
v 0.000000 0.052841 0.175089
v 0.035565 0.052841 0.172105
v 0.069638 0.052841 0.163151
v 0.100726 0.052841 0.148229
v -0.100878 0.053625 0.148452
v -0.069743 0.053625 0.163397
v -0.035619 0.053625 0.172364
v 0.000000 0.053625 0.175353
v 0.035619 0.053625 0.172364
v 0.069743 0.053625 0.163397
v 0.100878 0.053625 0.148452
v -0.101332 0.054409 0.149121
v -0.070057 0.054410 0.164134
v -0.035779 0.054409 0.173141
v 0.000000 0.054409 0.176143
v 0.035779 0.054410 0.173141
v 0.070057 0.054410 0.164134
v 0.101332 0.054410 0.149121
v -0.102091 0.055204 0.150237
v -0.070581 0.055204 0.165361
v -0.036047 0.055204 0.174436
v 0.000000 0.055204 0.177461
v 0.036047 0.055204 0.174436
v 0.070581 0.055204 0.165361
v 0.102091 0.055204 0.150237
v 0.150237 0.050407 0.102091
v 0.165361 0.050407 0.070581
v 0.174436 0.050407 0.036047
v 0.177461 0.050407 -0.000000
v 0.174436 0.050407 -0.036047
v 0.165361 0.050407 -0.070581
v 0.150237 0.050407 -0.102091
v 0.149121 0.051241 0.101332
v 0.164134 0.051241 0.070057
v 0.173141 0.051241 0.035779
v 0.176143 0.051241 -0.000000
v 0.173141 0.051241 -0.035779
v 0.164134 0.051241 -0.070057
v 0.149121 0.051241 -0.101332
v 0.148452 0.052049 0.100878
v 0.163397 0.052049 0.069743
v 0.172364 0.052049 0.035619
v 0.175353 0.052049 -0.000000
v 0.172364 0.052049 -0.035619
v 0.163397 0.052049 -0.069743
v 0.148452 0.052049 -0.100878
v 0.148229 0.052841 0.100726
v 0.163151 0.052841 0.069638
v 0.172105 0.052841 0.035565
v 0.175089 0.052841 -0.000000
v 0.172105 0.052841 -0.035565
v 0.163151 0.052841 -0.069638
v 0.148229 0.052841 -0.100726
v 0.148452 0.053625 0.100878
v 0.163397 0.053625 0.069743
v 0.172364 0.053625 0.035619
v 0.175353 0.053625 -0.000000
v 0.172364 0.053625 -0.035619
v 0.163397 0.053625 -0.069743
v 0.148452 0.053625 -0.100878
v 0.149121 0.054410 0.101332
v 0.164134 0.054409 0.070057
v 0.173141 0.054410 0.035779
v 0.176143 0.054410 -0.000000
v 0.173141 0.054409 -0.035779
v 0.164134 0.054410 -0.070057
v 0.149121 0.054410 -0.101332
v 0.150237 0.055204 0.102091
v 0.165361 0.055204 0.070581
v 0.174436 0.055204 0.036047
v 0.177461 0.055204 -0.000000
v 0.174436 0.055204 -0.036047
v 0.165361 0.055204 -0.070581
v 0.150237 0.055204 -0.102091
v -0.153784 0.056863 -0.104501
v -0.169265 0.056863 -0.072247
v -0.178554 0.056863 -0.036898
v -0.181650 0.056863 0.000000
v -0.178554 0.056863 0.036898
v -0.169265 0.056863 0.072247
v -0.153784 0.056863 0.104501
v -0.156077 0.057797 -0.106059
v -0.171790 0.057797 -0.073325
v -0.181217 0.057797 -0.037448
v -0.184360 0.057797 0.000000
v -0.181217 0.057797 0.037448
v -0.171790 0.057797 0.073325
v -0.156077 0.057797 0.106059
v -0.158542 0.058879 -0.107734
v -0.174502 0.058879 -0.074483
v -0.184079 0.058879 -0.038039
v -0.187271 0.058879 0.000000
v -0.184079 0.058879 0.038039
v -0.174502 0.058879 0.074483
v -0.158542 0.058879 0.107734
v -0.161039 0.060169 -0.109431
v -0.177251 0.060169 -0.075656
v -0.186979 0.060169 -0.038639
v -0.190221 0.060170 0.000000
v -0.186979 0.060170 0.038639
v -0.177251 0.060169 0.075656
v -0.161039 0.060170 0.109431
v -0.163433 0.061729 -0.111058
v -0.179886 0.061729 -0.076781
v -0.189758 0.061729 -0.039213
v -0.193048 0.061729 0.000000
v -0.189758 0.061729 0.039213
v -0.179886 0.061729 0.076781
v -0.163433 0.061729 0.111058
v -0.165584 0.063618 -0.112519
v -0.182254 0.063618 -0.077791
v -0.192256 0.063618 -0.039729
v -0.195589 0.063618 0.000000
v -0.192256 0.063618 0.039729
v -0.182254 0.063618 0.077791
v -0.165584 0.063618 0.112520
v -0.167356 0.065898 -0.113723
v -0.184204 0.065898 -0.078624
v -0.194313 0.065898 -0.040154
v -0.197682 0.065898 0.000000
v -0.194313 0.065898 0.040154
v -0.184204 0.065898 0.078624
v -0.167356 0.065898 0.113723
v 0.104501 0.056863 -0.153784
v 0.072247 0.056863 -0.169265
v 0.036898 0.056863 -0.178554
v -0.000000 0.056863 -0.181650
v -0.036898 0.056863 -0.178554
v -0.072247 0.056863 -0.169265
v -0.104501 0.056863 -0.153784
v 0.106059 0.057797 -0.156077
v 0.073325 0.057797 -0.171790
v 0.037448 0.057797 -0.181217
v -0.000000 0.057797 -0.184360
v -0.037448 0.057797 -0.181217
v -0.073325 0.057797 -0.171790
v -0.106059 0.057797 -0.156077
v 0.107734 0.058879 -0.158542
v 0.074483 0.058879 -0.174502
v 0.038039 0.058879 -0.184079
v -0.000000 0.058879 -0.187271
v -0.038039 0.058879 -0.184079
v -0.074483 0.058879 -0.174502
v -0.107734 0.058879 -0.158542
v 0.109431 0.060169 -0.161039
v 0.075656 0.060169 -0.177251
v 0.038639 0.060169 -0.186979
v -0.000000 0.060170 -0.190221
v -0.038639 0.060169 -0.186979
v -0.075656 0.060170 -0.177251
v -0.109431 0.060169 -0.161039
v 0.111058 0.061729 -0.163433
v 0.076781 0.061729 -0.179886
v 0.039213 0.061729 -0.189758
v -0.000000 0.061729 -0.193048
v -0.039213 0.061729 -0.189758
v -0.076781 0.061729 -0.179886
v -0.111058 0.061729 -0.163433
v 0.112519 0.063618 -0.165584
v 0.077791 0.063618 -0.182254
v 0.039729 0.063618 -0.192256
v -0.000000 0.063618 -0.195589
v -0.039729 0.063618 -0.192256
v -0.077791 0.063618 -0.182254
v -0.112519 0.063618 -0.165584
v 0.113723 0.065898 -0.167356
v 0.078624 0.065898 -0.184204
v 0.040154 0.065898 -0.194313
v -0.000000 0.065898 -0.197682
v -0.040154 0.065898 -0.194313
v -0.078624 0.065898 -0.184204
v -0.113723 0.065898 -0.167356
v -0.104501 0.056863 0.153784
v -0.072247 0.056863 0.169265
v -0.036898 0.056863 0.178554
v 0.000000 0.056863 0.181650
v 0.036898 0.056863 0.178554
v 0.072247 0.056863 0.169265
v 0.104501 0.056863 0.153784
v -0.106059 0.057797 0.156077
v -0.073325 0.057797 0.171790
v -0.037448 0.057797 0.181217
v 0.000000 0.057797 0.184360
v 0.037448 0.057797 0.181217
v 0.073325 0.057797 0.171790
v 0.106059 0.057797 0.156077
v -0.107734 0.058879 0.158542
v -0.074483 0.058879 0.174502
v -0.038039 0.058879 0.184079
v 0.000000 0.058879 0.187271
v 0.038039 0.058879 0.184079
v 0.074483 0.058879 0.174502
v 0.107734 0.058879 0.158542
v -0.109431 0.060170 0.161039
v -0.075656 0.060169 0.177251
v -0.038639 0.060169 0.186979
v 0.000000 0.060169 0.190221
v 0.038639 0.060169 0.186979
v 0.075656 0.060169 0.177251
v 0.109431 0.060169 0.161039
v -0.111058 0.061729 0.163433
v -0.076781 0.061729 0.179886
v -0.039213 0.061729 0.189758
v 0.000000 0.061729 0.193048
v 0.039213 0.061729 0.189758
v 0.076781 0.061729 0.179886
v 0.111058 0.061729 0.163433
v -0.112519 0.063618 0.165584
v -0.077791 0.063618 0.182254
v -0.039729 0.063618 0.192256
v 0.000000 0.063618 0.195589
v 0.039729 0.063618 0.192256
v 0.077791 0.063618 0.182254
v 0.112519 0.063618 0.165584
v -0.113723 0.065898 0.167356
v -0.078624 0.065898 0.184204
v -0.040154 0.065898 0.194313
v 0.000000 0.065898 0.197682
v 0.040154 0.065898 0.194313
v 0.078624 0.065898 0.184204
v 0.113723 0.065898 0.167356
v 0.153784 0.056863 0.104501
v 0.169265 0.056863 0.072247
v 0.178554 0.056863 0.036898
v 0.181650 0.056863 -0.000000
v 0.178554 0.056863 -0.036898
v 0.169265 0.056863 -0.072247
v 0.153784 0.056863 -0.104501
v 0.156077 0.057797 0.106059
v 0.171790 0.057797 0.073325
v 0.181217 0.057797 0.037448
v 0.184360 0.057797 -0.000000
v 0.181217 0.057797 -0.037448
v 0.171790 0.057797 -0.073325
v 0.156077 0.057797 -0.106059
v 0.158542 0.058879 0.107734
v 0.174502 0.058879 0.074483
v 0.184079 0.058879 0.038039
v 0.187271 0.058879 -0.000000
v 0.184079 0.058879 -0.038039
v 0.174502 0.058879 -0.074483
v 0.158542 0.058879 -0.107734
v 0.161039 0.060169 0.109431
v 0.177251 0.060169 0.075656
v 0.186979 0.060170 0.038639
v 0.190221 0.060170 -0.000000
v 0.186979 0.060169 -0.038639
v 0.177251 0.060169 -0.075656
v 0.161039 0.060169 -0.109431
v 0.163433 0.061729 0.111058
v 0.179886 0.061729 0.076781
v 0.189758 0.061729 0.039213
v 0.193048 0.061729 -0.000000
v 0.189758 0.061729 -0.039213
v 0.179886 0.061729 -0.076781
v 0.163433 0.061729 -0.111058
v 0.165584 0.063618 0.112519
v 0.182254 0.063618 0.077791
v 0.192256 0.063618 0.039729
v 0.195589 0.063618 -0.000000
v 0.192256 0.063618 -0.039729
v 0.182254 0.063618 -0.077791
v 0.165584 0.063618 -0.112519
v 0.167356 0.065898 0.113723
v 0.184204 0.065898 0.078624
v 0.194313 0.065898 0.040154
v 0.197682 0.065898 -0.000000
v 0.194313 0.065898 -0.040154
v 0.184204 0.065898 -0.078624
v 0.167356 0.065898 -0.113723
v -0.097775 -0.002635 -0.138247
v -0.103663 -0.002363 -0.151209
v -0.109508 -0.001897 -0.161098
v -0.114192 -0.001163 -0.168119
v -0.117158 -0.000089 -0.172442
v -0.118682 0.001394 -0.174662
v -0.119243 0.003357 -0.175479
v -0.068612 -0.002666 -0.150402
v -0.071982 -0.002381 -0.165973
v -0.075734 -0.001907 -0.177329
v -0.078938 -0.001168 -0.185090
v -0.080994 -0.000092 -0.189821
v -0.082050 0.001393 -0.192251
v -0.082439 0.003357 -0.193146
v -0.035347 -0.002692 -0.158078
v -0.036864 -0.002398 -0.174951
v -0.038687 -0.001916 -0.187102
v -0.040312 -0.001173 -0.195284
v -0.041364 -0.000094 -0.200254
v -0.041904 0.001393 -0.202806
v -0.042103 0.003357 -0.203746
v 0.000000 -0.002702 -0.160778
v 0.000000 -0.002405 -0.177997
v 0.000000 -0.001921 -0.190371
v -0.000000 -0.001175 -0.198686
v -0.000000 -0.000095 -0.203733
v -0.000000 0.001392 -0.206325
v -0.000000 0.003357 -0.207279
v 0.035347 -0.002692 -0.158078
v 0.036864 -0.002398 -0.174951
v 0.038687 -0.001916 -0.187102
v 0.040312 -0.001173 -0.195284
v 0.041364 -0.000094 -0.200254
v 0.041904 0.001393 -0.202806
v 0.042103 0.003357 -0.203746
v 0.068612 -0.002666 -0.150402
v 0.071982 -0.002381 -0.165973
v 0.075734 -0.001907 -0.177329
v 0.078938 -0.001168 -0.185090
v 0.080994 -0.000092 -0.189821
v 0.082050 0.001393 -0.192251
v 0.082439 0.003357 -0.193146
v 0.097775 -0.002635 -0.138247
v 0.103663 -0.002363 -0.151209
v 0.109508 -0.001897 -0.161098
v 0.114192 -0.001163 -0.168119
v 0.117158 -0.000089 -0.172442
v 0.118682 0.001394 -0.174662
v 0.119243 0.003357 -0.175479
v 0.138247 -0.002635 -0.097775
v 0.151209 -0.002363 -0.103663
v 0.161098 -0.001897 -0.109508
v 0.168119 -0.001163 -0.114192
v 0.172442 -0.000089 -0.117158
v 0.174662 0.001394 -0.118682
v 0.175479 0.003357 -0.119243
v 0.150402 -0.002666 -0.068612
v 0.165973 -0.002381 -0.071982
v 0.177329 -0.001907 -0.075734
v 0.185090 -0.001168 -0.078938
v 0.189821 -0.000092 -0.080994
v 0.192251 0.001393 -0.082050
v 0.193146 0.003357 -0.082439
v 0.158078 -0.002692 -0.035347
v 0.174951 -0.002398 -0.036864
v 0.187102 -0.001916 -0.038687
v 0.195284 -0.001173 -0.040312
v 0.200254 -0.000094 -0.041364
v 0.202806 0.001393 -0.041904
v 0.203746 0.003357 -0.042103
v 0.160778 -0.002702 0.000000
v 0.177997 -0.002405 0.000000
v 0.190371 -0.001921 0.000000
v 0.198686 -0.001175 -0.000000
v 0.203733 -0.000095 -0.000000
v 0.206325 0.001392 -0.000000
v 0.207279 0.003357 -0.000000
v 0.158078 -0.002692 0.035347
v 0.174951 -0.002398 0.036864
v 0.187102 -0.001916 0.038687
v 0.195284 -0.001173 0.040312
v 0.200254 -0.000094 0.041364
v 0.202806 0.001393 0.041904
v 0.203746 0.003357 0.042103
v 0.150402 -0.002666 0.068612
v 0.165973 -0.002381 0.071982
v 0.177329 -0.001907 0.075734
v 0.185090 -0.001168 0.078938
v 0.189821 -0.000092 0.080994
v 0.192251 0.001393 0.082050
v 0.193146 0.003357 0.082439
v 0.138247 -0.002635 0.097775
v 0.151209 -0.002363 0.103663
v 0.161098 -0.001897 0.109508
v 0.168119 -0.001163 0.114192
v 0.172442 -0.000089 0.117158
v 0.174662 0.001394 0.118682
v 0.175479 0.003357 0.119243
v 0.097775 -0.002635 0.138247
v 0.103663 -0.002363 0.151209
v 0.109508 -0.001897 0.161098
v 0.114192 -0.001163 0.168119
v 0.117158 -0.000089 0.172442
v 0.118682 0.001394 0.174662
v 0.119243 0.003357 0.175479
v 0.068612 -0.002666 0.150402
v 0.071982 -0.002381 0.165973
v 0.075734 -0.001907 0.177329
v 0.078938 -0.001168 0.185090
v 0.080994 -0.000092 0.189821
v 0.082050 0.001393 0.192251
v 0.082439 0.003357 0.193146
v 0.035347 -0.002692 0.158078
v 0.036864 -0.002398 0.174951
v 0.038687 -0.001916 0.187102
v 0.040312 -0.001173 0.195284
v 0.041364 -0.000094 0.200254
v 0.041904 0.001393 0.202806
v 0.042103 0.003357 0.203746
v 0.000000 -0.002702 0.160778
v -0.000000 -0.002405 0.177997
v -0.000000 -0.001921 0.190371
v 0.000000 -0.001175 0.198686
v 0.000000 -0.000095 0.203733
v 0.000000 0.001392 0.206325
v 0.000000 0.003357 0.207279
v -0.035347 -0.002692 0.158078
v -0.036864 -0.002398 0.174951
v -0.038687 -0.001916 0.187102
v -0.040312 -0.001173 0.195284
v -0.041364 -0.000094 0.200254
v -0.041904 0.001393 0.202806
v -0.042103 0.003357 0.203746
v -0.068612 -0.002666 0.150402
v -0.071982 -0.002381 0.165973
v -0.075734 -0.001907 0.177329
v -0.078938 -0.001168 0.185090
v -0.080994 -0.000092 0.189821
v -0.082050 0.001393 0.192251
v -0.082439 0.003357 0.193146
v -0.097775 -0.002635 0.138247
v -0.103663 -0.002363 0.151209
v -0.109508 -0.001897 0.161098
v -0.114192 -0.001163 0.168119
v -0.117158 -0.000089 0.172442
v -0.118682 0.001394 0.174662
v -0.119243 0.003357 0.175479
v -0.138247 -0.002635 0.097775
v -0.151209 -0.002363 0.103663
v -0.161098 -0.001897 0.109508
v -0.168119 -0.001163 0.114192
v -0.172442 -0.000089 0.117158
v -0.174662 0.001394 0.118682
v -0.175479 0.003357 0.119243
v -0.150402 -0.002666 0.068612
v -0.165973 -0.002381 0.071982
v -0.177329 -0.001907 0.075734
v -0.185090 -0.001168 0.078938
v -0.189821 -0.000092 0.080994
v -0.192251 0.001393 0.082050
v -0.193146 0.003357 0.082439
v -0.158078 -0.002692 0.035347
v -0.174951 -0.002398 0.036864
v -0.187102 -0.001916 0.038687
v -0.195284 -0.001173 0.040312
v -0.200254 -0.000094 0.041364
v -0.202806 0.001393 0.041904
v -0.203746 0.003357 0.042103
v -0.160778 -0.002702 -0.000000
v -0.177997 -0.002405 -0.000000
v -0.190371 -0.001921 -0.000000
v -0.198686 -0.001175 0.000000
v -0.203733 -0.000095 0.000000
v -0.206325 0.001392 0.000000
v -0.207279 0.003357 0.000000
v -0.158078 -0.002692 -0.035347
v -0.174951 -0.002398 -0.036864
v -0.187102 -0.001916 -0.038687
v -0.195284 -0.001173 -0.040312
v -0.200254 -0.000094 -0.041364
v -0.202806 0.001393 -0.041904
v -0.203746 0.003357 -0.042103
v -0.150402 -0.002666 -0.068612
v -0.165973 -0.002381 -0.071982
v -0.177329 -0.001907 -0.075734
v -0.185090 -0.001168 -0.078938
v -0.189821 -0.000092 -0.080994
v -0.192251 0.001393 -0.082050
v -0.193146 0.003357 -0.082439
v -0.138247 -0.002635 -0.097775
v -0.151209 -0.002363 -0.103663
v -0.161098 -0.001897 -0.109508
v -0.168119 -0.001163 -0.114192
v -0.172442 -0.000089 -0.117158
v -0.174662 0.001394 -0.118682
v -0.175479 0.003357 -0.119243
v -0.169244 0.071846 -0.115006
v -0.186282 0.071846 -0.079511
v -0.196505 0.071846 -0.040607
v -0.199912 0.071846 0.000000
v -0.196505 0.071846 0.040607
v -0.186282 0.071846 0.079511
v -0.169244 0.071846 0.115006
v -0.169287 0.075489 -0.115036
v -0.186330 0.075489 -0.079531
v -0.196555 0.075489 -0.040618
v -0.199963 0.075489 0.000000
v -0.196555 0.075489 0.040618
v -0.186330 0.075489 0.079531
v -0.169287 0.075489 0.115036
v -0.168806 0.079471 -0.114708
v -0.185799 0.079471 -0.079305
v -0.195996 0.079471 -0.040502
v -0.199394 0.079472 0.000000
v -0.195996 0.079471 0.040502
v -0.185799 0.079471 0.079305
v -0.168806 0.079471 0.114708
v -0.167864 0.083707 -0.114068
v -0.184763 0.083708 -0.078862
v -0.194902 0.083707 -0.040276
v -0.198282 0.083708 0.000000
v -0.194902 0.083708 0.040276
v -0.184763 0.083707 0.078862
v -0.167864 0.083708 0.114068
v -0.166526 0.088111 -0.113160
v -0.183291 0.088111 -0.078234
v -0.193349 0.088111 -0.039955
v -0.196702 0.088111 0.000000
v -0.193349 0.088111 0.039955
v -0.183291 0.088111 0.078234
v -0.166526 0.088111 0.113160
v -0.164859 0.092596 -0.112027
v -0.181455 0.092596 -0.077450
v -0.191413 0.092596 -0.039555
v -0.194733 0.092596 0.000000
v -0.191413 0.092596 0.039555
v -0.181455 0.092596 0.077450
v -0.164859 0.092596 0.112027
v -0.162926 0.097076 -0.110713
v -0.179328 0.097076 -0.076542
v -0.189169 0.097076 -0.039091
v -0.192449 0.097076 0.000000
v -0.189169 0.097076 0.039091
v -0.179328 0.097076 0.076542
v -0.162926 0.097076 0.110713
v 0.115006 0.071846 -0.169244
v 0.079511 0.071846 -0.186282
v 0.040607 0.071846 -0.196505
v -0.000000 0.071846 -0.199912
v -0.040607 0.071846 -0.196505
v -0.079511 0.071846 -0.186282
v -0.115006 0.071846 -0.169244
v 0.115036 0.075489 -0.169287
v 0.079531 0.075489 -0.186330
v 0.040618 0.075489 -0.196555
v -0.000000 0.075489 -0.199963
v -0.040618 0.075489 -0.196555
v -0.079531 0.075489 -0.186330
v -0.115036 0.075489 -0.169287
v 0.114708 0.079471 -0.168806
v 0.079305 0.079471 -0.185799
v 0.040502 0.079471 -0.195996
v -0.000000 0.079471 -0.199394
v -0.040502 0.079471 -0.195996
v -0.079305 0.079471 -0.185799
v -0.114708 0.079471 -0.168806
v 0.114068 0.083708 -0.167864
v 0.078862 0.083707 -0.184763
v 0.040276 0.083708 -0.194902
v -0.000000 0.083708 -0.198282
v -0.040276 0.083707 -0.194902
v -0.078862 0.083708 -0.184763
v -0.114068 0.083707 -0.167864
v 0.113160 0.088111 -0.166526
v 0.078234 0.088111 -0.183291
v 0.039955 0.088111 -0.193349
v -0.000000 0.088111 -0.196702
v -0.039955 0.088111 -0.193349
v -0.078234 0.088111 -0.183291
v -0.113160 0.088111 -0.166526
v 0.112027 0.092596 -0.164859
v 0.077450 0.092596 -0.181455
v 0.039555 0.092596 -0.191413
v -0.000000 0.092596 -0.194733
v -0.039555 0.092596 -0.191413
v -0.077450 0.092596 -0.181455
v -0.112027 0.092596 -0.164859
v 0.110713 0.097076 -0.162926
v 0.076542 0.097076 -0.179328
v 0.039091 0.097076 -0.189169
v -0.000000 0.097076 -0.192449
v -0.039091 0.097076 -0.189169
v -0.076542 0.097076 -0.179328
v -0.110713 0.097076 -0.162926
v -0.115006 0.071846 0.169244
v -0.079511 0.071846 0.186282
v -0.040607 0.071846 0.196505
v 0.000000 0.071846 0.199912
v 0.040607 0.071846 0.196505
v 0.079511 0.071846 0.186282
v 0.115006 0.071846 0.169244
v -0.115036 0.075489 0.169287
v -0.079531 0.075489 0.186330
v -0.040618 0.075489 0.196555
v -0.000000 0.075489 0.199963
v 0.040618 0.075489 0.196555
v 0.079531 0.075489 0.186330
v 0.115036 0.075489 0.169287
v -0.114708 0.079471 0.168806
v -0.079305 0.079471 0.185799
v -0.040502 0.079471 0.195996
v 0.000000 0.079471 0.199394
v 0.040502 0.079471 0.195996
v 0.079305 0.079471 0.185799
v 0.114708 0.079471 0.168806
v -0.114068 0.083708 0.167864
v -0.078862 0.083708 0.184763
v -0.040276 0.083707 0.194902
v -0.000000 0.083708 0.198282
v 0.040276 0.083707 0.194902
v 0.078862 0.083707 0.184763
v 0.114068 0.083708 0.167864
v -0.113160 0.088111 0.166526
v -0.078234 0.088111 0.183291
v -0.039955 0.088111 0.193349
v -0.000000 0.088111 0.196702
v 0.039955 0.088111 0.193349
v 0.078234 0.088111 0.183291
v 0.113160 0.088111 0.166526
v -0.112027 0.092596 0.164859
v -0.077450 0.092596 0.181455
v -0.039555 0.092596 0.191413
v -0.000000 0.092596 0.194733
v 0.039555 0.092596 0.191413
v 0.077450 0.092596 0.181455
v 0.112027 0.092596 0.164859
v -0.110713 0.097076 0.162926
v -0.076542 0.097076 0.179328
v -0.039091 0.097076 0.189169
v 0.000000 0.097076 0.192449
v 0.039091 0.097076 0.189169
v 0.076542 0.097076 0.179328
v 0.110713 0.097076 0.162926
v 0.169244 0.071846 0.115006
v 0.186282 0.071846 0.079511
v 0.196505 0.071846 0.040607
v 0.199912 0.071846 -0.000000
v 0.196505 0.071846 -0.040607
v 0.186282 0.071846 -0.079511
v 0.169244 0.071846 -0.115006
v 0.169287 0.075489 0.115036
v 0.186330 0.075489 0.079531
v 0.196555 0.075489 0.040618
v 0.199963 0.075489 -0.000000
v 0.196555 0.075489 -0.040618
v 0.186330 0.075489 -0.079531
v 0.169287 0.075489 -0.115036
v 0.168806 0.079472 0.114708
v 0.185799 0.079471 0.079305
v 0.195996 0.079471 0.040502
v 0.199394 0.079471 -0.000000
v 0.195996 0.079471 -0.040502
v 0.185799 0.079471 -0.079305
v 0.168806 0.079471 -0.114708
v 0.167864 0.083708 0.114068
v 0.184763 0.083707 0.078862
v 0.194902 0.083708 0.040276
v 0.198282 0.083708 -0.000000
v 0.194902 0.083708 -0.040276
v 0.184763 0.083707 -0.078862
v 0.167864 0.083708 -0.114068
v 0.166526 0.088111 0.113160
v 0.183291 0.088111 0.078234
v 0.193349 0.088111 0.039955
v 0.196702 0.088111 -0.000000
v 0.193349 0.088111 -0.039955
v 0.183291 0.088111 -0.078234
v 0.166526 0.088111 -0.113160
v 0.164859 0.092596 0.112027
v 0.181455 0.092596 0.077450
v 0.191413 0.092596 0.039555
v 0.194733 0.092596 -0.000000
v 0.191413 0.092596 -0.039555
v 0.181455 0.092596 -0.077450
v 0.164859 0.092596 -0.112027
v 0.162926 0.097076 0.110713
v 0.179328 0.097076 0.076542
v 0.189169 0.097076 0.039091
v 0.192449 0.097076 -0.000000
v 0.189169 0.097076 -0.039091
v 0.179328 0.097076 -0.076542
v 0.162926 0.097076 -0.110713
v -0.158513 0.105695 -0.107714
v -0.174471 0.105695 -0.074469
v -0.184046 0.105695 -0.038033
v -0.187237 0.105695 0.000000
v -0.184046 0.105695 0.038033
v -0.174471 0.105695 0.074469
v -0.158513 0.105695 0.107714
v -0.156104 0.109771 -0.106077
v -0.171819 0.109771 -0.073337
v -0.181248 0.109771 -0.037455
v -0.184391 0.109771 0.000000
v -0.181248 0.109771 0.037455
v -0.171819 0.109771 0.073337
v -0.156104 0.109771 0.106077
v -0.153571 0.113714 -0.104356
v -0.169031 0.113714 -0.072147
v -0.178307 0.113714 -0.036847
v -0.181399 0.113714 0.000000
v -0.178307 0.113714 0.036847
v -0.169031 0.113714 0.072147
v -0.153571 0.113714 0.104356
v -0.150919 0.117547 -0.102554
v -0.166112 0.117547 -0.070901
v -0.175228 0.117547 -0.036210
v -0.178266 0.117547 0.000000
v -0.175228 0.117547 0.036210
v -0.166112 0.117547 0.070901
v -0.150918 0.117547 0.102554
v -0.148154 0.121291 -0.100674
v -0.163068 0.121291 -0.069602
v -0.172017 0.121291 -0.035547
v -0.175000 0.121291 0.000000
v -0.172017 0.121291 0.035547
v -0.163068 0.121291 0.069602
v -0.148153 0.121291 0.100674
v -0.145281 0.124969 -0.098722
v -0.159907 0.124969 -0.068252
v -0.168682 0.124969 -0.034857
v -0.171607 0.124969 0.000000
v -0.168682 0.124969 0.034857
v -0.159906 0.124969 0.068252
v -0.145281 0.124969 0.098722
v -0.142307 0.128602 -0.096701
v -0.156633 0.128602 -0.066855
v -0.165229 0.128602 -0.034144
v -0.168094 0.128602 0.000000
v -0.165228 0.128602 0.034144
v -0.156632 0.128602 0.066855
v -0.142306 0.128602 0.096701
v 0.107714 0.105695 -0.158513
v 0.074469 0.105695 -0.174471
v 0.038033 0.105695 -0.184045
v -0.000000 0.105695 -0.187237
v -0.038033 0.105695 -0.184046
v -0.074469 0.105695 -0.174471
v -0.107715 0.105695 -0.158513
v 0.106077 0.109771 -0.156104
v 0.073338 0.109771 -0.171819
v 0.037455 0.109771 -0.181248
v -0.000000 0.109771 -0.184391
v -0.037455 0.109771 -0.181248
v -0.073338 0.109771 -0.171819
v -0.106077 0.109771 -0.156104
v 0.104356 0.113714 -0.153571
v 0.072147 0.113714 -0.169031
v 0.036847 0.113714 -0.178307
v -0.000000 0.113714 -0.181399
v -0.036847 0.113714 -0.178307
v -0.072147 0.113714 -0.169031
v -0.104356 0.113714 -0.153571
v 0.102554 0.117547 -0.150918
v 0.070901 0.117547 -0.166111
v 0.036210 0.117547 -0.175227
v -0.000000 0.117547 -0.178266
v -0.036210 0.117547 -0.175227
v -0.070901 0.117547 -0.166111
v -0.102554 0.117547 -0.150918
v 0.100675 0.121291 -0.148153
v 0.069602 0.121291 -0.163068
v 0.035547 0.121291 -0.172017
v -0.000000 0.121291 -0.174999
v -0.035547 0.121291 -0.172017
v -0.069602 0.121291 -0.163068
v -0.100675 0.121291 -0.148153
v 0.098723 0.124969 -0.145280
v 0.068253 0.124969 -0.159906
v 0.034858 0.124969 -0.168681
v -0.000000 0.124969 -0.171606
v -0.034858 0.124969 -0.168681
v -0.068253 0.124969 -0.159906
v -0.098723 0.124969 -0.145280
v 0.096702 0.128602 -0.142305
v 0.066856 0.128602 -0.156631
v 0.034144 0.128602 -0.165227
v -0.000000 0.128602 -0.168092
v -0.034144 0.128602 -0.165227
v -0.066856 0.128602 -0.156631
v -0.096702 0.128602 -0.142305
v -0.107715 0.105695 0.158513
v -0.074469 0.105695 0.174471
v -0.038033 0.105695 0.184045
v 0.000000 0.105695 0.187237
v 0.038033 0.105695 0.184045
v 0.074469 0.105695 0.174471
v 0.107715 0.105695 0.158513
v -0.106077 0.109771 0.156104
v -0.073337 0.109771 0.171819
v -0.037455 0.109771 0.181248
v 0.000000 0.109771 0.184391
v 0.037455 0.109771 0.181248
v 0.073337 0.109771 0.171819
v 0.106077 0.109771 0.156104
v -0.104356 0.113714 0.153571
v -0.072147 0.113714 0.169031
v -0.036847 0.113714 0.178307
v 0.000000 0.113714 0.181399
v 0.036847 0.113714 0.178307
v 0.072147 0.113714 0.169031
v 0.104356 0.113714 0.153571
v -0.102554 0.117547 0.150918
v -0.070901 0.117547 0.166111
v -0.036210 0.117547 0.175227
v 0.000000 0.117547 0.178266
v 0.036210 0.117547 0.175227
v 0.070901 0.117547 0.166111
v 0.102554 0.117547 0.150918
v -0.100675 0.121291 0.148153
v -0.069602 0.121291 0.163068
v -0.035547 0.121291 0.172017
v 0.000000 0.121291 0.174999
v 0.035547 0.121291 0.172017
v 0.069602 0.121291 0.163068
v 0.100675 0.121291 0.148153
v -0.098722 0.124969 0.145280
v -0.068253 0.124969 0.159906
v -0.034858 0.124969 0.168681
v 0.000000 0.124969 0.171606
v 0.034858 0.124969 0.168681
v 0.068253 0.124969 0.159906
v 0.098722 0.124969 0.145280
v -0.096701 0.128602 0.142305
v -0.066855 0.128602 0.156631
v -0.034144 0.128602 0.165227
v 0.000000 0.128602 0.168092
v 0.034144 0.128602 0.165227
v 0.066855 0.128602 0.156631
v 0.096701 0.128602 0.142305
v 0.158513 0.105695 0.107714
v 0.174471 0.105695 0.074469
v 0.184046 0.105695 0.038033
v 0.187237 0.105695 -0.000000
v 0.184046 0.105695 -0.038033
v 0.174471 0.105695 -0.074469
v 0.158513 0.105695 -0.107714
v 0.156104 0.109771 0.106077
v 0.171819 0.109771 0.073337
v 0.181248 0.109771 0.037455
v 0.184391 0.109771 -0.000000
v 0.181248 0.109771 -0.037455
v 0.171819 0.109771 -0.073337
v 0.156104 0.109771 -0.106077
v 0.153571 0.113714 0.104356
v 0.169031 0.113714 0.072147
v 0.178307 0.113714 0.036847
v 0.181399 0.113714 -0.000000
v 0.178307 0.113714 -0.036847
v 0.169031 0.113714 -0.072147
v 0.153571 0.113714 -0.104356
v 0.150919 0.117547 0.102554
v 0.166112 0.117547 0.070901
v 0.175228 0.117547 0.036210
v 0.178266 0.117547 -0.000000
v 0.175228 0.117547 -0.036210
v 0.166112 0.117547 -0.070901
v 0.150919 0.117547 -0.102554
v 0.148153 0.121291 0.100674
v 0.163068 0.121291 0.069602
v 0.172017 0.121291 0.035547
v 0.175000 0.121291 -0.000000
v 0.172017 0.121291 -0.035547
v 0.163068 0.121291 -0.069602
v 0.148154 0.121291 -0.100674
v 0.145281 0.124969 0.098722
v 0.159906 0.124969 0.068252
v 0.168682 0.124969 0.034857
v 0.171607 0.124969 -0.000000
v 0.168682 0.124969 -0.034857
v 0.159907 0.124969 -0.068252
v 0.145281 0.124969 -0.098722
v 0.142306 0.128602 0.096701
v 0.156632 0.128602 0.066855
v 0.165228 0.128602 0.034144
v 0.168094 0.128602 -0.000000
v 0.165229 0.128602 -0.034144
v 0.156633 0.128602 -0.066855
v 0.142307 0.128602 -0.096701
v 0.110677 0.158658 0.075206
v 0.121821 0.158658 0.051994
v 0.128507 0.158658 0.026554
v 0.130737 0.158658 -0.000000
v 0.128509 0.158658 -0.026554
v 0.121825 0.158658 -0.051994
v 0.110683 0.158658 -0.075206
v 0.107837 0.160134 0.073275
v 0.118694 0.160134 0.050660
v 0.125208 0.160134 0.025873
v 0.127381 0.160134 -0.000000
v 0.125211 0.160134 -0.025873
v 0.118698 0.160134 -0.050660
v 0.107842 0.160134 -0.073275
v 0.105096 0.161309 0.071413
v 0.115677 0.161309 0.049372
v 0.122026 0.161309 0.025215
v 0.124143 0.161309 -0.000000
v 0.122028 0.161309 -0.025215
v 0.115681 0.161309 -0.049372
v 0.105101 0.161309 -0.071413
v 0.102447 0.162230 0.069613
v 0.112761 0.162230 0.048128
v 0.118950 0.162230 0.024580
v 0.121013 0.162230 -0.000000
v 0.118951 0.162230 -0.024580
v 0.112764 0.162230 -0.048128
v 0.102451 0.162230 -0.069613
v 0.099880 0.162946 0.067869
v 0.109935 0.162946 0.046922
v 0.115969 0.162946 0.023964
v 0.117981 0.162946 -0.000000
v 0.115970 0.162946 -0.023964
v 0.109938 0.162946 -0.046922
v 0.099883 0.162946 -0.067869
v 0.097386 0.163505 0.066175
v 0.107191 0.163505 0.045751
v 0.113074 0.163505 0.023366
v 0.115035 0.163505 -0.000000
v 0.113075 0.163505 -0.023366
v 0.107193 0.163505 -0.045751
v 0.097389 0.163505 -0.066175
v 0.094958 0.163955 0.064525
v 0.104518 0.163955 0.044610
v 0.110254 0.163955 0.022783
v 0.112166 0.163955 -0.000000
v 0.110254 0.163955 -0.022783
v 0.104519 0.163955 -0.044610
v 0.094960 0.163955 -0.064525
v -0.110683 0.158658 -0.075206
v -0.121825 0.158658 -0.051994
v -0.128509 0.158658 -0.026554
v -0.130737 0.158658 -0.000000
v -0.128507 0.158658 0.026554
v -0.121820 0.158658 0.051994
v -0.110677 0.158658 0.075206
v -0.107842 0.160134 -0.073275
v -0.118698 0.160134 -0.050660
v -0.125211 0.160134 -0.025873
v -0.127381 0.160134 0.000000
v -0.125208 0.160134 0.025873
v -0.118694 0.160134 0.050660
v -0.107837 0.160134 0.073275
v -0.105101 0.161309 -0.071413
v -0.115681 0.161309 -0.049372
v -0.122028 0.161309 -0.025215
v -0.124143 0.161309 0.000000
v -0.122026 0.161309 0.025215
v -0.115677 0.161309 0.049372
v -0.105096 0.161309 0.071413
v -0.102451 0.162230 -0.069613
v -0.112764 0.162230 -0.048128
v -0.118951 0.162230 -0.024580
v -0.121013 0.162230 0.000000
v -0.118950 0.162230 0.024580
v -0.112761 0.162230 0.048128
v -0.102447 0.162230 0.069613
v -0.099883 0.162946 -0.067869
v -0.109938 0.162946 -0.046922
v -0.115970 0.162946 -0.023964
v -0.117981 0.162946 0.000000
v -0.115969 0.162946 0.023964
v -0.109935 0.162946 0.046922
v -0.099880 0.162946 0.067869
v -0.097389 0.163505 -0.066175
v -0.107193 0.163505 -0.045751
v -0.113075 0.163505 -0.023366
v -0.115035 0.163505 0.000000
v -0.113074 0.163505 0.023366
v -0.107191 0.163505 0.045751
v -0.097386 0.163505 0.066175
v -0.094960 0.163955 -0.064525
v -0.104519 0.163955 -0.044610
v -0.110255 0.163955 -0.022783
v -0.112166 0.163955 0.000000
v -0.110254 0.163955 0.022783
v -0.104518 0.163955 0.044610
v -0.094958 0.163955 0.064525
v 0.075214 0.158658 -0.110673
v 0.052000 0.158658 -0.121815
v 0.026557 0.158658 -0.128500
v -0.000000 0.158658 -0.130728
v -0.026557 0.158658 -0.128500
v -0.052000 0.158658 -0.121815
v -0.075214 0.158658 -0.110673
v 0.073283 0.160134 -0.107832
v 0.050665 0.160134 -0.118688
v 0.025875 0.160134 -0.125201
v -0.000000 0.160134 -0.127373
v -0.025875 0.160134 -0.125201
v -0.050665 0.160134 -0.118688
v -0.073283 0.160134 -0.107832
v 0.071420 0.161309 -0.105092
v 0.049377 0.161309 -0.115672
v 0.025218 0.161309 -0.122020
v -0.000000 0.161309 -0.124136
v -0.025218 0.161309 -0.122020
v -0.049377 0.161309 -0.115672
v -0.071420 0.161309 -0.105092
v 0.069619 0.162230 -0.102443
v 0.048132 0.162230 -0.112756
v 0.024582 0.162230 -0.118944
v -0.000000 0.162230 -0.121007
v -0.024582 0.162230 -0.118944
v -0.048132 0.162230 -0.112756
v -0.069619 0.162230 -0.102443
v 0.067874 0.162946 -0.099877
v 0.046925 0.162946 -0.109932
v 0.023966 0.162946 -0.115964
v -0.000000 0.162946 -0.117975
v -0.023966 0.162946 -0.115964
v -0.046925 0.162946 -0.109932
v -0.067874 0.162946 -0.099877
v 0.066179 0.163505 -0.097384
v 0.045754 0.163505 -0.107188
v 0.023367 0.163505 -0.113070
v -0.000000 0.163505 -0.115031
v -0.023367 0.163505 -0.113070
v -0.045754 0.163505 -0.107188
v -0.066179 0.163505 -0.097384
v 0.064528 0.163955 -0.094956
v 0.044612 0.163955 -0.104515
v 0.022784 0.163955 -0.110251
v -0.000000 0.163955 -0.112163
v -0.022784 0.163955 -0.110251
v -0.044612 0.163955 -0.104515
v -0.064528 0.163955 -0.094956
v -0.075208 0.158658 0.110673
v -0.051995 0.158658 0.121815
v -0.026555 0.158658 0.128500
v 0.000000 0.158658 0.130728
v 0.026555 0.158658 0.128500
v 0.051995 0.158658 0.121815
v 0.075208 0.158658 0.110673
v -0.073277 0.160134 0.107832
v -0.050661 0.160134 0.118688
v -0.025873 0.160134 0.125201
v 0.000000 0.160134 0.127373
v 0.025873 0.160134 0.125201
v 0.050661 0.160134 0.118688
v 0.073277 0.160134 0.107832
v -0.071415 0.161309 0.105092
v -0.049373 0.161309 0.115672
v -0.025216 0.161309 0.122020
v 0.000000 0.161309 0.124136
v 0.025216 0.161309 0.122020
v 0.049373 0.161309 0.115672
v 0.071415 0.161309 0.105092
v -0.069615 0.162230 0.102443
v -0.048129 0.162230 0.112756
v -0.024580 0.162230 0.118944
v -0.000000 0.162230 0.121007
v 0.024580 0.162230 0.118944
v 0.048129 0.162230 0.112756
v 0.069615 0.162230 0.102443
v -0.067871 0.162946 0.099877
v -0.046923 0.162946 0.109932
v -0.023964 0.162946 0.115964
v 0.000000 0.162946 0.117975
v 0.023964 0.162946 0.115964
v 0.046923 0.162946 0.109932
v 0.067871 0.162946 0.099877
v -0.066176 0.163505 0.097384
v -0.045752 0.163505 0.107188
v -0.023366 0.163505 0.113070
v 0.000000 0.163505 0.115031
v 0.023366 0.163505 0.113070
v 0.045752 0.163505 0.107188
v 0.066176 0.163505 0.097384
v -0.064526 0.163955 0.094956
v -0.044611 0.163955 0.104515
v -0.022783 0.163955 0.110251
v -0.000000 0.163955 0.112163
v 0.022783 0.163955 0.110251
v 0.044611 0.163955 0.104515
v 0.064526 0.163955 0.094956
v -0.090293 0.164715 -0.061354
v -0.099382 0.164715 -0.042416
v -0.104836 0.164715 -0.021660
v -0.106654 0.164715 0.000004
v -0.104836 0.164715 0.021669
v -0.099381 0.164715 0.042424
v -0.090292 0.164715 0.061362
v -0.088231 0.165076 -0.059942
v -0.097113 0.165076 -0.041431
v -0.102443 0.165076 -0.021143
v -0.104219 0.165076 0.000033
v -0.102442 0.165076 0.021210
v -0.097113 0.165076 0.041497
v -0.088230 0.165076 0.060008
v -0.086587 0.165430 -0.058795
v -0.095304 0.165430 -0.040614
v -0.100534 0.165430 -0.020687
v -0.102277 0.165430 0.000112
v -0.100534 0.165430 0.020911
v -0.095304 0.165430 0.040837
v -0.086587 0.165430 0.059018
v -0.085547 0.165779 -0.058028
v -0.094159 0.165779 -0.040036
v -0.099326 0.165779 -0.020317
v -0.101048 0.165779 0.000265
v -0.099326 0.165779 0.020848
v -0.094158 0.165779 0.040567
v -0.085546 0.165779 0.058558
v -0.085294 0.166127 -0.057758
v -0.093881 0.166127 -0.039771
v -0.099032 0.166127 -0.020058
v -0.100750 0.166127 0.000518
v -0.099032 0.166127 0.021094
v -0.093880 0.166127 0.040807
v -0.085294 0.166127 0.058794
v -0.086015 0.166475 -0.058101
v -0.094674 0.166475 -0.039892
v -0.099869 0.166475 -0.019936
v -0.101601 0.166475 0.000895
v -0.099869 0.166475 0.021726
v -0.094674 0.166475 0.041682
v -0.086015 0.166475 0.059891
v -0.087894 0.166828 -0.059173
v -0.096743 0.166828 -0.040471
v -0.102052 0.166828 -0.019974
v -0.103821 0.166828 0.001421
v -0.102052 0.166828 0.022816
v -0.096743 0.166828 0.043314
v -0.087894 0.166828 0.062015
v 0.065077 0.167577 -0.095461
v 0.044992 0.167577 -0.105375
v 0.022978 0.167577 -0.111324
v -0.000000 0.167577 -0.113306
v -0.022978 0.167577 -0.111324
v -0.044992 0.167577 -0.105375
v -0.065077 0.167577 -0.095461
v 0.068983 0.168111 -0.101104
v 0.047692 0.168111 -0.111696
v 0.024357 0.168111 -0.118051
v -0.000000 0.168111 -0.120169
v -0.024357 0.168111 -0.118051
v -0.047692 0.168111 -0.111696
v -0.068983 0.168111 -0.101104
v 0.073340 0.168924 -0.107404
v 0.050704 0.168924 -0.118759
v 0.025895 0.168924 -0.125571
v -0.000000 0.168924 -0.127842
v -0.025895 0.168924 -0.125571
v -0.050704 0.168924 -0.118759
v -0.073340 0.168924 -0.107404
v 0.077857 0.170152 -0.113935
v 0.053826 0.170152 -0.126095
v 0.027489 0.170152 -0.133390
v -0.000000 0.170152 -0.135822
v -0.027489 0.170152 -0.133390
v -0.053826 0.170152 -0.126095
v -0.077857 0.170152 -0.113935
v 0.082239 0.171928 -0.120271
v 0.056854 0.171928 -0.133234
v 0.029035 0.171928 -0.141013
v -0.000000 0.171928 -0.143605
v -0.029035 0.171928 -0.141013
v -0.056854 0.171928 -0.133234
v -0.082239 0.171928 -0.120271
v 0.086193 0.174389 -0.125986
v 0.059586 0.174389 -0.139709
v 0.030430 0.174389 -0.147943
v -0.000000 0.174389 -0.150687
v -0.030430 0.174389 -0.147943
v -0.059586 0.174389 -0.139709
v -0.086193 0.174389 -0.125986
v 0.089425 0.177669 -0.130654
v 0.061818 0.177669 -0.145049
v 0.031569 0.177669 -0.153686
v -0.000000 0.177669 -0.156564
v -0.031569 0.177669 -0.153686
v -0.061818 0.177669 -0.145049
v -0.089425 0.177669 -0.130654
v 0.061357 0.164715 -0.090290
v 0.042419 0.164715 -0.099380
v 0.021664 0.164715 -0.104834
v -0.000000 0.164715 -0.106652
v -0.021664 0.164715 -0.104834
v -0.042419 0.164715 -0.099380
v -0.061357 0.164715 -0.090290
v 0.059956 0.165076 -0.088227
v 0.041451 0.165076 -0.097112
v 0.021170 0.165076 -0.102443
v -0.000000 0.165076 -0.104220
v -0.021170 0.165076 -0.102443
v -0.041451 0.165076 -0.097112
v -0.059956 0.165076 -0.088227
v 0.058839 0.165430 -0.086575
v 0.040679 0.165430 -0.095302
v 0.020775 0.165430 -0.100538
v -0.000000 0.165430 -0.102284
v -0.020775 0.165430 -0.100538
v -0.040679 0.165430 -0.095302
v -0.058839 0.165430 -0.086575
v 0.058131 0.165779 -0.085519
v 0.040190 0.165779 -0.094155
v 0.020525 0.165779 -0.099337
v -0.000000 0.165779 -0.101064
v -0.020525 0.165779 -0.099337
v -0.040190 0.165779 -0.094155
v -0.058131 0.165779 -0.085519
v 0.057960 0.166127 -0.085241
v 0.040071 0.166127 -0.093874
v 0.020465 0.166127 -0.099054
v -0.000000 0.166127 -0.100781
v -0.020465 0.166127 -0.099054
v -0.040071 0.166127 -0.093874
v -0.057960 0.166127 -0.085241
v 0.058450 0.166475 -0.085923
v 0.040410 0.166475 -0.094664
v 0.020638 0.166475 -0.099908
v -0.000000 0.166475 -0.101656
v -0.020638 0.166475 -0.099908
v -0.040410 0.166475 -0.094664
v -0.058450 0.166475 -0.085923
v 0.059727 0.166828 -0.087749
v 0.041293 0.166828 -0.096726
v 0.021089 0.166828 -0.102113
v -0.000000 0.166828 -0.103908
v -0.021089 0.166828 -0.102113
v -0.041293 0.166828 -0.096726
v -0.059727 0.166828 -0.087749
v 0.090292 0.164715 0.061362
v 0.099381 0.164715 0.042424
v 0.104836 0.164715 0.021669
v 0.106654 0.164715 0.000004
v 0.104836 0.164715 -0.021660
v 0.099382 0.164715 -0.042416
v 0.090293 0.164715 -0.061354
v 0.088230 0.165076 0.060008
v 0.097113 0.165076 0.041497
v 0.102442 0.165076 0.021210
v 0.104219 0.165076 0.000033
v 0.102443 0.165076 -0.021143
v 0.097113 0.165076 -0.041431
v 0.088231 0.165076 -0.059942
v 0.086587 0.165430 0.059018
v 0.095304 0.165430 0.040837
v 0.100534 0.165430 0.020911
v 0.102277 0.165430 0.000112
v 0.100534 0.165430 -0.020687
v 0.095304 0.165430 -0.040614
v 0.086587 0.165430 -0.058795
v 0.085546 0.165779 0.058558
v 0.094158 0.165779 0.040567
v 0.099326 0.165779 0.020848
v 0.101048 0.165779 0.000265
v 0.099326 0.165779 -0.020317
v 0.094159 0.165779 -0.040036
v 0.085547 0.165779 -0.058028
v 0.085294 0.166127 0.058794
v 0.093880 0.166127 0.040807
v 0.099032 0.166127 0.021094
v 0.100750 0.166127 0.000518
v 0.099032 0.166127 -0.020058
v 0.093881 0.166127 -0.039771
v 0.085294 0.166127 -0.057758
v 0.086015 0.166475 0.059891
v 0.094674 0.166475 0.041682
v 0.099869 0.166475 0.021726
v 0.101601 0.166475 0.000895
v 0.099869 0.166475 -0.019936
v 0.094674 0.166475 -0.039892
v 0.086015 0.166475 -0.058101
v 0.087894 0.166828 0.062015
v 0.096743 0.166828 0.043314
v 0.102052 0.166828 0.022816
v 0.103821 0.166828 0.001421
v 0.102052 0.166828 -0.019974
v 0.096743 0.166828 -0.040471
v 0.087894 0.166828 -0.059173
v -0.061356 0.164715 0.090299
v -0.042419 0.164715 0.099389
v -0.021664 0.164715 0.104843
v -0.000000 0.164715 0.106661
v 0.021664 0.164715 0.104843
v 0.042419 0.164715 0.099389
v 0.061356 0.164715 0.090299
v -0.059955 0.165076 0.088293
v -0.041450 0.165076 0.097178
v -0.021169 0.165076 0.102509
v 0.000000 0.165076 0.104286
v 0.021169 0.165076 0.102509
v 0.041450 0.165076 0.097178
v 0.059955 0.165076 0.088293
v -0.058838 0.165430 0.086799
v -0.040678 0.165430 0.095526
v -0.020775 0.165430 0.100762
v 0.000000 0.165430 0.102507
v 0.020775 0.165430 0.100762
v 0.040678 0.165430 0.095526
v 0.058838 0.165430 0.086799
v -0.058131 0.165779 0.086050
v -0.040190 0.165779 0.094686
v -0.020525 0.165779 0.099867
v 0.000000 0.165779 0.101594
v 0.020525 0.165779 0.099867
v 0.040190 0.165779 0.094686
v 0.058131 0.165779 0.086050
v -0.057960 0.166127 0.086277
v -0.040071 0.166127 0.094910
v -0.020465 0.166127 0.100090
v 0.000000 0.166127 0.101817
v 0.020465 0.166127 0.100090
v 0.040071 0.166127 0.094910
v 0.057960 0.166127 0.086277
v -0.058450 0.166475 0.087714
v -0.040410 0.166475 0.096454
v -0.020638 0.166475 0.101698
v 0.000000 0.166475 0.103446
v 0.020638 0.166475 0.101698
v 0.040410 0.166475 0.096454
v 0.058450 0.166475 0.087714
v -0.059727 0.166828 0.090592
v -0.041293 0.166828 0.099569
v -0.021089 0.166828 0.104955
v 0.000000 0.166828 0.106750
v 0.021089 0.166828 0.104955
v 0.041293 0.166828 0.099569
v 0.059727 0.166828 0.090592
v 0.136939 0.187175 0.120199
v 0.150636 0.187175 0.088298
v 0.158804 0.187175 0.053335
v 0.161455 0.187175 0.016841
v 0.158601 0.187175 -0.019653
v 0.150256 0.187175 -0.054617
v 0.136433 0.187175 -0.086517
v 0.136954 0.193370 0.124189
v 0.150619 0.193370 0.091818
v 0.158749 0.193371 0.056339
v 0.161359 0.193371 0.019306
v 0.158469 0.193372 -0.017726
v 0.150095 0.193372 -0.053205
v 0.136257 0.193373 -0.085577
v 0.135606 0.200319 0.127410
v 0.149095 0.200321 0.094835
v 0.157094 0.200323 0.059132
v 0.159627 0.200325 0.021867
v 0.156718 0.200327 -0.015399
v 0.148391 0.200329 -0.051101
v 0.134670 0.200330 -0.083676
v 0.133158 0.207856 0.129979
v 0.146349 0.207861 0.097420
v 0.154139 0.207865 0.061734
v 0.156561 0.207870 0.024486
v 0.153645 0.207875 -0.012762
v 0.145424 0.207879 -0.048448
v 0.131928 0.207884 -0.081008
v 0.129870 0.215815 0.132019
v 0.142667 0.215823 0.099645
v 0.150186 0.215832 0.064164
v 0.152466 0.215841 0.027128
v 0.149549 0.215850 -0.009907
v 0.141474 0.215859 -0.045389
v 0.128283 0.215867 -0.077763
v 0.126002 0.224026 0.133649
v 0.138337 0.224040 0.101584
v 0.145534 0.224056 0.066440
v 0.147647 0.224072 0.029757
v 0.144726 0.224088 -0.006925
v 0.136823 0.224103 -0.042069
v 0.123990 0.224118 -0.074134
v 0.121817 0.232325 0.134989
v 0.133643 0.232347 0.103306
v 0.140484 0.232371 0.068583
v 0.142407 0.232397 0.032338
v 0.139474 0.232423 -0.003907
v 0.131751 0.232447 -0.038630
v 0.119303 0.232469 -0.070313
v 0.095769 0.167577 0.069934
v 0.105410 0.167577 0.049280
v 0.111194 0.167577 0.026644
v 0.113122 0.167577 0.003016
v 0.111194 0.167577 -0.020612
v 0.105409 0.167577 -0.043249
v 0.095768 0.167577 -0.063902
v 0.101522 0.168111 0.075598
v 0.111741 0.168111 0.053532
v 0.117872 0.168111 0.029348
v 0.119915 0.168111 0.004105
v 0.117870 0.168111 -0.021138
v 0.111737 0.168111 -0.045322
v 0.101517 0.168111 -0.067388
v 0.107951 0.168924 0.082029
v 0.118816 0.168924 0.058373
v 0.125332 0.168924 0.032447
v 0.127502 0.168924 0.005385
v 0.125325 0.168924 -0.021677
v 0.118802 0.168924 -0.047603
v 0.107933 0.168924 -0.071258
v 0.114630 0.170152 0.088930
v 0.126162 0.170152 0.063597
v 0.133077 0.170152 0.035833
v 0.135375 0.170152 0.006852
v 0.133059 0.170152 -0.022129
v 0.126128 0.170152 -0.049894
v 0.114585 0.170152 -0.075226
v 0.121130 0.171928 0.096006
v 0.133310 0.171928 0.068998
v 0.140609 0.171928 0.039398
v 0.143029 0.171928 0.008501
v 0.140574 0.171928 -0.022395
v 0.133245 0.171928 -0.051996
v 0.121044 0.171928 -0.079003
v 0.127027 0.174389 0.102960
v 0.139789 0.174389 0.074370
v 0.147431 0.174389 0.043036
v 0.149957 0.174389 0.010330
v 0.147371 0.174389 -0.022377
v 0.139676 0.174389 -0.053711
v 0.126877 0.174389 -0.082301
v 0.131893 0.177669 0.109496
v 0.145129 0.177669 0.079507
v 0.153047 0.177669 0.046640
v 0.155652 0.177669 0.012333
v 0.152951 0.177669 -0.021975
v 0.144950 0.177669 -0.054842
v 0.131655 0.177669 -0.084831
v -0.065078 0.167577 0.101493
v -0.044992 0.167577 0.111407
v -0.022978 0.167577 0.117355
v 0.000000 0.167577 0.119338
v 0.022978 0.167577 0.117355
v 0.044992 0.167577 0.111407
v 0.065078 0.167577 0.101493
v -0.068988 0.168111 0.109314
v -0.047696 0.168111 0.119906
v -0.024359 0.168111 0.126261
v 0.000000 0.168111 0.128379
v 0.024359 0.168111 0.126261
v 0.047696 0.168111 0.119906
v 0.068988 0.168111 0.109314
v -0.073359 0.168924 0.118174
v -0.050718 0.168924 0.129529
v -0.025903 0.168924 0.136341
v 0.000000 0.168924 0.138612
v 0.025903 0.168924 0.136341
v 0.050718 0.168924 0.129529
v 0.073359 0.168924 0.118174
v -0.077901 0.170152 0.127639
v -0.053859 0.170152 0.139798
v -0.027507 0.170152 0.147094
v 0.000000 0.170152 0.149526
v 0.027507 0.170152 0.147094
v 0.053859 0.170152 0.139798
v 0.077901 0.170152 0.127639
v -0.082326 0.171928 0.137274
v -0.056919 0.171928 0.150237
v -0.029070 0.171928 0.158015
v 0.000000 0.171928 0.160608
v 0.029070 0.171928 0.158015
v 0.056919 0.171928 0.150237
v 0.082326 0.171928 0.137274
v -0.086343 0.174389 0.146645
v -0.059698 0.174389 0.160368
v -0.030490 0.174389 0.168602
v 0.000000 0.174389 0.171347
v 0.030490 0.174389 0.168602
v 0.059698 0.174389 0.160368
v 0.086343 0.174389 0.146645
v -0.089663 0.177669 0.155319
v -0.061996 0.177669 0.169714
v -0.031665 0.177669 0.178351
v -0.000000 0.177669 0.181230
v 0.031665 0.177669 0.178351
v 0.061997 0.177669 0.169714
v 0.089663 0.177669 0.155319
v -0.095768 0.167577 -0.063902
v -0.105409 0.167577 -0.043249
v -0.111194 0.167577 -0.020612
v -0.113122 0.167577 0.003016
v -0.111194 0.167577 0.026644
v -0.105410 0.167577 0.049280
v -0.095769 0.167577 0.069934
v -0.101517 0.168111 -0.067388
v -0.111737 0.168111 -0.045322
v -0.117870 0.168111 -0.021138
v -0.119915 0.168111 0.004105
v -0.117873 0.168111 0.029348
v -0.111741 0.168111 0.053532
v -0.101522 0.168111 0.075598
v -0.107933 0.168924 -0.071258
v -0.118802 0.168924 -0.047603
v -0.125325 0.168924 -0.021677
v -0.127502 0.168924 0.005385
v -0.125332 0.168924 0.032447
v -0.118816 0.168924 0.058373
v -0.107951 0.168924 0.082029
v -0.114585 0.170152 -0.075226
v -0.126128 0.170152 -0.049894
v -0.133059 0.170152 -0.022129
v -0.135375 0.170152 0.006852
v -0.133077 0.170152 0.035833
v -0.126162 0.170152 0.063597
v -0.114630 0.170152 0.088930
v -0.121044 0.171928 -0.079003
v -0.133245 0.171928 -0.051996
v -0.140574 0.171928 -0.022395
v -0.143029 0.171928 0.008501
v -0.140609 0.171928 0.039398
v -0.133310 0.171928 0.068998
v -0.121130 0.171928 0.096006
v -0.126877 0.174389 -0.082301
v -0.139676 0.174389 -0.053711
v -0.147371 0.174389 -0.022377
v -0.149957 0.174389 0.010330
v -0.147431 0.174389 0.043036
v -0.139789 0.174389 0.074370
v -0.127027 0.174389 0.102960
v -0.131655 0.177669 -0.084831
v -0.144950 0.177669 -0.054842
v -0.152951 0.177669 -0.021975
v -0.155652 0.177669 0.012333
v -0.153047 0.177669 0.046640
v -0.145129 0.177669 0.079507
v -0.131893 0.177669 0.109496
v -0.077727 0.248479 0.184439
v -0.053852 0.248457 0.199260
v -0.027536 0.248444 0.208152
v 0.000000 0.248440 0.211116
v 0.027536 0.248444 0.208152
v 0.053852 0.248457 0.199260
v 0.077727 0.248479 0.184439
v -0.075207 0.256283 0.184914
v -0.052132 0.256258 0.199549
v -0.026664 0.256243 0.208330
v 0.000000 0.256238 0.211258
v 0.026664 0.256243 0.208330
v 0.052132 0.256258 0.199549
v 0.075207 0.256283 0.184914
v -0.072826 0.263973 0.185363
v -0.050508 0.263952 0.199814
v -0.025841 0.263939 0.208485
v 0.000000 0.263935 0.211375
v 0.025841 0.263939 0.208485
v 0.050508 0.263952 0.199814
v 0.072826 0.263973 0.185363
v -0.070577 0.271617 0.185784
v -0.048974 0.271612 0.200045
v -0.025064 0.271609 0.208602
v 0.000000 0.271608 0.211455
v 0.025064 0.271609 0.208602
v 0.048974 0.271612 0.200045
v 0.070577 0.271617 0.185784
v -0.068451 0.279284 0.186170
v -0.047525 0.279310 0.200233
v -0.024329 0.279327 0.208671
v 0.000000 0.279332 0.211484
v 0.024329 0.279327 0.208671
v 0.047525 0.279310 0.200233
v 0.068451 0.279284 0.186170
v -0.066443 0.287042 0.186518
v -0.046153 0.287122 0.200369
v -0.023634 0.287169 0.208679
v 0.000000 0.287185 0.211449
v 0.023634 0.287169 0.208679
v 0.046153 0.287122 0.200369
v 0.066443 0.287042 0.186518
v -0.064544 0.294962 0.186824
v -0.044852 0.295118 0.200442
v -0.022973 0.295212 0.208613
v 0.000000 0.295244 0.211337
v 0.022973 0.295212 0.208613
v 0.044852 0.295118 0.200442
v 0.064544 0.294962 0.186824
v -0.093135 0.187175 0.168943
v -0.064405 0.187175 0.184256
v -0.032897 0.187175 0.193443
v -0.000000 0.187175 0.196505
v 0.032897 0.187175 0.193443
v 0.064405 0.187175 0.184256
v 0.093135 0.187175 0.168943
v -0.093176 0.193369 0.173653
v -0.064439 0.193368 0.189191
v -0.032916 0.193368 0.198514
v 0.000000 0.193368 0.201622
v 0.032916 0.193368 0.198514
v 0.064439 0.193368 0.189191
v 0.093176 0.193369 0.173653
v -0.092299 0.200316 0.177184
v -0.063840 0.200316 0.192820
v -0.032612 0.200315 0.202202
v 0.000000 0.200315 0.205329
v 0.032612 0.200315 0.202202
v 0.063840 0.200316 0.192820
v 0.092299 0.200316 0.177184
v -0.090682 0.207850 0.179731
v -0.062731 0.207848 0.195359
v -0.032048 0.207847 0.204737
v 0.000000 0.207846 0.207862
v 0.032048 0.207847 0.204737
v 0.062731 0.207848 0.195359
v 0.090682 0.207850 0.179731
v -0.088505 0.215802 0.181486
v -0.061236 0.215798 0.197026
v -0.031288 0.215796 0.206349
v 0.000000 0.215795 0.209457
v 0.031288 0.215796 0.206349
v 0.061237 0.215798 0.197026
v 0.088505 0.215802 0.181486
v -0.085945 0.224005 0.182645
v -0.059480 0.223998 0.198036
v -0.030395 0.223994 0.207271
v 0.000000 0.223993 0.210349
v 0.030395 0.223994 0.207271
v 0.059480 0.223998 0.198036
v 0.085945 0.224005 0.182645
v -0.083181 0.232290 0.183399
v -0.057585 0.232280 0.198607
v -0.029431 0.232273 0.207731
v 0.000000 0.232271 0.210773
v 0.029431 0.232273 0.207731
v 0.057585 0.232280 0.198607
v 0.083181 0.232290 0.183399
v -0.136433 0.187175 -0.086517
v -0.150256 0.187175 -0.054617
v -0.158601 0.187175 -0.019653
v -0.161455 0.187175 0.016841
v -0.158804 0.187175 0.053335
v -0.150636 0.187175 0.088298
v -0.136939 0.187175 0.120199
v -0.136257 0.193373 -0.085577
v -0.150095 0.193372 -0.053205
v -0.158469 0.193372 -0.017726
v -0.161359 0.193371 0.019306
v -0.158749 0.193371 0.056339
v -0.150619 0.193370 0.091818
v -0.136954 0.193370 0.124189
v -0.134670 0.200330 -0.083676
v -0.148391 0.200329 -0.051101
v -0.156718 0.200327 -0.015399
v -0.159627 0.200325 0.021867
v -0.157094 0.200323 0.059132
v -0.149095 0.200321 0.094835
v -0.135606 0.200319 0.127410
v -0.131928 0.207883 -0.081008
v -0.145424 0.207879 -0.048448
v -0.153645 0.207875 -0.012762
v -0.156561 0.207870 0.024486
v -0.154139 0.207865 0.061734
v -0.146349 0.207861 0.097420
v -0.133158 0.207856 0.129979
v -0.128283 0.215867 -0.077763
v -0.141474 0.215859 -0.045389
v -0.149549 0.215850 -0.009907
v -0.152466 0.215841 0.027128
v -0.150186 0.215832 0.064164
v -0.142667 0.215823 0.099645
v -0.129870 0.215815 0.132019
v -0.123990 0.224118 -0.074134
v -0.136823 0.224103 -0.042069
v -0.144726 0.224088 -0.006925
v -0.147647 0.224072 0.029757
v -0.145534 0.224056 0.066440
v -0.138337 0.224040 0.101584
v -0.126002 0.224026 0.133649
v -0.119303 0.232469 -0.070313
v -0.131751 0.232447 -0.038630
v -0.139474 0.232423 -0.003907
v -0.142407 0.232397 0.032338
v -0.140484 0.232371 0.068583
v -0.133643 0.232347 0.103306
v -0.121817 0.232325 0.134989
v 0.092629 0.187175 -0.135261
v 0.064025 0.187175 -0.150574
v 0.032694 0.187175 -0.159761
v -0.000000 0.187175 -0.162824
v -0.032694 0.187175 -0.159761
v -0.064025 0.187175 -0.150574
v -0.092629 0.187175 -0.135261
v 0.092479 0.193374 -0.135040
v 0.063915 0.193374 -0.150578
v 0.032636 0.193374 -0.159901
v -0.000000 0.193374 -0.163009
v -0.032636 0.193374 -0.159901
v -0.063915 0.193374 -0.150578
v -0.092479 0.193374 -0.135040
v 0.091363 0.200333 -0.133451
v 0.063136 0.200334 -0.149087
v 0.032236 0.200335 -0.158468
v -0.000000 0.200335 -0.161595
v -0.032236 0.200335 -0.158468
v -0.063136 0.200334 -0.149087
v -0.091363 0.200333 -0.133451
v 0.089452 0.207890 -0.130759
v 0.061806 0.207892 -0.146388
v 0.031554 0.207893 -0.155765
v -0.000000 0.207893 -0.158890
v -0.031554 0.207893 -0.155765
v -0.061806 0.207892 -0.146388
v -0.089452 0.207890 -0.130759
v 0.086918 0.215880 -0.127230
v 0.060043 0.215884 -0.142770
v 0.030651 0.215886 -0.152093
v -0.000000 0.215887 -0.155201
v -0.030651 0.215886 -0.152093
v -0.060043 0.215884 -0.142770
v -0.086918 0.215880 -0.127230
v 0.083933 0.224139 -0.123130
v 0.057966 0.224146 -0.138521
v 0.029587 0.224150 -0.147756
v -0.000000 0.224151 -0.150834
v -0.029587 0.224150 -0.147756
v -0.057966 0.224146 -0.138521
v -0.083933 0.224139 -0.123130
v 0.080667 0.232504 -0.118723
v 0.055693 0.232514 -0.133931
v 0.028421 0.232521 -0.143055
v -0.000000 0.232523 -0.146097
v -0.028421 0.232521 -0.143055
v -0.055693 0.232514 -0.133931
v -0.080667 0.232504 -0.118723
v 0.053250 0.303550 -0.072519
v 0.036578 0.303149 -0.085597
v 0.018612 0.302908 -0.093444
v -0.000000 0.302828 -0.096059
v -0.018612 0.302908 -0.093444
v -0.036578 0.303149 -0.085597
v -0.053250 0.303550 -0.072519
v 0.051803 0.308892 -0.066279
v 0.035582 0.308327 -0.079051
v 0.018105 0.307988 -0.086714
v -0.000000 0.307874 -0.089268
v -0.018105 0.307988 -0.086714
v -0.035582 0.308327 -0.079051
v -0.051803 0.308892 -0.066279
v 0.050596 0.313949 -0.059788
v 0.034756 0.313202 -0.072239
v 0.017685 0.312754 -0.079709
v -0.000000 0.312605 -0.082199
v -0.017685 0.312754 -0.079709
v -0.034756 0.313202 -0.072239
v -0.050596 0.313949 -0.059788
v 0.049592 0.318764 -0.053188
v 0.034073 0.317826 -0.065309
v 0.017340 0.317263 -0.072582
v -0.000000 0.317075 -0.075006
v -0.017340 0.317263 -0.072582
v -0.034073 0.317826 -0.065309
v -0.049592 0.318764 -0.053188
v 0.048757 0.323380 -0.046619
v 0.033508 0.322249 -0.058410
v 0.017055 0.321570 -0.065485
v -0.000000 0.321344 -0.067843
v -0.017055 0.321570 -0.065485
v -0.033508 0.322249 -0.058410
v -0.048757 0.323380 -0.046619
v 0.048054 0.327840 -0.040222
v 0.033034 0.326522 -0.051689
v 0.016817 0.325731 -0.058569
v 0.000000 0.325468 -0.060862
v -0.016817 0.325731 -0.058569
v -0.033034 0.326522 -0.051689
v -0.048054 0.327840 -0.040222
v 0.047447 0.332187 -0.034138
v 0.032625 0.330697 -0.045294
v 0.016611 0.329803 -0.051988
v 0.000000 0.329505 -0.054219
v -0.016611 0.329803 -0.051988
v -0.032625 0.330697 -0.045294
v -0.047447 0.332187 -0.034138
v -0.109724 0.248847 -0.062816
v -0.121427 0.248801 -0.031940
v -0.128829 0.248751 0.001901
v -0.131833 0.248698 0.037223
v -0.130343 0.248646 0.072545
v -0.124263 0.248595 0.106385
v -0.113494 0.248549 0.137261
v -0.105122 0.256703 -0.059253
v -0.116488 0.256651 -0.028762
v -0.123761 0.256594 0.004655
v -0.126825 0.256534 0.039536
v -0.125566 0.256474 0.074417
v -0.119868 0.256416 0.107834
v -0.109616 0.256364 0.138325
v -0.100708 0.264323 -0.055724
v -0.111758 0.264280 -0.025618
v -0.118915 0.264232 0.007378
v -0.122046 0.264182 0.041819
v -0.121016 0.264132 0.076260
v -0.115691 0.264084 0.109256
v -0.105938 0.264040 0.139362
v -0.096518 0.271703 -0.052150
v -0.107270 0.271692 -0.022438
v -0.114320 0.271680 0.010126
v -0.117517 0.271668 0.044117
v -0.116707 0.271656 0.078107
v -0.111739 0.271644 0.110672
v -0.102460 0.271633 0.140384
v -0.092588 0.278836 -0.048453
v -0.103058 0.278892 -0.019155
v -0.110004 0.278953 0.012957
v -0.113259 0.279017 0.046474
v -0.112652 0.279081 0.079992
v -0.108015 0.279142 0.112103
v -0.099179 0.279198 0.141402
v -0.088957 0.285720 -0.044554
v -0.099156 0.285885 -0.015699
v -0.105995 0.286066 0.015926
v -0.109292 0.286255 0.048937
v -0.108863 0.286444 0.081947
v -0.104525 0.286625 0.113572
v -0.096095 0.286790 0.142427
v -0.085659 0.292349 -0.040374
v -0.095598 0.292675 -0.012003
v -0.102322 0.293033 0.019092
v -0.105638 0.293406 0.051549
v -0.105352 0.293779 0.084006
v -0.101273 0.294137 0.115101
v -0.093204 0.294463 0.143472
v 0.073956 0.248917 -0.109994
v 0.051016 0.248939 -0.124815
v 0.026021 0.248952 -0.133707
v -0.000000 0.248957 -0.136671
v -0.026021 0.248952 -0.133707
v -0.051016 0.248939 -0.124815
v -0.073956 0.248917 -0.109994
v 0.070714 0.256784 -0.105842
v 0.048752 0.256809 -0.120477
v 0.024859 0.256824 -0.129259
v -0.000000 0.256829 -0.132186
v -0.024859 0.256824 -0.129259
v -0.048752 0.256809 -0.120477
v -0.070714 0.256784 -0.105842
v 0.067596 0.264390 -0.101726
v 0.046574 0.264411 -0.116176
v 0.023740 0.264424 -0.124847
v -0.000000 0.264428 -0.127737
v -0.023740 0.264424 -0.124847
v -0.046574 0.264411 -0.116176
v -0.067596 0.264390 -0.101726
v 0.064635 0.271719 -0.097550
v 0.044505 0.271724 -0.111812
v 0.022677 0.271727 -0.120369
v -0.000000 0.271728 -0.123222
v -0.022677 0.271727 -0.120369
v -0.044505 0.271724 -0.111812
v -0.064635 0.271719 -0.097550
v 0.061861 0.278751 -0.093222
v 0.042568 0.278724 -0.107285
v 0.021682 0.278708 -0.115723
v -0.000000 0.278702 -0.118536
v -0.021682 0.278708 -0.115723
v -0.042568 0.278724 -0.107285
v -0.061861 0.278751 -0.093222
v 0.059305 0.285467 -0.088645
v 0.040784 0.285388 -0.102495
v 0.020766 0.285340 -0.110806
v -0.000000 0.285325 -0.113576
v -0.020766 0.285340 -0.110806
v -0.040784 0.285388 -0.102495
v -0.059305 0.285467 -0.088645
v 0.056999 0.291850 -0.083725
v 0.039177 0.291693 -0.097344
v 0.019942 0.291599 -0.105514
v -0.000000 0.291568 -0.108238
v -0.019942 0.291599 -0.105514
v -0.039177 0.291693 -0.097344
v -0.056999 0.291850 -0.083725
v 0.113494 0.248549 0.137261
v 0.124263 0.248595 0.106385
v 0.130343 0.248646 0.072545
v 0.131833 0.248698 0.037223
v 0.128829 0.248751 0.001900
v 0.121427 0.248801 -0.031940
v 0.109724 0.248847 -0.062816
v 0.109616 0.256364 0.138325
v 0.119868 0.256416 0.107834
v 0.125566 0.256474 0.074417
v 0.126825 0.256534 0.039536
v 0.123761 0.256594 0.004655
v 0.116488 0.256651 -0.028762
v 0.105122 0.256703 -0.059253
v 0.105938 0.264040 0.139362
v 0.115691 0.264084 0.109256
v 0.121016 0.264132 0.076260
v 0.122046 0.264182 0.041819
v 0.118915 0.264232 0.007378
v 0.111758 0.264280 -0.025618
v 0.100708 0.264323 -0.055724
v 0.102460 0.271633 0.140384
v 0.111739 0.271644 0.110672
v 0.116707 0.271656 0.078107
v 0.117517 0.271668 0.044117
v 0.114321 0.271680 0.010126
v 0.107270 0.271692 -0.022438
v 0.096518 0.271703 -0.052150
v 0.099179 0.279198 0.141402
v 0.108015 0.279142 0.112103
v 0.112652 0.279081 0.079992
v 0.113259 0.279017 0.046474
v 0.110004 0.278953 0.012957
v 0.103058 0.278892 -0.019155
v 0.092588 0.278836 -0.048453
v 0.096095 0.286790 0.142427
v 0.104525 0.286625 0.113572
v 0.108863 0.286444 0.081947
v 0.109292 0.286255 0.048937
v 0.105995 0.286066 0.015926
v 0.099156 0.285885 -0.015699
v 0.088957 0.285720 -0.044554
v 0.093204 0.294463 0.143472
v 0.101273 0.294137 0.115101
v 0.105352 0.293779 0.084006
v 0.105638 0.293406 0.051549
v 0.102322 0.293033 0.019092
v 0.095598 0.292675 -0.012003
v 0.085659 0.292349 -0.040374
v -0.051795 0.375689 0.187174
v -0.035973 0.377450 0.197775
v -0.018420 0.378506 0.204136
v 0.000000 0.378859 0.206256
v 0.018420 0.378506 0.204136
v 0.035973 0.377450 0.197775
v 0.051795 0.375689 0.187174
v -0.051277 0.381771 0.186948
v -0.035614 0.383626 0.197309
v -0.018236 0.384740 0.203526
v 0.000000 0.385111 0.205599
v 0.018236 0.384740 0.203526
v 0.035614 0.383626 0.197309
v 0.051277 0.381771 0.186948
v -0.050899 0.387349 0.186684
v -0.035354 0.389275 0.196828
v -0.018104 0.390430 0.202915
v 0.000000 0.390815 0.204944
v 0.018104 0.390430 0.202915
v 0.035354 0.389275 0.196828
v 0.050899 0.387349 0.186684
v -0.050651 0.392486 0.186388
v -0.035188 0.394462 0.196334
v -0.018020 0.395647 0.202302
v 0.000000 0.396043 0.204291
v 0.018020 0.395647 0.202302
v 0.035188 0.394462 0.196334
v 0.050651 0.392486 0.186388
v -0.050525 0.397245 0.186064
v -0.035107 0.399254 0.195828
v -0.017981 0.400460 0.201687
v 0.000000 0.400862 0.203640
v 0.017981 0.400460 0.201687
v 0.035107 0.399254 0.195828
v 0.050525 0.397245 0.186064
v -0.050513 0.401689 0.185717
v -0.035106 0.403719 0.195314
v -0.017982 0.404936 0.201072
v 0.000000 0.405342 0.202991
v 0.017982 0.404936 0.201072
v 0.035106 0.403719 0.195314
v 0.050513 0.401689 0.185717
v -0.050606 0.405883 0.185352
v -0.035179 0.407922 0.194792
v -0.018022 0.409145 0.200456
v 0.000000 0.409553 0.202344
v 0.018022 0.409145 0.200456
v 0.035179 0.407922 0.194792
v 0.050606 0.405883 0.185352
v 0.088001 0.310249 0.145660
v 0.095501 0.309413 0.118415
v 0.099215 0.308496 0.088554
v 0.099342 0.307539 0.057386
v 0.096082 0.306582 0.026217
v 0.089636 0.305665 -0.003643
v 0.080203 0.304829 -0.030889
v 0.085687 0.318326 0.146793
v 0.092980 0.317148 0.120185
v 0.096584 0.315857 0.091024
v 0.096696 0.314509 0.060585
v 0.093511 0.313162 0.030146
v 0.087226 0.311870 0.000984
v 0.078037 0.310692 -0.025623
v 0.083566 0.326413 0.147923
v 0.090694 0.324857 0.121985
v 0.094227 0.323151 0.093557
v 0.094355 0.321370 0.063884
v 0.091266 0.319590 0.034211
v 0.085150 0.317884 0.005783
v 0.076195 0.316327 -0.020155
v 0.081639 0.334419 0.149029
v 0.088636 0.332464 0.123777
v 0.092128 0.330322 0.096101
v 0.092294 0.328085 0.067213
v 0.089314 0.325849 0.038325
v 0.083367 0.323706 0.010649
v 0.074632 0.321751 -0.014603
v 0.079906 0.342253 0.150089
v 0.086801 0.339896 0.125525
v 0.090272 0.337313 0.098603
v 0.090489 0.334617 0.070502
v 0.087621 0.331921 0.042400
v 0.081837 0.329338 0.015478
v 0.073307 0.326981 -0.009086
v 0.078370 0.349825 0.151080
v 0.085180 0.347080 0.127191
v 0.088642 0.344071 0.101009
v 0.088914 0.340930 0.073680
v 0.086154 0.337789 0.046351
v 0.080522 0.334780 0.020169
v 0.072177 0.332035 -0.003720
v 0.077031 0.357044 0.151980
v 0.083769 0.353940 0.128739
v 0.087224 0.350538 0.103266
v 0.087545 0.346987 0.076678
v 0.084881 0.343436 0.050089
v 0.079382 0.340034 0.024617
v 0.071198 0.336930 0.001375
v -0.061049 0.311527 0.187291
v -0.042444 0.311929 0.200369
v -0.021745 0.312170 0.208215
v 0.000000 0.312250 0.210831
v 0.021745 0.312170 0.208216
v 0.042444 0.311929 0.200369
v 0.061049 0.311527 0.187291
v -0.059452 0.320126 0.187449
v -0.041335 0.320692 0.200220
v -0.021178 0.321031 0.207883
v 0.000000 0.321144 0.210438
v 0.021178 0.321031 0.207883
v 0.041335 0.320692 0.200220
v 0.059453 0.320126 0.187449
v -0.057966 0.328791 0.187556
v -0.040300 0.329538 0.200007
v -0.020646 0.329987 0.207477
v 0.000000 0.330136 0.209967
v 0.020646 0.329987 0.207477
v 0.040300 0.329538 0.200007
v 0.057966 0.328791 0.187556
v -0.056598 0.337406 0.187614
v -0.039343 0.338344 0.199735
v -0.020154 0.338907 0.207008
v 0.000000 0.339095 0.209432
v 0.020154 0.338907 0.207008
v 0.039343 0.338344 0.199735
v 0.056598 0.337406 0.187614
v -0.055356 0.345854 0.187623
v -0.038471 0.346986 0.199413
v -0.019706 0.347664 0.206488
v 0.000000 0.347891 0.208846
v 0.019706 0.347664 0.206488
v 0.038471 0.346986 0.199413
v 0.055356 0.345854 0.187623
v -0.054247 0.354020 0.187582
v -0.037692 0.355338 0.199049
v -0.019305 0.356129 0.205929
v 0.000000 0.356392 0.208222
v 0.019305 0.356129 0.205929
v 0.037692 0.355338 0.199049
v 0.054247 0.354020 0.187582
v -0.053279 0.361787 0.187494
v -0.037012 0.363277 0.198649
v -0.018954 0.364171 0.205343
v 0.000000 0.364469 0.207574
v 0.018954 0.364171 0.205343
v 0.037012 0.363277 0.198649
v 0.053279 0.361787 0.187494
v -0.080203 0.304829 -0.030889
v -0.089636 0.305665 -0.003643
v -0.096082 0.306582 0.026217
v -0.099342 0.307539 0.057386
v -0.099215 0.308496 0.088554
v -0.095501 0.309413 0.118415
v -0.088001 0.310249 0.145660
v -0.078037 0.310692 -0.025623
v -0.087226 0.311870 0.000984
v -0.093511 0.313162 0.030146
v -0.096696 0.314509 0.060585
v -0.096584 0.315857 0.091024
v -0.092980 0.317148 0.120185
v -0.085687 0.318326 0.146793
v -0.076195 0.316327 -0.020155
v -0.085150 0.317884 0.005783
v -0.091266 0.319590 0.034211
v -0.094355 0.321370 0.063884
v -0.094227 0.323151 0.093557
v -0.090694 0.324857 0.121985
v -0.083566 0.326413 0.147923
v -0.074632 0.321751 -0.014603
v -0.083367 0.323706 0.010649
v -0.089314 0.325849 0.038325
v -0.092294 0.328085 0.067213
v -0.092128 0.330322 0.096101
v -0.088636 0.332464 0.123777
v -0.081639 0.334419 0.149029
v -0.073307 0.326981 -0.009086
v -0.081837 0.329338 0.015478
v -0.087621 0.331921 0.042400
v -0.090489 0.334617 0.070502
v -0.090272 0.337313 0.098603
v -0.086801 0.339897 0.125525
v -0.079906 0.342253 0.150089
v -0.072177 0.332035 -0.003720
v -0.080522 0.334780 0.020169
v -0.086154 0.337789 0.046351
v -0.088914 0.340930 0.073680
v -0.088642 0.344071 0.101009
v -0.085180 0.347080 0.127191
v -0.078370 0.349825 0.151080
v -0.071198 0.336930 0.001375
v -0.079382 0.340034 0.024617
v -0.084881 0.343436 0.050089
v -0.087545 0.346987 0.076678
v -0.087224 0.350538 0.103266
v -0.083769 0.353940 0.128739
v -0.077031 0.357044 0.151980
v -0.066634 0.379727 0.031913
v -0.074544 0.383978 0.050977
v -0.079986 0.388637 0.071872
v -0.082782 0.393500 0.093682
v -0.082756 0.398362 0.115492
v -0.079732 0.403021 0.136387
v -0.073531 0.407272 0.155451
v -0.066798 0.383572 0.033744
v -0.074774 0.387816 0.052527
v -0.080284 0.392467 0.073114
v -0.083144 0.397322 0.094602
v -0.083169 0.402177 0.116090
v -0.080176 0.406828 0.136676
v -0.073980 0.411072 0.155460
v -0.067046 0.387381 0.035402
v -0.075097 0.391616 0.053920
v -0.080682 0.396257 0.074215
v -0.083607 0.401102 0.095398
v -0.083683 0.405946 0.116582
v -0.080716 0.410588 0.136877
v -0.074516 0.414822 0.155394
v -0.067351 0.391172 0.036854
v -0.075485 0.395398 0.055122
v -0.081149 0.400030 0.075144
v -0.084144 0.404864 0.096043
v -0.084270 0.409698 0.116941
v -0.081328 0.414330 0.136963
v -0.075120 0.418556 0.155231
v -0.067685 0.394960 0.038066
v -0.075908 0.399180 0.056103
v -0.081657 0.403805 0.075872
v -0.084724 0.408632 0.096506
v -0.084904 0.413460 0.117140
v -0.081988 0.418085 0.136909
v -0.075769 0.422304 0.154946
v -0.068022 0.398761 0.039004
v -0.076337 0.402980 0.056830
v -0.082175 0.407604 0.076367
v -0.085321 0.412430 0.096760
v -0.085558 0.417257 0.117152
v -0.082670 0.421881 0.136689
v -0.076442 0.426100 0.154515
v -0.068334 0.402590 0.039634
v -0.076744 0.406816 0.057270
v -0.082676 0.411448 0.076600
v -0.085904 0.416282 0.096775
v -0.086204 0.421117 0.116951
v -0.083350 0.425748 0.136280
v -0.077117 0.429974 0.153916
v -0.069534 0.346310 0.010310
v -0.077477 0.349979 0.032396
v -0.082788 0.354000 0.056602
v -0.085330 0.358197 0.081868
v -0.084962 0.362394 0.107135
v -0.081547 0.366415 0.131341
v -0.074945 0.370083 0.153426
v -0.068814 0.350821 0.014082
v -0.076679 0.354686 0.035669
v -0.081940 0.358922 0.059328
v -0.084460 0.363343 0.084023
v -0.084100 0.367765 0.108718
v -0.080723 0.372001 0.132377
v -0.074191 0.375866 0.153963
v -0.068179 0.355222 0.017448
v -0.075991 0.359233 0.038581
v -0.081227 0.363631 0.061744
v -0.083747 0.368220 0.085920
v -0.083412 0.372810 0.110097
v -0.080083 0.377207 0.133259
v -0.073620 0.381219 0.154393
v -0.067637 0.359520 0.020458
v -0.075419 0.363637 0.041179
v -0.080652 0.368148 0.063888
v -0.083192 0.372858 0.087593
v -0.082895 0.377567 0.111297
v -0.079619 0.382079 0.134007
v -0.073221 0.386196 0.154727
v -0.067197 0.363723 0.023162
v -0.074971 0.367909 0.043505
v -0.080220 0.372497 0.065800
v -0.082794 0.377286 0.089072
v -0.082546 0.382075 0.112343
v -0.079326 0.386662 0.134639
v -0.072988 0.390849 0.154981
v -0.066869 0.367838 0.025611
v -0.074654 0.372065 0.045604
v -0.079934 0.376698 0.067517
v -0.082554 0.381534 0.090389
v -0.082361 0.386370 0.113261
v -0.079198 0.391003 0.135174
v -0.072911 0.395230 0.155167
v -0.066661 0.371872 0.027855
v -0.074473 0.376119 0.047522
v -0.079798 0.380774 0.069078
v -0.082473 0.385633 0.091577
v -0.082337 0.390491 0.114077
v -0.079227 0.395146 0.135632
v -0.072982 0.399394 0.155300
v 0.046383 0.340704 -0.023437
v 0.031903 0.338943 -0.034038
v 0.016246 0.337887 -0.040399
v 0.000000 0.337535 -0.042519
v -0.016246 0.337887 -0.040399
v -0.031903 0.338943 -0.034038
v -0.046383 0.340704 -0.023437
v 0.045900 0.344915 -0.018902
v 0.031570 0.343060 -0.029264
v 0.016076 0.341947 -0.035481
v 0.000000 0.341576 -0.037553
v -0.016076 0.341947 -0.035481
v -0.031570 0.343060 -0.029264
v -0.045900 0.344915 -0.018902
v 0.045458 0.349091 -0.014844
v 0.031262 0.347166 -0.024988
v 0.015918 0.346010 -0.031074
v 0.000000 0.345625 -0.033103
v -0.015918 0.346010 -0.031074
v -0.031262 0.347166 -0.024988
v -0.045458 0.349091 -0.014844
v 0.045067 0.353230 -0.011203
v 0.030988 0.351254 -0.021149
v 0.015777 0.350068 -0.027116
v 0.000000 0.349673 -0.029106
v -0.015777 0.350068 -0.027116
v -0.030988 0.351254 -0.021149
v -0.045067 0.353230 -0.011203
v 0.044735 0.357327 -0.007921
v 0.030752 0.355317 -0.017685
v 0.015655 0.354112 -0.023544
v 0.000000 0.353710 -0.025497
v -0.015655 0.354112 -0.023544
v -0.030752 0.355317 -0.017685
v -0.044735 0.357327 -0.007921
v 0.044471 0.361379 -0.004939
v 0.030562 0.359350 -0.014535
v 0.015555 0.358132 -0.020293
v 0.000000 0.357726 -0.022213
v -0.015555 0.358132 -0.020293
v -0.030562 0.359350 -0.014535
v -0.044471 0.361379 -0.004939
v 0.044285 0.365382 -0.002197
v 0.030425 0.363344 -0.011638
v 0.015483 0.362120 -0.017302
v 0.000000 0.361713 -0.019190
v -0.015483 0.362120 -0.017302
v -0.030425 0.363344 -0.011638
v -0.044285 0.365382 -0.002197
v 0.074945 0.370083 0.153426
v 0.081547 0.366415 0.131341
v 0.084962 0.362394 0.107135
v 0.085330 0.358197 0.081868
v 0.082788 0.354000 0.056602
v 0.077477 0.349979 0.032396
v 0.069534 0.346310 0.010310
v 0.074191 0.375866 0.153964
v 0.080723 0.372001 0.132377
v 0.084100 0.367765 0.108718
v 0.084460 0.363343 0.084023
v 0.081940 0.358922 0.059328
v 0.076679 0.354686 0.035669
v 0.068814 0.350821 0.014082
v 0.073620 0.381219 0.154393
v 0.080083 0.377207 0.133259
v 0.083412 0.372810 0.110097
v 0.083747 0.368220 0.085920
v 0.081227 0.363631 0.061744
v 0.075991 0.359233 0.038581
v 0.068179 0.355222 0.017448
v 0.073221 0.386196 0.154727
v 0.079619 0.382079 0.134007
v 0.082895 0.377567 0.111297
v 0.083192 0.372858 0.087593
v 0.080652 0.368148 0.063888
v 0.075419 0.363637 0.041179
v 0.067637 0.359520 0.020458
v 0.072988 0.390849 0.154981
v 0.079326 0.386662 0.134639
v 0.082546 0.382075 0.112343
v 0.082794 0.377286 0.089072
v 0.080220 0.372497 0.065800
v 0.074971 0.367909 0.043505
v 0.067197 0.363723 0.023162
v 0.072911 0.395230 0.155167
v 0.079198 0.391003 0.135174
v 0.082361 0.386370 0.113261
v 0.082554 0.381534 0.090389
v 0.079934 0.376698 0.067517
v 0.074654 0.372065 0.045604
v 0.066869 0.367838 0.025611
v 0.072982 0.399394 0.155300
v 0.079227 0.395146 0.135632
v 0.082337 0.390491 0.114077
v 0.082473 0.385633 0.091577
v 0.079798 0.380774 0.069078
v 0.074473 0.376119 0.047522
v 0.066661 0.371872 0.027855
v 0.045207 0.403856 0.013341
v 0.030963 0.401803 0.005026
v 0.015729 0.400572 0.000038
v 0.000000 0.400161 -0.001624
v -0.015729 0.400572 0.000038
v -0.030963 0.401803 0.005026
v -0.045207 0.403856 0.013341
v 0.045259 0.407696 0.012889
v 0.030987 0.405610 0.004644
v 0.015738 0.404358 -0.000293
v 0.000000 0.403940 -0.001936
v -0.015738 0.404358 -0.000293
v -0.030987 0.405610 0.004644
v -0.045259 0.407696 0.012889
v 0.045344 0.411426 0.011726
v 0.031040 0.409278 0.003562
v 0.015763 0.407986 -0.001304
v 0.000000 0.407555 -0.002916
v -0.015763 0.407986 -0.001304
v -0.031040 0.409278 0.003562
v -0.045344 0.411426 0.011726
v 0.045508 0.414969 0.009701
v 0.031154 0.412720 0.001641
v 0.015821 0.411363 -0.003119
v 0.000000 0.410909 -0.004682
v -0.015821 0.411363 -0.003119
v -0.031154 0.412720 0.001641
v -0.045508 0.414969 0.009701
v 0.045787 0.418240 0.006640
v 0.031345 0.415833 -0.001263
v 0.015918 0.414379 -0.005858
v 0.000000 0.413891 -0.007347
v -0.015918 0.414379 -0.005858
v -0.031345 0.415833 -0.001263
v -0.045787 0.418240 0.006640
v 0.046175 0.421111 0.002277
v 0.031548 0.418454 -0.005313
v 0.015997 0.416864 -0.009629
v 0.000000 0.416337 -0.011007
v -0.015997 0.416864 -0.009629
v -0.031548 0.418454 -0.005313
v -0.046175 0.421111 0.002277
v 0.046555 0.423380 -0.003735
v 0.031629 0.420371 -0.010683
v 0.015983 0.418630 -0.014537
v 0.000000 0.418069 -0.015753
v -0.015983 0.418630 -0.014537
v -0.031629 0.420371 -0.010683
v -0.046555 0.423380 -0.003735
v 0.044175 0.373232 0.002782
v 0.030331 0.371192 -0.006369
v 0.015430 0.369968 -0.011859
v 0.000000 0.369559 -0.013690
v -0.015430 0.369968 -0.011859
v -0.030331 0.371192 -0.006369
v -0.044175 0.373232 0.002782
v 0.044241 0.377087 0.005043
v 0.030368 0.375050 -0.003973
v 0.015446 0.373828 -0.009383
v 0.000000 0.373420 -0.011186
v -0.015446 0.373828 -0.009383
v -0.030368 0.375050 -0.003973
v -0.044241 0.377087 0.005043
v 0.044363 0.380911 0.007108
v 0.030443 0.378878 -0.001780
v 0.015482 0.377658 -0.007113
v 0.000000 0.377252 -0.008891
v -0.015482 0.377658 -0.007113
v -0.030443 0.378878 -0.001780
v -0.044363 0.380911 0.007108
v 0.044522 0.384715 0.008941
v 0.030544 0.382687 0.000172
v 0.015531 0.381470 -0.005089
v 0.000000 0.381064 -0.006842
v -0.015531 0.381470 -0.005089
v -0.030544 0.382687 0.000172
v -0.044522 0.384715 0.008941
v 0.044699 0.388512 0.010506
v 0.030657 0.386487 0.001848
v 0.015586 0.385271 -0.003346
v 0.000000 0.384866 -0.005078
v -0.015586 0.385271 -0.003346
v -0.030657 0.386487 0.001848
v -0.044699 0.388512 0.010506
v 0.044874 0.392314 0.011767
v 0.030768 0.390289 0.003210
v 0.015640 0.389074 -0.001924
v 0.000000 0.388669 -0.003635
v -0.015640 0.389074 -0.001924
v -0.030768 0.390289 0.003210
v -0.044874 0.392314 0.011767
v 0.045028 0.396133 0.012687
v 0.030863 0.394105 0.004221
v 0.015685 0.392888 -0.000858
v 0.000000 0.392482 -0.002551
v -0.015685 0.392888 -0.000858
v -0.030863 0.394105 0.004221
v -0.045028 0.396133 0.012687
v 0.073531 0.407272 0.155451
v 0.079732 0.403021 0.136387
v 0.082756 0.398362 0.115492
v 0.082782 0.393500 0.093682
v 0.079986 0.388637 0.071872
v 0.074544 0.383978 0.050977
v 0.066634 0.379727 0.031913
v 0.073980 0.411072 0.155460
v 0.080176 0.406828 0.136676
v 0.083169 0.402177 0.116090
v 0.083144 0.397322 0.094602
v 0.080284 0.392467 0.073114
v 0.074774 0.387816 0.052527
v 0.066798 0.383572 0.033744
v 0.074516 0.414822 0.155394
v 0.080716 0.410588 0.136877
v 0.083683 0.405946 0.116582
v 0.083607 0.401102 0.095398
v 0.080682 0.396257 0.074215
v 0.075097 0.391616 0.053920
v 0.067046 0.387381 0.035402
v 0.075120 0.418556 0.155231
v 0.081328 0.414330 0.136963
v 0.084270 0.409698 0.116941
v 0.084144 0.404864 0.096043
v 0.081149 0.400030 0.075144
v 0.075485 0.395398 0.055122
v 0.067351 0.391172 0.036854
v 0.075769 0.422304 0.154946
v 0.081988 0.418085 0.136909
v 0.084904 0.413460 0.117140
v 0.084724 0.408632 0.096506
v 0.081657 0.403805 0.075872
v 0.075908 0.399180 0.056103
v 0.067685 0.394960 0.038066
v 0.076442 0.426100 0.154515
v 0.082670 0.421881 0.136689
v 0.085558 0.417257 0.117152
v 0.085321 0.412430 0.096760
v 0.082175 0.407604 0.076367
v 0.076337 0.402980 0.056830
v 0.068022 0.398761 0.039004
v 0.077117 0.429974 0.153916
v 0.083350 0.425748 0.136280
v 0.086204 0.421117 0.116951
v 0.085904 0.416282 0.096775
v 0.082676 0.411448 0.076599
v 0.076744 0.406816 0.057270
v 0.068334 0.402590 0.039634
v -0.051072 0.413767 0.184582
v -0.035518 0.415807 0.193733
v -0.018200 0.417032 0.199223
v 0.000000 0.417440 0.201053
v 0.018200 0.417032 0.199223
v 0.035518 0.415807 0.193733
v 0.051072 0.413767 0.184582
v -0.051422 0.417556 0.184161
v -0.035769 0.419593 0.193177
v -0.018331 0.420816 0.198586
v 0.000000 0.421223 0.200389
v 0.018331 0.420816 0.198586
v 0.035769 0.419593 0.193177
v 0.051422 0.417556 0.184161
v -0.051833 0.421293 0.183689
v -0.036062 0.423326 0.192577
v -0.018483 0.424545 0.197910
v 0.000000 0.424952 0.199687
v 0.018483 0.424545 0.197910
v 0.036062 0.423326 0.192577
v 0.051833 0.421293 0.183689
v -0.052291 0.425013 0.183144
v -0.036388 0.427042 0.191913
v -0.018652 0.428259 0.197174
v 0.000000 0.428664 0.198928
v 0.018652 0.428259 0.197174
v 0.036388 0.427042 0.191913
v 0.052291 0.425013 0.183144
v -0.052783 0.428752 0.182506
v -0.036737 0.430778 0.191164
v -0.018833 0.431993 0.196358
v 0.000000 0.432398 0.198090
v 0.018833 0.431993 0.196358
v 0.036737 0.430778 0.191164
v 0.052783 0.428752 0.182506
v -0.053294 0.432546 0.181753
v -0.037101 0.434572 0.190309
v -0.019022 0.435787 0.195443
v 0.000000 0.436192 0.197154
v 0.019022 0.435787 0.195443
v 0.037101 0.434572 0.190309
v 0.053294 0.432546 0.181753
v -0.053811 0.436431 0.180864
v -0.037470 0.438460 0.189329
v -0.019213 0.439677 0.194408
v 0.000000 0.440083 0.196101
v 0.019213 0.439677 0.194408
v 0.037470 0.438460 0.189329
v 0.053811 0.436431 0.180864
v -0.057084 0.484418 0.162604
v -0.039854 0.486755 0.170686
v -0.020466 0.488158 0.175535
v 0.000000 0.488625 0.177151
v 0.020466 0.488158 0.175535
v 0.039854 0.486755 0.170686
v 0.057084 0.484418 0.162604
v -0.057030 0.490336 0.159754
v -0.039822 0.492720 0.167829
v -0.020451 0.494150 0.172674
v 0.000000 0.494627 0.174289
v 0.020451 0.494150 0.172674
v 0.039822 0.492720 0.167829
v 0.057030 0.490336 0.159754
v -0.056843 0.496574 0.156559
v -0.039695 0.498996 0.164625
v -0.020387 0.500449 0.169465
v 0.000000 0.500934 0.171078
v 0.020387 0.500449 0.169465
v 0.039695 0.498996 0.164625
v 0.056843 0.496574 0.156559
v -0.056494 0.503190 0.152928
v -0.039454 0.505637 0.160980
v -0.020265 0.507106 0.165811
v 0.000000 0.507595 0.167422
v 0.020265 0.507106 0.165811
v 0.039454 0.505637 0.160980
v 0.056494 0.503190 0.152928
v -0.055957 0.510242 0.148770
v -0.039081 0.512697 0.156799
v -0.020073 0.514169 0.161616
v 0.000000 0.514660 0.163222
v 0.020073 0.514169 0.161616
v 0.039081 0.512697 0.156799
v 0.055957 0.510242 0.148770
v -0.055204 0.517791 0.143994
v -0.038556 0.520227 0.151988
v -0.019804 0.521689 0.156784
v 0.000000 0.522177 0.158382
v 0.019804 0.521689 0.156784
v 0.038556 0.520227 0.151988
v 0.055204 0.517791 0.143994
v -0.054208 0.525893 0.138508
v -0.037861 0.528282 0.146451
v -0.019447 0.529716 0.151217
v 0.000000 0.530194 0.152806
v 0.019447 0.529716 0.151217
v 0.037861 0.528282 0.146451
v 0.054208 0.525893 0.138508
v 0.078393 0.438084 0.152120
v 0.084610 0.433811 0.134792
v 0.087372 0.429128 0.115801
v 0.086925 0.424239 0.095976
v 0.083514 0.419350 0.076148
v 0.077388 0.414665 0.057152
v 0.068790 0.410389 0.039820
v 0.078964 0.442357 0.150904
v 0.085161 0.438041 0.133692
v 0.087868 0.433308 0.114818
v 0.087343 0.428363 0.095105
v 0.083846 0.423413 0.075376
v 0.077631 0.418664 0.056465
v 0.068952 0.414329 0.039212
v 0.079481 0.446785 0.149480
v 0.085652 0.442412 0.132354
v 0.088304 0.437609 0.113554
v 0.087711 0.432580 0.093885
v 0.084145 0.427531 0.074162
v 0.077865 0.422677 0.055237
v 0.069128 0.418236 0.037972
v 0.079935 0.451373 0.147853
v 0.086079 0.446929 0.130782
v 0.088683 0.442033 0.112001
v 0.088041 0.436886 0.092289
v 0.084437 0.431690 0.072448
v 0.078128 0.426673 0.053370
v 0.069364 0.422066 0.035971
v 0.080320 0.456129 0.146027
v 0.086437 0.451599 0.128980
v 0.089005 0.446586 0.110161
v 0.088340 0.441282 0.090311
v 0.084742 0.435887 0.070212
v 0.078456 0.430637 0.050805
v 0.069711 0.425782 0.033082
v 0.080628 0.461059 0.144009
v 0.086722 0.456431 0.126964
v 0.089272 0.451284 0.108071
v 0.088621 0.445801 0.088030
v 0.085086 0.440169 0.067580
v 0.078894 0.434614 0.047622
v 0.070238 0.429383 0.029190
v 0.080852 0.466168 0.141804
v 0.086929 0.461435 0.124751
v 0.089485 0.456149 0.105779
v 0.088893 0.450481 0.085547
v 0.085493 0.444603 0.064726
v 0.079506 0.438689 0.044030
v 0.071063 0.432935 0.024343
v -0.054810 0.444612 0.178595
v -0.038186 0.446662 0.186911
v -0.019586 0.447893 0.191901
v 0.000000 0.448303 0.193565
v 0.019586 0.447893 0.191901
v 0.038186 0.446662 0.186911
v 0.054810 0.444612 0.178595
v -0.055271 0.448948 0.177196
v -0.038518 0.451019 0.185455
v -0.019760 0.452261 0.190410
v 0.000000 0.452675 0.192062
v 0.019760 0.452261 0.190410
v 0.038518 0.451019 0.185455
v 0.055271 0.448948 0.177196
v -0.055697 0.453457 0.175622
v -0.038826 0.455552 0.183833
v -0.019922 0.456810 0.188760
v 0.000000 0.457229 0.190402
v 0.019922 0.456810 0.188760
v 0.038826 0.455552 0.183833
v 0.055697 0.453457 0.175622
v -0.056079 0.458143 0.173875
v -0.039105 0.460268 0.182048
v -0.020068 0.461544 0.186951
v 0.000000 0.461969 0.188586
v 0.020068 0.461544 0.186951
v 0.039105 0.460268 0.182048
v 0.056079 0.458143 0.173875
v -0.056411 0.463011 0.171958
v -0.039348 0.465172 0.180100
v -0.020196 0.466468 0.184985
v 0.000000 0.466900 0.186613
v 0.020196 0.466468 0.184985
v 0.039348 0.465172 0.180100
v 0.056411 0.463011 0.171958
v -0.056685 0.468067 0.169871
v -0.039550 0.470266 0.177990
v -0.020303 0.471586 0.182861
v 0.000000 0.472026 0.184485
v 0.020303 0.471586 0.182861
v 0.039550 0.470266 0.177990
v 0.056685 0.468067 0.169871
v -0.056894 0.473315 0.167618
v -0.039705 0.475558 0.175719
v -0.020386 0.476903 0.180580
v 0.000000 0.477352 0.182201
v 0.020386 0.476903 0.180580
v 0.039705 0.475558 0.175719
v 0.056894 0.473315 0.167618
v -0.068790 0.410389 0.039820
v -0.077388 0.414665 0.057152
v -0.083514 0.419350 0.076148
v -0.086925 0.424239 0.095976
v -0.087372 0.429128 0.115801
v -0.084610 0.433811 0.134792
v -0.078393 0.438084 0.152120
v -0.068952 0.414329 0.039212
v -0.077631 0.418664 0.056465
v -0.083846 0.423413 0.075376
v -0.087343 0.428363 0.095105
v -0.087868 0.433308 0.114818
v -0.085161 0.438041 0.133692
v -0.078964 0.442357 0.150904
v -0.069128 0.418236 0.037972
v -0.077865 0.422677 0.055237
v -0.084145 0.427531 0.074162
v -0.087711 0.432580 0.093885
v -0.088304 0.437609 0.113554
v -0.085652 0.442412 0.132354
v -0.079481 0.446784 0.149480
v -0.069364 0.422066 0.035971
v -0.078128 0.426673 0.053370
v -0.084437 0.431690 0.072448
v -0.088040 0.436886 0.092289
v -0.088683 0.442033 0.112001
v -0.086079 0.446929 0.130782
v -0.079935 0.451373 0.147853
v -0.069711 0.425782 0.033082
v -0.078456 0.430637 0.050805
v -0.084742 0.435887 0.070212
v -0.088340 0.441282 0.090311
v -0.089005 0.446586 0.110161
v -0.086437 0.451599 0.128980
v -0.080320 0.456129 0.146027
v -0.070238 0.429383 0.029190
v -0.078894 0.434614 0.047622
v -0.085086 0.440169 0.067580
v -0.088621 0.445801 0.088030
v -0.089272 0.451284 0.108071
v -0.086722 0.456431 0.126964
v -0.080628 0.461059 0.144009
v -0.071063 0.432935 0.024343
v -0.079507 0.438689 0.044030
v -0.085493 0.444603 0.064726
v -0.088893 0.450481 0.085547
v -0.089485 0.456149 0.105779
v -0.086929 0.461435 0.124751
v -0.080852 0.466168 0.141804
v -0.037889 0.394525 -0.140183
v -0.041147 0.396637 -0.142507
v -0.043112 0.399254 -0.145051
v -0.044078 0.402445 -0.147700
v -0.044345 0.406276 -0.150341
v -0.044207 0.410816 -0.152861
v -0.043963 0.416132 -0.155145
v -0.036703 0.393527 -0.144812
v -0.039880 0.395578 -0.147144
v -0.041808 0.398129 -0.149702
v -0.042771 0.401250 -0.152373
v -0.043055 0.405011 -0.155044
v -0.042945 0.409482 -0.157602
v -0.042724 0.414732 -0.159937
v -0.035332 0.392692 -0.149286
v -0.038416 0.394671 -0.151622
v -0.040303 0.397145 -0.154197
v -0.041264 0.400188 -0.156893
v -0.041571 0.403877 -0.159595
v -0.041495 0.408282 -0.162192
v -0.041307 0.413472 -0.164576
v -0.033669 0.392041 -0.153527
v -0.036634 0.393931 -0.155864
v -0.038464 0.396310 -0.158458
v -0.039417 0.399264 -0.161183
v -0.039746 0.402876 -0.163919
v -0.039709 0.407215 -0.166555
v -0.039560 0.412351 -0.168986
v -0.031620 0.391587 -0.157451
v -0.034417 0.393364 -0.159787
v -0.036162 0.395629 -0.162405
v -0.037091 0.398479 -0.165166
v -0.037438 0.402006 -0.167939
v -0.037439 0.406281 -0.170615
v -0.037331 0.411366 -0.173091
v -0.029167 0.391303 -0.160950
v -0.031673 0.392938 -0.163297
v -0.033268 0.395074 -0.165955
v -0.034149 0.397817 -0.168763
v -0.034503 0.401262 -0.171579
v -0.034537 0.405475 -0.174295
v -0.034468 0.410517 -0.176814
v -0.026281 0.391135 -0.163891
v -0.028298 0.392603 -0.166290
v -0.029652 0.394612 -0.169019
v -0.030451 0.397261 -0.171893
v -0.030795 0.400634 -0.174761
v -0.030855 0.404796 -0.177521
v -0.030820 0.409801 -0.180080
v -0.075349 0.441639 0.016915
v -0.081729 0.447883 0.037827
v -0.086608 0.454235 0.059172
v -0.089431 0.460487 0.080338
v -0.089740 0.466470 0.100749
v -0.087084 0.472019 0.119792
v -0.081013 0.476966 0.136846
v -0.077887 0.446958 0.014889
v -0.083026 0.453174 0.035355
v -0.087168 0.459583 0.056497
v -0.089604 0.465940 0.077592
v -0.089713 0.472037 0.097965
v -0.086977 0.477692 0.116982
v -0.080902 0.482737 0.134019
v -0.079535 0.452631 0.012554
v -0.083919 0.458907 0.032722
v -0.087502 0.465377 0.053647
v -0.089583 0.471811 0.074604
v -0.089495 0.477990 0.094887
v -0.086681 0.483729 0.113849
v -0.080611 0.488852 0.130854
v -0.080297 0.458788 0.009736
v -0.084259 0.465164 0.029716
v -0.087465 0.471701 0.050454
v -0.089263 0.478187 0.071252
v -0.089015 0.484420 0.091422
v -0.086147 0.490213 0.110311
v -0.080098 0.495388 0.127271
v -0.080287 0.465595 0.006401
v -0.083985 0.472061 0.026215
v -0.086947 0.478647 0.046782
v -0.088558 0.485163 0.067429
v -0.088211 0.491418 0.087483
v -0.085324 0.497230 0.106287
v -0.079324 0.502419 0.123187
v -0.079621 0.473209 0.002565
v -0.083141 0.479735 0.022197
v -0.085944 0.486342 0.042589
v -0.087441 0.492850 0.063080
v -0.087044 0.499083 0.083005
v -0.084173 0.504866 0.101705
v -0.078249 0.510023 0.118524
v -0.078417 0.481788 -0.001743
v -0.081795 0.488335 0.017667
v -0.084481 0.494916 0.037855
v -0.085903 0.501365 0.058162
v -0.085485 0.507518 0.077927
v -0.082653 0.513209 0.096493
v -0.076834 0.518274 0.113199
v -0.027356 0.485366 -0.161100
v -0.019067 0.488566 -0.161061
v -0.009782 0.490487 -0.161038
v 0.000000 0.491127 -0.161031
v 0.009782 0.490487 -0.161038
v 0.019067 0.488566 -0.161061
v 0.027356 0.485366 -0.161100
v -0.026481 0.483416 -0.166671
v -0.018453 0.486588 -0.166682
v -0.009466 0.488491 -0.166693
v 0.000000 0.489125 -0.166697
v 0.009466 0.488491 -0.166693
v 0.018453 0.486588 -0.166682
v 0.026481 0.483416 -0.166671
v -0.025518 0.481489 -0.171957
v -0.017778 0.484611 -0.172030
v -0.009119 0.486483 -0.172089
v 0.000000 0.487106 -0.172112
v 0.009119 0.486483 -0.172089
v 0.017778 0.484611 -0.172030
v 0.025518 0.481489 -0.171957
v -0.024360 0.479442 -0.176815
v -0.016967 0.482479 -0.176970
v -0.008701 0.484297 -0.177097
v 0.000000 0.484902 -0.177150
v 0.008701 0.484297 -0.177097
v 0.016967 0.482479 -0.176970
v 0.024360 0.479442 -0.176816
v -0.022941 0.477151 -0.181115
v -0.015980 0.480040 -0.181378
v -0.008196 0.481768 -0.181601
v 0.000000 0.482343 -0.181695
v 0.008196 0.481768 -0.181601
v 0.015980 0.480040 -0.181378
v 0.022941 0.477151 -0.181115
v -0.021363 0.474564 -0.184768
v -0.014927 0.477165 -0.185185
v -0.007671 0.478729 -0.185533
v 0.000000 0.479256 -0.185676
v 0.007671 0.478730 -0.185533
v 0.014927 0.477165 -0.185185
v 0.021363 0.474564 -0.184768
v -0.019837 0.471619 -0.187704
v -0.013980 0.473710 -0.188338
v -0.007218 0.475013 -0.188837
v 0.000000 0.475468 -0.189033
v 0.007218 0.475013 -0.188837
v 0.013980 0.473710 -0.188338
v 0.019837 0.471619 -0.187704
v 0.081013 0.476966 0.136846
v 0.087084 0.472019 0.119792
v 0.089740 0.466470 0.100749
v 0.089431 0.460487 0.080338
v 0.086608 0.454235 0.059172
v 0.081729 0.447883 0.037827
v 0.075349 0.441639 0.016915
v 0.080902 0.482737 0.134019
v 0.086977 0.477692 0.116982
v 0.089713 0.472037 0.097965
v 0.089604 0.465940 0.077592
v 0.087168 0.459583 0.056497
v 0.083026 0.453174 0.035355
v 0.077887 0.446958 0.014889
v 0.080611 0.488852 0.130854
v 0.086681 0.483729 0.113849
v 0.089495 0.477990 0.094887
v 0.089583 0.471811 0.074604
v 0.087502 0.465377 0.053647
v 0.083919 0.458907 0.032722
v 0.079535 0.452631 0.012554
v 0.080098 0.495388 0.127271
v 0.086147 0.490213 0.110311
v 0.089015 0.484420 0.091422
v 0.089263 0.478187 0.071252
v 0.087465 0.471701 0.050454
v 0.084259 0.465164 0.029716
v 0.080297 0.458788 0.009736
v 0.079324 0.502419 0.123187
v 0.085324 0.497230 0.106287
v 0.088211 0.491418 0.087483
v 0.088558 0.485163 0.067429
v 0.086947 0.478647 0.046782
v 0.083985 0.472061 0.026215
v 0.080287 0.465595 0.006401
v 0.078249 0.510022 0.118524
v 0.084173 0.504866 0.101705
v 0.087044 0.499083 0.083005
v 0.087441 0.492850 0.063080
v 0.085944 0.486342 0.042589
v 0.083141 0.479735 0.022197
v 0.079621 0.473209 0.002565
v 0.076834 0.518274 0.113199
v 0.082653 0.513209 0.096493
v 0.085485 0.507518 0.077927
v 0.085903 0.501365 0.058162
v 0.084481 0.494916 0.037855
v 0.081795 0.488335 0.017667
v 0.078417 0.481788 -0.001743
v 0.032210 0.587409 -0.049149
v 0.022046 0.592227 -0.051212
v 0.011195 0.595119 -0.052449
v 0.000000 0.596082 -0.052860
v -0.011195 0.595119 -0.052449
v -0.022046 0.592227 -0.051212
v -0.032210 0.587409 -0.049149
v 0.032839 0.592302 -0.033904
v 0.022450 0.597019 -0.036127
v 0.011392 0.599852 -0.037445
v 0.000000 0.600797 -0.037879
v -0.011392 0.599852 -0.037445
v -0.022450 0.597019 -0.036127
v -0.032839 0.592302 -0.033904
v 0.033396 0.596128 -0.017584
v 0.022812 0.600687 -0.019860
v 0.011570 0.603431 -0.021171
v 0.000000 0.604347 -0.021592
v -0.011570 0.603431 -0.021171
v -0.022812 0.600687 -0.019860
v -0.033396 0.596128 -0.017584
v 0.033636 0.598797 -0.000872
v 0.022965 0.603143 -0.003052
v 0.011645 0.605771 -0.004231
v 0.000000 0.606652 -0.004585
v -0.011645 0.605771 -0.004231
v -0.022965 0.603143 -0.003052
v -0.033636 0.598797 -0.000872
v 0.033379 0.600240 0.015560
v 0.022803 0.604313 0.013694
v 0.011568 0.606796 0.012816
v 0.000000 0.607635 0.012595
v -0.011568 0.606796 0.012816
v -0.022803 0.604313 0.013694
v -0.033379 0.600240 0.015560
v 0.032725 0.600474 0.031089
v 0.022488 0.604162 0.029925
v 0.011451 0.606449 0.029578
v 0.000000 0.607235 0.029555
v -0.011451 0.606449 0.029578
v -0.022488 0.604162 0.029925
v -0.032725 0.600474 0.031089
v 0.031973 0.599511 0.045154
v 0.022301 0.602651 0.045263
v 0.011454 0.604677 0.045707
v 0.000000 0.605396 0.045939
v -0.011454 0.604677 0.045707
v -0.022301 0.602651 0.045263
v -0.031973 0.599511 0.045154
v 0.072818 0.536944 0.100284
v 0.078343 0.532287 0.083931
v 0.081055 0.527017 0.065779
v 0.081507 0.521261 0.046488
v 0.080251 0.515148 0.026715
v 0.077841 0.508809 0.007118
v 0.074828 0.502374 -0.011643
v 0.070097 0.547037 0.092759
v 0.075423 0.542714 0.076679
v 0.078056 0.537795 0.058834
v 0.078535 0.532375 0.039881
v 0.077397 0.526553 0.020476
v 0.075181 0.520437 0.001279
v 0.072425 0.514136 -0.017050
v 0.066794 0.557128 0.084704
v 0.071877 0.553232 0.068992
v 0.074409 0.548768 0.051541
v 0.074912 0.543784 0.033001
v 0.073907 0.538333 0.014028
v 0.071914 0.532499 -0.004716
v 0.069452 0.526373 -0.022563
v 0.062829 0.566815 0.076266
v 0.067614 0.563443 0.061040
v 0.070016 0.559549 0.044084
v 0.070535 0.555106 0.026041
v 0.069670 0.550104 0.007558
v 0.067919 0.544603 -0.010690
v 0.065775 0.538684 -0.028025
v 0.058149 0.575720 0.067653
v 0.062552 0.572983 0.053048
v 0.064778 0.569775 0.036687
v 0.065297 0.565972 0.019209
v 0.064574 0.561485 0.001261
v 0.063074 0.556359 -0.016469
v 0.061260 0.550669 -0.033283
v 0.052819 0.583563 0.059328
v 0.056643 0.581610 0.045458
v 0.058597 0.579184 0.029724
v 0.059091 0.576068 0.012799
v 0.058506 0.572122 -0.004634
v 0.057258 0.567382 -0.021865
v 0.055772 0.561927 -0.038178
v 0.046891 0.590123 0.051944
v 0.049817 0.589132 0.038817
v 0.051371 0.587542 0.023609
v 0.051806 0.585096 0.007121
v 0.051351 0.581665 -0.009889
v 0.050349 0.577291 -0.026690
v 0.049177 0.572058 -0.042554
v -0.051374 0.543920 0.125073
v -0.035882 0.546109 0.132851
v -0.018431 0.547424 0.137517
v 0.000000 0.547863 0.139072
v 0.018431 0.547424 0.137517
v 0.035882 0.546109 0.132851
v 0.051374 0.543920 0.125073
v -0.049453 0.553523 0.117111
v -0.034540 0.555578 0.124738
v -0.017741 0.556819 0.129307
v 0.000000 0.557236 0.130828
v 0.017741 0.556819 0.129307
v 0.034540 0.555578 0.124738
v 0.049453 0.553523 0.117111
v -0.047124 0.563037 0.108419
v -0.032914 0.564963 0.115803
v -0.016906 0.566148 0.120209
v 0.000000 0.566552 0.121671
v 0.016906 0.566148 0.120209
v 0.032914 0.564963 0.115803
v 0.047124 0.563037 0.108419
v -0.044331 0.572081 0.099074
v -0.030964 0.573906 0.106091
v -0.015905 0.575073 0.110244
v 0.000000 0.575483 0.111612
v 0.015905 0.575073 0.110244
v 0.030964 0.573906 0.106091
v 0.044331 0.572081 0.099074
v -0.041078 0.580293 0.089179
v -0.028704 0.582076 0.095639
v -0.014748 0.583280 0.099414
v 0.000000 0.583721 0.100642
v 0.014748 0.583279 0.099414
v 0.028704 0.582076 0.095639
v 0.041078 0.580293 0.089179
v -0.037600 0.587386 0.078927
v -0.026349 0.589230 0.084452
v -0.013561 0.590542 0.087644
v 0.000000 0.591037 0.088681
v 0.013561 0.590542 0.087644
v 0.026349 0.589230 0.084452
v 0.037600 0.587386 0.078927
v -0.034299 0.593095 0.068463
v -0.024206 0.595157 0.072479
v -0.012506 0.596655 0.074838
v 0.000000 0.597220 0.075630
v 0.012506 0.596655 0.074838
v 0.024206 0.595157 0.072479
v 0.034299 0.593095 0.068463
v -0.074828 0.502374 -0.011643
v -0.077841 0.508809 0.007118
v -0.080251 0.515148 0.026715
v -0.081507 0.521261 0.046488
v -0.081055 0.527017 0.065779
v -0.078343 0.532287 0.083931
v -0.072818 0.536944 0.100284
v -0.072425 0.514136 -0.017050
v -0.075181 0.520437 0.001279
v -0.077397 0.526553 0.020476
v -0.078535 0.532375 0.039881
v -0.078056 0.537795 0.058834
v -0.075423 0.542714 0.076679
v -0.070096 0.547037 0.092759
v -0.069452 0.526373 -0.022563
v -0.071914 0.532499 -0.004716
v -0.073907 0.538333 0.014028
v -0.074912 0.543784 0.033001
v -0.074409 0.548768 0.051541
v -0.071877 0.553232 0.068992
v -0.066794 0.557128 0.084704
v -0.065775 0.538684 -0.028025
v -0.067919 0.544603 -0.010690
v -0.069670 0.550104 0.007558
v -0.070535 0.555106 0.026041
v -0.070016 0.559549 0.044084
v -0.067614 0.563443 0.061040
v -0.062829 0.566815 0.076266
v -0.061260 0.550669 -0.033283
v -0.063074 0.556359 -0.016469
v -0.064574 0.561485 0.001261
v -0.065297 0.565972 0.019209
v -0.064778 0.569775 0.036687
v -0.062552 0.572983 0.053048
v -0.058149 0.575720 0.067653
v -0.055772 0.561927 -0.038178
v -0.057258 0.567382 -0.021865
v -0.058506 0.572122 -0.004634
v -0.059091 0.576068 0.012799
v -0.058597 0.579184 0.029724
v -0.056643 0.581610 0.045458
v -0.052819 0.583563 0.059328
v -0.049177 0.572058 -0.042554
v -0.050349 0.577291 -0.026690
v -0.051351 0.581665 -0.009889
v -0.051806 0.585096 0.007121
v -0.051371 0.587542 0.023609
v -0.049817 0.589132 0.038817
v -0.046891 0.590123 0.051944
v 0.020890 0.421411 -0.188359
v 0.014394 0.421072 -0.190824
v 0.007337 0.420869 -0.191766
v 0.000000 0.420802 -0.192079
v -0.007337 0.420869 -0.191766
v -0.014394 0.421072 -0.190151
v -0.020890 0.421411 -0.188511
v 0.021128 0.428813 -0.188954
v 0.014559 0.428490 -0.192410
v 0.007421 0.428303 -0.193365
v 0.000000 0.428243 -0.193683
v -0.007421 0.428303 -0.193365
v -0.014559 0.428490 -0.190635
v -0.021128 0.428813 -0.190359
v 0.021262 0.436496 -0.190727
v 0.014650 0.436221 -0.193534
v 0.007467 0.436082 -0.194498
v 0.000000 0.436044 -0.194820
v -0.007467 0.436082 -0.194498
v -0.014650 0.436221 -0.192649
v -0.021262 0.436496 -0.190305
v 0.021148 0.444114 -0.192548
v 0.014568 0.443937 -0.194146
v 0.007425 0.443891 -0.195111
v 0.000000 0.443894 -0.195434
v -0.007425 0.443891 -0.195111
v -0.014568 0.443937 -0.194146
v -0.021148 0.444114 -0.192548
v 0.020688 0.451336 -0.192640
v 0.014256 0.451326 -0.194203
v 0.007268 0.451434 -0.195152
v 0.000000 0.451504 -0.195472
v -0.007268 0.451434 -0.195152
v -0.014256 0.451326 -0.194203
v -0.020688 0.451336 -0.192640
v 0.019964 0.457887 -0.192227
v 0.013821 0.458164 -0.193685
v 0.007067 0.458499 -0.194584
v 0.000000 0.458657 -0.194892
v -0.007067 0.458499 -0.194584
v -0.013821 0.458164 -0.193685
v -0.019964 0.457887 -0.192227
v 0.019179 0.463523 -0.191329
v 0.013440 0.464258 -0.192571
v 0.006921 0.464897 -0.193367
v 0.000000 0.465157 -0.193650
v -0.006921 0.464897 -0.193367
v -0.013440 0.464258 -0.192571
v -0.019179 0.463523 -0.191329
v 0.018272 0.390580 -0.167295
v 0.012791 0.390175 -0.167969
v 0.006582 0.389877 -0.168332
v 0.000000 0.389764 -0.168447
v -0.006582 0.389877 -0.168332
v -0.012791 0.390175 -0.167969
v -0.018272 0.390580 -0.167295
v 0.019031 0.391919 -0.170289
v 0.013157 0.391570 -0.171326
v 0.006722 0.391318 -0.171898
v 0.000000 0.391222 -0.172076
v -0.006722 0.391318 -0.171898
v -0.013157 0.391570 -0.171326
v -0.019031 0.391919 -0.170289
v 0.019766 0.393828 -0.173365
v 0.013601 0.393510 -0.174620
v 0.006928 0.393291 -0.175335
v 0.000000 0.393209 -0.175562
v -0.006928 0.393291 -0.175335
v -0.013601 0.393510 -0.174620
v -0.019766 0.393828 -0.173365
v 0.020298 0.396395 -0.176451
v 0.013963 0.396087 -0.177827
v 0.007111 0.395888 -0.178631
v 0.000000 0.395817 -0.178893
v -0.007111 0.395888 -0.178631
v -0.013963 0.396087 -0.177826
v -0.020298 0.396395 -0.176451
v 0.020556 0.399699 -0.179459
v 0.014146 0.399391 -0.180908
v 0.007205 0.399200 -0.181769
v 0.000000 0.399134 -0.182054
v -0.007205 0.399200 -0.181769
v -0.014146 0.399391 -0.180908
v -0.020556 0.399699 -0.179459
v 0.020625 0.403802 -0.182314
v 0.014199 0.403487 -0.183809
v 0.007234 0.403296 -0.184703
v 0.000000 0.403231 -0.185001
v -0.007234 0.403296 -0.184703
v -0.014199 0.403487 -0.183809
v -0.020625 0.403802 -0.182314
v 0.020629 0.408761 -0.184945
v 0.014207 0.408435 -0.186468
v 0.007240 0.408240 -0.187382
v 0.000000 0.408175 -0.187687
v -0.007240 0.408240 -0.187382
v -0.014207 0.408435 -0.186468
v -0.020629 0.408761 -0.184945
v 0.039089 0.475168 -0.161218
v 0.042345 0.468445 -0.161238
v 0.044229 0.460989 -0.161154
v 0.045051 0.453073 -0.160907
v 0.045120 0.444971 -0.160436
v 0.044746 0.436957 -0.159681
v 0.044239 0.429306 -0.158582
v 0.037868 0.473307 -0.166661
v 0.041045 0.466639 -0.166607
v 0.042897 0.459241 -0.166444
v 0.043721 0.451384 -0.166111
v 0.043813 0.443338 -0.165549
v 0.043471 0.435380 -0.164701
v 0.042994 0.427784 -0.163515
v 0.036524 0.471528 -0.171830
v 0.039612 0.464949 -0.171728
v 0.041426 0.457639 -0.171515
v 0.042246 0.449860 -0.171123
v 0.042357 0.441878 -0.170487
v 0.042042 0.433972 -0.169559
v 0.041588 0.426424 -0.168291
v 0.034905 0.469733 -0.176588
v 0.037883 0.463301 -0.176475
v 0.039647 0.456132 -0.176256
v 0.040459 0.448472 -0.175846
v 0.040585 0.440574 -0.175165
v 0.040295 0.432725 -0.174172
v 0.039861 0.425219 -0.172830
v 0.032882 0.467860 -0.180809
v 0.035707 0.461656 -0.180738
v 0.037397 0.454696 -0.180570
v 0.038191 0.447202 -0.180189
v 0.038329 0.439415 -0.179497
v 0.038065 0.431633 -0.178923
v 0.037653 0.424166 -0.177279
v 0.030421 0.465991 -0.184418
v 0.032968 0.460109 -0.184465
v 0.034523 0.453400 -0.184404
v 0.035280 0.446086 -0.184089
v 0.035426 0.438413 -0.183532
v 0.035189 0.430694 -0.183581
v 0.034805 0.423262 -0.182043
v 0.027484 0.464309 -0.187360
v 0.029548 0.458811 -0.187622
v 0.030875 0.452343 -0.187717
v 0.031564 0.445171 -0.187486
v 0.031711 0.437582 -0.186386
v 0.031504 0.429911 -0.185838
v 0.031156 0.422504 -0.184699
v 0.043963 0.416132 -0.155145
v 0.044207 0.410816 -0.152861
v 0.044345 0.406276 -0.150341
v 0.044078 0.402445 -0.147700
v 0.043112 0.399254 -0.145051
v 0.041147 0.396637 -0.142507
v 0.037889 0.394525 -0.140183
v 0.042724 0.414732 -0.159937
v 0.042945 0.409482 -0.157602
v 0.043055 0.405011 -0.155044
v 0.042771 0.401250 -0.152373
v 0.041808 0.398129 -0.149702
v 0.039880 0.395578 -0.147144
v 0.036703 0.393527 -0.144812
v 0.041307 0.413472 -0.164576
v 0.041495 0.408282 -0.162192
v 0.041571 0.403877 -0.159595
v 0.041264 0.400188 -0.156893
v 0.040303 0.397145 -0.154197
v 0.038416 0.394671 -0.151622
v 0.035332 0.392692 -0.149286
v 0.039560 0.412351 -0.168986
v 0.039709 0.407215 -0.166555
v 0.039746 0.402876 -0.163919
v 0.039417 0.399264 -0.161183
v 0.038464 0.396310 -0.158458
v 0.036634 0.393931 -0.155864
v 0.033669 0.392041 -0.153527
v 0.037331 0.411366 -0.173091
v 0.037439 0.406281 -0.170615
v 0.037438 0.402006 -0.167939
v 0.037091 0.398479 -0.165166
v 0.036162 0.395629 -0.162405
v 0.034417 0.393364 -0.159787
v 0.031620 0.391587 -0.157451
v 0.034468 0.410517 -0.176814
v 0.034537 0.405475 -0.174295
v 0.034503 0.401262 -0.171579
v 0.034149 0.397817 -0.168763
v 0.033268 0.395074 -0.165955
v 0.031673 0.392938 -0.163297
v 0.029167 0.391303 -0.160950
v 0.030820 0.409801 -0.180080
v 0.030855 0.404796 -0.177521
v 0.030795 0.400634 -0.174761
v 0.030451 0.397261 -0.171893
v 0.029652 0.394612 -0.169019
v 0.028298 0.392603 -0.166290
v 0.026281 0.391135 -0.163891
v 0.026432 0.391557 -0.136631
v 0.018408 0.390632 -0.135516
v 0.009440 0.390078 -0.134847
v 0.000000 0.389893 -0.134625
v -0.009440 0.390078 -0.134847
v -0.018408 0.390632 -0.135516
v -0.026432 0.391557 -0.136631
v 0.025585 0.390648 -0.141267
v 0.017815 0.389751 -0.140162
v 0.009135 0.389212 -0.139502
v 0.000000 0.389032 -0.139283
v -0.009135 0.389212 -0.139502
v -0.017815 0.389751 -0.140162
v -0.025585 0.390648 -0.141267
v 0.024608 0.389919 -0.145775
v 0.017130 0.389051 -0.144702
v 0.008782 0.388529 -0.144069
v 0.000000 0.388355 -0.143862
v -0.008782 0.388529 -0.144069
v -0.017130 0.389051 -0.144702
v -0.024608 0.389919 -0.145775
v 0.023426 0.389398 -0.150093
v 0.016303 0.388565 -0.149083
v 0.008357 0.388061 -0.148505
v 0.000000 0.387892 -0.148320
v -0.008357 0.388061 -0.148505
v -0.016303 0.388565 -0.149083
v -0.023426 0.389398 -0.150093
v 0.022001 0.389110 -0.154157
v 0.015314 0.388320 -0.153261
v 0.007851 0.387838 -0.152775
v 0.000000 0.387674 -0.152627
v -0.007851 0.387838 -0.152775
v -0.015314 0.388320 -0.153261
v -0.022001 0.389110 -0.154157
v 0.020438 0.389059 -0.157905
v 0.014271 0.388334 -0.157219
v 0.007331 0.387883 -0.156879
v 0.000000 0.387727 -0.156784
v -0.007331 0.387883 -0.156879
v -0.014271 0.388334 -0.157219
v -0.020438 0.389059 -0.157905
v 0.018940 0.389249 -0.161291
v 0.013339 0.388625 -0.160959
v 0.006885 0.388219 -0.160830
v 0.000000 0.388075 -0.160801
v -0.006885 0.388219 -0.160830
v -0.013339 0.388625 -0.160959
v -0.018940 0.389249 -0.161291
v -0.044239 0.429306 -0.158582
v -0.044746 0.436957 -0.159681
v -0.045120 0.444971 -0.160436
v -0.045051 0.453073 -0.160907
v -0.044229 0.460989 -0.161154
v -0.042345 0.468445 -0.161238
v -0.039089 0.475168 -0.161218
v -0.042994 0.427784 -0.163515
v -0.043471 0.435380 -0.164701
v -0.043813 0.443338 -0.165549
v -0.043721 0.451384 -0.166111
v -0.042897 0.459241 -0.166444
v -0.041045 0.466639 -0.166607
v -0.037868 0.473307 -0.166661
v -0.041588 0.426424 -0.168291
v -0.042042 0.433972 -0.169559
v -0.042357 0.441878 -0.170487
v -0.042246 0.449860 -0.171123
v -0.041425 0.457639 -0.171515
v -0.039612 0.464949 -0.171728
v -0.036524 0.471528 -0.171830
v -0.039861 0.425219 -0.172830
v -0.040295 0.432725 -0.174172
v -0.040585 0.440574 -0.175165
v -0.040459 0.448472 -0.175846
v -0.039647 0.456132 -0.176256
v -0.037883 0.463301 -0.176475
v -0.034905 0.469733 -0.176588
v -0.037653 0.424166 -0.177055
v -0.038065 0.431633 -0.178459
v -0.038329 0.439415 -0.179497
v -0.038191 0.447202 -0.180189
v -0.037397 0.454696 -0.180570
v -0.035707 0.461656 -0.180738
v -0.032882 0.467860 -0.180809
v -0.034805 0.423262 -0.180886
v -0.035189 0.430694 -0.182343
v -0.035426 0.438413 -0.183410
v -0.035280 0.446086 -0.184089
v -0.034523 0.453400 -0.184404
v -0.032968 0.460109 -0.184465
v -0.030420 0.465991 -0.184418
v -0.031156 0.422504 -0.184603
v -0.031504 0.429911 -0.186312
v -0.031711 0.437582 -0.186832
v -0.031564 0.445171 -0.187486
v -0.030875 0.452343 -0.187717
v -0.029548 0.458811 -0.187622
v -0.027484 0.464309 -0.187360
v -0.069098 0.489721 -0.044170
v -0.067342 0.501407 -0.048610
v -0.065099 0.513607 -0.053055
v -0.062192 0.525912 -0.057399
v -0.058447 0.537915 -0.061534
v -0.053689 0.549206 -0.065352
v -0.047741 0.559378 -0.068745
v -0.066856 0.483662 -0.057505
v -0.065461 0.495142 -0.061423
v -0.063620 0.507136 -0.065295
v -0.061129 0.519242 -0.069038
v -0.057785 0.531056 -0.072570
v -0.053384 0.542174 -0.075810
v -0.047722 0.552192 -0.078675
v -0.064958 0.477829 -0.069143
v -0.063933 0.489016 -0.072534
v -0.062501 0.500712 -0.075826
v -0.060429 0.512520 -0.078963
v -0.057482 0.524046 -0.081887
v -0.053426 0.534895 -0.084544
v -0.048026 0.544673 -0.086876
v -0.063326 0.472250 -0.079309
v -0.062664 0.483083 -0.082186
v -0.061635 0.494410 -0.084911
v -0.059973 0.505848 -0.087453
v -0.057411 0.517014 -0.089783
v -0.053684 0.527525 -0.091868
v -0.048524 0.536998 -0.093680
v -0.061879 0.466956 -0.088233
v -0.061563 0.477395 -0.090621
v -0.060917 0.488310 -0.092809
v -0.059643 0.499331 -0.094788
v -0.057445 0.510089 -0.096554
v -0.054025 0.520216 -0.098099
v -0.049085 0.529343 -0.099416
v -0.060540 0.461976 -0.096142
v -0.060538 0.472005 -0.098084
v -0.060241 0.482488 -0.099781
v -0.059322 0.493072 -0.101247
v -0.057456 0.503402 -0.102497
v -0.054318 0.513124 -0.103548
v -0.049582 0.521886 -0.104414
v -0.059229 0.457340 -0.103262
v -0.059497 0.466966 -0.104817
v -0.059500 0.477023 -0.106088
v -0.058890 0.487175 -0.107107
v -0.057318 0.497081 -0.107911
v -0.054432 0.506403 -0.108532
v -0.049884 0.514804 -0.109006
v 0.044058 0.423600 -0.022823
v 0.030174 0.420865 -0.026029
v 0.015306 0.419262 -0.028099
v 0.000000 0.418742 -0.028800
v -0.015306 0.419262 -0.028099
v -0.030174 0.420865 -0.026029
v -0.044058 0.423600 -0.022823
v 0.041508 0.421673 -0.034100
v 0.028735 0.419496 -0.035389
v 0.014674 0.418164 -0.036419
v 0.000000 0.417716 -0.036821
v -0.014674 0.418164 -0.036419
v -0.028735 0.419496 -0.035389
v -0.041508 0.421673 -0.034100
v 0.039353 0.419320 -0.044777
v 0.027349 0.417526 -0.044924
v 0.014007 0.416418 -0.045215
v 0.000000 0.416039 -0.045370
v -0.014007 0.416418 -0.045215
v -0.027349 0.417526 -0.044924
v -0.039353 0.419320 -0.044777
v 0.037648 0.416749 -0.054739
v 0.026164 0.415196 -0.054270
v 0.013402 0.414246 -0.054100
v 0.000000 0.413923 -0.054077
v -0.013401 0.414246 -0.054100
v -0.026164 0.415196 -0.054270
v -0.037648 0.416749 -0.054739
v 0.036323 0.414082 -0.064014
v 0.025236 0.412689 -0.063195
v 0.012924 0.411844 -0.062750
v 0.000000 0.411561 -0.062616
v -0.012924 0.411844 -0.062750
v -0.025236 0.412689 -0.063195
v -0.036323 0.414082 -0.064014
v 0.035283 0.411403 -0.072628
v 0.024515 0.410112 -0.071626
v 0.012556 0.409334 -0.071039
v 0.000000 0.409074 -0.070848
v -0.012556 0.409334 -0.071039
v -0.024515 0.410112 -0.071626
v -0.035283 0.411403 -0.072628
v 0.034425 0.408782 -0.080605
v 0.023928 0.407554 -0.079533
v 0.012257 0.406817 -0.078891
v 0.000000 0.406571 -0.078678
v -0.012257 0.406817 -0.078891
v -0.023928 0.407554 -0.079533
v -0.034425 0.408782 -0.080605
v 0.071786 0.469428 -0.035731
v 0.072683 0.461078 -0.031900
v 0.073024 0.453755 -0.028409
v 0.072597 0.447307 -0.025317
v 0.071157 0.441582 -0.022697
v 0.068307 0.436424 -0.020664
v 0.063513 0.431692 -0.019438
v 0.069046 0.463773 -0.049854
v 0.069797 0.455629 -0.046269
v 0.070014 0.448533 -0.042934
v 0.069448 0.442345 -0.039914
v 0.067821 0.436937 -0.037288
v 0.064721 0.432213 -0.035173
v 0.059673 0.428099 -0.033741
v 0.066643 0.458471 -0.062286
v 0.067258 0.450575 -0.058948
v 0.067378 0.443734 -0.055762
v 0.066723 0.437828 -0.052800
v 0.064991 0.432746 -0.050138
v 0.061793 0.428412 -0.047885
v 0.056712 0.424764 -0.046159
v 0.064517 0.453515 -0.073232
v 0.065009 0.445892 -0.070135
v 0.065057 0.439318 -0.067098
v 0.064356 0.433690 -0.064194
v 0.062590 0.428907 -0.061502
v 0.059395 0.424893 -0.059116
v 0.054396 0.421574 -0.057135
v 0.062606 0.448900 -0.082894
v 0.062991 0.441560 -0.080030
v 0.062991 0.435248 -0.077142
v 0.062284 0.429871 -0.074309
v 0.060540 0.425340 -0.071616
v 0.057410 0.421572 -0.069151
v 0.052539 0.418490 -0.067006
v 0.060850 0.444620 -0.091476
v 0.061145 0.437563 -0.088827
v 0.061119 0.431500 -0.086081
v 0.060436 0.426347 -0.083328
v 0.058754 0.422021 -0.080657
v 0.055730 0.418442 -0.078161
v 0.051015 0.415531 -0.075932
v 0.059186 0.440669 -0.099182
v 0.059412 0.433885 -0.096720
v 0.059379 0.428055 -0.094102
v 0.058740 0.423101 -0.091426
v 0.057147 0.418946 -0.088790
v 0.054252 0.415512 -0.086293
v 0.049706 0.412723 -0.084033
v 0.047741 0.559378 -0.068745
v 0.053689 0.549206 -0.065352
v 0.058447 0.537915 -0.061534
v 0.062192 0.525912 -0.057399
v 0.065099 0.513607 -0.053055
v 0.067342 0.501407 -0.048610
v 0.069098 0.489721 -0.044170
v 0.047722 0.552192 -0.078675
v 0.053384 0.542174 -0.075810
v 0.057785 0.531056 -0.072570
v 0.061129 0.519242 -0.069038
v 0.063620 0.507136 -0.065295
v 0.065461 0.495142 -0.061423
v 0.066856 0.483662 -0.057505
v 0.048026 0.544673 -0.086876
v 0.053426 0.534895 -0.084544
v 0.057482 0.524046 -0.081887
v 0.060429 0.512520 -0.078963
v 0.062501 0.500712 -0.075826
v 0.063933 0.489016 -0.072534
v 0.064958 0.477829 -0.069143
v 0.048524 0.536998 -0.093680
v 0.053684 0.527525 -0.091868
v 0.057411 0.517014 -0.089783
v 0.059973 0.505848 -0.087453
v 0.061635 0.494410 -0.084911
v 0.062664 0.483083 -0.082186
v 0.063326 0.472250 -0.079309
v 0.049085 0.529343 -0.099416
v 0.054025 0.520216 -0.098099
v 0.057445 0.510089 -0.096554
v 0.059643 0.499331 -0.094788
v 0.060917 0.488310 -0.092809
v 0.061563 0.477395 -0.090621
v 0.061879 0.466956 -0.088233
v 0.049582 0.521886 -0.104414
v 0.054318 0.513124 -0.103548
v 0.057456 0.503402 -0.102497
v 0.059322 0.493072 -0.101247
v 0.060241 0.482488 -0.099781
v 0.060538 0.472005 -0.098084
v 0.060540 0.461976 -0.096142
v 0.049884 0.514804 -0.109006
v 0.054432 0.506403 -0.108532
v 0.057318 0.497081 -0.107911
v 0.058890 0.487175 -0.107107
v 0.059500 0.477023 -0.106088
v 0.059497 0.466966 -0.104817
v 0.059229 0.457340 -0.103262
v -0.031669 0.574797 -0.073845
v -0.021754 0.579637 -0.075445
v -0.011070 0.582541 -0.076404
v 0.000000 0.583509 -0.076724
v 0.011070 0.582541 -0.076404
v 0.021754 0.579637 -0.075445
v 0.031669 0.574797 -0.073845
v -0.031907 0.567381 -0.082968
v -0.021966 0.572149 -0.084314
v -0.011191 0.575009 -0.085121
v 0.000000 0.575963 -0.085390
v 0.011191 0.575009 -0.085121
v 0.021966 0.572149 -0.084314
v 0.031907 0.567381 -0.082968
v -0.032372 0.559499 -0.090355
v -0.022337 0.564153 -0.091445
v -0.011395 0.566945 -0.092099
v 0.000000 0.567876 -0.092317
v 0.011395 0.566945 -0.092099
v 0.022337 0.564153 -0.091445
v 0.032372 0.559499 -0.090355
v -0.032968 0.551362 -0.096361
v -0.022797 0.555871 -0.097201
v -0.011644 0.558577 -0.097705
v 0.000000 0.559479 -0.097873
v 0.011644 0.558577 -0.097705
v 0.022797 0.555871 -0.097201
v 0.032968 0.551362 -0.096361
v -0.033596 0.543183 -0.101342
v -0.023278 0.547527 -0.101944
v -0.011903 0.550134 -0.102305
v 0.000000 0.551003 -0.102426
v 0.011903 0.550134 -0.102305
v 0.023278 0.547527 -0.101944
v 0.033596 0.543183 -0.101342
v -0.034159 0.535172 -0.105651
v -0.023710 0.539342 -0.106036
v -0.012136 0.541844 -0.106268
v 0.000000 0.542678 -0.106345
v 0.012136 0.541844 -0.106268
v 0.023710 0.539342 -0.106036
v 0.034159 0.535172 -0.105651
v -0.034560 0.527541 -0.109643
v -0.024024 0.531538 -0.109840
v -0.012307 0.533937 -0.109959
v 0.000000 0.534737 -0.109998
v 0.012307 0.533937 -0.109959
v 0.024024 0.531538 -0.109840
v 0.034560 0.527541 -0.109643
v -0.063513 0.431692 -0.019438
v -0.068307 0.436424 -0.020664
v -0.071157 0.441582 -0.022697
v -0.072597 0.447307 -0.025317
v -0.073024 0.453755 -0.028409
v -0.072683 0.461078 -0.031900
v -0.071786 0.469428 -0.035731
v -0.059673 0.428099 -0.033741
v -0.064721 0.432213 -0.035173
v -0.067821 0.436937 -0.037288
v -0.069448 0.442345 -0.039914
v -0.070014 0.448533 -0.042934
v -0.069797 0.455629 -0.046269
v -0.069046 0.463773 -0.049854
v -0.056712 0.424764 -0.046159
v -0.061793 0.428412 -0.047885
v -0.064991 0.432746 -0.050138
v -0.066723 0.437828 -0.052800
v -0.067378 0.443734 -0.055762
v -0.067258 0.450575 -0.058948
v -0.066643 0.458471 -0.062286
v -0.054396 0.421574 -0.057135
v -0.059395 0.424893 -0.059116
v -0.062590 0.428907 -0.061502
v -0.064356 0.433690 -0.064194
v -0.065057 0.439318 -0.067098
v -0.065009 0.445892 -0.070135
v -0.064517 0.453515 -0.073232
v -0.052539 0.418490 -0.067006
v -0.057410 0.421572 -0.069151
v -0.060540 0.425340 -0.071616
v -0.062284 0.429871 -0.074309
v -0.062991 0.435248 -0.077142
v -0.062991 0.441560 -0.080030
v -0.062606 0.448900 -0.082894
v -0.051015 0.415531 -0.075932
v -0.055730 0.418442 -0.078161
v -0.058754 0.422021 -0.080657
v -0.060436 0.426347 -0.083328
v -0.061119 0.431500 -0.086081
v -0.061145 0.437563 -0.088827
v -0.060850 0.444620 -0.091476
v -0.049706 0.412723 -0.084033
v -0.054252 0.415512 -0.086293
v -0.057147 0.418946 -0.088790
v -0.058740 0.423101 -0.091426
v -0.059379 0.428055 -0.094102
v -0.059412 0.433885 -0.096720
v -0.059186 0.440669 -0.099182
v -0.056395 0.449211 -0.116019
v -0.057018 0.458135 -0.117034
v -0.057431 0.467454 -0.117710
v -0.057256 0.476855 -0.118106
v -0.056115 0.486027 -0.118284
v -0.053631 0.494656 -0.118305
v -0.049426 0.502430 -0.118231
v -0.054828 0.445719 -0.121924
v -0.055536 0.454363 -0.122792
v -0.056054 0.463389 -0.123304
v -0.056002 0.472493 -0.123528
v -0.054999 0.481375 -0.123533
v -0.052664 0.489732 -0.123388
v -0.048615 0.497260 -0.123162
v -0.053204 0.442572 -0.127580
v -0.053946 0.450979 -0.128367
v -0.054517 0.459758 -0.128790
v -0.054538 0.468615 -0.128920
v -0.053629 0.477254 -0.128830
v -0.051413 0.485382 -0.128594
v -0.047510 0.492705 -0.128284
v -0.051559 0.439741 -0.133027
v -0.052297 0.447951 -0.133791
v -0.052877 0.456525 -0.134186
v -0.052929 0.465176 -0.134287
v -0.052079 0.473615 -0.134167
v -0.049957 0.481556 -0.133901
v -0.046190 0.488711 -0.133564
v -0.049927 0.437197 -0.138309
v -0.050633 0.445244 -0.139094
v -0.051193 0.453650 -0.139511
v -0.051244 0.462133 -0.139634
v -0.050426 0.470411 -0.139536
v -0.048376 0.478201 -0.139290
v -0.044733 0.485220 -0.138971
v -0.048347 0.434911 -0.143465
v -0.049003 0.442824 -0.144306
v -0.049521 0.451095 -0.144783
v -0.049550 0.459445 -0.144967
v -0.048743 0.467595 -0.144929
v -0.046749 0.475265 -0.144741
v -0.043220 0.482177 -0.144474
v -0.046853 0.432852 -0.148539
v -0.047453 0.440658 -0.149457
v -0.047919 0.448822 -0.150018
v -0.047915 0.457067 -0.150289
v -0.047106 0.465117 -0.150338
v -0.045156 0.472695 -0.150232
v -0.041728 0.479526 -0.150040
v 0.032868 0.403986 -0.094752
v 0.022867 0.402836 -0.093662
v 0.011720 0.402147 -0.093008
v 0.000000 0.401917 -0.092789
v -0.011720 0.402147 -0.093008
v -0.022867 0.402836 -0.093662
v -0.032868 0.403986 -0.094752
v 0.032072 0.401871 -0.101020
v 0.022321 0.400755 -0.099926
v 0.011443 0.400086 -0.099269
v 0.000000 0.399863 -0.099050
v -0.011443 0.400086 -0.099269
v -0.022321 0.400755 -0.099926
v -0.032072 0.401871 -0.101020
v 0.031264 0.399936 -0.106847
v 0.021766 0.398852 -0.105749
v 0.011160 0.398201 -0.105090
v 0.000000 0.397984 -0.104870
v -0.011160 0.398201 -0.105090
v -0.021766 0.398852 -0.105749
v -0.031264 0.399936 -0.106847
v 0.030450 0.398172 -0.112305
v 0.021204 0.397117 -0.111204
v 0.010873 0.396484 -0.110543
v 0.000000 0.396273 -0.110323
v -0.010873 0.396484 -0.110543
v -0.021204 0.397117 -0.111204
v -0.030450 0.398172 -0.112305
v 0.029634 0.396568 -0.117469
v 0.020639 0.395540 -0.116365
v 0.010585 0.394924 -0.115702
v 0.000000 0.394718 -0.115481
v -0.010585 0.394924 -0.115702
v -0.020639 0.395540 -0.116365
v -0.029634 0.396568 -0.117469
v 0.028821 0.395113 -0.122413
v 0.020075 0.394112 -0.121305
v 0.010296 0.393512 -0.120640
v 0.000000 0.393312 -0.120419
v -0.010296 0.393512 -0.120640
v -0.020075 0.394112 -0.121305
v -0.028821 0.395113 -0.122413
v 0.028015 0.393799 -0.127209
v 0.019514 0.392824 -0.126098
v 0.010008 0.392239 -0.125431
v 0.000000 0.392044 -0.125209
v -0.010008 0.392239 -0.125431
v -0.019514 0.392824 -0.126098
v -0.028015 0.393799 -0.127209
v 0.055906 0.433735 -0.112751
v 0.056063 0.427426 -0.110550
v 0.056056 0.421996 -0.108111
v 0.055531 0.417376 -0.105546
v 0.054132 0.413496 -0.102968
v 0.051505 0.410286 -0.100489
v 0.047296 0.407675 -0.098222
v 0.054248 0.430724 -0.118876
v 0.054402 0.424609 -0.116744
v 0.054422 0.419345 -0.114352
v 0.053954 0.414864 -0.111815
v 0.052644 0.411101 -0.109250
v 0.050139 0.407986 -0.106773
v 0.046086 0.405452 -0.104502
v 0.052599 0.427989 -0.124649
v 0.052764 0.422042 -0.122552
v 0.052815 0.416923 -0.120181
v 0.052402 0.412567 -0.117656
v 0.051174 0.408908 -0.115095
v 0.048781 0.405880 -0.112617
v 0.044874 0.403418 -0.110340
v 0.050979 0.425507 -0.130128
v 0.051165 0.419706 -0.128037
v 0.051248 0.414715 -0.125669
v 0.050884 0.410469 -0.123142
v 0.049729 0.406904 -0.120577
v 0.047438 0.403956 -0.118092
v 0.043666 0.401559 -0.115809
v 0.049407 0.423257 -0.135371
v 0.049617 0.417581 -0.133265
v 0.049730 0.412702 -0.130882
v 0.049409 0.408555 -0.128343
v 0.048317 0.405076 -0.125767
v 0.046115 0.402202 -0.123274
v 0.042469 0.399866 -0.120984
v 0.047903 0.421216 -0.140438
v 0.048137 0.415649 -0.138299
v 0.048273 0.410868 -0.135890
v 0.047985 0.406810 -0.133331
v 0.046943 0.403410 -0.130740
v 0.044821 0.400604 -0.128236
v 0.041288 0.398327 -0.125937
v 0.046486 0.419362 -0.145387
v 0.046736 0.413889 -0.143204
v 0.046887 0.409197 -0.140761
v 0.046620 0.405220 -0.138176
v 0.045617 0.401893 -0.135567
v 0.043560 0.399152 -0.133050
v 0.040130 0.396930 -0.130743
v 0.049426 0.502430 -0.118231
v 0.053631 0.494656 -0.118305
v 0.056115 0.486027 -0.118284
v 0.057256 0.476855 -0.118106
v 0.057431 0.467454 -0.117710
v 0.057018 0.458135 -0.117034
v 0.056395 0.449211 -0.116019
v 0.048615 0.497260 -0.123162
v 0.052664 0.489732 -0.123388
v 0.054999 0.481375 -0.123533
v 0.056002 0.472494 -0.123528
v 0.056054 0.463389 -0.123304
v 0.055536 0.454363 -0.122792
v 0.054828 0.445719 -0.121924
v 0.047510 0.492705 -0.128284
v 0.051413 0.485382 -0.128594
v 0.053629 0.477254 -0.128830
v 0.054538 0.468615 -0.128920
v 0.054517 0.459758 -0.128790
v 0.053946 0.450979 -0.128367
v 0.053204 0.442572 -0.127580
v 0.046190 0.488711 -0.133564
v 0.049957 0.481556 -0.133901
v 0.052079 0.473615 -0.134167
v 0.052929 0.465176 -0.134287
v 0.052877 0.456525 -0.134186
v 0.052297 0.447951 -0.133791
v 0.051559 0.439741 -0.133027
v 0.044733 0.485220 -0.138971
v 0.048376 0.478201 -0.139290
v 0.050426 0.470411 -0.139536
v 0.051244 0.462133 -0.139634
v 0.051193 0.453650 -0.139511
v 0.050633 0.445244 -0.139094
v 0.049927 0.437197 -0.138309
v 0.043220 0.482177 -0.144474
v 0.046749 0.475265 -0.144741
v 0.048743 0.467594 -0.144929
v 0.049550 0.459445 -0.144967
v 0.049521 0.451095 -0.144783
v 0.049003 0.442824 -0.144306
v 0.048347 0.434911 -0.143465
v 0.041729 0.479526 -0.150040
v 0.045156 0.472695 -0.150232
v 0.047106 0.465117 -0.150338
v 0.047915 0.457067 -0.150289
v 0.047919 0.448822 -0.150018
v 0.047453 0.440658 -0.149457
v 0.046853 0.432852 -0.148539
v -0.034508 0.514216 -0.118029
v -0.024037 0.517916 -0.117962
v -0.012328 0.520135 -0.117923
v 0.000000 0.520875 -0.117909
v 0.012328 0.520135 -0.117923
v 0.024037 0.517916 -0.117962
v 0.034509 0.514216 -0.118029
v -0.034020 0.508673 -0.122728
v -0.023711 0.512255 -0.122588
v -0.012165 0.514404 -0.122505
v 0.000000 0.515121 -0.122477
v 0.012165 0.514404 -0.122505
v 0.023711 0.512255 -0.122588
v 0.034020 0.508673 -0.122728
v -0.033295 0.503807 -0.127721
v -0.023215 0.507292 -0.127541
v -0.011913 0.509382 -0.127433
v 0.000000 0.510079 -0.127397
v 0.011913 0.509383 -0.127433
v 0.023215 0.507292 -0.127541
v 0.033295 0.503807 -0.127721
v -0.032394 0.499558 -0.132959
v -0.022591 0.502962 -0.132767
v -0.011594 0.505005 -0.132651
v 0.000000 0.505686 -0.132612
v 0.011594 0.505005 -0.132651
v 0.022592 0.502962 -0.132767
v 0.032394 0.499558 -0.132959
v -0.031379 0.495862 -0.138394
v -0.021884 0.499203 -0.138210
v -0.011232 0.501207 -0.138100
v 0.000000 0.501875 -0.138063
v 0.011232 0.501207 -0.138100
v 0.021884 0.499203 -0.138210
v 0.031379 0.495862 -0.138394
v -0.030309 0.492659 -0.143976
v -0.021137 0.495949 -0.143817
v -0.010848 0.497923 -0.143722
v 0.000000 0.498580 -0.143690
v 0.010848 0.497923 -0.143722
v 0.021137 0.495949 -0.143817
v 0.030309 0.492659 -0.143976
v -0.029246 0.489885 -0.149657
v -0.020393 0.493136 -0.149533
v -0.010465 0.495087 -0.149459
v 0.000000 0.495738 -0.149435
v 0.010465 0.495087 -0.149459
v 0.020393 0.493136 -0.149533
v 0.029246 0.489885 -0.149657
v -0.047296 0.407675 -0.098222
v -0.051505 0.410286 -0.100489
v -0.054132 0.413496 -0.102968
v -0.055531 0.417376 -0.105546
v -0.056056 0.421996 -0.108111
v -0.056063 0.427426 -0.110550
v -0.055906 0.433735 -0.112751
v -0.046086 0.405452 -0.104502
v -0.050139 0.407986 -0.106773
v -0.052644 0.411101 -0.109250
v -0.053954 0.414864 -0.111815
v -0.054422 0.419345 -0.114352
v -0.054402 0.424609 -0.116744
v -0.054248 0.430724 -0.118876
v -0.044874 0.403418 -0.110340
v -0.048781 0.405880 -0.112617
v -0.051174 0.408908 -0.115095
v -0.052402 0.412567 -0.117656
v -0.052815 0.416923 -0.120181
v -0.052764 0.422042 -0.122552
v -0.052599 0.427989 -0.124649
v -0.043666 0.401559 -0.115809
v -0.047438 0.403956 -0.118092
v -0.049729 0.406904 -0.120577
v -0.050884 0.410469 -0.123142
v -0.051248 0.414715 -0.125669
v -0.051165 0.419706 -0.128037
v -0.050979 0.425507 -0.130128
v -0.042469 0.399866 -0.120984
v -0.046115 0.402202 -0.123274
v -0.048317 0.405076 -0.125767
v -0.049409 0.408555 -0.128343
v -0.049730 0.412702 -0.130882
v -0.049617 0.417581 -0.133265
v -0.049407 0.423257 -0.135371
v -0.041288 0.398327 -0.125937
v -0.044820 0.400604 -0.128236
v -0.046943 0.403410 -0.130740
v -0.047985 0.406810 -0.133331
v -0.048273 0.410868 -0.135890
v -0.048137 0.415649 -0.138299
v -0.047903 0.421216 -0.140438
v -0.040130 0.396930 -0.130743
v -0.043560 0.399152 -0.133050
v -0.045617 0.401893 -0.135567
v -0.046620 0.405220 -0.138176
v -0.046887 0.409197 -0.140761
v -0.046736 0.413889 -0.143204
v -0.046486 0.419362 -0.145387
vn -0.0063 -1.0000 -0.0063
vn -0.2711 0.9236 -0.2711
vn 0.0063 -1.0000 -0.0063
vn 0.2711 0.9236 -0.2711
vn -0.0063 -1.0000 0.0063
vn -0.2711 0.9236 0.2711
vn 0.0063 -1.0000 0.0063
vn 0.2711 0.9236 0.2711
vn -0.5847 0.5624 -0.5847
vn 0.5847 0.5624 -0.5847
vn 0.5847 0.5624 0.5847
vn -0.5847 0.5624 0.5847
vn -0.3424 0.8750 -0.3424
vn 0.3424 0.8750 -0.3424
vn 0.3424 0.8750 0.3424
vn -0.3424 0.8750 0.3424
vn 0.2549 -0.9328 -0.2549
vn 0.2549 -0.9328 0.2549
vn -0.2549 -0.9328 0.2549
vn -0.2549 -0.9328 -0.2549
vn 0.6597 -0.3599 -0.6597
vn -0.6597 -0.3599 -0.6597
vn 0.6597 -0.3599 0.6597
vn -0.6597 -0.3599 0.6597
vn 0.7069 -0.0265 -0.7069
vn 0.7069 -0.0265 0.7069
vn -0.7069 -0.0265 0.7069
vn -0.7069 -0.0265 -0.7069
vn 0.6008 0.5274 -0.6008
vn -0.6008 0.5274 -0.6008
vn 0.6008 0.5274 0.6008
vn -0.6008 0.5274 0.6008
vn 0.4881 0.7236 -0.4881
vn -0.4881 0.7236 -0.4881
vn 0.4880 0.7236 0.4881
vn -0.4880 0.7236 0.4881
vn 0.0941 0.9911 0.0941
vn -0.0941 0.9911 0.0941
vn -0.0940 0.9911 -0.0940
vn 0.0940 0.9911 -0.0940
vn 0.0582 -0.9967 -0.0569
vn 0.0469 -0.9978 0.0458
vn -0.0469 -0.9978 0.0458
vn -0.0582 -0.9967 -0.0569
vn 0.6503 -0.4744 -0.5933
vn 0.4870 -0.7585 0.4330
vn -0.4870 -0.7585 0.4330
vn -0.6503 -0.4744 -0.5933
vn 0.6423 0.5777 -0.5037
vn 0.7567 0.2692 0.5958
vn -0.7567 0.2692 0.5958
vn -0.6423 0.5777 -0.5037
vn 0.6418 0.6303 -0.4367
vn 0.8210 0.1848 0.5401
vn -0.8210 0.1848 0.5401
vn -0.6418 0.6303 -0.4367
vn 0.5902 0.6394 -0.4928
vn 0.8278 0.0942 0.5530
vn -0.8278 0.0942 0.5530
vn -0.5902 0.6394 -0.4928
vn 0.7020 0.3639 -0.6121
vn 0.7917 -0.0240 0.6104
vn -0.7917 -0.0240 0.6104
vn -0.7020 0.3639 -0.6121
vn 0.7507 0.0069 -0.6606
vn 0.7558 0.0562 0.6524
vn -0.7558 0.0562 0.6524
vn -0.7507 0.0069 -0.6606
vn 0.5429 -0.8355 -0.0846
vn 0.7435 0.2660 0.6135
vn -0.7435 0.2660 0.6135
vn -0.5429 -0.8355 -0.0846
vn 0.9772 0.0583 -0.2042
vn 0.7206 0.4905 0.4901
vn -0.7206 0.4905 0.4901
vn -0.9772 0.0583 -0.2042
vn 0.7002 0.6270 -0.3415
vn 0.4566 0.8697 0.1877
vn -0.4566 0.8697 0.1877
vn -0.7002 0.6270 -0.3415
vn -0.1624 -0.9590 -0.2324
vn 0.1624 -0.9590 -0.2324
vn -0.4250 -0.2971 -0.8551
vn 0.4200 -0.2677 -0.8671
vn -0.3762 0.3503 -0.8578
vn 0.3762 0.3503 -0.8578
vn 0.4323 0.5029 -0.7485
vn -0.4323 0.5029 -0.7485
vn -0.9790 -0.0617 -0.1943
vn -0.3070 -0.9120 0.2719
vn 0.9790 -0.0617 -0.1943
vn 0.3070 -0.9120 0.2719
vn 0.5934 0.6997 -0.3979
vn -0.9715 -0.0773 -0.2242
vn 0.9715 -0.0773 -0.2242
vn 0.3028 -0.9382 0.1674
vn -0.5934 0.6997 -0.3979
vn -0.3028 -0.9382 0.1674
vn 0.0047 -1.0000 -0.0065
vn 0.0031 -1.0000 -0.0064
vn 0.0016 -1.0000 -0.0064
vn -0.0000 -1.0000 -0.0064
vn -0.0016 -1.0000 -0.0064
vn -0.0031 -1.0000 -0.0064
vn -0.0047 -1.0000 -0.0065
vn -0.5077 0.6961 -0.5077
vn -0.4294 0.7945 -0.4294
vn -0.3614 0.8595 -0.3614
vn -0.3074 0.9005 -0.3074
vn -0.2689 0.9248 -0.2689
vn -0.2471 0.9370 -0.2471
vn -0.2454 0.9379 -0.2454
vn -0.2035 0.9227 -0.3273
vn -0.1342 0.9211 -0.3654
vn -0.0664 0.9199 -0.3865
vn -0.0000 0.9194 -0.3933
vn 0.0664 0.9199 -0.3865
vn 0.1342 0.9211 -0.3654
vn 0.2035 0.9227 -0.3273
vn 0.6834 -0.2567 -0.6834
vn 0.5150 -0.6852 -0.5150
vn 0.2500 -0.9354 -0.2500
vn 0.1041 -0.9891 -0.1041
vn 0.0461 -0.9979 -0.0461
vn 0.0220 -0.9995 -0.0220
vn 0.0110 -0.9999 -0.0110
vn 0.0065 -1.0000 0.0047
vn 0.0064 -1.0000 0.0031
vn 0.0064 -1.0000 0.0016
vn 0.0064 -1.0000 -0.0000
vn 0.0064 -1.0000 -0.0016
vn 0.0064 -1.0000 -0.0031
vn 0.0065 -1.0000 -0.0047
vn 0.3273 0.9227 -0.2035
vn 0.3654 0.9211 -0.1342
vn 0.3865 0.9199 -0.0664
vn 0.3933 0.9194 -0.0000
vn 0.3865 0.9199 0.0664
vn 0.3654 0.9211 0.1342
vn 0.3273 0.9227 0.2035
vn 0.6834 -0.2567 0.6834
vn 0.5150 -0.6852 0.5150
vn 0.2500 -0.9354 0.2500
vn 0.1041 -0.9891 0.1041
vn 0.0461 -0.9979 0.0461
vn 0.0220 -0.9995 0.0220
vn 0.0110 -0.9999 0.0110
vn -0.0047 -1.0000 0.0065
vn -0.0031 -1.0000 0.0064
vn -0.0016 -1.0000 0.0064
vn -0.0000 -1.0000 0.0064
vn 0.0016 -1.0000 0.0064
vn 0.0031 -1.0000 0.0064
vn 0.0047 -1.0000 0.0065
vn 0.2035 0.9227 0.3273
vn 0.1342 0.9211 0.3654
vn 0.0664 0.9199 0.3865
vn -0.0000 0.9194 0.3933
vn -0.0664 0.9199 0.3865
vn -0.1342 0.9211 0.3654
vn -0.2035 0.9227 0.3273
vn -0.6834 -0.2567 0.6834
vn -0.5150 -0.6852 0.5150
vn -0.2500 -0.9354 0.2500
vn -0.1041 -0.9891 0.1041
vn -0.0461 -0.9979 0.0461
vn -0.0220 -0.9995 0.0220
vn -0.0110 -0.9999 0.0110
vn -0.0065 -1.0000 -0.0047
vn -0.0064 -1.0000 -0.0031
vn -0.0064 -1.0000 -0.0016
vn -0.0064 -1.0000 -0.0000
vn -0.0064 -1.0000 0.0016
vn -0.0064 -1.0000 0.0031
vn -0.0065 -1.0000 0.0047
vn -0.3273 0.9227 0.2035
vn -0.3654 0.9211 0.1342
vn -0.3865 0.9199 0.0664
vn -0.3933 0.9194 -0.0000
vn -0.3865 0.9199 -0.0664
vn -0.3654 0.9211 -0.1342
vn -0.3273 0.9227 -0.2035
vn -0.7070 0.0129 -0.7070
vn -0.7066 0.0385 -0.7066
vn -0.7049 0.0781 -0.7049
vn -0.7009 0.1327 -0.7009
vn -0.6921 0.2050 -0.6921
vn -0.6747 0.2993 -0.6747
vn -0.6417 0.4199 -0.6417
vn 0.2454 0.9379 -0.2454
vn 0.2471 0.9370 -0.2471
vn 0.2689 0.9248 -0.2689
vn 0.3074 0.9005 -0.3074
vn 0.3614 0.8595 -0.3614
vn 0.4294 0.7945 -0.4294
vn 0.5077 0.6961 -0.5077
vn 0.2454 0.9379 0.2454
vn 0.2471 0.9370 0.2471
vn 0.2689 0.9248 0.2689
vn 0.3074 0.9005 0.3074
vn 0.3614 0.8595 0.3614
vn 0.4294 0.7945 0.4294
vn 0.5077 0.6961 0.5077
vn -0.2454 0.9379 0.2454
vn -0.2471 0.9370 0.2471
vn -0.2689 0.9248 0.2689
vn -0.3074 0.9005 0.3074
vn -0.3614 0.8595 0.3614
vn -0.4294 0.7945 0.4294
vn -0.5077 0.6961 0.5077
vn -0.7032 0.5605 0.4374
vn -0.7796 0.5569 0.2865
vn -0.8206 0.5539 0.1411
vn -0.8333 0.5528 -0.0000
vn -0.8206 0.5539 -0.1411
vn -0.7796 0.5569 -0.2865
vn -0.7032 0.5605 -0.4374
vn 0.4374 0.5605 0.7032
vn 0.2865 0.5569 0.7796
vn 0.1411 0.5539 0.8206
vn -0.0000 0.5528 0.8333
vn -0.1411 0.5539 0.8206
vn -0.2865 0.5569 0.7796
vn -0.4374 0.5605 0.7032
vn 0.7032 0.5605 -0.4374
vn 0.7796 0.5569 -0.2865
vn 0.8206 0.5539 -0.1411
vn 0.8333 0.5528 -0.0000
vn 0.8206 0.5539 0.1411
vn 0.7796 0.5569 0.2865
vn 0.7032 0.5605 0.4374
vn -0.4374 0.5605 -0.7032
vn -0.2865 0.5569 -0.7796
vn -0.1411 0.5539 -0.8206
vn -0.0000 0.5528 -0.8333
vn 0.1411 0.5539 -0.8206
vn 0.2865 0.5569 -0.7796
vn 0.4374 0.5605 -0.7032
vn -0.2566 0.8739 -0.4129
vn -0.1688 0.8718 -0.4599
vn -0.0834 0.8701 -0.4858
vn -0.0000 0.8694 -0.4941
vn 0.0834 0.8701 -0.4858
vn 0.1688 0.8718 -0.4599
vn 0.2566 0.8739 -0.4129
vn 0.4129 0.8739 -0.2566
vn 0.4599 0.8718 -0.1688
vn 0.4858 0.8701 -0.0834
vn 0.4941 0.8694 -0.0000
vn 0.4858 0.8701 0.0835
vn 0.4599 0.8718 0.1688
vn 0.4129 0.8739 0.2566
vn 0.2566 0.8739 0.4129
vn 0.1688 0.8718 0.4599
vn 0.0834 0.8701 0.4858
vn -0.0000 0.8694 0.4941
vn -0.0834 0.8701 0.4858
vn -0.1688 0.8718 0.4599
vn -0.2566 0.8739 0.4129
vn -0.4129 0.8739 0.2566
vn -0.4599 0.8718 0.1688
vn -0.4858 0.8701 0.0835
vn -0.4941 0.8694 -0.0000
vn -0.4858 0.8701 -0.0834
vn -0.4599 0.8718 -0.1688
vn -0.4129 0.8739 -0.2566
vn 0.4797 0.7347 -0.4797
vn 0.4700 0.7471 -0.4701
vn 0.4585 0.7613 -0.4585
vn 0.4444 0.7778 -0.4444
vn 0.4271 0.7970 -0.4271
vn 0.4054 0.8193 -0.4054
vn 0.3777 0.8454 -0.3777
vn 0.3157 -0.8948 0.3158
vn 0.4232 -0.8012 0.4232
vn 0.5923 -0.5462 0.5923
vn 0.7071 -0.0016 0.7071
vn 0.5959 0.5383 0.5959
vn 0.4335 0.7901 0.4335
vn 0.3302 0.8843 0.3302
vn -0.3158 -0.8948 0.3158
vn -0.4232 -0.8012 0.4232
vn -0.5923 -0.5462 0.5923
vn -0.7071 -0.0016 0.7071
vn -0.5959 0.5383 0.5959
vn -0.4335 0.7901 0.4335
vn -0.3302 0.8843 0.3302
vn -0.4797 0.7347 -0.4797
vn -0.4700 0.7471 -0.4701
vn -0.4585 0.7613 -0.4585
vn -0.4444 0.7778 -0.4444
vn -0.4271 0.7970 -0.4271
vn -0.4054 0.8193 -0.4054
vn -0.3777 0.8454 -0.3777
vn 0.3302 0.8843 -0.3302
vn 0.4335 0.7900 -0.4335
vn 0.5959 0.5383 -0.5959
vn 0.7071 -0.0016 -0.7071
vn 0.5923 -0.5462 -0.5923
vn 0.4232 -0.8012 -0.4232
vn 0.3158 -0.8948 -0.3158
vn 0.5724 -0.5871 0.5724
vn 0.4691 -0.7483 0.4691
vn 0.3776 -0.8455 0.3776
vn 0.3077 -0.9003 0.3077
vn 0.2599 -0.9300 0.2599
vn 0.2331 -0.9441 0.2331
vn 0.2292 -0.9460 0.2292
vn -0.5724 -0.5871 0.5724
vn -0.4691 -0.7483 0.4691
vn -0.3776 -0.8455 0.3776
vn -0.3077 -0.9003 0.3077
vn -0.2599 -0.9300 0.2599
vn -0.2331 -0.9441 0.2331
vn -0.2292 -0.9460 0.2292
vn -0.3302 0.8843 -0.3302
vn -0.4335 0.7900 -0.4335
vn -0.5959 0.5383 -0.5959
vn -0.7071 -0.0016 -0.7071
vn -0.5923 -0.5462 -0.5923
vn -0.4232 -0.8012 -0.4232
vn -0.3158 -0.8948 -0.3158
vn -0.3078 -0.9320 0.1914
vn -0.3436 -0.9306 0.1262
vn -0.3636 -0.9295 0.0625
vn -0.3700 -0.9290 -0.0000
vn -0.3636 -0.9295 -0.0625
vn -0.3436 -0.9306 -0.1262
vn -0.3078 -0.9320 -0.1914
vn -0.1914 -0.9320 -0.3078
vn -0.1262 -0.9306 -0.3436
vn -0.0625 -0.9295 -0.3636
vn -0.0000 -0.9290 -0.3700
vn 0.0625 -0.9295 -0.3636
vn 0.1262 -0.9306 -0.3436
vn 0.1914 -0.9320 -0.3078
vn 0.1914 -0.9320 0.3078
vn 0.1262 -0.9306 0.3436
vn 0.0625 -0.9295 0.3636
vn -0.0000 -0.9290 0.3700
vn -0.0625 -0.9295 0.3636
vn -0.1262 -0.9306 0.3436
vn -0.1914 -0.9320 0.3078
vn 0.3078 -0.9320 -0.1914
vn 0.3436 -0.9306 -0.1262
vn 0.3636 -0.9295 -0.0625
vn 0.3700 -0.9290 -0.0000
vn 0.3636 -0.9295 0.0625
vn 0.3436 -0.9306 0.1262
vn 0.3078 -0.9320 0.1914
vn 0.2292 -0.9460 -0.2292
vn 0.2331 -0.9441 -0.2331
vn 0.2599 -0.9300 -0.2599
vn 0.3077 -0.9003 -0.3077
vn 0.3776 -0.8455 -0.3776
vn 0.4691 -0.7483 -0.4691
vn 0.5724 -0.5871 -0.5724
vn -0.2292 -0.9460 -0.2292
vn -0.2331 -0.9441 -0.2331
vn -0.2599 -0.9300 -0.2599
vn -0.3077 -0.9003 -0.3077
vn -0.3776 -0.8455 -0.3776
vn -0.4691 -0.7483 -0.4691
vn -0.5724 -0.5871 -0.5724
vn 0.6181 0.4857 0.6181
vn 0.6359 0.4373 0.6359
vn 0.6546 0.3782 0.6546
vn 0.6739 0.3028 0.6739
vn 0.6924 0.2026 0.6924
vn 0.7056 0.0653 0.7056
vn 0.7017 -0.1233 0.7017
vn -0.6181 0.4857 0.6181
vn -0.6359 0.4373 0.6359
vn -0.6546 0.3782 0.6546
vn -0.6739 0.3028 0.6739
vn -0.6924 0.2026 0.6924
vn -0.7056 0.0653 0.7056
vn -0.7017 -0.1233 0.7017
vn -0.7925 -0.3586 0.4933
vn -0.8771 -0.3558 0.3227
vn -0.9219 -0.3534 0.1587
vn -0.9358 -0.3526 -0.0000
vn -0.9219 -0.3534 -0.1587
vn -0.8771 -0.3558 -0.3227
vn -0.7925 -0.3586 -0.4933
vn -0.4933 -0.3586 -0.7925
vn -0.3227 -0.3558 -0.8771
vn -0.1587 -0.3534 -0.9219
vn -0.0000 -0.3526 -0.9358
vn 0.1587 -0.3534 -0.9219
vn 0.3227 -0.3558 -0.8771
vn 0.4933 -0.3586 -0.7925
vn 0.4933 -0.3586 0.7925
vn 0.3227 -0.3558 0.8771
vn 0.1587 -0.3534 0.9219
vn -0.0000 -0.3526 0.9358
vn -0.1587 -0.3534 0.9219
vn -0.3227 -0.3558 0.8771
vn -0.4933 -0.3586 0.7925
vn 0.7925 -0.3586 -0.4933
vn 0.8771 -0.3558 -0.3227
vn 0.9219 -0.3535 -0.1587
vn 0.9358 -0.3526 -0.0000
vn 0.9219 -0.3534 0.1587
vn 0.8771 -0.3558 0.3227
vn 0.7925 -0.3586 0.4933
vn 0.6417 0.4199 -0.6417
vn 0.6747 0.2993 -0.6747
vn 0.6921 0.2050 -0.6921
vn 0.7009 0.1327 -0.7009
vn 0.7049 0.0781 -0.7049
vn 0.7066 0.0385 -0.7066
vn 0.7070 0.0129 -0.7070
vn 0.6417 0.4199 0.6417
vn 0.6747 0.2993 0.6747
vn 0.6921 0.2050 0.6921
vn 0.7009 0.1327 0.7009
vn 0.7049 0.0781 0.7049
vn 0.7066 0.0385 0.7066
vn 0.7070 0.0129 0.7070
vn -0.6417 0.4199 0.6417
vn -0.6747 0.2993 0.6747
vn -0.6921 0.2050 0.6921
vn -0.7009 0.1327 0.7009
vn -0.7049 0.0781 0.7049
vn -0.7066 0.0385 0.7066
vn -0.7070 0.0129 0.7070
vn -0.0110 -0.9999 -0.0110
vn -0.0220 -0.9995 -0.0220
vn -0.0461 -0.9979 -0.0461
vn -0.1041 -0.9891 -0.1041
vn -0.2500 -0.9354 -0.2500
vn -0.5150 -0.6852 -0.5150
vn -0.6834 -0.2567 -0.6834
vn -0.5281 -0.0263 -0.8487
vn -0.3450 -0.0258 -0.9383
vn -0.1695 -0.0255 -0.9852
vn -0.0000 -0.0253 -0.9997
vn 0.1695 -0.0255 -0.9852
vn 0.3450 -0.0258 -0.9383
vn 0.5281 -0.0263 -0.8487
vn 0.8487 -0.0263 -0.5281
vn 0.9383 -0.0258 -0.3450
vn 0.9852 -0.0255 -0.1695
vn 0.9997 -0.0253 -0.0000
vn 0.9852 -0.0255 0.1695
vn 0.9383 -0.0258 0.3450
vn 0.8487 -0.0263 0.5281
vn 0.5281 -0.0263 0.8487
vn 0.3450 -0.0258 0.9383
vn 0.1695 -0.0255 0.9852
vn -0.0000 -0.0253 0.9997
vn -0.1695 -0.0255 0.9852
vn -0.3450 -0.0258 0.9383
vn -0.5281 -0.0263 0.8487
vn -0.8487 -0.0263 0.5281
vn -0.9383 -0.0258 0.3450
vn -0.9852 -0.0255 0.1695
vn -0.9997 -0.0253 -0.0000
vn -0.9852 -0.0255 -0.1695
vn -0.9383 -0.0258 -0.3450
vn -0.8487 -0.0263 -0.5281
vn 0.7017 -0.1233 -0.7017
vn 0.7056 0.0653 -0.7056
vn 0.6924 0.2026 -0.6924
vn 0.6739 0.3028 -0.6739
vn 0.6546 0.3782 -0.6546
vn 0.6359 0.4373 -0.6359
vn 0.6181 0.4857 -0.6181
vn -0.7017 -0.1233 -0.7017
vn -0.7056 0.0653 -0.7056
vn -0.6924 0.2026 -0.6924
vn -0.6739 0.3028 -0.6739
vn -0.6546 0.3782 -0.6546
vn -0.6359 0.4373 -0.6359
vn -0.6181 0.4857 -0.6181
vn 0.4969 0.7115 0.4969
vn 0.5075 0.6964 0.5075
vn 0.5200 0.6776 0.5200
vn 0.5342 0.6552 0.5342
vn 0.5498 0.6288 0.5498
vn 0.5664 0.5987 0.5664
vn 0.5835 0.5648 0.5835
vn -0.4969 0.7115 0.4969
vn -0.5075 0.6964 0.5075
vn -0.5200 0.6776 0.5200
vn -0.5342 0.6552 0.5342
vn -0.5498 0.6288 0.5498
vn -0.5664 0.5987 0.5664
vn -0.5835 0.5648 0.5835
vn -0.7225 0.5253 0.4494
vn -0.8010 0.5214 0.2943
vn -0.8429 0.5182 0.1449
vn -0.8560 0.5170 -0.0000
vn -0.8429 0.5182 -0.1449
vn -0.8010 0.5214 -0.2943
vn -0.7225 0.5253 -0.4494
vn -0.4494 0.5253 -0.7225
vn -0.2943 0.5214 -0.8010
vn -0.1449 0.5182 -0.8429
vn -0.0000 0.5170 -0.8560
vn 0.1449 0.5182 -0.8429
vn 0.2943 0.5214 -0.8010
vn 0.4494 0.5253 -0.7225
vn 0.4494 0.5253 0.7225
vn 0.2943 0.5214 0.8010
vn 0.1449 0.5182 0.8429
vn -0.0000 0.5170 0.8560
vn -0.1449 0.5182 0.8429
vn -0.2943 0.5214 0.8010
vn -0.4494 0.5253 0.7225
vn 0.7225 0.5253 -0.4494
vn 0.8010 0.5214 -0.2943
vn 0.8429 0.5182 -0.1449
vn 0.8560 0.5170 -0.0000
vn 0.8429 0.5182 0.1449
vn 0.8010 0.5214 0.2943
vn 0.7225 0.5253 0.4494
vn -0.1012 0.9897 0.1012
vn -0.1184 0.9859 0.1184
vn -0.1445 0.9789 0.1445
vn -0.1778 0.9679 0.1778
vn -0.2165 0.9520 0.2165
vn -0.2583 0.9309 0.2583
vn -0.3011 0.9048 0.3011
vn 0.1012 0.9897 -0.1012
vn 0.1184 0.9859 -0.1184
vn 0.1444 0.9789 -0.1444
vn 0.1778 0.9679 -0.1778
vn 0.2164 0.9520 -0.2164
vn 0.2582 0.9309 -0.2583
vn 0.3011 0.9048 -0.3011
vn 0.5835 0.5648 -0.5835
vn 0.5664 0.5987 -0.5664
vn 0.5498 0.6288 -0.5498
vn 0.5342 0.6551 -0.5342
vn 0.5200 0.6776 -0.5200
vn 0.5075 0.6963 -0.5075
vn 0.4969 0.7115 -0.4969
vn -0.5835 0.5648 -0.5835
vn -0.5664 0.5987 -0.5664
vn -0.5498 0.6288 -0.5498
vn -0.5342 0.6552 -0.5342
vn -0.5200 0.6776 -0.5200
vn -0.5075 0.6963 -0.5075
vn -0.4969 0.7115 -0.4969
vn 0.3777 0.8454 0.3777
vn 0.4054 0.8194 0.4054
vn 0.4270 0.7970 0.4271
vn 0.4444 0.7779 0.4444
vn 0.4584 0.7614 0.4584
vn 0.4700 0.7471 0.4700
vn 0.4797 0.7348 0.4797
vn -0.3777 0.8454 0.3777
vn -0.4054 0.8194 0.4054
vn -0.4270 0.7970 0.4271
vn -0.4444 0.7779 0.4444
vn -0.4584 0.7614 0.4584
vn -0.4700 0.7471 0.4700
vn -0.4797 0.7348 0.4797
vn -0.5879 0.7217 0.3655
vn -0.6534 0.7180 0.2400
vn -0.6890 0.7150 0.1184
vn -0.7003 0.7139 -0.0000
vn -0.6891 0.7150 -0.1184
vn -0.6534 0.7179 -0.2400
vn -0.5879 0.7216 -0.3655
vn -0.3655 0.7217 -0.5879
vn -0.2400 0.7180 -0.6534
vn -0.1184 0.7150 -0.6890
vn -0.0000 0.7140 -0.7002
vn 0.1184 0.7150 -0.6890
vn 0.2400 0.7180 -0.6534
vn 0.3655 0.7217 -0.5879
vn 0.3655 0.7217 0.5878
vn 0.2400 0.7180 0.6533
vn 0.1184 0.7151 0.6890
vn -0.0000 0.7140 0.7002
vn -0.1184 0.7151 0.6890
vn -0.2400 0.7180 0.6533
vn -0.3655 0.7217 0.5878
vn 0.5879 0.7216 -0.3655
vn 0.6534 0.7179 -0.2400
vn 0.6891 0.7150 -0.1184
vn 0.7003 0.7139 -0.0000
vn 0.6890 0.7150 0.1184
vn 0.6534 0.7180 0.2400
vn 0.5879 0.7217 0.3655
vn 0.3011 0.9048 0.3011
vn 0.2583 0.9309 0.2583
vn 0.2165 0.9520 0.2165
vn 0.1778 0.9679 0.1778
vn 0.1445 0.9789 0.1445
vn 0.1184 0.9859 0.1184
vn 0.1012 0.9897 0.1012
vn -0.3011 0.9048 -0.3011
vn -0.2582 0.9309 -0.2583
vn -0.2164 0.9520 -0.2164
vn -0.1778 0.9679 -0.1778
vn -0.1444 0.9789 -0.1444
vn -0.1184 0.9859 -0.1184
vn -0.1012 0.9897 -0.1012
vn 0.1135 0.9910 -0.0706
vn 0.1268 0.9908 -0.0465
vn 0.1343 0.9907 -0.0231
vn 0.1367 0.9906 -0.0000
vn 0.1343 0.9907 0.0231
vn 0.1269 0.9908 0.0466
vn 0.1136 0.9910 0.0706
vn -0.1136 0.9910 0.0706
vn -0.1269 0.9908 0.0466
vn -0.1343 0.9907 0.0231
vn -0.1367 0.9906 -0.0000
vn -0.1343 0.9907 -0.0231
vn -0.1268 0.9908 -0.0465
vn -0.1135 0.9910 -0.0706
vn -0.0706 0.9910 -0.1136
vn -0.0466 0.9908 -0.1269
vn -0.0231 0.9907 -0.1343
vn -0.0000 0.9906 -0.1367
vn 0.0231 0.9907 -0.1343
vn 0.0466 0.9908 -0.1269
vn 0.0706 0.9910 -0.1136
vn 0.0707 0.9910 0.1137
vn 0.0466 0.9908 0.1270
vn 0.0231 0.9906 0.1345
vn -0.0000 0.9906 0.1369
vn -0.0231 0.9906 0.1345
vn -0.0466 0.9908 0.1270
vn -0.0707 0.9910 0.1137
vn 0.0706 -0.9966 -0.0429
vn 0.0785 -0.9965 -0.0282
vn 0.0821 -0.9965 -0.0138
vn 0.0816 -0.9967 0.0001
vn 0.0775 -0.9969 0.0131
vn 0.0701 -0.9972 0.0252
vn 0.0596 -0.9976 0.0363
vn -0.0596 -0.9976 0.0363
vn -0.0701 -0.9972 0.0252
vn -0.0775 -0.9969 0.0131
vn -0.0816 -0.9967 0.0001
vn -0.0821 -0.9965 -0.0138
vn -0.0785 -0.9965 -0.0282
vn -0.0705 -0.9966 -0.0429
vn -0.0434 -0.9967 -0.0683
vn -0.0285 -0.9967 -0.0757
vn -0.0140 -0.9967 -0.0797
vn -0.0000 -0.9967 -0.0810
vn 0.0140 -0.9967 -0.0797
vn 0.0285 -0.9967 -0.0757
vn 0.0434 -0.9967 -0.0683
vn 0.0337 -0.9980 0.0530
vn 0.0215 -0.9981 0.0573
vn 0.0105 -0.9982 0.0596
vn -0.0000 -0.9982 0.0603
vn -0.0105 -0.9982 0.0596
vn -0.0215 -0.9981 0.0573
vn -0.0337 -0.9980 0.0530
vn -0.0975 0.9905 0.0974
vn -0.1150 0.9867 0.1147
vn -0.1720 0.9703 0.1702
vn -0.5730 0.6261 0.5289
vn -0.5062 -0.6702 0.5428
vn -0.1268 -0.9837 0.1273
vn -0.0677 -0.9955 0.0669
vn -0.0883 -0.9923 -0.0868
vn -0.1921 -0.9630 -0.1889
vn -0.6956 -0.2023 -0.6894
vn -0.3429 0.8736 -0.3454
vn -0.1515 0.9768 -0.1516
vn -0.1107 0.9877 -0.1108
vn -0.0966 0.9906 -0.0966
vn 0.0883 -0.9923 -0.0868
vn 0.1921 -0.9630 -0.1889
vn 0.6956 -0.2023 -0.6894
vn 0.3428 0.8736 -0.3454
vn 0.1515 0.9768 -0.1516
vn 0.1107 0.9877 -0.1108
vn 0.0966 0.9906 -0.0966
vn 0.0677 -0.9955 0.0669
vn 0.1268 -0.9837 0.1273
vn 0.5062 -0.6701 0.5428
vn 0.5730 0.6261 0.5288
vn 0.1720 0.9703 0.1702
vn 0.1150 0.9867 0.1147
vn 0.0975 0.9905 0.0974
vn 0.7719 -0.4587 -0.4402
vn 0.8418 -0.4580 -0.2857
vn 0.8680 -0.4761 -0.1406
vn 0.8582 -0.5133 -0.0055
vn 0.8150 -0.5666 0.1212
vn 0.7381 -0.6309 0.2392
vn 0.6268 -0.6983 0.3456
vn -0.6268 -0.6983 0.3456
vn -0.7381 -0.6309 0.2392
vn -0.8150 -0.5666 0.1212
vn -0.8582 -0.5133 -0.0055
vn -0.8680 -0.4761 -0.1406
vn -0.8418 -0.4580 -0.2857
vn -0.7719 -0.4587 -0.4402
vn -0.4900 -0.4974 -0.7159
vn -0.3211 -0.5189 -0.7922
vn -0.1578 -0.5333 -0.8311
vn -0.0000 -0.5383 -0.8428
vn 0.1578 -0.5333 -0.8311
vn 0.3211 -0.5189 -0.7922
vn 0.4900 -0.4974 -0.7159
vn 0.3413 -0.8017 0.4907
vn 0.2130 -0.8268 0.5207
vn 0.1020 -0.8393 0.5341
vn -0.0000 -0.8430 0.5378
vn -0.1020 -0.8393 0.5341
vn -0.2130 -0.8268 0.5207
vn -0.3413 -0.8017 0.4907
vn -0.0536 -0.9972 -0.0521
vn -0.0672 -0.9956 -0.0648
vn -0.0955 -0.9912 -0.0913
vn -0.1406 -0.9811 -0.1332
vn -0.2096 -0.9577 -0.1969
vn -0.3162 -0.9019 -0.2942
vn -0.4743 -0.7642 -0.4371
vn 0.4743 -0.7642 -0.4371
vn 0.3162 -0.9019 -0.2942
vn 0.2096 -0.9577 -0.1969
vn 0.1406 -0.9811 -0.1332
vn 0.0955 -0.9912 -0.0913
vn 0.0672 -0.9956 -0.0648
vn 0.0536 -0.9972 -0.0520
vn 0.3410 -0.8886 0.3069
vn 0.2333 -0.9488 0.2129
vn 0.1607 -0.9758 0.1485
vn 0.1111 -0.9884 0.1039
vn 0.0772 -0.9943 0.0729
vn 0.0551 -0.9971 0.0525
vn 0.0440 -0.9981 0.0424
vn -0.3410 -0.8886 0.3069
vn -0.2333 -0.9488 0.2129
vn -0.1607 -0.9758 0.1485
vn -0.1111 -0.9884 0.1039
vn -0.0772 -0.9943 0.0729
vn -0.0551 -0.9971 0.0525
vn -0.0440 -0.9981 0.0424
vn 0.7261 0.5861 -0.3594
vn 0.7780 0.5832 -0.2334
vn 0.8128 0.5697 -0.1214
vn 0.8385 0.5447 -0.0132
vn 0.8565 0.5060 0.1024
vn 0.8610 0.4499 0.2372
vn 0.8367 0.3716 0.4023
vn -0.8367 0.3716 0.4023
vn -0.8610 0.4499 0.2372
vn -0.8565 0.5060 0.1024
vn -0.8385 0.5447 -0.0132
vn -0.8128 0.5697 -0.1214
vn -0.7780 0.5832 -0.2334
vn -0.7261 0.5861 -0.3594
vn -0.5194 0.5575 -0.6477
vn -0.3648 0.5313 -0.7646
vn -0.1882 0.5096 -0.8396
vn -0.0000 0.5013 -0.8653
vn 0.1882 0.5096 -0.8396
vn 0.3648 0.5313 -0.7646
vn 0.5194 0.5575 -0.6477
vn 0.6091 0.1573 0.7774
vn 0.4181 0.0630 0.9062
vn 0.2107 0.0029 0.9775
vn -0.0000 -0.0174 0.9998
vn -0.2107 0.0029 0.9775
vn -0.4181 0.0630 0.9062
vn -0.6091 0.1573 0.7774
vn 0.7390 -0.1009 -0.6661
vn 0.7342 0.1879 -0.6525
vn 0.7019 0.3613 -0.6138
vn 0.6729 0.4620 -0.5778
vn 0.6530 0.5213 -0.5495
vn 0.6419 0.5556 -0.5284
vn 0.6388 0.5730 -0.5135
vn 0.7520 0.2567 0.6071
vn 0.7520 0.2200 0.6214
vn 0.7551 0.1532 0.6374
vn 0.7574 0.0482 0.6512
vn 0.7494 -0.1053 0.6537
vn 0.7133 -0.3111 0.6281
vn 0.6265 -0.5481 0.5542
vn -0.7520 0.2567 0.6071
vn -0.7520 0.2200 0.6214
vn -0.7551 0.1532 0.6374
vn -0.7574 0.0482 0.6512
vn -0.7494 -0.1053 0.6537
vn -0.7133 -0.3111 0.6281
vn -0.6265 -0.5481 0.5542
vn -0.6388 0.5730 -0.5135
vn -0.6419 0.5556 -0.5284
vn -0.6530 0.5213 -0.5495
vn -0.6729 0.4620 -0.5778
vn -0.7019 0.3613 -0.6138
vn -0.7342 0.1879 -0.6525
vn -0.7390 -0.1009 -0.6661
vn 0.7430 0.5795 -0.3350
vn 0.8147 0.5280 -0.2396
vn 0.8666 0.4766 -0.1477
vn 0.9041 0.4242 -0.0524
vn 0.9275 0.3699 0.0545
vn 0.9321 0.3127 0.1828
vn 0.9048 0.2511 0.3439
vn -0.9048 0.2511 0.3439
vn -0.9321 0.3127 0.1828
vn -0.9275 0.3699 0.0545
vn -0.9041 0.4242 -0.0524
vn -0.8666 0.4766 -0.1477
vn -0.8147 0.5280 -0.2396
vn -0.7430 0.5795 -0.3350
vn -0.5096 0.6744 -0.5343
vn -0.3540 0.7067 -0.6126
vn -0.1817 0.7261 -0.6631
vn -0.0000 0.7326 -0.6807
vn 0.1817 0.7261 -0.6631
vn 0.3540 0.7067 -0.6126
vn 0.5096 0.6744 -0.5343
vn 0.6677 0.1211 0.7345
vn 0.4647 0.0714 0.8826
vn 0.2369 0.0410 0.9707
vn -0.0000 0.0308 0.9995
vn -0.2369 0.0410 0.9707
vn -0.4647 0.0714 0.8826
vn -0.6677 0.1211 0.7345
vn 0.7642 0.2677 0.5868
vn 0.7726 0.2620 0.5784
vn 0.7812 0.2540 0.5703
vn 0.7900 0.2437 0.5626
vn 0.7986 0.2313 0.5556
vn 0.8069 0.2171 0.5493
vn 0.8145 0.2014 0.5441
vn -0.8145 0.2014 0.5441
vn -0.8069 0.2171 0.5493
vn -0.7986 0.2313 0.5556
vn -0.7900 0.2437 0.5626
vn -0.7812 0.2540 0.5703
vn -0.7726 0.2620 0.5784
vn -0.7642 0.2677 0.5868
vn -0.6521 0.6142 -0.4444
vn -0.6585 0.6011 -0.4528
vn -0.6613 0.5912 -0.4617
vn -0.6613 0.5841 -0.4707
vn -0.6590 0.5794 -0.4797
vn -0.6547 0.5770 -0.4883
vn -0.6488 0.5769 -0.4962
vn 0.6521 0.6142 -0.4444
vn 0.6585 0.6011 -0.4528
vn 0.6613 0.5912 -0.4617
vn 0.6613 0.5841 -0.4707
vn 0.6590 0.5794 -0.4797
vn 0.6547 0.5770 -0.4883
vn 0.6488 0.5769 -0.4962
vn 0.7484 0.5223 -0.4088
vn 0.8620 0.4052 -0.3046
vn 0.9325 0.3057 -0.1923
vn 0.9705 0.2291 -0.0756
vn 0.9836 0.1737 0.0489
vn 0.9725 0.1352 0.1896
vn 0.9276 0.1097 0.3571
vn -0.9276 0.1097 0.3571
vn -0.9725 0.1352 0.1896
vn -0.9836 0.1737 0.0489
vn -0.9705 0.2291 -0.0756
vn -0.9325 0.3057 -0.1923
vn -0.8620 0.4052 -0.3046
vn -0.7484 0.5223 -0.4088
vn -0.4148 0.7303 -0.5427
vn -0.2562 0.7862 -0.5623
vn -0.1212 0.8147 -0.5670
vn -0.0000 0.8234 -0.5675
vn 0.1212 0.8147 -0.5670
vn 0.2562 0.7862 -0.5623
vn 0.4148 0.7303 -0.5427
vn 0.6646 0.0875 0.7420
vn 0.4592 0.0872 0.8841
vn 0.2333 0.0890 0.9683
vn -0.0000 0.0900 0.9959
vn -0.2333 0.0890 0.9683
vn -0.4592 0.0872 0.8841
vn -0.6646 0.0875 0.7420
vn -0.6292 0.6467 -0.4311
vn -0.6160 0.6607 -0.4290
vn -0.6031 0.6715 -0.4306
vn -0.5914 0.6785 -0.4357
vn -0.5825 0.6805 -0.4445
vn -0.5780 0.6761 -0.4570
vn -0.5802 0.6629 -0.4732
vn 0.5802 0.6629 -0.4732
vn 0.5780 0.6761 -0.4570
vn 0.5825 0.6805 -0.4445
vn 0.5914 0.6785 -0.4357
vn 0.6031 0.6715 -0.4306
vn 0.6160 0.6607 -0.4290
vn 0.6292 0.6467 -0.4311
vn 0.8301 0.1026 0.5481
vn 0.8318 0.1113 0.5438
vn 0.8328 0.1207 0.5402
vn 0.8330 0.1310 0.5376
vn 0.8320 0.1423 0.5362
vn 0.8298 0.1548 0.5362
vn 0.8262 0.1689 0.5375
vn -0.8301 0.1026 0.5481
vn -0.8318 0.1113 0.5438
vn -0.8328 0.1207 0.5402
vn -0.8330 0.1310 0.5376
vn -0.8320 0.1423 0.5362
vn -0.8298 0.1548 0.5362
vn -0.8262 0.1689 0.5375
vn 0.8418 0.2503 -0.4782
vn 0.9314 0.1406 -0.3356
vn 0.9798 0.0480 -0.1943
vn 0.9983 -0.0216 -0.0548
vn 0.9940 -0.0653 0.0876
vn 0.9669 -0.0815 0.2417
vn 0.9064 -0.0679 0.4169
vn -0.9064 -0.0679 0.4169
vn -0.9669 -0.0815 0.2416
vn -0.9940 -0.0653 0.0876
vn -0.9983 -0.0216 -0.0548
vn -0.9798 0.0480 -0.1943
vn -0.9314 0.1406 -0.3356
vn -0.8418 0.2503 -0.4782
vn -0.5262 0.4597 -0.7154
vn -0.3440 0.5249 -0.7786
vn -0.1689 0.5610 -0.8104
vn -0.0000 0.5725 -0.8199
vn 0.1689 0.5610 -0.8104
vn 0.3440 0.5249 -0.7786
vn 0.5262 0.4597 -0.7154
vn 0.6202 0.0391 0.7835
vn 0.4192 0.1002 0.9024
vn 0.2099 0.1422 0.9673
vn -0.0000 0.1569 0.9876
vn -0.2099 0.1422 0.9673
vn -0.4192 0.1002 0.9024
vn -0.6202 0.0391 0.7835
vn 0.8252 0.0853 0.5584
vn 0.8222 0.0748 0.5642
vn 0.8188 0.0624 0.5706
vn 0.8149 0.0481 0.5776
vn 0.8103 0.0319 0.5852
vn 0.8049 0.0141 0.5932
vn 0.7987 -0.0050 0.6017
vn -0.7987 -0.0050 0.6017
vn -0.8049 0.0141 0.5932
vn -0.8103 0.0319 0.5852
vn -0.8149 0.0481 0.5776
vn -0.8188 0.0624 0.5706
vn -0.8222 0.0748 0.5642
vn -0.8252 0.0853 0.5584
vn -0.6939 0.3946 -0.6023
vn -0.6834 0.4280 -0.5915
vn -0.6704 0.4637 -0.5793
vn -0.6554 0.5006 -0.5655
vn -0.6391 0.5377 -0.5500
vn -0.6221 0.5739 -0.5325
vn -0.6054 0.6083 -0.5133
vn 0.6939 0.3946 -0.6023
vn 0.6834 0.4280 -0.5915
vn 0.6704 0.4637 -0.5793
vn 0.6554 0.5006 -0.5655
vn 0.6391 0.5377 -0.5500
vn 0.6221 0.5739 -0.5325
vn 0.6054 0.6083 -0.5133
vn 0.8637 -0.0403 -0.5023
vn 0.9334 -0.0823 -0.3494
vn 0.9725 -0.1140 -0.2032
vn 0.9897 -0.1307 -0.0577
vn 0.9873 -0.1273 0.0951
vn 0.9595 -0.0975 0.2641
vn 0.8898 -0.0356 0.4549
vn -0.8898 -0.0356 0.4549
vn -0.9595 -0.0975 0.2641
vn -0.9873 -0.1273 0.0951
vn -0.9897 -0.1307 -0.0577
vn -0.9725 -0.1140 -0.2032
vn -0.9334 -0.0823 -0.3494
vn -0.8637 -0.0403 -0.5023
vn -0.5926 0.0522 -0.8038
vn -0.4060 0.0882 -0.9096
vn -0.2056 0.1109 -0.9723
vn -0.0000 0.1186 -0.9929
vn 0.2056 0.1109 -0.9723
vn 0.4060 0.0882 -0.9096
vn 0.5926 0.0522 -0.8038
vn 0.5679 0.1539 0.8086
vn 0.3692 0.2302 0.9004
vn 0.1802 0.2761 0.9441
vn -0.0000 0.2912 0.9567
vn -0.1802 0.2761 0.9441
vn -0.3692 0.2302 0.9004
vn -0.5679 0.1539 0.8086
vn -0.7843 -0.0396 0.6191
vn -0.7774 -0.0482 0.6272
vn -0.7713 -0.0489 0.6346
vn -0.7664 -0.0415 0.6411
vn -0.7626 -0.0264 0.6464
vn -0.7598 -0.0042 0.6502
vn -0.7576 0.0240 0.6523
vn -0.7475 0.0634 -0.6612
vn -0.7433 0.1162 -0.6588
vn -0.7378 0.1668 -0.6541
vn -0.7313 0.2143 -0.6475
vn -0.7241 0.2580 -0.6396
vn -0.7167 0.2975 -0.6307
vn -0.7093 0.3326 -0.6215
vn 0.7475 0.0634 -0.6612
vn 0.7433 0.1162 -0.6588
vn 0.7378 0.1668 -0.6541
vn 0.7313 0.2143 -0.6475
vn 0.7241 0.2580 -0.6396
vn 0.7167 0.2975 -0.6307
vn 0.7093 0.3326 -0.6215
vn 0.7576 0.0240 0.6523
vn 0.7598 -0.0042 0.6502
vn 0.7626 -0.0264 0.6464
vn 0.7664 -0.0415 0.6411
vn 0.7713 -0.0489 0.6346
vn 0.7774 -0.0482 0.6272
vn 0.7843 -0.0396 0.6191
vn 0.7804 -0.6041 -0.1613
vn 0.9106 -0.3732 -0.1774
vn 0.9682 -0.2087 -0.1378
vn 0.9939 -0.0930 -0.0587
vn 0.9984 -0.0021 0.0570
vn 0.9734 0.0831 0.2137
vn 0.8958 0.1738 0.4091
vn -0.8958 0.1738 0.4091
vn -0.9734 0.0831 0.2137
vn -0.9984 -0.0021 0.0570
vn -0.9939 -0.0930 -0.0587
vn -0.9682 -0.2087 -0.1378
vn -0.9106 -0.3732 -0.1774
vn -0.7804 -0.6041 -0.1613
vn -0.2992 -0.9529 -0.0490
vn -0.1737 -0.9835 -0.0495
vn -0.0812 -0.9953 -0.0525
vn -0.0000 -0.9985 -0.0540
vn 0.0812 -0.9953 -0.0525
vn 0.1737 -0.9835 -0.0495
vn 0.2992 -0.9529 -0.0490
vn 0.5420 0.3382 0.7693
vn 0.3444 0.3810 0.8580
vn 0.1661 0.4022 0.9004
vn -0.0000 0.4085 0.9127
vn -0.1661 0.4022 0.9004
vn -0.3444 0.3810 0.8580
vn -0.5420 0.3382 0.7693
vn -0.7537 -0.0656 -0.6540
vn -0.7543 -0.1661 -0.6352
vn -0.7465 -0.2916 -0.5980
vn -0.7246 -0.4314 -0.5374
vn -0.6861 -0.5702 -0.4518
vn -0.6369 -0.6885 -0.3470
vn -0.5922 -0.7722 -0.2303
vn 0.5922 -0.7722 -0.2303
vn 0.6369 -0.6885 -0.3470
vn 0.6861 -0.5702 -0.4518
vn 0.7246 -0.4314 -0.5374
vn 0.7465 -0.2916 -0.5980
vn 0.7543 -0.1661 -0.6352
vn 0.7537 -0.0656 -0.6540
vn 0.7444 0.2460 0.6208
vn 0.7454 0.2249 0.6275
vn 0.7468 0.2020 0.6336
vn 0.7484 0.1770 0.6392
vn 0.7502 0.1500 0.6440
vn 0.7521 0.1208 0.6479
vn 0.7540 0.0894 0.6507
vn -0.7444 0.2460 0.6208
vn -0.7454 0.2249 0.6275
vn -0.7468 0.2020 0.6336
vn -0.7484 0.1770 0.6392
vn -0.7502 0.1500 0.6440
vn -0.7521 0.1208 0.6479
vn -0.7540 0.0894 0.6507
vn 0.9772 0.0739 -0.1992
vn 0.9794 0.0969 -0.1773
vn 0.9822 0.1288 -0.1371
vn 0.9823 0.1716 -0.0752
vn 0.9734 0.2287 0.0147
vn 0.9424 0.3037 0.1406
vn 0.8658 0.3960 0.3060
vn -0.8658 0.3960 0.3060
vn -0.9424 0.3037 0.1406
vn -0.9734 0.2287 0.0147
vn -0.9823 0.1716 -0.0752
vn -0.9822 0.1288 -0.1371
vn -0.9794 0.0969 -0.1773
vn -0.9772 0.0739 -0.1992
vn 0.6111 0.6998 -0.3700
vn 0.6195 0.6905 -0.3733
vn 0.6164 0.6697 -0.4141
vn 0.5975 0.6326 -0.4928
vn 0.5607 0.5774 -0.5935
vn 0.5077 0.5071 -0.6965
vn 0.4425 0.4268 -0.7887
vn 0.5281 0.5585 0.6397
vn 0.3376 0.5938 0.7303
vn 0.1636 0.6091 0.7760
vn -0.0000 0.6134 0.7898
vn -0.1636 0.6091 0.7760
vn -0.3376 0.5938 0.7303
vn -0.5281 0.5585 0.6397
vn 0.7426 0.2886 0.6044
vn 0.7412 0.3158 0.5924
vn 0.7392 0.3462 0.5777
vn 0.7365 0.3777 0.5612
vn 0.7333 0.4087 0.5434
vn 0.7295 0.4380 0.5253
vn 0.7254 0.4650 0.5075
vn -0.7254 0.4650 0.5075
vn -0.7295 0.4380 0.5253
vn -0.7333 0.4087 0.5434
vn -0.7365 0.3777 0.5612
vn -0.7392 0.3462 0.5777
vn -0.7412 0.3158 0.5924
vn -0.7426 0.2886 0.6044
vn -0.9782 0.0375 -0.2042
vn -0.9804 -0.0023 -0.1970
vn -0.9808 -0.0719 -0.1813
vn -0.9711 -0.1805 -0.1562
vn -0.9349 -0.3335 -0.1215
vn -0.8532 -0.5147 -0.0839
vn -0.7217 -0.6895 -0.0607
vn 0.9782 0.0375 -0.2042
vn 0.9804 -0.0023 -0.1970
vn 0.9808 -0.0719 -0.1813
vn 0.9711 -0.1805 -0.1562
vn 0.9349 -0.3335 -0.1215
vn 0.8532 -0.5147 -0.0839
vn 0.7217 -0.6895 -0.0607
vn 0.6970 0.6579 -0.2852
vn 0.6833 0.6920 -0.2329
vn 0.6606 0.7295 -0.1773
vn 0.6295 0.7687 -0.1133
vn 0.5908 0.8057 -0.0423
vn 0.5465 0.8368 0.0335
vn 0.4990 0.8592 0.1129
vn -0.4990 0.8592 0.1129
vn -0.5465 0.8368 0.0335
vn -0.5908 0.8057 -0.0423
vn -0.6295 0.7687 -0.1133
vn -0.6606 0.7295 -0.1773
vn -0.6833 0.6920 -0.2329
vn -0.6970 0.6579 -0.2852
vn -0.5421 0.7419 -0.3947
vn -0.3659 0.8224 -0.4356
vn -0.1837 0.8684 -0.4606
vn -0.0000 0.8832 -0.4689
vn 0.1837 0.8684 -0.4606
vn 0.3659 0.8224 -0.4356
vn 0.5421 0.7419 -0.3947
vn 0.3525 0.9099 0.2188
vn 0.2402 0.9396 0.2440
vn 0.1235 0.9575 0.2608
vn -0.0000 0.9638 0.2668
vn -0.1235 0.9575 0.2608
vn -0.2402 0.9396 0.2440
vn -0.3525 0.9099 0.2188
vn -0.9765 0.0776 -0.2013
vn -0.9739 0.1081 -0.1996
vn -0.9677 0.1519 -0.2011
vn -0.9553 0.2103 -0.2077
vn -0.9323 0.2857 -0.2220
vn -0.8908 0.3809 -0.2478
vn -0.8182 0.4975 -0.2882
vn 0.8182 0.4975 -0.2882
vn 0.8908 0.3809 -0.2478
vn 0.9323 0.2857 -0.2220
vn 0.9553 0.2103 -0.2077
vn 0.9677 0.1519 -0.2011
vn 0.9739 0.1081 -0.1996
vn 0.9765 0.0776 -0.2013
vn 0.5087 0.8283 0.2351
vn 0.5640 0.7755 0.2838
vn 0.6122 0.7181 0.3309
vn 0.6522 0.6586 0.3755
vn 0.6820 0.6024 0.4147
vn 0.7016 0.5558 0.4460
vn 0.7136 0.5190 0.4706
vn -0.5087 0.8283 0.2351
vn -0.5640 0.7755 0.2838
vn -0.6122 0.7181 0.3309
vn -0.6522 0.6586 0.3755
vn -0.6820 0.6024 0.4147
vn -0.7016 0.5558 0.4460
vn -0.7136 0.5190 0.4706
vn -0.1201 -0.9664 -0.2272
vn -0.0790 -0.9720 -0.2214
vn -0.0398 -0.9752 -0.2177
vn -0.0000 -0.9763 -0.2165
vn 0.0398 -0.9752 -0.2177
vn 0.0790 -0.9720 -0.2214
vn 0.1201 -0.9664 -0.2272
vn -0.2849 -0.2841 -0.9155
vn -0.1976 -0.2908 -0.9361
vn -0.0995 -0.3185 -0.9427
vn -0.0000 -0.3307 -0.9437
vn 0.0881 -0.3294 -0.9401
vn 0.2003 -0.3103 -0.9293
vn 0.3134 -0.2748 -0.9090
vn -0.4330 -0.3747 -0.8198
vn -0.4155 -0.4684 -0.7797
vn -0.3886 -0.5763 -0.7190
vn -0.3499 -0.6910 -0.6325
vn -0.3010 -0.7957 -0.5256
vn -0.2486 -0.8764 -0.4126
vn -0.2003 -0.9297 -0.3090
vn 0.4330 -0.3747 -0.8198
vn 0.4155 -0.4684 -0.7797
vn 0.3886 -0.5763 -0.7190
vn 0.3499 -0.6910 -0.6325
vn 0.3010 -0.7957 -0.5256
vn 0.2486 -0.8764 -0.4126
vn 0.2003 -0.9297 -0.3090
vn -0.2906 0.3766 -0.8796
vn -0.1977 0.3964 -0.8965
vn -0.1019 0.4095 -0.9066
vn -0.0000 0.4144 -0.9101
vn 0.1019 0.4095 -0.9066
vn 0.1977 0.3964 -0.8965
vn 0.2906 0.3766 -0.8796
vn -0.3920 -0.2254 -0.8919
vn -0.3649 -0.1319 -0.9216
vn -0.3733 -0.1136 -0.9207
vn -0.4172 -0.0681 -0.9063
vn -0.4347 0.0606 -0.8985
vn -0.4208 0.1540 -0.8940
vn -0.4020 0.2542 -0.8796
vn 0.4020 0.2542 -0.8796
vn 0.4208 0.1540 -0.8940
vn 0.4347 0.0606 -0.8985
vn 0.4322 -0.0985 -0.8964
vn 0.3868 -0.1394 -0.9116
vn 0.3383 -0.1304 -0.9320
vn 0.3662 -0.1939 -0.9101
vn -0.4437 0.4729 -0.7613
vn -0.4786 0.4668 -0.7437
vn -0.5291 0.4811 -0.6990
vn -0.5834 0.5073 -0.6343
vn -0.6317 0.5378 -0.5583
vn -0.6684 0.5680 -0.4802
vn -0.6912 0.5974 -0.4067
vn -0.9724 -0.0773 -0.2200
vn -0.9662 -0.0863 -0.2429
vn -0.9488 -0.1060 -0.2977
vn -0.9127 -0.1369 -0.3850
vn -0.8472 -0.1774 -0.5007
vn -0.7469 -0.2257 -0.6255
vn -0.6044 -0.2757 -0.7475
vn -0.3056 -0.9133 0.2693
vn -0.3042 -0.9173 0.2571
vn -0.3042 -0.9228 0.2364
vn -0.3077 -0.9284 0.2083
vn -0.3184 -0.9323 0.1717
vn -0.3432 -0.9310 0.1242
vn -0.3992 -0.9151 0.0566
vn 0.9724 -0.0773 -0.2200
vn 0.9662 -0.0863 -0.2429
vn 0.9488 -0.1061 -0.2977
vn 0.9136 -0.1380 -0.3824
vn 0.8545 -0.1878 -0.4844
vn 0.7443 -0.2527 -0.6182
vn 0.5722 -0.2848 -0.7691
vn 0.2982 -0.9438 0.1422
vn 0.2904 -0.9507 0.1085
vn 0.2781 -0.9584 0.0639
vn 0.2604 -0.9655 0.0080
vn 0.2381 -0.9697 -0.0544
vn 0.2135 -0.9698 -0.1179
vn 0.1881 -0.9655 -0.1800
vn 0.6912 0.5974 -0.4067
vn 0.6684 0.5680 -0.4802
vn 0.6317 0.5378 -0.5583
vn 0.5834 0.5073 -0.6343
vn 0.5291 0.4811 -0.6990
vn 0.4786 0.4668 -0.7437
vn 0.4437 0.4729 -0.7613
vn -0.5702 0.6929 -0.4413
vn -0.5452 0.6820 -0.4874
vn -0.5201 0.6666 -0.5339
vn -0.4957 0.6456 -0.5809
vn -0.4732 0.6183 -0.6275
vn -0.4537 0.5846 -0.6726
vn -0.4389 0.5448 -0.7145
vn -0.9788 0.0461 -0.1994
vn -0.9807 0.0334 -0.1926
vn -0.9824 0.0193 -0.1858
vn -0.9837 0.0040 -0.1799
vn -0.9843 -0.0125 -0.1760
vn -0.9840 -0.0295 -0.1760
vn -0.9823 -0.0463 -0.1817
vn -0.3057 -0.9334 0.1879
vn -0.3077 -0.9288 0.2067
vn -0.3088 -0.9244 0.2236
vn -0.3093 -0.9206 0.2383
vn -0.3092 -0.9174 0.2505
vn -0.3087 -0.9149 0.2602
vn -0.3079 -0.9130 0.2676
vn 0.9788 0.0461 -0.1994
vn 0.9807 0.0334 -0.1926
vn 0.9824 0.0193 -0.1858
vn 0.9837 0.0040 -0.1799
vn 0.9843 -0.0125 -0.1760
vn 0.9840 -0.0295 -0.1760
vn 0.9823 -0.0463 -0.1817
vn 0.3992 -0.9151 0.0566
vn 0.3432 -0.9310 0.1242
vn 0.3184 -0.9323 0.1717
vn 0.3077 -0.9284 0.2083
vn 0.3042 -0.9228 0.2364
vn 0.3042 -0.9173 0.2571
vn 0.3056 -0.9133 0.2693
vn -0.6457 0.4418 -0.6228
vn -0.8269 0.3249 -0.4590
vn -0.9309 0.1893 -0.3125
vn -0.9733 0.0742 -0.2174
vn -0.9851 -0.0070 -0.1719
vn -0.9854 -0.0552 -0.1610
vn -0.9825 -0.0724 -0.1719
vn -0.1874 -0.9364 0.2967
vn -0.1092 -0.9453 0.3074
vn -0.0507 -0.9487 0.3120
vn -0.0000 -0.9497 0.3133
vn 0.0507 -0.9487 0.3120
vn 0.1092 -0.9453 0.3074
vn 0.1874 -0.9364 0.2967
vn 0.4843 -0.8472 0.2187
vn 0.6951 -0.7078 0.1257
vn 0.8670 -0.4983 0.0069
vn 0.9521 -0.2893 -0.0991
vn 0.9751 -0.1439 -0.1689
vn 0.9766 -0.0694 -0.2036
vn 0.9764 -0.0491 -0.2101
vn 0.9825 -0.0724 -0.1719
vn 0.9854 -0.0552 -0.1610
vn 0.9851 -0.0070 -0.1719
vn 0.9733 0.0742 -0.2174
vn 0.9309 0.1893 -0.3125
vn 0.8269 0.3249 -0.4590
vn 0.6457 0.4418 -0.6228
vn 0.2606 0.5151 -0.8166
vn 0.1472 0.5084 -0.8485
vn 0.0668 0.5006 -0.8631
vn -0.0000 0.4976 -0.8674
vn -0.0668 0.5006 -0.8631
vn -0.1472 0.5084 -0.8485
vn -0.2606 0.5151 -0.8166
vn -0.9764 -0.0491 -0.2101
vn -0.9766 -0.0694 -0.2036
vn -0.9751 -0.1439 -0.1689
vn -0.9521 -0.2893 -0.0991
vn -0.8670 -0.4983 0.0069
vn -0.6951 -0.7078 0.1257
vn -0.4843 -0.8472 0.2187
vn 0.4389 0.5448 -0.7145
vn 0.4537 0.5846 -0.6726
vn 0.4732 0.6183 -0.6275
vn 0.4957 0.6456 -0.5809
vn 0.5201 0.6666 -0.5339
vn 0.5452 0.6820 -0.4874
vn 0.5702 0.6929 -0.4413
vn -0.9748 -0.0739 -0.2106
vn -0.9705 -0.0823 -0.2265
vn -0.9669 -0.0870 -0.2398
vn -0.9644 -0.0887 -0.2490
vn -0.9635 -0.0881 -0.2527
vn -0.9645 -0.0855 -0.2498
vn -0.9675 -0.0815 -0.2394
vn 0.9748 -0.0739 -0.2106
vn 0.9705 -0.0823 -0.2265
vn 0.9669 -0.0870 -0.2398
vn 0.9644 -0.0887 -0.2490
vn 0.9635 -0.0881 -0.2527
vn 0.9645 -0.0855 -0.2498
vn 0.9675 -0.0815 -0.2394
vn 0.3079 -0.9130 0.2676
vn 0.3087 -0.9149 0.2602
vn 0.3092 -0.9174 0.2505
vn 0.3093 -0.9206 0.2383
vn 0.3088 -0.9244 0.2236
vn 0.3077 -0.9288 0.2067
vn 0.3057 -0.9334 0.1880
vn -0.4425 0.4268 -0.7887
vn -0.5077 0.5071 -0.6965
vn -0.5607 0.5774 -0.5935
vn -0.5975 0.6326 -0.4928
vn -0.6164 0.6697 -0.4141
vn -0.6195 0.6905 -0.3733
vn -0.6111 0.6998 -0.3700
vn -0.1881 -0.9655 -0.1800
vn -0.2135 -0.9698 -0.1179
vn -0.2381 -0.9697 -0.0544
vn -0.2604 -0.9655 0.0080
vn -0.2781 -0.9584 0.0639
vn -0.2904 -0.9507 0.1085
vn -0.2982 -0.9438 0.1422
vn -0.7648 0.5186 -0.3822
vn -0.8787 0.3260 -0.3488
vn -0.9368 0.1627 -0.3097
vn -0.9609 0.0419 -0.2737
vn -0.9687 -0.0385 -0.2452
vn -0.9705 -0.0836 -0.2263
vn -0.9710 -0.0955 -0.2192
vn -0.1847 -0.9626 0.1982
vn -0.1076 -0.9711 0.2133
vn -0.0500 -0.9741 0.2204
vn -0.0000 -0.9749 0.2226
vn 0.0500 -0.9741 0.2204
vn 0.1076 -0.9711 0.2133
vn 0.1847 -0.9626 0.1982
vn 0.4784 -0.8713 0.1090
vn 0.6874 -0.7260 0.0180
vn 0.8572 -0.5079 -0.0851
vn 0.9418 -0.2922 -0.1662
vn 0.9664 -0.1445 -0.2124
vn 0.9702 -0.0719 -0.2312
vn 0.9709 -0.0569 -0.2325
vn 0.9710 -0.0955 -0.2192
vn 0.9705 -0.0836 -0.2263
vn 0.9687 -0.0385 -0.2452
vn 0.9609 0.0419 -0.2737
vn 0.9368 0.1627 -0.3097
vn 0.8787 0.3260 -0.3488
vn 0.7648 0.5186 -0.3822
vn 0.4089 0.8232 -0.3940
vn 0.2522 0.8887 -0.3829
vn 0.1201 0.9196 -0.3742
vn -0.0000 0.9286 -0.3710
vn -0.1201 0.9196 -0.3742
vn -0.2522 0.8887 -0.3829
vn -0.4089 0.8232 -0.3940
vn -0.9709 -0.0569 -0.2325
vn -0.9702 -0.0719 -0.2312
vn -0.9664 -0.1445 -0.2124
vn -0.9418 -0.2922 -0.1662
vn -0.8572 -0.5079 -0.0851
vn -0.6874 -0.7260 0.0180
vn -0.4784 -0.8713 0.1090
vn -0.3800 0.6944 -0.6111
vn -0.3216 0.7930 -0.5174
vn -0.2707 0.8584 -0.4357
vn -0.2304 0.8997 -0.3708
vn -0.2016 0.9241 -0.3245
vn -0.1853 0.9363 -0.2982
vn -0.1841 0.9372 -0.2962
vn -0.2493 0.6909 -0.6786
vn -0.2112 0.7902 -0.5753
vn -0.1780 0.8562 -0.4850
vn -0.1516 0.8979 -0.4132
vn -0.1328 0.9228 -0.3618
vn -0.1221 0.9351 -0.3327
vn -0.1214 0.9359 -0.3306
vn -0.1229 0.6881 -0.7151
vn -0.1043 0.7878 -0.6070
vn -0.0880 0.8544 -0.5122
vn -0.0750 0.8965 -0.4366
vn -0.0657 0.9216 -0.3825
vn -0.0604 0.9341 -0.3518
vn -0.0601 0.9349 -0.3497
vn -0.0000 0.6871 -0.7266
vn -0.0000 0.7870 -0.6170
vn -0.0000 0.8537 -0.5208
vn -0.0000 0.8960 -0.4440
vn -0.0000 0.9212 -0.3891
vn -0.0000 0.9337 -0.3580
vn -0.0000 0.9345 -0.3559
vn 0.1229 0.6881 -0.7151
vn 0.1043 0.7878 -0.6070
vn 0.0880 0.8544 -0.5122
vn 0.0750 0.8965 -0.4366
vn 0.0657 0.9216 -0.3825
vn 0.0604 0.9341 -0.3518
vn 0.0601 0.9349 -0.3497
vn 0.2493 0.6909 -0.6786
vn 0.2112 0.7902 -0.5753
vn 0.1780 0.8562 -0.4850
vn 0.1516 0.8979 -0.4132
vn 0.1328 0.9228 -0.3618
vn 0.1221 0.9351 -0.3327
vn 0.1214 0.9359 -0.3306
vn 0.3800 0.6944 -0.6111
vn 0.3216 0.7930 -0.5174
vn 0.2707 0.8584 -0.4357
vn 0.2304 0.8997 -0.3708
vn 0.2016 0.9241 -0.3245
vn 0.1853 0.9363 -0.2982
vn 0.1841 0.9372 -0.2962
vn 0.6111 0.6944 -0.3800
vn 0.5174 0.7930 -0.3216
vn 0.4357 0.8584 -0.2707
vn 0.3708 0.8997 -0.2304
vn 0.3245 0.9241 -0.2016
vn 0.2982 0.9363 -0.1853
vn 0.2962 0.9372 -0.1841
vn 0.6786 0.6909 -0.2493
vn 0.5753 0.7902 -0.2112
vn 0.4850 0.8562 -0.1780
vn 0.4132 0.8979 -0.1516
vn 0.3618 0.9228 -0.1328
vn 0.3327 0.9351 -0.1221
vn 0.3306 0.9359 -0.1214
vn 0.7151 0.6881 -0.1229
vn 0.6070 0.7878 -0.1043
vn 0.5122 0.8544 -0.0880
vn 0.4366 0.8965 -0.0750
vn 0.3825 0.9216 -0.0657
vn 0.3518 0.9341 -0.0604
vn 0.3497 0.9349 -0.0601
vn 0.7266 0.6871 -0.0000
vn 0.6170 0.7870 -0.0000
vn 0.5208 0.8537 -0.0000
vn 0.4440 0.8960 -0.0000
vn 0.3891 0.9212 -0.0000
vn 0.3580 0.9337 -0.0000
vn 0.3559 0.9345 -0.0000
vn 0.7151 0.6881 0.1229
vn 0.6070 0.7878 0.1043
vn 0.5122 0.8544 0.0880
vn 0.4366 0.8965 0.0750
vn 0.3825 0.9216 0.0657
vn 0.3518 0.9341 0.0604
vn 0.3497 0.9349 0.0601
vn 0.6786 0.6909 0.2493
vn 0.5753 0.7902 0.2112
vn 0.4850 0.8562 0.1780
vn 0.4132 0.8979 0.1516
vn 0.3618 0.9228 0.1328
vn 0.3327 0.9351 0.1221
vn 0.3306 0.9359 0.1214
vn 0.6111 0.6944 0.3800
vn 0.5174 0.7930 0.3216
vn 0.4357 0.8584 0.2707
vn 0.3708 0.8997 0.2304
vn 0.3245 0.9241 0.2016
vn 0.2982 0.9363 0.1853
vn 0.2962 0.9372 0.1841
vn 0.3800 0.6944 0.6111
vn 0.3216 0.7930 0.5174
vn 0.2707 0.8584 0.4357
vn 0.2304 0.8997 0.3708
vn 0.2016 0.9241 0.3245
vn 0.1853 0.9363 0.2982
vn 0.1841 0.9372 0.2962
vn 0.2493 0.6909 0.6786
vn 0.2112 0.7902 0.5753
vn 0.1780 0.8562 0.4850
vn 0.1516 0.8979 0.4132
vn 0.1328 0.9228 0.3618
vn 0.1221 0.9351 0.3327
vn 0.1214 0.9359 0.3306
vn 0.1229 0.6881 0.7151
vn 0.1043 0.7878 0.6070
vn 0.0880 0.8544 0.5122
vn 0.0750 0.8965 0.4366
vn 0.0657 0.9216 0.3825
vn 0.0604 0.9341 0.3518
vn 0.0601 0.9349 0.3497
vn -0.0000 0.6871 0.7266
vn -0.0000 0.7870 0.6170
vn -0.0000 0.8537 0.5208
vn -0.0000 0.8960 0.4440
vn -0.0000 0.9212 0.3891
vn -0.0000 0.9337 0.3580
vn -0.0000 0.9345 0.3559
vn -0.1229 0.6881 0.7151
vn -0.1043 0.7878 0.6070
vn -0.0880 0.8544 0.5122
vn -0.0750 0.8965 0.4366
vn -0.0657 0.9216 0.3825
vn -0.0604 0.9341 0.3518
vn -0.0601 0.9349 0.3497
vn -0.2493 0.6909 0.6786
vn -0.2112 0.7902 0.5753
vn -0.1780 0.8562 0.4850
vn -0.1516 0.8979 0.4132
vn -0.1328 0.9228 0.3618
vn -0.1221 0.9351 0.3327
vn -0.1214 0.9359 0.3306
vn -0.3800 0.6944 0.6111
vn -0.3216 0.7930 0.5174
vn -0.2707 0.8584 0.4357
vn -0.2304 0.8997 0.3708
vn -0.2016 0.9241 0.3245
vn -0.1853 0.9363 0.2982
vn -0.1841 0.9372 0.2962
vn -0.6111 0.6944 0.3800
vn -0.5174 0.7930 0.3216
vn -0.4357 0.8584 0.2707
vn -0.3708 0.8997 0.2304
vn -0.3245 0.9241 0.2016
vn -0.2982 0.9363 0.1853
vn -0.2962 0.9372 0.1841
vn -0.6786 0.6909 0.2493
vn -0.5753 0.7902 0.2112
vn -0.4850 0.8562 0.1780
vn -0.4132 0.8979 0.1516
vn -0.3618 0.9228 0.1328
vn -0.3327 0.9351 0.1221
vn -0.3306 0.9359 0.1214
vn -0.7151 0.6881 0.1229
vn -0.6070 0.7878 0.1043
vn -0.5122 0.8544 0.0880
vn -0.4366 0.8965 0.0750
vn -0.3825 0.9216 0.0657
vn -0.3518 0.9341 0.0604
vn -0.3497 0.9349 0.0601
vn -0.7266 0.6871 -0.0000
vn -0.6170 0.7870 -0.0000
vn -0.5208 0.8537 -0.0000
vn -0.4440 0.8960 -0.0000
vn -0.3891 0.9212 -0.0000
vn -0.3580 0.9337 -0.0000
vn -0.3559 0.9345 -0.0000
vn -0.7151 0.6881 -0.1229
vn -0.6070 0.7878 -0.1043
vn -0.5122 0.8544 -0.0880
vn -0.4366 0.8965 -0.0750
vn -0.3825 0.9216 -0.0657
vn -0.3518 0.9341 -0.0604
vn -0.3497 0.9349 -0.0601
vn -0.6786 0.6909 -0.2493
vn -0.5753 0.7902 -0.2112
vn -0.4850 0.8562 -0.1780
vn -0.4132 0.8979 -0.1516
vn -0.3618 0.9228 -0.1328
vn -0.3327 0.9351 -0.1221
vn -0.3306 0.9359 -0.1214
vn -0.6111 0.6944 -0.3800
vn -0.5174 0.7930 -0.3216
vn -0.4357 0.8584 -0.2707
vn -0.3708 0.8997 -0.2304
vn -0.3245 0.9241 -0.2016
vn -0.2982 0.9363 -0.1853
vn -0.2962 0.9372 -0.1841
vn 0.0039 -1.0000 -0.0039
vn 0.0039 -1.0000 -0.0025
vn 0.0038 -1.0000 -0.0012
vn 0.0038 -1.0000 -0.0000
vn 0.0038 -1.0000 0.0012
vn 0.0039 -1.0000 0.0025
vn 0.0039 -1.0000 0.0039
vn 0.0025 -1.0000 -0.0039
vn 0.0023 -1.0000 -0.0023
vn 0.0023 -1.0000 -0.0011
vn 0.0022 -1.0000 -0.0000
vn 0.0023 -1.0000 0.0011
vn 0.0023 -1.0000 0.0023
vn 0.0025 -1.0000 0.0039
vn 0.0012 -1.0000 -0.0038
vn 0.0011 -1.0000 -0.0023
vn 0.0011 -1.0000 -0.0011
vn 0.0010 -1.0000 -0.0000
vn 0.0011 -1.0000 0.0011
vn 0.0011 -1.0000 0.0023
vn 0.0012 -1.0000 0.0038
vn -0.0000 -1.0000 -0.0038
vn -0.0000 -1.0000 -0.0022
vn -0.0000 -1.0000 -0.0010
vn -0.0000 -1.0000 -0.0000
vn -0.0000 -1.0000 0.0010
vn -0.0000 -1.0000 0.0022
vn -0.0000 -1.0000 0.0038
vn -0.0012 -1.0000 -0.0038
vn -0.0011 -1.0000 -0.0023
vn -0.0011 -1.0000 -0.0011
vn -0.0010 -1.0000 -0.0000
vn -0.0011 -1.0000 0.0011
vn -0.0011 -1.0000 0.0023
vn -0.0012 -1.0000 0.0038
vn -0.0025 -1.0000 -0.0039
vn -0.0023 -1.0000 -0.0023
vn -0.0023 -1.0000 -0.0011
vn -0.0022 -1.0000 -0.0000
vn -0.0023 -1.0000 0.0011
vn -0.0023 -1.0000 0.0023
vn -0.0025 -1.0000 0.0039
vn -0.0039 -1.0000 -0.0039
vn -0.0039 -1.0000 -0.0025
vn -0.0038 -1.0000 -0.0012
vn -0.0038 -1.0000 -0.0000
vn -0.0038 -1.0000 0.0012
vn -0.0039 -1.0000 0.0025
vn -0.0039 -1.0000 0.0039
vn 0.5778 0.7328 0.3593
vn 0.6423 0.7292 0.2359
vn 0.6775 0.7263 0.1164
vn 0.6885 0.7252 -0.0000
vn 0.6775 0.7263 -0.1164
vn 0.6424 0.7292 -0.2359
vn 0.5778 0.7328 -0.3593
vn 0.5662 0.7453 0.3521
vn 0.6296 0.7417 0.2312
vn 0.6641 0.7389 0.1142
vn 0.6750 0.7378 -0.0000
vn 0.6641 0.7388 -0.1141
vn 0.6296 0.7417 -0.2312
vn 0.5663 0.7452 -0.3521
vn 0.5523 0.7596 0.3434
vn 0.6143 0.7562 0.2256
vn 0.6481 0.7534 0.1114
vn 0.6588 0.7524 -0.0000
vn 0.6481 0.7534 -0.1114
vn 0.6143 0.7561 -0.2256
vn 0.5524 0.7595 -0.3435
vn 0.5355 0.7762 0.3329
vn 0.5956 0.7729 0.2188
vn 0.6285 0.7702 0.1080
vn 0.6390 0.7692 -0.0000
vn 0.6286 0.7702 -0.1080
vn 0.5957 0.7729 -0.2188
vn 0.5355 0.7761 -0.3329
vn 0.5147 0.7954 0.3200
vn 0.5727 0.7923 0.2103
vn 0.6044 0.7898 0.1039
vn 0.6145 0.7889 -0.0000
vn 0.6045 0.7898 -0.1039
vn 0.5727 0.7923 -0.2103
vn 0.5147 0.7954 -0.3200
vn 0.4886 0.8179 0.3038
vn 0.5439 0.8151 0.1997
vn 0.5742 0.8127 0.0987
vn 0.5838 0.8119 -0.0000
vn 0.5742 0.8127 -0.0986
vn 0.5439 0.8150 -0.1997
vn 0.4887 0.8179 -0.3038
vn 0.4554 0.8441 0.2831
vn 0.5070 0.8416 0.1862
vn 0.5354 0.8395 0.0920
vn 0.5445 0.8388 -0.0000
vn 0.5355 0.8395 -0.0920
vn 0.5070 0.8416 -0.1861
vn 0.4554 0.8441 -0.2831
vn -0.8490 0.0128 0.5282
vn -0.8484 0.0383 0.5279
vn -0.8465 0.0777 0.5267
vn -0.8416 0.1320 0.5237
vn -0.8312 0.2040 0.5172
vn -0.8105 0.2979 0.5043
vn -0.7712 0.4182 0.4799
vn -0.9385 0.0127 0.3450
vn -0.9379 0.0379 0.3448
vn -0.9358 0.0769 0.3440
vn -0.9305 0.1307 0.3421
vn -0.9192 0.2020 0.3380
vn -0.8967 0.2952 0.3297
vn -0.8540 0.4148 0.3140
vn -0.9854 0.0126 0.1695
vn -0.9848 0.0375 0.1694
vn -0.9826 0.0763 0.1691
vn -0.9772 0.1296 0.1681
vn -0.9655 0.2004 0.1661
vn -0.9423 0.2930 0.1621
vn -0.8980 0.4121 0.1545
vn -0.9999 0.0125 -0.0000
vn -0.9993 0.0374 -0.0000
vn -0.9971 0.0760 -0.0000
vn -0.9916 0.1292 -0.0000
vn -0.9798 0.1998 -0.0000
vn -0.9564 0.2922 -0.0000
vn -0.9116 0.4110 -0.0000
vn -0.9854 0.0126 -0.1695
vn -0.9848 0.0375 -0.1694
vn -0.9826 0.0763 -0.1691
vn -0.9772 0.1296 -0.1681
vn -0.9655 0.2004 -0.1661
vn -0.9423 0.2930 -0.1621
vn -0.8980 0.4121 -0.1545
vn -0.9385 0.0127 -0.3450
vn -0.9379 0.0379 -0.3448
vn -0.9358 0.0769 -0.3440
vn -0.9305 0.1307 -0.3421
vn -0.9192 0.2020 -0.3380
vn -0.8967 0.2952 -0.3297
vn -0.8540 0.4148 -0.3140
vn -0.8490 0.0128 -0.5282
vn -0.8484 0.0383 -0.5279
vn -0.8465 0.0777 -0.5267
vn -0.8416 0.1320 -0.5237
vn -0.8312 0.2040 -0.5172
vn -0.8105 0.2979 -0.5043
vn -0.7712 0.4182 -0.4799
vn 0.5282 0.0128 0.8490
vn 0.5279 0.0383 0.8484
vn 0.5267 0.0777 0.8465
vn 0.5237 0.1320 0.8416
vn 0.5172 0.2040 0.8312
vn 0.5043 0.2979 0.8105
vn 0.4799 0.4182 0.7712
vn 0.3450 0.0127 0.9385
vn 0.3448 0.0379 0.9379
vn 0.3440 0.0769 0.9358
vn 0.3421 0.1307 0.9305
vn 0.3380 0.2020 0.9192
vn 0.3297 0.2952 0.8967
vn 0.3140 0.4148 0.8540
vn 0.1695 0.0126 0.9854
vn 0.1694 0.0375 0.9848
vn 0.1691 0.0763 0.9826
vn 0.1681 0.1296 0.9772
vn 0.1661 0.2004 0.9655
vn 0.1621 0.2930 0.9423
vn 0.1545 0.4121 0.8980
vn -0.0000 0.0125 0.9999
vn -0.0000 0.0374 0.9993
vn -0.0000 0.0760 0.9971
vn -0.0000 0.1292 0.9916
vn -0.0000 0.1998 0.9798
vn -0.0000 0.2922 0.9564
vn -0.0000 0.4110 0.9116
vn -0.1695 0.0126 0.9854
vn -0.1694 0.0375 0.9848
vn -0.1691 0.0763 0.9826
vn -0.1681 0.1296 0.9772
vn -0.1661 0.2004 0.9655
vn -0.1621 0.2930 0.9423
vn -0.1545 0.4121 0.8980
vn -0.3450 0.0127 0.9385
vn -0.3448 0.0379 0.9379
vn -0.3440 0.0769 0.9358
vn -0.3421 0.1307 0.9305
vn -0.3380 0.2020 0.9192
vn -0.3297 0.2952 0.8967
vn -0.3140 0.4148 0.8540
vn -0.5282 0.0128 0.8490
vn -0.5279 0.0383 0.8484
vn -0.5267 0.0777 0.8465
vn -0.5237 0.1320 0.8416
vn -0.5172 0.2040 0.8312
vn -0.5043 0.2979 0.8105
vn -0.4799 0.4182 0.7712
vn 0.8490 0.0128 -0.5282
vn 0.8484 0.0383 -0.5279
vn 0.8465 0.0777 -0.5267
vn 0.8416 0.1320 -0.5237
vn 0.8312 0.2040 -0.5172
vn 0.8105 0.2979 -0.5043
vn 0.7712 0.4182 -0.4799
vn 0.9385 0.0127 -0.3450
vn 0.9379 0.0379 -0.3448
vn 0.9358 0.0769 -0.3440
vn 0.9305 0.1307 -0.3421
vn 0.9192 0.2020 -0.3380
vn 0.8967 0.2952 -0.3297
vn 0.8540 0.4148 -0.3140
vn 0.9854 0.0126 -0.1695
vn 0.9848 0.0375 -0.1694
vn 0.9826 0.0763 -0.1691
vn 0.9772 0.1296 -0.1681
vn 0.9655 0.2004 -0.1661
vn 0.9423 0.2930 -0.1621
vn 0.8980 0.4121 -0.1545
vn 0.9999 0.0125 -0.0000
vn 0.9993 0.0374 -0.0000
vn 0.9971 0.0760 -0.0000
vn 0.9916 0.1292 -0.0000
vn 0.9798 0.1998 -0.0000
vn 0.9564 0.2922 -0.0000
vn 0.9116 0.4110 -0.0000
vn 0.9854 0.0126 0.1695
vn 0.9848 0.0375 0.1694
vn 0.9826 0.0763 0.1691
vn 0.9772 0.1296 0.1681
vn 0.9655 0.2004 0.1661
vn 0.9423 0.2930 0.1621
vn 0.8980 0.4121 0.1545
vn 0.9385 0.0127 0.3450
vn 0.9379 0.0379 0.3448
vn 0.9358 0.0769 0.3440
vn 0.9305 0.1307 0.3421
vn 0.9192 0.2020 0.3380
vn 0.8967 0.2952 0.3297
vn 0.8540 0.4148 0.3140
vn 0.8490 0.0128 0.5282
vn 0.8484 0.0383 0.5279
vn 0.8465 0.0777 0.5267
vn 0.8416 0.1320 0.5237
vn 0.8312 0.2040 0.5172
vn 0.8105 0.2979 0.5043
vn 0.7712 0.4182 0.4799
vn -0.5282 0.0128 -0.8490
vn -0.5279 0.0383 -0.8484
vn -0.5267 0.0777 -0.8465
vn -0.5237 0.1320 -0.8416
vn -0.5172 0.2040 -0.8312
vn -0.5043 0.2979 -0.8105
vn -0.4799 0.4182 -0.7712
vn -0.3450 0.0127 -0.9385
vn -0.3448 0.0379 -0.9379
vn -0.3440 0.0769 -0.9358
vn -0.3421 0.1307 -0.9305
vn -0.3380 0.2020 -0.9192
vn -0.3297 0.2952 -0.8967
vn -0.3140 0.4148 -0.8540
vn -0.1695 0.0126 -0.9854
vn -0.1694 0.0375 -0.9848
vn -0.1691 0.0763 -0.9826
vn -0.1681 0.1296 -0.9772
vn -0.1661 0.2004 -0.9655
vn -0.1621 0.2930 -0.9423
vn -0.1545 0.4121 -0.8980
vn -0.0000 0.0125 -0.9999
vn -0.0000 0.0374 -0.9993
vn -0.0000 0.0760 -0.9971
vn -0.0000 0.1292 -0.9916
vn -0.0000 0.1998 -0.9798
vn -0.0000 0.2922 -0.9564
vn -0.0000 0.4110 -0.9116
vn 0.1695 0.0126 -0.9854
vn 0.1694 0.0375 -0.9848
vn 0.1691 0.0763 -0.9826
vn 0.1681 0.1296 -0.9772
vn 0.1661 0.2004 -0.9655
vn 0.1621 0.2930 -0.9423
vn 0.1545 0.4121 -0.8980
vn 0.3450 0.0127 -0.9385
vn 0.3448 0.0379 -0.9379
vn 0.3440 0.0769 -0.9358
vn 0.3421 0.1307 -0.9305
vn 0.3380 0.2020 -0.9192
vn 0.3297 0.2952 -0.8967
vn 0.3140 0.4148 -0.8540
vn 0.5282 0.0128 -0.8490
vn 0.5279 0.0383 -0.8484
vn 0.5267 0.0777 -0.8465
vn 0.5237 0.1320 -0.8416
vn 0.5172 0.2040 -0.8312
vn 0.5043 0.2979 -0.8105
vn 0.4799 0.4182 -0.7712
vn -0.3592 0.7329 0.5778
vn -0.2359 0.7293 0.6423
vn -0.1164 0.7264 0.6774
vn -0.0000 0.7253 0.6884
vn 0.1164 0.7264 0.6774
vn 0.2359 0.7293 0.6423
vn 0.3592 0.7329 0.5778
vn -0.3520 0.7453 0.5662
vn -0.2312 0.7418 0.6295
vn -0.1141 0.7389 0.6640
vn -0.0000 0.7379 0.6749
vn 0.1141 0.7389 0.6640
vn 0.2312 0.7418 0.6295
vn 0.3520 0.7453 0.5662
vn -0.3434 0.7596 0.5523
vn -0.2256 0.7562 0.6142
vn -0.1114 0.7535 0.6480
vn -0.0000 0.7524 0.6586
vn 0.1114 0.7535 0.6480
vn 0.2256 0.7562 0.6142
vn 0.3434 0.7596 0.5523
vn -0.3329 0.7762 0.5355
vn -0.2187 0.7729 0.5956
vn -0.1080 0.7703 0.6285
vn -0.0000 0.7693 0.6389
vn 0.1080 0.7703 0.6285
vn 0.2187 0.7729 0.5956
vn 0.3329 0.7762 0.5355
vn -0.3200 0.7955 0.5147
vn -0.2103 0.7924 0.5726
vn -0.1039 0.7899 0.6044
vn -0.0000 0.7890 0.6144
vn 0.1039 0.7899 0.6044
vn 0.2103 0.7924 0.5726
vn 0.3200 0.7955 0.5147
vn -0.3037 0.8179 0.4886
vn -0.1997 0.8151 0.5438
vn -0.0986 0.8128 0.5741
vn -0.0000 0.8119 0.5837
vn 0.0986 0.8128 0.5741
vn 0.1997 0.8151 0.5438
vn 0.3037 0.8179 0.4886
vn -0.2830 0.8441 0.4554
vn -0.1861 0.8416 0.5070
vn -0.0920 0.8396 0.5354
vn -0.0000 0.8388 0.5444
vn 0.0920 0.8396 0.5354
vn 0.1861 0.8416 0.5070
vn 0.2830 0.8441 0.4554
vn 0.3593 0.7328 -0.5778
vn 0.2359 0.7293 -0.6423
vn 0.1164 0.7264 -0.6774
vn -0.0000 0.7253 -0.6884
vn -0.1164 0.7264 -0.6774
vn -0.2359 0.7293 -0.6423
vn -0.3593 0.7328 -0.5778
vn 0.3521 0.7453 -0.5663
vn 0.2312 0.7418 -0.6295
vn 0.1141 0.7389 -0.6640
vn -0.0000 0.7379 -0.6749
vn -0.1141 0.7389 -0.6640
vn -0.2312 0.7418 -0.6295
vn -0.3521 0.7453 -0.5663
vn 0.3434 0.7596 -0.5524
vn 0.2256 0.7562 -0.6142
vn 0.1114 0.7535 -0.6480
vn -0.0000 0.7524 -0.6587
vn -0.1114 0.7535 -0.6480
vn -0.2256 0.7562 -0.6142
vn -0.3434 0.7596 -0.5524
vn 0.3329 0.7762 -0.5355
vn 0.2187 0.7729 -0.5956
vn 0.1080 0.7703 -0.6285
vn -0.0000 0.7693 -0.6389
vn -0.1080 0.7703 -0.6285
vn -0.2187 0.7729 -0.5956
vn -0.3329 0.7762 -0.5355
vn 0.3200 0.7954 -0.5147
vn 0.2103 0.7924 -0.5726
vn 0.1038 0.7899 -0.6044
vn -0.0000 0.7890 -0.6144
vn -0.1038 0.7899 -0.6044
vn -0.2103 0.7924 -0.5726
vn -0.3200 0.7954 -0.5147
vn 0.3038 0.8179 -0.4887
vn 0.1997 0.8151 -0.5439
vn 0.0986 0.8128 -0.5742
vn -0.0000 0.8119 -0.5837
vn -0.0986 0.8128 -0.5742
vn -0.1997 0.8151 -0.5439
vn -0.3038 0.8179 -0.4887
vn 0.2830 0.8441 -0.4554
vn 0.1861 0.8416 -0.5070
vn 0.0920 0.8396 -0.5354
vn -0.0000 0.8388 -0.5444
vn -0.0920 0.8396 -0.5354
vn -0.1861 0.8416 -0.5070
vn -0.2830 0.8441 -0.4554
vn -0.5778 0.7328 -0.3593
vn -0.6424 0.7292 -0.2359
vn -0.6775 0.7263 -0.1164
vn -0.6885 0.7252 -0.0000
vn -0.6775 0.7263 0.1164
vn -0.6423 0.7292 0.2359
vn -0.5778 0.7328 0.3593
vn -0.5663 0.7452 -0.3521
vn -0.6296 0.7417 -0.2312
vn -0.6641 0.7388 -0.1141
vn -0.6750 0.7378 -0.0000
vn -0.6641 0.7389 0.1142
vn -0.6296 0.7417 0.2312
vn -0.5662 0.7453 0.3521
vn -0.5524 0.7595 -0.3435
vn -0.6143 0.7561 -0.2256
vn -0.6481 0.7534 -0.1114
vn -0.6588 0.7524 -0.0000
vn -0.6481 0.7534 0.1114
vn -0.6143 0.7562 0.2256
vn -0.5523 0.7596 0.3434
vn -0.5355 0.7761 -0.3329
vn -0.5957 0.7729 -0.2188
vn -0.6286 0.7702 -0.1080
vn -0.6390 0.7692 -0.0000
vn -0.6285 0.7702 0.1080
vn -0.5956 0.7729 0.2188
vn -0.5355 0.7762 0.3329
vn -0.5147 0.7954 -0.3200
vn -0.5727 0.7923 -0.2103
vn -0.6045 0.7898 -0.1039
vn -0.6145 0.7889 -0.0000
vn -0.6044 0.7898 0.1039
vn -0.5727 0.7923 0.2103
vn -0.5147 0.7954 0.3200
vn -0.4887 0.8179 -0.3038
vn -0.5439 0.8150 -0.1997
vn -0.5742 0.8127 -0.0986
vn -0.5838 0.8119 -0.0000
vn -0.5742 0.8127 0.0987
vn -0.5439 0.8151 0.1997
vn -0.4886 0.8179 0.3038
vn -0.4554 0.8441 -0.2831
vn -0.5070 0.8416 -0.1861
vn -0.5355 0.8395 -0.0920
vn -0.5445 0.8388 -0.0000
vn -0.5354 0.8395 0.0920
vn -0.5070 0.8416 0.1862
vn -0.4554 0.8441 0.2831
vn -0.3985 0.8830 -0.2479
vn -0.4446 0.8807 -0.1634
vn -0.4702 0.8789 -0.0808
vn -0.4783 0.8782 -0.0000
vn -0.4702 0.8789 0.0808
vn -0.4446 0.8807 0.1634
vn -0.3985 0.8830 0.2479
vn -0.5228 0.7880 -0.3251
vn -0.5822 0.7844 -0.2139
vn -0.6149 0.7815 -0.1057
vn -0.6252 0.7805 -0.0000
vn -0.6149 0.7815 0.1057
vn -0.5822 0.7844 0.2139
vn -0.5228 0.7880 0.3251
vn -0.7172 0.5356 -0.4457
vn -0.7955 0.5310 -0.2919
vn -0.8373 0.5275 -0.1438
vn -0.8504 0.5262 -0.0000
vn -0.8373 0.5275 0.1438
vn -0.7955 0.5310 0.2920
vn -0.7172 0.5356 0.4457
vn -0.8496 -0.0016 -0.5275
vn -0.9390 -0.0015 -0.3440
vn -0.9856 -0.0015 -0.1689
vn -1.0000 -0.0015 -0.0000
vn -0.9856 -0.0015 0.1689
vn -0.9390 -0.0015 0.3440
vn -0.8496 -0.0016 0.5275
vn -0.7130 -0.5434 -0.4431
vn -0.7909 -0.5388 -0.2903
vn -0.8325 -0.5352 -0.1430
vn -0.8455 -0.5340 -0.0000
vn -0.8325 -0.5352 0.1430
vn -0.7909 -0.5388 0.2903
vn -0.7130 -0.5434 0.4431
vn -0.5104 -0.7992 -0.3174
vn -0.5686 -0.7956 -0.2089
vn -0.6006 -0.7929 -0.1033
vn -0.6107 -0.7918 -0.0000
vn -0.6006 -0.7929 0.1033
vn -0.5686 -0.7956 0.2089
vn -0.5104 -0.7992 0.3174
vn -0.3812 -0.8936 -0.2371
vn -0.4254 -0.8914 -0.1563
vn -0.4499 -0.8897 -0.0774
vn -0.4578 -0.8891 -0.0000
vn -0.4499 -0.8897 0.0774
vn -0.4254 -0.8914 0.1563
vn -0.3812 -0.8936 0.2371
vn 0.2479 0.8830 -0.3985
vn 0.1634 0.8807 -0.4446
vn 0.0808 0.8789 -0.4702
vn -0.0000 0.8782 -0.4783
vn -0.0808 0.8789 -0.4702
vn -0.1634 0.8807 -0.4446
vn -0.2479 0.8830 -0.3985
vn 0.3251 0.7880 -0.5228
vn 0.2139 0.7844 -0.5822
vn 0.1057 0.7815 -0.6149
vn -0.0000 0.7805 -0.6252
vn -0.1057 0.7815 -0.6149
vn -0.2139 0.7844 -0.5822
vn -0.3251 0.7880 -0.5228
vn 0.4457 0.5356 -0.7172
vn 0.2920 0.5310 -0.7955
vn 0.1438 0.5275 -0.8373
vn -0.0000 0.5262 -0.8504
vn -0.1438 0.5275 -0.8373
vn -0.2920 0.5310 -0.7955
vn -0.4457 0.5356 -0.7172
vn 0.5275 -0.0016 -0.8496
vn 0.3440 -0.0015 -0.9390
vn 0.1689 -0.0015 -0.9856
vn -0.0000 -0.0015 -1.0000
vn -0.1689 -0.0015 -0.9856
vn -0.3440 -0.0015 -0.9390
vn -0.5275 -0.0016 -0.8496
vn 0.4431 -0.5434 -0.7130
vn 0.2903 -0.5388 -0.7909
vn 0.1430 -0.5352 -0.8325
vn -0.0000 -0.5340 -0.8455
vn -0.1430 -0.5352 -0.8325
vn -0.2903 -0.5388 -0.7909
vn -0.4431 -0.5434 -0.7130
vn 0.3174 -0.7992 -0.5104
vn 0.2089 -0.7956 -0.5686
vn 0.1033 -0.7929 -0.6006
vn -0.0000 -0.7918 -0.6107
vn -0.1033 -0.7929 -0.6006
vn -0.2089 -0.7956 -0.5686
vn -0.3174 -0.7992 -0.5104
vn 0.2371 -0.8936 -0.3812
vn 0.1563 -0.8914 -0.4254
vn 0.0774 -0.8897 -0.4499
vn -0.0000 -0.8891 -0.4578
vn -0.0774 -0.8897 -0.4499
vn -0.1563 -0.8914 -0.4254
vn -0.2371 -0.8936 -0.3812
vn -0.2479 0.8830 0.3985
vn -0.1634 0.8807 0.4446
vn -0.0808 0.8789 0.4702
vn -0.0000 0.8782 0.4783
vn 0.0808 0.8789 0.4702
vn 0.1634 0.8807 0.4446
vn 0.2479 0.8830 0.3985
vn -0.3251 0.7880 0.5228
vn -0.2139 0.7844 0.5822
vn -0.1057 0.7815 0.6149
vn -0.0000 0.7805 0.6252
vn 0.1057 0.7815 0.6149
vn 0.2139 0.7844 0.5822
vn 0.3251 0.7880 0.5228
vn -0.4457 0.5356 0.7172
vn -0.2919 0.5310 0.7955
vn -0.1438 0.5275 0.8373
vn -0.0000 0.5262 0.8504
vn 0.1438 0.5275 0.8373
vn 0.2920 0.5310 0.7955
vn 0.4457 0.5356 0.7172
vn -0.5275 -0.0016 0.8496
vn -0.3440 -0.0015 0.9390
vn -0.1689 -0.0015 0.9856
vn -0.0000 -0.0015 1.0000
vn 0.1689 -0.0015 0.9856
vn 0.3440 -0.0015 0.9390
vn 0.5275 -0.0016 0.8496
vn -0.4431 -0.5434 0.7130
vn -0.2903 -0.5388 0.7909
vn -0.1430 -0.5352 0.8325
vn -0.0000 -0.5340 0.8455
vn 0.1430 -0.5352 0.8325
vn 0.2903 -0.5388 0.7909
vn 0.4431 -0.5434 0.7130
vn -0.3174 -0.7992 0.5104
vn -0.2089 -0.7956 0.5686
vn -0.1033 -0.7929 0.6006
vn -0.0000 -0.7918 0.6107
vn 0.1033 -0.7929 0.6006
vn 0.2089 -0.7956 0.5686
vn 0.3174 -0.7992 0.5104
vn -0.2371 -0.8936 0.3812
vn -0.1563 -0.8914 0.4254
vn -0.0774 -0.8897 0.4499
vn -0.0000 -0.8891 0.4578
vn 0.0774 -0.8897 0.4499
vn 0.1563 -0.8914 0.4254
vn 0.2371 -0.8936 0.3812
vn 0.3985 0.8830 0.2479
vn 0.4446 0.8807 0.1634
vn 0.4702 0.8789 0.0808
vn 0.4783 0.8782 -0.0000
vn 0.4702 0.8789 -0.0808
vn 0.4446 0.8807 -0.1634
vn 0.3985 0.8830 -0.2479
vn 0.5228 0.7880 0.3251
vn 0.5822 0.7844 0.2139
vn 0.6149 0.7815 0.1057
vn 0.6252 0.7805 -0.0000
vn 0.6149 0.7815 -0.1057
vn 0.5822 0.7844 -0.2139
vn 0.5228 0.7880 -0.3251
vn 0.7172 0.5356 0.4457
vn 0.7955 0.5310 0.2920
vn 0.8373 0.5275 0.1438
vn 0.8504 0.5262 -0.0000
vn 0.8373 0.5275 -0.1438
vn 0.7955 0.5310 -0.2920
vn 0.7172 0.5356 -0.4457
vn 0.8496 -0.0016 0.5275
vn 0.9390 -0.0015 0.3440
vn 0.9856 -0.0015 0.1689
vn 1.0000 -0.0015 -0.0000
vn 0.9856 -0.0015 -0.1689
vn 0.9390 -0.0015 -0.3440
vn 0.8496 -0.0016 -0.5275
vn 0.7130 -0.5434 0.4431
vn 0.7909 -0.5388 0.2903
vn 0.8325 -0.5352 0.1430
vn 0.8455 -0.5340 -0.0000
vn 0.8325 -0.5352 -0.1430
vn 0.7909 -0.5388 -0.2903
vn 0.7130 -0.5434 -0.4431
vn 0.5104 -0.7992 0.3174
vn 0.5686 -0.7956 0.2089
vn 0.6006 -0.7929 0.1033
vn 0.6107 -0.7918 -0.0000
vn 0.6006 -0.7929 -0.1033
vn 0.5686 -0.7956 -0.2089
vn 0.5104 -0.7992 -0.3175
vn 0.3812 -0.8936 0.2371
vn 0.4254 -0.8914 0.1563
vn 0.4499 -0.8897 0.0774
vn 0.4578 -0.8891 -0.0000
vn 0.4499 -0.8897 -0.0774
vn 0.4254 -0.8914 -0.1563
vn 0.3812 -0.8936 -0.2371
vn -0.2768 -0.9454 -0.1720
vn -0.3089 -0.9443 -0.1134
vn -0.3268 -0.9434 -0.0562
vn -0.3326 -0.9431 -0.0000
vn -0.3268 -0.9434 0.0562
vn -0.3089 -0.9443 0.1134
vn -0.2768 -0.9454 0.1720
vn -0.2814 -0.9435 -0.1749
vn -0.3139 -0.9424 -0.1152
vn -0.3320 -0.9415 -0.0570
vn -0.3378 -0.9412 -0.0000
vn -0.3320 -0.9415 0.0570
vn -0.3139 -0.9424 0.1152
vn -0.2814 -0.9435 0.1749
vn -0.3136 -0.9293 -0.1949
vn -0.3496 -0.9281 -0.1283
vn -0.3696 -0.9270 -0.0635
vn -0.3760 -0.9266 -0.0000
vn -0.3696 -0.9270 0.0635
vn -0.3496 -0.9281 0.1283
vn -0.3136 -0.9293 0.1949
vn -0.3712 -0.8995 -0.2306
vn -0.4135 -0.8978 -0.1517
vn -0.4369 -0.8964 -0.0750
vn -0.4443 -0.8959 -0.0000
vn -0.4369 -0.8964 0.0750
vn -0.4135 -0.8978 0.1517
vn -0.3712 -0.8995 0.2306
vn -0.4551 -0.8443 -0.2828
vn -0.5065 -0.8420 -0.1859
vn -0.5346 -0.8401 -0.0918
vn -0.5436 -0.8394 -0.0000
vn -0.5346 -0.8401 0.0918
vn -0.5065 -0.8420 0.1859
vn -0.4551 -0.8443 0.2828
vn -0.5648 -0.7468 -0.3511
vn -0.6275 -0.7437 -0.2304
vn -0.6616 -0.7412 -0.1137
vn -0.6723 -0.7402 -0.0000
vn -0.6616 -0.7412 0.1137
vn -0.6275 -0.7437 0.2304
vn -0.5648 -0.7468 0.3511
vn -0.6884 -0.5854 -0.4283
vn -0.7633 -0.5819 -0.2806
vn -0.8035 -0.5790 -0.1382
vn -0.8161 -0.5780 -0.0000
vn -0.8035 -0.5790 0.1382
vn -0.7633 -0.5819 0.2806
vn -0.6884 -0.5854 0.4283
vn 0.1720 -0.9454 -0.2768
vn 0.1134 -0.9443 -0.3089
vn 0.0562 -0.9434 -0.3268
vn -0.0000 -0.9431 -0.3326
vn -0.0562 -0.9434 -0.3268
vn -0.1134 -0.9443 -0.3089
vn -0.1720 -0.9454 -0.2768
vn 0.1749 -0.9435 -0.2814
vn 0.1152 -0.9424 -0.3139
vn 0.0570 -0.9415 -0.3320
vn -0.0000 -0.9412 -0.3378
vn -0.0570 -0.9415 -0.3320
vn -0.1152 -0.9424 -0.3139
vn -0.1749 -0.9435 -0.2814
vn 0.1949 -0.9293 -0.3136
vn 0.1283 -0.9281 -0.3496
vn 0.0635 -0.9270 -0.3696
vn -0.0000 -0.9266 -0.3760
vn -0.0635 -0.9270 -0.3696
vn -0.1283 -0.9281 -0.3496
vn -0.1949 -0.9293 -0.3136
vn 0.2306 -0.8995 -0.3712
vn 0.1517 -0.8978 -0.4135
vn 0.0750 -0.8964 -0.4369
vn -0.0000 -0.8959 -0.4443
vn -0.0750 -0.8964 -0.4369
vn -0.1517 -0.8978 -0.4135
vn -0.2306 -0.8995 -0.3712
vn 0.2828 -0.8443 -0.4551
vn 0.1859 -0.8420 -0.5065
vn 0.0918 -0.8401 -0.5346
vn -0.0000 -0.8394 -0.5436
vn -0.0918 -0.8401 -0.5346
vn -0.1859 -0.8420 -0.5065
vn -0.2828 -0.8443 -0.4551
vn 0.3511 -0.7468 -0.5648
vn 0.2304 -0.7437 -0.6275
vn 0.1137 -0.7412 -0.6616
vn -0.0000 -0.7402 -0.6723
vn -0.1137 -0.7412 -0.6616
vn -0.2304 -0.7437 -0.6275
vn -0.3511 -0.7468 -0.5648
vn 0.4283 -0.5854 -0.6884
vn 0.2806 -0.5819 -0.7633
vn 0.1382 -0.5790 -0.8035
vn -0.0000 -0.5780 -0.8161
vn -0.1382 -0.5790 -0.8035
vn -0.2806 -0.5819 -0.7633
vn -0.4283 -0.5854 -0.6884
vn -0.1720 -0.9454 0.2768
vn -0.1134 -0.9443 0.3089
vn -0.0562 -0.9434 0.3268
vn -0.0000 -0.9431 0.3326
vn 0.0562 -0.9434 0.3268
vn 0.1134 -0.9443 0.3089
vn 0.1720 -0.9454 0.2768
vn -0.1749 -0.9435 0.2814
vn -0.1152 -0.9424 0.3139
vn -0.0570 -0.9415 0.3320
vn -0.0000 -0.9412 0.3378
vn 0.0570 -0.9415 0.3320
vn 0.1152 -0.9424 0.3139
vn 0.1749 -0.9435 0.2814
vn -0.1949 -0.9293 0.3136
vn -0.1283 -0.9281 0.3496
vn -0.0635 -0.9270 0.3696
vn -0.0000 -0.9266 0.3760
vn 0.0635 -0.9270 0.3696
vn 0.1283 -0.9281 0.3496
vn 0.1949 -0.9293 0.3136
vn -0.2306 -0.8995 0.3712
vn -0.1517 -0.8978 0.4135
vn -0.0750 -0.8964 0.4369
vn -0.0000 -0.8959 0.4443
vn 0.0750 -0.8964 0.4369
vn 0.1517 -0.8978 0.4135
vn 0.2306 -0.8995 0.3712
vn -0.2828 -0.8443 0.4551
vn -0.1859 -0.8420 0.5065
vn -0.0918 -0.8401 0.5346
vn -0.0000 -0.8394 0.5436
vn 0.0918 -0.8401 0.5346
vn 0.1859 -0.8420 0.5065
vn 0.2828 -0.8443 0.4551
vn -0.3511 -0.7468 0.5648
vn -0.2304 -0.7437 0.6275
vn -0.1137 -0.7412 0.6616
vn -0.0000 -0.7402 0.6723
vn 0.1137 -0.7412 0.6616
vn 0.2304 -0.7437 0.6275
vn 0.3511 -0.7468 0.5648
vn -0.4283 -0.5854 0.6884
vn -0.2806 -0.5819 0.7633
vn -0.1382 -0.5790 0.8035
vn -0.0000 -0.5780 0.8161
vn 0.1382 -0.5790 0.8035
vn 0.2806 -0.5819 0.7633
vn 0.4283 -0.5854 0.6884
vn 0.2768 -0.9454 0.1720
vn 0.3089 -0.9443 0.1134
vn 0.3268 -0.9434 0.0562
vn 0.3326 -0.9431 -0.0000
vn 0.3268 -0.9434 -0.0562
vn 0.3089 -0.9443 -0.1134
vn 0.2768 -0.9454 -0.1720
vn 0.2814 -0.9435 0.1749
vn 0.3139 -0.9424 0.1152
vn 0.3320 -0.9415 0.0570
vn 0.3378 -0.9412 -0.0000
vn 0.3320 -0.9415 -0.0570
vn 0.3139 -0.9424 -0.1152
vn 0.2814 -0.9435 -0.1749
vn 0.3136 -0.9293 0.1949
vn 0.3496 -0.9281 0.1283
vn 0.3696 -0.9270 0.0635
vn 0.3760 -0.9266 -0.0000
vn 0.3696 -0.9270 -0.0635
vn 0.3496 -0.9281 -0.1283
vn 0.3136 -0.9293 -0.1949
vn 0.3712 -0.8995 0.2306
vn 0.4135 -0.8978 0.1517
vn 0.4369 -0.8964 0.0750
vn 0.4443 -0.8959 -0.0000
vn 0.4369 -0.8964 -0.0750
vn 0.4135 -0.8978 -0.1517
vn 0.3712 -0.8995 -0.2306
vn 0.4551 -0.8443 0.2828
vn 0.5065 -0.8420 0.1859
vn 0.5346 -0.8401 0.0918
vn 0.5436 -0.8394 -0.0000
vn 0.5346 -0.8401 -0.0918
vn 0.5065 -0.8420 -0.1859
vn 0.4551 -0.8443 -0.2828
vn 0.5648 -0.7468 0.3511
vn 0.6275 -0.7437 0.2304
vn 0.6616 -0.7412 0.1137
vn 0.6723 -0.7402 -0.0000
vn 0.6616 -0.7412 -0.1137
vn 0.6275 -0.7437 -0.2304
vn 0.5648 -0.7468 -0.3511
vn 0.6884 -0.5854 0.4283
vn 0.7633 -0.5819 0.2806
vn 0.8035 -0.5790 0.1382
vn 0.8161 -0.5780 -0.0000
vn 0.8035 -0.5790 -0.1382
vn 0.7633 -0.5819 -0.2806
vn 0.6884 -0.5854 -0.4283
vn -0.0080 -0.9999 -0.0124
vn -0.0162 -0.9995 -0.0259
vn -0.0345 -0.9979 -0.0554
vn -0.0781 -0.9890 -0.1257
vn -0.1873 -0.9348 -0.3018
vn -0.3854 -0.6838 -0.6196
vn -0.5112 -0.2553 -0.8207
vn -0.0051 -0.9999 -0.0127
vn -0.0104 -0.9996 -0.0277
vn -0.0226 -0.9979 -0.0612
vn -0.0516 -0.9887 -0.1408
vn -0.1235 -0.9333 -0.3373
vn -0.2529 -0.6801 -0.6881
vn -0.3344 -0.2522 -0.9080
vn -0.0025 -0.9999 -0.0129
vn -0.0051 -0.9996 -0.0285
vn -0.0112 -0.9979 -0.0644
vn -0.0257 -0.9884 -0.1496
vn -0.0613 -0.9318 -0.3578
vn -0.1248 -0.6766 -0.7257
vn -0.1645 -0.2495 -0.9543
vn -0.0000 -0.9999 -0.0129
vn -0.0000 -0.9996 -0.0288
vn -0.0000 -0.9979 -0.0655
vn -0.0000 -0.9883 -0.1525
vn -0.0000 -0.9312 -0.3645
vn -0.0000 -0.6751 -0.7377
vn -0.0000 -0.2484 -0.9687
vn 0.0025 -0.9999 -0.0129
vn 0.0051 -0.9996 -0.0285
vn 0.0112 -0.9979 -0.0644
vn 0.0257 -0.9884 -0.1496
vn 0.0613 -0.9318 -0.3578
vn 0.1248 -0.6766 -0.7257
vn 0.1645 -0.2495 -0.9543
vn 0.0051 -0.9999 -0.0127
vn 0.0104 -0.9996 -0.0277
vn 0.0226 -0.9979 -0.0612
vn 0.0516 -0.9887 -0.1408
vn 0.1235 -0.9333 -0.3373
vn 0.2529 -0.6801 -0.6881
vn 0.3344 -0.2522 -0.9081
vn 0.0080 -0.9999 -0.0124
vn 0.0162 -0.9995 -0.0259
vn 0.0345 -0.9979 -0.0554
vn 0.0781 -0.9890 -0.1257
vn 0.1873 -0.9348 -0.3018
vn 0.3854 -0.6838 -0.6196
vn 0.5112 -0.2553 -0.8207
vn 0.0124 -0.9999 -0.0080
vn 0.0259 -0.9995 -0.0162
vn 0.0554 -0.9979 -0.0345
vn 0.1257 -0.9890 -0.0781
vn 0.3018 -0.9348 -0.1873
vn 0.6196 -0.6838 -0.3854
vn 0.8207 -0.2553 -0.5112
vn 0.0127 -0.9999 -0.0051
vn 0.0277 -0.9996 -0.0104
vn 0.0612 -0.9979 -0.0226
vn 0.1408 -0.9887 -0.0516
vn 0.3373 -0.9333 -0.1235
vn 0.6881 -0.6801 -0.2529
vn 0.9080 -0.2522 -0.3344
vn 0.0129 -0.9999 -0.0025
vn 0.0285 -0.9996 -0.0051
vn 0.0644 -0.9979 -0.0112
vn 0.1496 -0.9884 -0.0257
vn 0.3578 -0.9318 -0.0613
vn 0.7257 -0.6766 -0.1248
vn 0.9543 -0.2495 -0.1645
vn 0.0129 -0.9999 -0.0000
vn 0.0288 -0.9996 -0.0000
vn 0.0655 -0.9979 -0.0000
vn 0.1525 -0.9883 -0.0000
vn 0.3645 -0.9312 -0.0000
vn 0.7377 -0.6751 -0.0000
vn 0.9687 -0.2484 -0.0000
vn 0.0129 -0.9999 0.0025
vn 0.0285 -0.9996 0.0051
vn 0.0644 -0.9979 0.0112
vn 0.1496 -0.9884 0.0257
vn 0.3578 -0.9318 0.0613
vn 0.7257 -0.6766 0.1248
vn 0.9543 -0.2495 0.1645
vn 0.0127 -0.9999 0.0051
vn 0.0277 -0.9996 0.0104
vn 0.0612 -0.9979 0.0226
vn 0.1408 -0.9887 0.0516
vn 0.3373 -0.9333 0.1235
vn 0.6881 -0.6801 0.2529
vn 0.9081 -0.2522 0.3344
vn 0.0124 -0.9999 0.0080
vn 0.0259 -0.9995 0.0162
vn 0.0554 -0.9979 0.0345
vn 0.1257 -0.9890 0.0781
vn 0.3018 -0.9348 0.1873
vn 0.6196 -0.6838 0.3854
vn 0.8207 -0.2553 0.5112
vn 0.0080 -0.9999 0.0124
vn 0.0162 -0.9995 0.0259
vn 0.0345 -0.9979 0.0554
vn 0.0781 -0.9890 0.1257
vn 0.1873 -0.9348 0.3018
vn 0.3854 -0.6838 0.6196
vn 0.5112 -0.2553 0.8207
vn 0.0051 -0.9999 0.0127
vn 0.0104 -0.9996 0.0277
vn 0.0226 -0.9979 0.0612
vn 0.0516 -0.9887 0.1408
vn 0.1235 -0.9333 0.3373
vn 0.2529 -0.6801 0.6881
vn 0.3344 -0.2522 0.9081
vn 0.0025 -0.9999 0.0129
vn 0.0051 -0.9996 0.0285
vn 0.0112 -0.9979 0.0644
vn 0.0257 -0.9884 0.1496
vn 0.0613 -0.9318 0.3578
vn 0.1248 -0.6766 0.7257
vn 0.1645 -0.2495 0.9543
vn -0.0000 -0.9999 0.0129
vn -0.0000 -0.9996 0.0288
vn -0.0000 -0.9979 0.0655
vn -0.0000 -0.9883 0.1525
vn -0.0000 -0.9312 0.3645
vn -0.0000 -0.6751 0.7377
vn -0.0000 -0.2484 0.9687
vn -0.0025 -0.9999 0.0129
vn -0.0051 -0.9996 0.0285
vn -0.0112 -0.9979 0.0644
vn -0.0257 -0.9884 0.1496
vn -0.0613 -0.9318 0.3578
vn -0.1248 -0.6766 0.7257
vn -0.1645 -0.2495 0.9543
vn -0.0051 -0.9999 0.0127
vn -0.0104 -0.9996 0.0277
vn -0.0226 -0.9979 0.0612
vn -0.0516 -0.9887 0.1408
vn -0.1235 -0.9333 0.3373
vn -0.2529 -0.6801 0.6881
vn -0.3344 -0.2522 0.9081
vn -0.0080 -0.9999 0.0124
vn -0.0162 -0.9995 0.0259
vn -0.0345 -0.9979 0.0554
vn -0.0781 -0.9890 0.1257
vn -0.1873 -0.9348 0.3018
vn -0.3854 -0.6838 0.6196
vn -0.5112 -0.2553 0.8207
vn -0.0124 -0.9999 0.0080
vn -0.0259 -0.9995 0.0162
vn -0.0554 -0.9979 0.0345
vn -0.1257 -0.9890 0.0781
vn -0.3018 -0.9348 0.1873
vn -0.6196 -0.6838 0.3854
vn -0.8207 -0.2553 0.5112
vn -0.0128 -0.9999 0.0051
vn -0.0277 -0.9996 0.0104
vn -0.0612 -0.9979 0.0226
vn -0.1408 -0.9887 0.0516
vn -0.3373 -0.9333 0.1235
vn -0.6881 -0.6801 0.2529
vn -0.9081 -0.2522 0.3344
vn -0.0129 -0.9999 0.0025
vn -0.0285 -0.9996 0.0051
vn -0.0644 -0.9979 0.0112
vn -0.1496 -0.9884 0.0257
vn -0.3578 -0.9318 0.0613
vn -0.7257 -0.6766 0.1248
vn -0.9543 -0.2495 0.1645
vn -0.0129 -0.9999 -0.0000
vn -0.0288 -0.9996 -0.0000
vn -0.0655 -0.9979 -0.0000
vn -0.1525 -0.9883 -0.0000
vn -0.3645 -0.9312 -0.0000
vn -0.7377 -0.6751 -0.0000
vn -0.9687 -0.2484 -0.0000
vn -0.0129 -0.9999 -0.0025
vn -0.0285 -0.9996 -0.0051
vn -0.0644 -0.9979 -0.0112
vn -0.1496 -0.9884 -0.0257
vn -0.3578 -0.9318 -0.0613
vn -0.7257 -0.6766 -0.1248
vn -0.9543 -0.2495 -0.1645
vn -0.0127 -0.9999 -0.0051
vn -0.0277 -0.9996 -0.0104
vn -0.0612 -0.9979 -0.0226
vn -0.1408 -0.9887 -0.0516
vn -0.3373 -0.9333 -0.1235
vn -0.6881 -0.6801 -0.2529
vn -0.9080 -0.2522 -0.3344
vn -0.0124 -0.9999 -0.0080
vn -0.0259 -0.9995 -0.0162
vn -0.0554 -0.9979 -0.0345
vn -0.1257 -0.9890 -0.0781
vn -0.3018 -0.9348 -0.1873
vn -0.6196 -0.6838 -0.3854
vn -0.8207 -0.2553 -0.5112
vn -0.8425 -0.1227 -0.5245
vn -0.9315 -0.1216 -0.3427
vn -0.9783 -0.1206 -0.1685
vn -0.9927 -0.1203 -0.0000
vn -0.9783 -0.1206 0.1685
vn -0.9315 -0.1216 0.3427
vn -0.8425 -0.1227 0.5245
vn -0.8472 0.0650 -0.5273
vn -0.9366 0.0643 -0.3445
vn -0.9835 0.0638 -0.1693
vn -0.9980 0.0636 -0.0000
vn -0.9835 0.0638 0.1693
vn -0.9366 0.0643 0.3445
vn -0.8472 0.0650 0.5273
vn -0.8316 0.2016 -0.5175
vn -0.9197 0.1996 -0.3382
vn -0.9660 0.1981 -0.1662
vn -0.9803 0.1975 -0.0000
vn -0.9660 0.1981 0.1662
vn -0.9197 0.1996 0.3382
vn -0.8316 0.2016 0.5175
vn -0.8096 0.3013 -0.5037
vn -0.8958 0.2985 -0.3293
vn -0.9413 0.2963 -0.1620
vn -0.9554 0.2955 -0.0000
vn -0.9413 0.2963 0.1620
vn -0.8958 0.2985 0.3293
vn -0.8096 0.3013 0.5037
vn -0.7866 0.3765 -0.4894
vn -0.8708 0.3731 -0.3201
vn -0.9154 0.3705 -0.1575
vn -0.9292 0.3695 -0.0000
vn -0.9154 0.3705 0.1575
vn -0.8708 0.3731 0.3201
vn -0.7866 0.3765 0.4894
vn -0.7644 0.4354 -0.4755
vn -0.8466 0.4317 -0.3112
vn -0.8903 0.4288 -0.1531
vn -0.9039 0.4277 -0.0000
vn -0.8903 0.4288 0.1531
vn -0.8466 0.4317 0.3112
vn -0.7644 0.4354 0.4755
vn -0.7432 0.4837 -0.4623
vn -0.8235 0.4799 -0.3026
vn -0.8663 0.4767 -0.1490
vn -0.8797 0.4756 -0.0000
vn -0.8663 0.4767 0.1490
vn -0.8235 0.4798 0.3026
vn -0.7432 0.4837 0.4623
vn 0.5245 -0.1227 -0.8425
vn 0.3427 -0.1216 -0.9315
vn 0.1685 -0.1206 -0.9783
vn -0.0000 -0.1203 -0.9927
vn -0.1685 -0.1206 -0.9783
vn -0.3427 -0.1216 -0.9315
vn -0.5245 -0.1227 -0.8425
vn 0.5273 0.0650 -0.8472
vn 0.3445 0.0643 -0.9366
vn 0.1693 0.0638 -0.9835
vn -0.0000 0.0636 -0.9980
vn -0.1693 0.0638 -0.9835
vn -0.3445 0.0643 -0.9366
vn -0.5273 0.0650 -0.8472
vn 0.5175 0.2016 -0.8316
vn 0.3382 0.1996 -0.9197
vn 0.1662 0.1980 -0.9660
vn -0.0000 0.1975 -0.9803
vn -0.1662 0.1981 -0.9660
vn -0.3382 0.1996 -0.9197
vn -0.5175 0.2016 -0.8316
vn 0.5037 0.3013 -0.8096
vn 0.3293 0.2985 -0.8958
vn 0.1620 0.2963 -0.9413
vn -0.0000 0.2955 -0.9554
vn -0.1620 0.2963 -0.9413
vn -0.3293 0.2985 -0.8958
vn -0.5037 0.3013 -0.8096
vn 0.4894 0.3765 -0.7866
vn 0.3201 0.3731 -0.8708
vn 0.1575 0.3705 -0.9154
vn -0.0000 0.3695 -0.9292
vn -0.1575 0.3705 -0.9154
vn -0.3201 0.3731 -0.8708
vn -0.4894 0.3765 -0.7866
vn 0.4755 0.4354 -0.7644
vn 0.3112 0.4317 -0.8466
vn 0.1531 0.4288 -0.8903
vn -0.0000 0.4277 -0.9039
vn -0.1531 0.4288 -0.8903
vn -0.3112 0.4317 -0.8466
vn -0.4755 0.4354 -0.7644
vn 0.4623 0.4837 -0.7432
vn 0.3026 0.4799 -0.8235
vn 0.1490 0.4767 -0.8663
vn -0.0000 0.4756 -0.8797
vn -0.1490 0.4767 -0.8663
vn -0.3026 0.4799 -0.8235
vn -0.4623 0.4837 -0.7432
vn -0.5245 -0.1227 0.8425
vn -0.3427 -0.1216 0.9315
vn -0.1685 -0.1206 0.9783
vn -0.0000 -0.1203 0.9927
vn 0.1685 -0.1206 0.9783
vn 0.3427 -0.1216 0.9315
vn 0.5245 -0.1227 0.8425
vn -0.5273 0.0650 0.8472
vn -0.3445 0.0643 0.9366
vn -0.1693 0.0638 0.9835
vn -0.0000 0.0636 0.9980
vn 0.1693 0.0638 0.9835
vn 0.3445 0.0643 0.9366
vn 0.5273 0.0650 0.8472
vn -0.5175 0.2016 0.8316
vn -0.3382 0.1996 0.9197
vn -0.1662 0.1980 0.9660
vn -0.0000 0.1975 0.9803
vn 0.1662 0.1980 0.9660
vn 0.3382 0.1996 0.9197
vn 0.5175 0.2016 0.8316
vn -0.5037 0.3013 0.8096
vn -0.3293 0.2985 0.8958
vn -0.1620 0.2963 0.9413
vn -0.0000 0.2955 0.9554
vn 0.1620 0.2963 0.9413
vn 0.3293 0.2985 0.8958
vn 0.5037 0.3013 0.8096
vn -0.4894 0.3765 0.7866
vn -0.3201 0.3731 0.8708
vn -0.1575 0.3705 0.9154
vn -0.0000 0.3695 0.9292
vn 0.1575 0.3705 0.9154
vn 0.3201 0.3731 0.8708
vn 0.4894 0.3765 0.7866
vn -0.4755 0.4354 0.7644
vn -0.3112 0.4317 0.8466
vn -0.1531 0.4288 0.8903
vn -0.0000 0.4277 0.9039
vn 0.1531 0.4288 0.8903
vn 0.3112 0.4317 0.8466
vn 0.4755 0.4354 0.7644
vn -0.4623 0.4837 0.7432
vn -0.3026 0.4799 0.8235
vn -0.1490 0.4767 0.8663
vn -0.0000 0.4756 0.8797
vn 0.1490 0.4767 0.8663
vn 0.3026 0.4798 0.8235
vn 0.4623 0.4837 0.7432
vn 0.8425 -0.1227 0.5245
vn 0.9315 -0.1216 0.3427
vn 0.9783 -0.1206 0.1685
vn 0.9927 -0.1203 -0.0000
vn 0.9783 -0.1206 -0.1685
vn 0.9315 -0.1216 -0.3427
vn 0.8425 -0.1227 -0.5245
vn 0.8472 0.0650 0.5273
vn 0.9366 0.0643 0.3445
vn 0.9835 0.0638 0.1693
vn 0.9980 0.0636 -0.0000
vn 0.9835 0.0638 -0.1693
vn 0.9366 0.0643 -0.3445
vn 0.8472 0.0650 -0.5273
vn 0.8316 0.2016 0.5175
vn 0.9197 0.1996 0.3382
vn 0.9660 0.1980 0.1662
vn 0.9803 0.1975 -0.0000
vn 0.9660 0.1980 -0.1662
vn 0.9197 0.1996 -0.3382
vn 0.8316 0.2016 -0.5175
vn 0.8096 0.3013 0.5037
vn 0.8958 0.2985 0.3293
vn 0.9413 0.2963 0.1620
vn 0.9554 0.2955 -0.0000
vn 0.9413 0.2963 -0.1620
vn 0.8958 0.2985 -0.3293
vn 0.8096 0.3013 -0.5037
vn 0.7866 0.3765 0.4894
vn 0.8708 0.3731 0.3201
vn 0.9154 0.3705 0.1575
vn 0.9292 0.3695 -0.0000
vn 0.9154 0.3705 -0.1575
vn 0.8708 0.3731 -0.3201
vn 0.7866 0.3765 -0.4894
vn 0.7644 0.4354 0.4755
vn 0.8466 0.4317 0.3112
vn 0.8903 0.4288 0.1531
vn 0.9039 0.4277 -0.0000
vn 0.8903 0.4288 -0.1531
vn 0.8466 0.4317 -0.3112
vn 0.7644 0.4354 -0.4755
vn 0.7432 0.4837 0.4623
vn 0.8235 0.4798 0.3026
vn 0.8663 0.4767 0.1490
vn 0.8797 0.4756 -0.0000
vn 0.8663 0.4767 -0.1490
vn 0.8235 0.4798 -0.3026
vn 0.7432 0.4837 -0.4623
vn -0.7019 0.5627 -0.4366
vn -0.7785 0.5587 -0.2860
vn -0.8195 0.5555 -0.1409
vn -0.8323 0.5543 -0.0000
vn -0.8195 0.5555 0.1409
vn -0.7785 0.5587 0.2860
vn -0.7019 0.5627 0.4366
vn -0.6815 0.5966 -0.4238
vn -0.7561 0.5926 -0.2778
vn -0.7962 0.5893 -0.1369
vn -0.8088 0.5881 -0.0000
vn -0.7962 0.5893 0.1369
vn -0.7561 0.5926 0.2778
vn -0.6815 0.5966 0.4238
vn -0.6617 0.6267 -0.4115
vn -0.7344 0.6227 -0.2698
vn -0.7736 0.6195 -0.1330
vn -0.7859 0.6183 -0.0000
vn -0.7736 0.6195 0.1330
vn -0.7344 0.6228 0.2698
vn -0.6617 0.6268 0.4115
vn -0.6431 0.6531 -0.3999
vn -0.7140 0.6491 -0.2623
vn -0.7523 0.6460 -0.1293
vn -0.7644 0.6448 -0.0000
vn -0.7523 0.6460 0.1293
vn -0.7140 0.6491 0.2623
vn -0.6431 0.6531 0.3999
vn -0.6261 0.6756 -0.3893
vn -0.6954 0.6717 -0.2554
vn -0.7329 0.6686 -0.1260
vn -0.7447 0.6674 -0.0000
vn -0.7329 0.6686 0.1260
vn -0.6954 0.6717 0.2554
vn -0.6261 0.6756 0.3893
vn -0.6111 0.6943 -0.3800
vn -0.6790 0.6905 -0.2494
vn -0.7157 0.6875 -0.1230
vn -0.7273 0.6863 -0.0000
vn -0.7157 0.6875 0.1230
vn -0.6789 0.6905 0.2494
vn -0.5984 0.7095 -0.3721
vn -0.6650 0.7058 -0.2443
vn -0.7012 0.7027 -0.1205
vn -0.7125 0.7016 -0.0000
vn -0.7012 0.7027 0.1205
vn -0.6650 0.7058 0.2443
vn -0.5984 0.7095 0.3721
vn 0.4366 0.5627 -0.7019
vn 0.2860 0.5587 -0.7785
vn 0.1409 0.5555 -0.8195
vn -0.0000 0.5543 -0.8323
vn -0.1409 0.5555 -0.8195
vn -0.2860 0.5587 -0.7785
vn -0.4366 0.5627 -0.7019
vn 0.4238 0.5966 -0.6815
vn 0.2778 0.5926 -0.7561
vn 0.1369 0.5893 -0.7962
vn -0.0000 0.5881 -0.8088
vn -0.1369 0.5893 -0.7962
vn -0.2778 0.5926 -0.7561
vn -0.4238 0.5966 -0.6815
vn 0.4115 0.6268 -0.6617
vn 0.2698 0.6228 -0.7344
vn 0.1330 0.6195 -0.7736
vn -0.0000 0.6184 -0.7859
vn -0.1330 0.6195 -0.7736
vn -0.2698 0.6228 -0.7344
vn -0.4115 0.6268 -0.6617
vn 0.3999 0.6531 -0.6431
vn 0.2623 0.6492 -0.7140
vn 0.1293 0.6460 -0.7523
vn -0.0000 0.6448 -0.7643
vn -0.1293 0.6460 -0.7523
vn -0.2623 0.6492 -0.7140
vn -0.3999 0.6531 -0.6431
vn 0.3893 0.6756 -0.6261
vn 0.2554 0.6717 -0.6954
vn 0.1260 0.6686 -0.7329
vn -0.0000 0.6675 -0.7446
vn -0.1260 0.6686 -0.7329
vn -0.2554 0.6717 -0.6954
vn -0.3893 0.6756 -0.6261
vn 0.2494 0.6906 -0.6789
vn 0.1230 0.6875 -0.7157
vn -0.0000 0.6864 -0.7272
vn -0.1230 0.6875 -0.7157
vn -0.2494 0.6906 -0.6789
vn 0.3721 0.7095 -0.5984
vn 0.2442 0.7058 -0.6650
vn 0.1205 0.7028 -0.7011
vn -0.0000 0.7017 -0.7125
vn -0.1205 0.7028 -0.7011
vn -0.2442 0.7058 -0.6650
vn -0.3721 0.7095 -0.5984
vn -0.4366 0.5627 0.7019
vn -0.2860 0.5587 0.7785
vn -0.1409 0.5555 0.8195
vn -0.0000 0.5543 0.8323
vn 0.1409 0.5555 0.8195
vn 0.2860 0.5587 0.7785
vn 0.4366 0.5627 0.7019
vn -0.4238 0.5966 0.6815
vn -0.2778 0.5926 0.7561
vn -0.1369 0.5893 0.7962
vn -0.0000 0.5881 0.8088
vn 0.1369 0.5893 0.7962
vn 0.2778 0.5926 0.7561
vn 0.4238 0.5966 0.6815
vn -0.4115 0.6268 0.6617
vn -0.2698 0.6228 0.7344
vn -0.1330 0.6195 0.7736
vn -0.0000 0.6184 0.7859
vn 0.1330 0.6195 0.7736
vn 0.2698 0.6228 0.7344
vn 0.4115 0.6268 0.6617
vn -0.3999 0.6531 0.6431
vn -0.2623 0.6492 0.7140
vn -0.1293 0.6460 0.7523
vn -0.0000 0.6448 0.7643
vn 0.1293 0.6460 0.7523
vn 0.2623 0.6492 0.7140
vn 0.3999 0.6531 0.6431
vn -0.3893 0.6756 0.6261
vn -0.2554 0.6717 0.6954
vn -0.1260 0.6686 0.7329
vn -0.0000 0.6675 0.7446
vn 0.1260 0.6686 0.7329
vn 0.2554 0.6717 0.6954
vn 0.3893 0.6756 0.6261
vn -0.2494 0.6906 0.6789
vn -0.1230 0.6875 0.7157
vn -0.0000 0.6864 0.7273
vn 0.1230 0.6875 0.7157
vn 0.2494 0.6906 0.6789
vn -0.3721 0.7096 0.5984
vn -0.2442 0.7058 0.6650
vn -0.1205 0.7028 0.7011
vn -0.0000 0.7017 0.7125
vn 0.1205 0.7028 0.7011
vn 0.2442 0.7058 0.6650
vn 0.3721 0.7096 0.5984
vn 0.7019 0.5627 0.4366
vn 0.7785 0.5587 0.2860
vn 0.8195 0.5555 0.1409
vn 0.8323 0.5543 -0.0000
vn 0.8195 0.5555 -0.1409
vn 0.7785 0.5587 -0.2860
vn 0.7019 0.5627 -0.4366
vn 0.6815 0.5966 0.4238
vn 0.7561 0.5926 0.2778
vn 0.7962 0.5893 0.1369
vn 0.8088 0.5881 -0.0000
vn 0.7962 0.5893 -0.1369
vn 0.7561 0.5926 -0.2778
vn 0.6815 0.5966 -0.4238
vn 0.6617 0.6268 0.4115
vn 0.7344 0.6228 0.2698
vn 0.7736 0.6195 0.1330
vn 0.7859 0.6183 -0.0000
vn 0.7736 0.6195 -0.1330
vn 0.7344 0.6227 -0.2698
vn 0.6617 0.6267 -0.4115
vn 0.6431 0.6531 0.3999
vn 0.7140 0.6491 0.2623
vn 0.7523 0.6460 0.1293
vn 0.7644 0.6448 -0.0000
vn 0.7523 0.6460 -0.1293
vn 0.7140 0.6491 -0.2623
vn 0.6431 0.6531 -0.3999
vn 0.6261 0.6756 0.3893
vn 0.6954 0.6717 0.2554
vn 0.7329 0.6686 0.1260
vn 0.7447 0.6674 -0.0000
vn 0.7329 0.6686 -0.1260
vn 0.6954 0.6717 -0.2554
vn 0.6261 0.6756 -0.3893
vn 0.6789 0.6905 0.2494
vn 0.7157 0.6875 0.1230
vn 0.7273 0.6863 -0.0000
vn 0.7157 0.6875 -0.1230
vn 0.6790 0.6905 -0.2494
vn 0.6111 0.6943 -0.3800
vn 0.5984 0.7095 0.3721
vn 0.6650 0.7058 0.2443
vn 0.7012 0.7027 0.1205
vn 0.7125 0.7016 -0.0000
vn 0.7012 0.7027 -0.1205
vn 0.6650 0.7058 -0.2443
vn 0.5984 0.7095 -0.3721
vn 0.3632 0.9039 0.2257
vn 0.4047 0.9023 0.1486
vn 0.4277 0.9009 0.0735
vn 0.4350 0.9004 -0.0000
vn 0.4277 0.9009 -0.0734
vn 0.4047 0.9023 -0.1485
vn 0.3632 0.9040 -0.2257
vn 0.3116 0.9303 0.1936
vn 0.3473 0.9290 0.1275
vn 0.3672 0.9280 0.0631
vn 0.3735 0.9276 -0.0000
vn 0.3672 0.9280 -0.0630
vn 0.3473 0.9290 -0.1274
vn 0.3116 0.9303 -0.1936
vn 0.2612 0.9516 0.1623
vn 0.2912 0.9507 0.1068
vn 0.3080 0.9499 0.0529
vn 0.3133 0.9497 -0.0000
vn 0.3079 0.9499 -0.0528
vn 0.2912 0.9507 -0.1068
vn 0.2612 0.9516 -0.1622
vn 0.2146 0.9676 0.1333
vn 0.2393 0.9670 0.0878
vn 0.2531 0.9665 0.0434
vn 0.2575 0.9663 -0.0000
vn 0.2531 0.9665 -0.0434
vn 0.2393 0.9670 -0.0878
vn 0.2145 0.9676 -0.1333
vn 0.1744 0.9787 0.1083
vn 0.1945 0.9783 0.0713
vn 0.2057 0.9780 0.0353
vn 0.2093 0.9778 -0.0000
vn 0.2057 0.9780 -0.0353
vn 0.1945 0.9783 -0.0713
vn 0.1743 0.9787 -0.1083
vn 0.1429 0.9857 0.0888
vn 0.1595 0.9855 0.0585
vn 0.1687 0.9852 0.0290
vn 0.1716 0.9852 -0.0000
vn 0.1687 0.9852 -0.0289
vn 0.1594 0.9855 -0.0585
vn 0.1429 0.9858 -0.0887
vn 0.1222 0.9896 0.0759
vn 0.1364 0.9894 0.0501
vn 0.1444 0.9892 0.0248
vn 0.1469 0.9891 -0.0000
vn 0.1444 0.9892 -0.0248
vn 0.1364 0.9894 -0.0500
vn 0.1222 0.9896 -0.0759
vn -0.3632 0.9040 -0.2257
vn -0.4047 0.9023 -0.1485
vn -0.4277 0.9009 -0.0734
vn -0.4350 0.9004 -0.0000
vn -0.4277 0.9009 0.0735
vn -0.4047 0.9023 0.1486
vn -0.3632 0.9039 0.2257
vn -0.3116 0.9303 -0.1936
vn -0.3473 0.9290 -0.1274
vn -0.3672 0.9280 -0.0630
vn -0.3735 0.9276 -0.0000
vn -0.3672 0.9280 0.0631
vn -0.3473 0.9290 0.1275
vn -0.3116 0.9303 0.1936
vn -0.2612 0.9516 -0.1622
vn -0.2912 0.9507 -0.1068
vn -0.3079 0.9499 -0.0528
vn -0.3133 0.9497 -0.0000
vn -0.3080 0.9499 0.0529
vn -0.2912 0.9507 0.1068
vn -0.2612 0.9516 0.1623
vn -0.2145 0.9676 -0.1333
vn -0.2393 0.9670 -0.0878
vn -0.2531 0.9665 -0.0434
vn -0.2575 0.9663 -0.0000
vn -0.2531 0.9665 0.0434
vn -0.2393 0.9670 0.0878
vn -0.2146 0.9676 0.1333
vn -0.1743 0.9787 -0.1083
vn -0.1945 0.9783 -0.0713
vn -0.2057 0.9780 -0.0353
vn -0.2093 0.9778 -0.0000
vn -0.2057 0.9780 0.0353
vn -0.1945 0.9783 0.0713
vn -0.1744 0.9787 0.1083
vn -0.1429 0.9858 -0.0887
vn -0.1594 0.9855 -0.0585
vn -0.1687 0.9852 -0.0289
vn -0.1716 0.9852 -0.0000
vn -0.1687 0.9852 0.0290
vn -0.1595 0.9855 0.0585
vn -0.1429 0.9857 0.0888
vn -0.1222 0.9896 -0.0759
vn -0.1364 0.9894 -0.0500
vn -0.1444 0.9892 -0.0248
vn -0.1469 0.9891 -0.0000
vn -0.1444 0.9892 0.0248
vn -0.1364 0.9894 0.0501
vn -0.1222 0.9896 0.0759
vn 0.2257 0.9039 -0.3632
vn 0.1485 0.9023 -0.4048
vn 0.0734 0.9009 -0.4278
vn -0.0000 0.9004 -0.4351
vn -0.0734 0.9009 -0.4278
vn -0.1485 0.9023 -0.4048
vn -0.2257 0.9039 -0.3632
vn 0.1936 0.9303 -0.3116
vn 0.1274 0.9290 -0.3474
vn 0.0630 0.9280 -0.3672
vn -0.0000 0.9276 -0.3736
vn -0.0630 0.9280 -0.3672
vn -0.1274 0.9290 -0.3474
vn -0.1936 0.9303 -0.3116
vn 0.1623 0.9516 -0.2612
vn 0.1068 0.9507 -0.2913
vn 0.0529 0.9499 -0.3080
vn -0.0000 0.9496 -0.3134
vn -0.0529 0.9499 -0.3080
vn -0.1068 0.9507 -0.2913
vn -0.1622 0.9516 -0.2612
vn 0.1333 0.9676 -0.2146
vn 0.0878 0.9670 -0.2394
vn 0.0434 0.9664 -0.2532
vn -0.0000 0.9663 -0.2576
vn -0.0434 0.9664 -0.2532
vn -0.0878 0.9670 -0.2394
vn -0.1333 0.9676 -0.2146
vn 0.1083 0.9787 -0.1744
vn 0.0713 0.9783 -0.1945
vn 0.0353 0.9780 -0.2058
vn -0.0000 0.9778 -0.2094
vn -0.0353 0.9780 -0.2058
vn -0.0713 0.9783 -0.1945
vn -0.1083 0.9787 -0.1744
vn 0.0888 0.9857 -0.1429
vn 0.0585 0.9855 -0.1595
vn 0.0290 0.9852 -0.1687
vn -0.0000 0.9851 -0.1717
vn -0.0290 0.9852 -0.1687
vn -0.0585 0.9855 -0.1595
vn -0.0888 0.9857 -0.1429
vn 0.0759 0.9896 -0.1222
vn 0.0501 0.9894 -0.1365
vn 0.0248 0.9892 -0.1444
vn -0.0000 0.9891 -0.1470
vn -0.0248 0.9892 -0.1444
vn -0.0501 0.9894 -0.1365
vn -0.0759 0.9896 -0.1222
vn -0.2257 0.9039 0.3632
vn -0.1485 0.9023 0.4048
vn -0.0734 0.9009 0.4278
vn -0.0000 0.9004 0.4351
vn 0.0734 0.9009 0.4278
vn 0.1485 0.9023 0.4048
vn 0.2257 0.9039 0.3632
vn -0.1936 0.9303 0.3116
vn -0.1274 0.9290 0.3474
vn -0.0630 0.9280 0.3672
vn -0.0000 0.9276 0.3736
vn 0.0630 0.9280 0.3672
vn 0.1274 0.9290 0.3474
vn 0.1936 0.9303 0.3116
vn -0.1623 0.9515 0.2612
vn -0.1068 0.9506 0.2913
vn -0.0529 0.9499 0.3080
vn -0.0000 0.9496 0.3134
vn 0.0529 0.9499 0.3080
vn 0.1068 0.9506 0.2913
vn 0.1623 0.9515 0.2612
vn -0.1333 0.9676 0.2146
vn -0.0878 0.9669 0.2394
vn -0.0434 0.9664 0.2532
vn -0.0000 0.9663 0.2576
vn 0.0434 0.9664 0.2532
vn 0.0878 0.9669 0.2394
vn 0.1333 0.9676 0.2146
vn -0.1083 0.9787 0.1744
vn -0.0713 0.9783 0.1946
vn -0.0353 0.9780 0.2058
vn -0.0000 0.9778 0.2094
vn 0.0353 0.9780 0.2058
vn 0.0713 0.9783 0.1946
vn 0.1083 0.9787 0.1744
vn -0.0888 0.9857 0.1429
vn -0.0585 0.9855 0.1595
vn -0.0290 0.9852 0.1688
vn -0.0000 0.9851 0.1717
vn 0.0290 0.9852 0.1687
vn 0.0585 0.9855 0.1595
vn 0.0888 0.9857 0.1429
vn -0.0759 0.9896 0.1222
vn -0.0501 0.9894 0.1365
vn -0.0248 0.9892 0.1444
vn -0.0000 0.9891 0.1470
vn 0.0248 0.9892 0.1444
vn 0.0501 0.9894 0.1365
vn 0.0759 0.9896 0.1222
vn -0.1166 0.9905 -0.0725
vn -0.1303 0.9903 -0.0479
vn -0.1380 0.9901 -0.0237
vn -0.1406 0.9901 -0.0000
vn -0.1384 0.9901 0.0237
vn -0.1309 0.9902 0.0480
vn -0.1174 0.9904 0.0729
vn -0.1337 0.9875 -0.0832
vn -0.1495 0.9872 -0.0550
vn -0.1586 0.9870 -0.0274
vn -0.1620 0.9868 -0.0001
vn -0.1601 0.9867 0.0274
vn -0.1523 0.9868 0.0558
vn -0.1375 0.9868 0.0853
vn -0.1826 0.9766 -0.1138
vn -0.2043 0.9760 -0.0754
vn -0.2177 0.9753 -0.0379
vn -0.2242 0.9745 -0.0005
vn -0.2242 0.9738 0.0378
vn -0.2169 0.9730 0.0788
vn -0.2002 0.9720 0.1233
vn -0.4084 0.8756 -0.2580
vn -0.4571 0.8724 -0.1730
vn -0.4941 0.8646 -0.0914
vn -0.5254 0.8508 -0.0086
vn -0.5545 0.8280 0.0833
vn -0.5811 0.7901 0.1953
vn -0.5960 0.7266 0.3418
vn -0.8378 -0.1902 -0.5118
vn -0.9242 -0.1921 -0.3300
vn -0.9648 -0.2114 -0.1563
vn -0.9678 -0.2515 0.0109
vn -0.9321 -0.3172 0.1750
vn -0.8470 -0.4144 0.3329
vn -0.6996 -0.5419 0.4658
vn -0.2353 -0.9613 -0.1434
vn -0.2621 -0.9605 -0.0936
vn -0.2706 -0.9617 -0.0439
vn -0.2622 -0.9650 0.0024
vn -0.2400 -0.9698 0.0433
vn -0.2076 -0.9751 0.0779
vn -0.1685 -0.9800 0.1059
vn -0.1073 -0.9921 -0.0656
vn -0.1197 -0.9919 -0.0431
vn -0.1249 -0.9920 -0.0209
vn -0.1234 -0.9924 0.0003
vn -0.1162 -0.9930 0.0200
vn -0.1039 -0.9939 0.0379
vn -0.0872 -0.9947 0.0538
vn 0.0400 -0.9972 -0.0625
vn 0.0262 -0.9972 -0.0693
vn 0.0129 -0.9972 -0.0730
vn -0.0000 -0.9972 -0.0742
vn -0.0129 -0.9972 -0.0730
vn -0.0262 -0.9972 -0.0693
vn -0.0400 -0.9972 -0.0625
vn 0.0502 -0.9957 -0.0779
vn 0.0329 -0.9957 -0.0864
vn 0.0162 -0.9957 -0.0910
vn -0.0000 -0.9957 -0.0924
vn -0.0162 -0.9957 -0.0910
vn -0.0329 -0.9957 -0.0864
vn -0.0502 -0.9957 -0.0779
vn 0.0714 -0.9914 -0.1098
vn 0.0468 -0.9915 -0.1218
vn 0.0230 -0.9915 -0.1282
vn -0.0000 -0.9915 -0.1302
vn -0.0230 -0.9915 -0.1282
vn -0.0468 -0.9915 -0.1218
vn -0.0714 -0.9914 -0.1098
vn 0.1051 -0.9815 -0.1601
vn 0.0688 -0.9817 -0.1775
vn 0.0339 -0.9818 -0.1867
vn -0.0000 -0.9819 -0.1896
vn -0.0339 -0.9818 -0.1867
vn -0.0688 -0.9817 -0.1775
vn -0.1051 -0.9815 -0.1601
vn 0.1566 -0.9589 -0.2365
vn 0.1024 -0.9597 -0.2617
vn 0.0504 -0.9601 -0.2750
vn -0.0000 -0.9603 -0.2791
vn -0.0504 -0.9601 -0.2750
vn -0.1024 -0.9597 -0.2617
vn -0.1566 -0.9589 -0.2365
vn 0.2361 -0.9054 -0.3528
vn 0.1541 -0.9081 -0.3894
vn 0.0756 -0.9097 -0.4084
vn -0.0000 -0.9102 -0.4142
vn -0.0756 -0.9097 -0.4084
vn -0.1541 -0.9081 -0.3894
vn -0.2361 -0.9054 -0.3528
vn 0.3546 -0.7745 -0.5239
vn 0.2311 -0.7831 -0.5773
vn 0.1133 -0.7886 -0.6044
vn -0.0000 -0.7905 -0.6125
vn -0.1133 -0.7886 -0.6044
vn -0.2311 -0.7831 -0.5773
vn -0.3546 -0.7745 -0.5239
vn 0.0725 0.9905 -0.1167
vn 0.0479 0.9903 -0.1305
vn 0.0238 0.9901 -0.1382
vn -0.0000 0.9900 -0.1407
vn -0.0238 0.9901 -0.1382
vn -0.0479 0.9903 -0.1305
vn -0.0725 0.9905 -0.1167
vn 0.0834 0.9875 -0.1341
vn 0.0552 0.9871 -0.1502
vn 0.0274 0.9869 -0.1593
vn -0.0000 0.9868 -0.1622
vn -0.0274 0.9869 -0.1593
vn -0.0552 0.9871 -0.1502
vn -0.0834 0.9875 -0.1341
vn 0.1147 0.9762 -0.1843
vn 0.0763 0.9753 -0.2074
vn 0.0380 0.9746 -0.2207
vn -0.0000 0.9743 -0.2251
vn -0.0380 0.9746 -0.2207
vn -0.0763 0.9753 -0.2074
vn -0.1147 0.9762 -0.1843
vn 0.2646 0.8652 -0.4260
vn 0.1795 0.8545 -0.4874
vn 0.0906 0.8462 -0.5252
vn -0.0000 0.8430 -0.5379
vn -0.0906 0.8462 -0.5252
vn -0.1795 0.8545 -0.4874
vn -0.2646 0.8652 -0.4260
vn 0.5155 -0.2213 -0.8278
vn 0.3339 -0.2409 -0.9113
vn 0.1631 -0.2551 -0.9531
vn -0.0000 -0.2602 -0.9656
vn -0.1631 -0.2551 -0.9531
vn -0.3339 -0.2409 -0.9113
vn -0.5155 -0.2213 -0.8278
vn 0.1415 -0.9642 -0.2241
vn 0.0915 -0.9651 -0.2455
vn 0.0447 -0.9656 -0.2562
vn -0.0000 -0.9658 -0.2594
vn -0.0447 -0.9656 -0.2562
vn -0.0915 -0.9651 -0.2455
vn -0.1415 -0.9642 -0.2241
vn 0.0657 -0.9924 -0.1038
vn 0.0429 -0.9925 -0.1147
vn 0.0211 -0.9925 -0.1206
vn -0.0000 -0.9925 -0.1224
vn -0.0211 -0.9925 -0.1206
vn -0.0429 -0.9925 -0.1147
vn -0.0657 -0.9924 -0.1038
vn 0.1174 0.9904 0.0729
vn 0.1309 0.9902 0.0480
vn 0.1384 0.9901 0.0237
vn 0.1406 0.9901 -0.0000
vn 0.1380 0.9901 -0.0237
vn 0.1303 0.9903 -0.0479
vn 0.1166 0.9905 -0.0725
vn 0.1375 0.9868 0.0853
vn 0.1523 0.9868 0.0557
vn 0.1601 0.9867 0.0274
vn 0.1620 0.9868 -0.0001
vn 0.1586 0.9870 -0.0274
vn 0.1495 0.9872 -0.0550
vn 0.1337 0.9875 -0.0832
vn 0.2002 0.9720 0.1233
vn 0.2169 0.9730 0.0788
vn 0.2242 0.9738 0.0378
vn 0.2242 0.9745 -0.0005
vn 0.2177 0.9753 -0.0379
vn 0.2043 0.9760 -0.0754
vn 0.1826 0.9766 -0.1138
vn 0.5960 0.7266 0.3417
vn 0.5811 0.7901 0.1953
vn 0.5545 0.8280 0.0833
vn 0.5254 0.8508 -0.0086
vn 0.4941 0.8646 -0.0914
vn 0.4571 0.8724 -0.1730
vn 0.4084 0.8756 -0.2580
vn 0.6996 -0.5419 0.4658
vn 0.8470 -0.4144 0.3329
vn 0.9321 -0.3172 0.1750
vn 0.9678 -0.2515 0.0109
vn 0.9648 -0.2114 -0.1563
vn 0.9242 -0.1921 -0.3300
vn 0.8378 -0.1902 -0.5118
vn 0.1685 -0.9800 0.1059
vn 0.2076 -0.9751 0.0779
vn 0.2400 -0.9698 0.0433
vn 0.2622 -0.9650 0.0024
vn 0.2706 -0.9617 -0.0439
vn 0.2621 -0.9605 -0.0936
vn 0.2353 -0.9613 -0.1434
vn 0.0872 -0.9947 0.0538
vn 0.1039 -0.9939 0.0379
vn 0.1162 -0.9930 0.0200
vn 0.1234 -0.9924 0.0003
vn 0.1249 -0.9920 -0.0209
vn 0.1197 -0.9919 -0.0431
vn 0.1073 -0.9921 -0.0656
vn -0.0734 0.9903 0.1180
vn -0.0485 0.9901 0.1321
vn -0.0241 0.9899 0.1400
vn -0.0000 0.9898 0.1426
vn 0.0241 0.9899 0.1400
vn 0.0485 0.9901 0.1321
vn 0.0734 0.9903 0.1180
vn -0.0873 0.9863 0.1401
vn -0.0581 0.9858 0.1578
vn -0.0290 0.9854 0.1681
vn -0.0000 0.9852 0.1714
vn 0.0290 0.9854 0.1681
vn 0.0581 0.9857 0.1578
vn 0.0873 0.9863 0.1401
vn -0.1344 0.9676 0.2137
vn -0.0916 0.9648 0.2463
vn -0.0463 0.9628 0.2661
vn -0.0000 0.9621 0.2727
vn 0.0463 0.9628 0.2661
vn 0.0916 0.9648 0.2463
vn 0.1344 0.9676 0.2137
vn -0.4801 0.5009 0.7202
vn -0.3323 0.4018 0.8533
vn -0.1671 0.3457 0.9233
vn -0.0000 0.3280 0.9447
vn 0.1672 0.3457 0.9233
vn 0.3323 0.4018 0.8533
vn 0.4801 0.5009 0.7202
vn -0.3310 -0.7554 0.5656
vn -0.1969 -0.8015 0.5647
vn -0.0917 -0.8236 0.5596
vn -0.0000 -0.8302 0.5574
vn 0.0918 -0.8236 0.5596
vn 0.1969 -0.8015 0.5647
vn 0.3310 -0.7554 0.5656
vn -0.0883 -0.9859 0.1420
vn -0.0553 -0.9871 0.1503
vn -0.0266 -0.9877 0.1543
vn -0.0000 -0.9878 0.1555
vn 0.0266 -0.9877 0.1543
vn 0.0553 -0.9871 0.1503
vn 0.0883 -0.9859 0.1420
vn -0.0482 -0.9959 0.0766
vn -0.0307 -0.9961 0.0824
vn -0.0149 -0.9962 0.0853
vn -0.0000 -0.9963 0.0862
vn 0.0149 -0.9962 0.0853
vn 0.0307 -0.9961 0.0824
vn 0.0482 -0.9959 0.0766
vn 0.7855 -0.4426 0.4325
vn 0.8967 -0.3333 0.2914
vn 0.9608 -0.2365 0.1449
vn 0.9870 -0.1608 -0.0032
vn 0.9819 -0.1095 -0.1548
vn 0.9453 -0.0835 -0.3152
vn 0.8687 -0.0817 -0.4885
vn 0.8629 -0.1768 0.4733
vn 0.9502 -0.0507 0.3076
vn 0.9876 0.0513 0.1485
vn 0.9920 0.1260 -0.0023
vn 0.9730 0.1748 -0.1507
vn 0.9309 0.2002 -0.3056
vn 0.8563 0.2040 -0.4744
vn 0.8786 0.0335 0.4764
vn 0.9415 0.1529 0.3003
vn 0.9596 0.2433 0.1414
vn 0.9518 0.3067 -0.0030
vn 0.9268 0.3475 -0.1421
vn 0.8842 0.3692 -0.2862
vn 0.8143 0.3736 -0.4441
vn 0.8683 0.1787 0.4627
vn 0.9151 0.2845 0.2856
vn 0.9229 0.3616 0.1321
vn 0.9099 0.4148 -0.0044
vn 0.8834 0.4489 -0.1344
vn 0.8422 0.4674 -0.2687
vn 0.7771 0.4718 -0.4167
vn 0.8531 0.2728 0.4448
vn 0.8901 0.3666 0.2707
vn 0.8926 0.4338 0.1233
vn 0.8773 0.4798 -0.0061
vn 0.8508 0.5094 -0.1286
vn 0.8116 0.5256 -0.2551
vn 0.7505 0.5297 -0.3951
vn 0.8411 0.3307 0.4279
vn 0.8722 0.4159 0.2575
vn 0.8715 0.4766 0.1155
vn 0.8552 0.5183 -0.0081
vn 0.8290 0.5451 -0.1246
vn 0.7916 0.5598 -0.2450
vn 0.7341 0.5635 -0.3789
vn 0.8355 0.3617 0.4136
vn 0.8626 0.4419 0.2464
vn 0.8597 0.4991 0.1086
vn 0.8426 0.5384 -0.0104
vn 0.8168 0.5638 -0.1222
vn 0.7809 0.5776 -0.2379
vn 0.7264 0.5809 -0.3673
vn 0.0556 -0.9979 0.0333
vn 0.0648 -0.9976 0.0229
vn 0.0713 -0.9974 0.0118
vn 0.0747 -0.9972 -0.0001
vn 0.0750 -0.9971 -0.0126
vn 0.0719 -0.9971 -0.0257
vn 0.0647 -0.9971 -0.0391
vn 0.0695 -0.9967 0.0411
vn 0.0809 -0.9963 0.0282
vn 0.0889 -0.9959 0.0144
vn 0.0932 -0.9957 -0.0002
vn 0.0936 -0.9955 -0.0157
vn 0.0898 -0.9955 -0.0318
vn 0.0810 -0.9955 -0.0486
vn 0.0976 -0.9936 0.0572
vn 0.1139 -0.9927 0.0393
vn 0.1252 -0.9919 0.0200
vn 0.1315 -0.9913 -0.0004
vn 0.1323 -0.9910 -0.0220
vn 0.1271 -0.9909 -0.0448
vn 0.1150 -0.9910 -0.0684
vn 0.1410 -0.9866 0.0817
vn 0.1651 -0.9847 0.0563
vn 0.1822 -0.9828 0.0287
vn 0.1919 -0.9814 -0.0008
vn 0.1937 -0.9805 -0.0321
vn 0.1865 -0.9803 -0.0652
vn 0.1690 -0.9806 -0.0997
vn 0.2051 -0.9717 0.1174
vn 0.2414 -0.9670 0.0812
vn 0.2678 -0.9626 0.0415
vn 0.2834 -0.9590 -0.0014
vn 0.2871 -0.9567 -0.0474
vn 0.2773 -0.9559 -0.0964
vn 0.2518 -0.9565 -0.1474
vn 0.3001 -0.9387 0.1695
vn 0.3558 -0.9271 0.1179
vn 0.3971 -0.9158 0.0603
vn 0.4224 -0.9064 -0.0027
vn 0.4298 -0.9001 -0.0709
vn 0.4166 -0.8977 -0.1439
vn 0.3793 -0.8987 -0.2202
vn 0.4414 -0.8630 0.2458
vn 0.5255 -0.8333 0.1716
vn 0.5880 -0.8041 0.0876
vn 0.6265 -0.7794 -0.0047
vn 0.6387 -0.7623 -0.1051
vn 0.6207 -0.7546 -0.2130
vn 0.5672 -0.7561 -0.3266
vn -0.0317 -0.9983 0.0492
vn -0.0203 -0.9984 0.0534
vn -0.0099 -0.9984 0.0556
vn -0.0000 -0.9984 0.0562
vn 0.0099 -0.9984 0.0556
vn 0.0203 -0.9984 0.0534
vn 0.0317 -0.9983 0.0492
vn -0.0396 -0.9973 0.0610
vn -0.0253 -0.9975 0.0662
vn -0.0123 -0.9975 0.0689
vn -0.0000 -0.9976 0.0697
vn 0.0123 -0.9975 0.0689
vn 0.0253 -0.9975 0.0662
vn 0.0396 -0.9973 0.0610
vn -0.0555 -0.9949 0.0846
vn -0.0354 -0.9952 0.0917
vn -0.0172 -0.9953 0.0954
vn -0.0000 -0.9953 0.0965
vn 0.0172 -0.9953 0.0954
vn 0.0354 -0.9952 0.0917
vn 0.0555 -0.9949 0.0846
vn -0.0796 -0.9896 0.1202
vn -0.0507 -0.9902 0.1299
vn -0.0246 -0.9905 0.1349
vn -0.0000 -0.9906 0.1365
vn 0.0246 -0.9905 0.1349
vn 0.0507 -0.9902 0.1299
vn 0.0796 -0.9896 0.1202
vn -0.1144 -0.9786 0.1709
vn -0.0726 -0.9802 0.1842
vn -0.0351 -0.9810 0.1909
vn -0.0000 -0.9812 0.1929
vn 0.0351 -0.9810 0.1909
vn 0.0726 -0.9802 0.1842
vn 0.1144 -0.9786 0.1709
vn -0.1649 -0.9558 0.2435
vn -0.1041 -0.9597 0.2610
vn -0.0502 -0.9616 0.2697
vn -0.0000 -0.9622 0.2723
vn 0.0502 -0.9616 0.2697
vn 0.1041 -0.9597 0.2610
vn 0.1649 -0.9558 0.2435
vn -0.2391 -0.9064 0.3483
vn -0.1498 -0.9164 0.3711
vn -0.0720 -0.9214 0.3819
vn -0.0000 -0.9229 0.3850
vn 0.0720 -0.9214 0.3819
vn 0.1498 -0.9164 0.3711
vn 0.2391 -0.9064 0.3483
vn -0.0647 -0.9971 -0.0391
vn -0.0719 -0.9971 -0.0257
vn -0.0750 -0.9971 -0.0126
vn -0.0747 -0.9972 -0.0001
vn -0.0713 -0.9974 0.0118
vn -0.0648 -0.9976 0.0229
vn -0.0556 -0.9979 0.0333
vn -0.0810 -0.9955 -0.0486
vn -0.0898 -0.9955 -0.0318
vn -0.0936 -0.9955 -0.0157
vn -0.0932 -0.9957 -0.0002
vn -0.0889 -0.9959 0.0144
vn -0.0809 -0.9963 0.0282
vn -0.0695 -0.9967 0.0411
vn -0.1150 -0.9910 -0.0684
vn -0.1271 -0.9909 -0.0448
vn -0.1323 -0.9910 -0.0220
vn -0.1315 -0.9913 -0.0004
vn -0.1252 -0.9919 0.0200
vn -0.1139 -0.9927 0.0393
vn -0.0976 -0.9936 0.0572
vn -0.1690 -0.9806 -0.0997
vn -0.1865 -0.9803 -0.0652
vn -0.1937 -0.9805 -0.0321
vn -0.1919 -0.9814 -0.0008
vn -0.1822 -0.9828 0.0287
vn -0.1651 -0.9847 0.0563
vn -0.1410 -0.9866 0.0817
vn -0.2518 -0.9565 -0.1474
vn -0.2773 -0.9559 -0.0964
vn -0.2871 -0.9567 -0.0474
vn -0.2834 -0.9590 -0.0014
vn -0.2678 -0.9626 0.0415
vn -0.2414 -0.9670 0.0812
vn -0.2051 -0.9717 0.1174
vn -0.3793 -0.8987 -0.2202
vn -0.4166 -0.8977 -0.1439
vn -0.4298 -0.9001 -0.0709
vn -0.4224 -0.9064 -0.0027
vn -0.3971 -0.9158 0.0603
vn -0.3558 -0.9271 0.1179
vn -0.3001 -0.9387 0.1695
vn -0.5672 -0.7561 -0.3266
vn -0.6207 -0.7546 -0.2130
vn -0.6387 -0.7623 -0.1051
vn -0.6265 -0.7794 -0.0047
vn -0.5880 -0.8041 0.0876
vn -0.5255 -0.8333 0.1716
vn -0.4414 -0.8630 0.2458
vn -0.6174 0.1574 0.7707
vn -0.4252 0.0645 0.9028
vn -0.2147 0.0052 0.9767
vn -0.0000 -0.0149 0.9999
vn 0.2147 0.0052 0.9767
vn 0.4252 0.0645 0.9028
vn 0.6174 0.1574 0.7707
vn -0.6260 0.1544 0.7644
vn -0.4322 0.0640 0.8995
vn -0.2187 0.0064 0.9758
vn -0.0000 -0.0131 0.9999
vn 0.2187 0.0064 0.9758
vn 0.4322 0.0640 0.8995
vn 0.6260 0.1544 0.7644
vn -0.6343 0.1505 0.7583
vn -0.4390 0.0641 0.8962
vn -0.2225 0.0092 0.9749
vn -0.0000 -0.0094 1.0000
vn 0.2225 0.0092 0.9749
vn 0.4390 0.0641 0.8962
vn 0.6343 0.1505 0.7583
vn -0.6424 0.1458 0.7524
vn -0.4455 0.0647 0.8930
vn -0.2262 0.0133 0.9740
vn -0.0000 -0.0040 1.0000
vn 0.2262 0.0133 0.9740
vn 0.4455 0.0647 0.8930
vn 0.6424 0.1458 0.7524
vn -0.6500 0.1403 0.7469
vn -0.4514 0.0658 0.8899
vn -0.2295 0.0188 0.9731
vn -0.0000 0.0030 1.0000
vn 0.2295 0.0188 0.9731
vn 0.4514 0.0658 0.8899
vn 0.6500 0.1403 0.7469
vn -0.6568 0.1342 0.7420
vn -0.4567 0.0673 0.8871
vn -0.2325 0.0255 0.9723
vn -0.0000 0.0114 0.9999
vn 0.2325 0.0255 0.9723
vn 0.4567 0.0673 0.8871
vn 0.6568 0.1342 0.7420
vn -0.6628 0.1277 0.7378
vn -0.4612 0.0692 0.8846
vn -0.2350 0.0330 0.9714
vn -0.0000 0.0208 0.9998
vn 0.2350 0.0330 0.9714
vn 0.4612 0.0692 0.8846
vn 0.6628 0.1277 0.7378
vn -0.4463 -0.6293 0.6362
vn -0.2805 -0.6791 0.6784
vn -0.1346 -0.7047 0.6966
vn -0.0000 -0.7125 0.7016
vn 0.1346 -0.7047 0.6966
vn 0.2805 -0.6791 0.6784
vn 0.4463 -0.6293 0.6362
vn -0.5227 -0.4243 0.7394
vn -0.3338 -0.4991 0.7997
vn -0.1613 -0.5393 0.8265
vn -0.0000 -0.5519 0.8339
vn 0.1613 -0.5393 0.8265
vn 0.3338 -0.4991 0.7997
vn 0.5227 -0.4243 0.7394
vn -0.5651 -0.2330 0.7914
vn -0.3679 -0.3239 0.8716
vn -0.1796 -0.3753 0.9093
vn -0.0000 -0.3917 0.9201
vn 0.1796 -0.3753 0.9093
vn 0.3679 -0.3239 0.8716
vn 0.5651 -0.2330 0.7914
vn -0.5844 -0.0804 0.8075
vn -0.3871 -0.1779 0.9047
vn -0.1908 -0.2354 0.9530
vn -0.0000 -0.2541 0.9672
vn 0.1908 -0.2354 0.9530
vn 0.3871 -0.1780 0.9047
vn 0.5844 -0.0804 0.8075
vn -0.5925 0.0294 0.8050
vn -0.3978 -0.0690 0.9149
vn -0.1978 -0.1289 0.9717
vn -0.0000 -0.1487 0.9889
vn 0.1978 -0.1289 0.9717
vn 0.3978 -0.0690 0.9149
vn 0.5925 0.0294 0.8050
vn -0.5971 0.1017 0.7957
vn -0.4050 0.0048 0.9143
vn -0.2026 -0.0556 0.9777
vn -0.0000 -0.0759 0.9971
vn 0.2026 -0.0556 0.9777
vn 0.4050 0.0048 0.9143
vn 0.5971 0.1017 0.7957
vn -0.6021 0.1426 0.7856
vn -0.4113 0.0472 0.9103
vn -0.2067 -0.0131 0.9783
vn -0.0000 -0.0334 0.9994
vn 0.2067 -0.0131 0.9783
vn 0.4113 0.0472 0.9103
vn 0.6021 0.1426 0.7856
vn -0.8687 -0.0817 -0.4885
vn -0.9453 -0.0835 -0.3152
vn -0.9819 -0.1095 -0.1548
vn -0.9870 -0.1608 -0.0032
vn -0.9608 -0.2365 0.1449
vn -0.8967 -0.3333 0.2914
vn -0.7855 -0.4426 0.4325
vn -0.8563 0.2040 -0.4744
vn -0.9309 0.2002 -0.3056
vn -0.9730 0.1748 -0.1507
vn -0.9920 0.1260 -0.0023
vn -0.9876 0.0513 0.1485
vn -0.9502 -0.0507 0.3076
vn -0.8629 -0.1768 0.4733
vn -0.8143 0.3736 -0.4441
vn -0.8842 0.3692 -0.2862
vn -0.9268 0.3475 -0.1421
vn -0.9518 0.3067 -0.0030
vn -0.9596 0.2433 0.1414
vn -0.9415 0.1529 0.3003
vn -0.8786 0.0335 0.4764
vn -0.7771 0.4718 -0.4167
vn -0.8422 0.4674 -0.2687
vn -0.8834 0.4489 -0.1344
vn -0.9099 0.4148 -0.0044
vn -0.9229 0.3616 0.1321
vn -0.9151 0.2845 0.2856
vn -0.8683 0.1787 0.4627
vn -0.7505 0.5297 -0.3951
vn -0.8116 0.5256 -0.2551
vn -0.8508 0.5094 -0.1286
vn -0.8773 0.4798 -0.0061
vn -0.8926 0.4338 0.1233
vn -0.8901 0.3666 0.2707
vn -0.8531 0.2728 0.4448
vn -0.7341 0.5635 -0.3789
vn -0.7916 0.5598 -0.2450
vn -0.8290 0.5451 -0.1246
vn -0.8552 0.5183 -0.0081
vn -0.8715 0.4766 0.1155
vn -0.8722 0.4159 0.2575
vn -0.8411 0.3307 0.4279
vn -0.7264 0.5809 -0.3673
vn -0.7809 0.5776 -0.2379
vn -0.8168 0.5638 -0.1222
vn -0.8426 0.5384 -0.0104
vn -0.8597 0.4991 0.1086
vn -0.8626 0.4419 0.2464
vn -0.8355 0.3617 0.4136
vn 0.5643 -0.1327 -0.8149
vn 0.3742 -0.1653 -0.9125
vn 0.1853 -0.1884 -0.9645
vn -0.0000 -0.1965 -0.9805
vn -0.1853 -0.1884 -0.9645
vn -0.3742 -0.1653 -0.9125
vn -0.5643 -0.1327 -0.8149
vn 0.5674 0.1570 -0.8083
vn 0.3810 0.1229 -0.9164
vn 0.1903 0.0977 -0.9769
vn -0.0000 0.0886 -0.9961
vn -0.1903 0.0977 -0.9769
vn -0.3810 0.1229 -0.9164
vn -0.5674 0.1570 -0.8083
vn 0.5474 0.3348 -0.7670
vn 0.3709 0.3037 -0.8776
vn 0.1865 0.2800 -0.9417
vn -0.0000 0.2713 -0.9625
vn -0.1865 0.2800 -0.9417
vn -0.3709 0.3037 -0.8776
vn -0.5474 0.3348 -0.7670
vn 0.5285 0.4390 -0.7267
vn 0.3608 0.4110 -0.8372
vn 0.1824 0.3891 -0.9030
vn -0.0000 0.3809 -0.9246
vn -0.1824 0.3891 -0.9030
vn -0.3608 0.4110 -0.8372
vn -0.5285 0.4390 -0.7267
vn 0.5163 0.5005 -0.6949
vn 0.3549 0.4745 -0.8056
vn 0.1803 0.4538 -0.8727
vn -0.0000 0.4460 -0.8950
vn -0.1803 0.4538 -0.8727
vn -0.3549 0.4745 -0.8056
vn -0.5163 0.5005 -0.6949
vn 0.5111 0.5359 -0.6720
vn 0.3537 0.5108 -0.7835
vn 0.1806 0.4906 -0.8525
vn -0.0000 0.4829 -0.8757
vn -0.1806 0.4906 -0.8525
vn -0.3537 0.5108 -0.7835
vn -0.5111 0.5359 -0.6720
vn 0.5124 0.5533 -0.6567
vn 0.3572 0.5281 -0.7704
vn 0.1833 0.5075 -0.8419
vn -0.0000 0.4996 -0.8663
vn -0.1833 0.5075 -0.8419
vn -0.3572 0.5281 -0.7704
vn -0.5124 0.5533 -0.6567
vn 0.4885 0.7049 -0.5143
vn 0.3319 0.7471 -0.5759
vn 0.1676 0.7721 -0.6130
vn -0.0000 0.7803 -0.6253
vn -0.1676 0.7721 -0.6130
vn -0.3319 0.7471 -0.5759
vn -0.4885 0.7049 -0.5143
vn 0.4669 0.7299 -0.4993
vn 0.3098 0.7784 -0.5460
vn 0.1538 0.8061 -0.5714
vn -0.0000 0.8151 -0.5793
vn -0.1538 0.8061 -0.5714
vn -0.3098 0.7784 -0.5460
vn -0.4669 0.7299 -0.4993
vn 0.4464 0.7488 -0.4900
vn 0.2894 0.8008 -0.5244
vn 0.1413 0.8293 -0.5406
vn -0.0000 0.8383 -0.5451
vn -0.1413 0.8293 -0.5406
vn -0.2894 0.8008 -0.5244
vn -0.4464 0.7488 -0.4900
vn 0.4282 0.7615 -0.4866
vn 0.2718 0.8151 -0.5115
vn 0.1308 0.8436 -0.5208
vn -0.0000 0.8524 -0.5229
vn -0.1308 0.8436 -0.5208
vn -0.2718 0.8151 -0.5115
vn -0.4282 0.7615 -0.4866
vn 0.4139 0.7675 -0.4896
vn 0.2581 0.8218 -0.5079
vn 0.1228 0.8498 -0.5125
vn -0.0000 0.8584 -0.5130
vn -0.1228 0.8498 -0.5125
vn -0.2581 0.8218 -0.5079
vn -0.4139 0.7675 -0.4896
vn 0.4055 0.7656 -0.4995
vn 0.2500 0.8203 -0.5144
vn 0.1180 0.8480 -0.5166
vn -0.0000 0.8564 -0.5163
vn -0.1180 0.8480 -0.5166
vn -0.2500 0.8203 -0.5144
vn -0.4055 0.7656 -0.4995
vn 0.4053 0.7538 -0.5172
vn 0.2489 0.8091 -0.5324
vn 0.1173 0.8370 -0.5345
vn -0.0000 0.8454 -0.5342
vn -0.1173 0.8370 -0.5345
vn -0.2489 0.8091 -0.5324
vn -0.4053 0.7538 -0.5172
vn -0.7297 0.5852 -0.3537
vn -0.7797 0.5821 -0.2307
vn -0.8139 0.5681 -0.1218
vn -0.8399 0.5425 -0.0164
vn -0.8588 0.5031 0.0966
vn -0.8648 0.4468 0.2292
vn -0.8423 0.3689 0.3930
vn -0.7335 0.5835 -0.3486
vn -0.7827 0.5788 -0.2288
vn -0.8170 0.5633 -0.1230
vn -0.8438 0.5363 -0.0202
vn -0.8636 0.4959 0.0906
vn -0.8708 0.4389 0.2215
vn -0.8496 0.3614 0.3842
vn -0.7370 0.5820 -0.3438
vn -0.7864 0.5742 -0.2277
vn -0.8216 0.5562 -0.1250
vn -0.8495 0.5271 -0.0245
vn -0.8704 0.4850 0.0845
vn -0.8784 0.4274 0.2139
vn -0.8578 0.3507 0.3757
vn -0.7399 0.5807 -0.3396
vn -0.7908 0.5682 -0.2276
vn -0.8277 0.5464 -0.1277
vn -0.8571 0.5143 -0.0294
vn -0.8790 0.4703 0.0782
vn -0.8875 0.4120 0.2065
vn -0.8669 0.3366 0.3677
vn -0.7422 0.5796 -0.3365
vn -0.7959 0.5606 -0.2286
vn -0.8353 0.5338 -0.1314
vn -0.8665 0.4979 -0.0347
vn -0.8894 0.4515 0.0719
vn -0.8978 0.3927 0.1995
vn -0.8764 0.3194 0.3603
vn -0.7436 0.5789 -0.3345
vn -0.8016 0.5514 -0.2309
vn -0.8444 0.5181 -0.1360
vn -0.8777 0.4775 -0.0404
vn -0.9012 0.4285 0.0656
vn -0.9089 0.3696 0.1930
vn -0.8862 0.2990 0.3537
vn -0.7440 0.5788 -0.3339
vn -0.8080 0.5405 -0.2346
vn -0.8550 0.4990 -0.1415
vn -0.8904 0.4529 -0.0464
vn -0.9141 0.4011 0.0597
vn -0.9206 0.3426 0.1874
vn -0.8959 0.2760 0.3482
vn 0.5286 0.5565 -0.6410
vn 0.3740 0.5299 -0.7611
vn 0.1940 0.5076 -0.8395
vn -0.0000 0.4990 -0.8666
vn -0.1940 0.5076 -0.8395
vn -0.3740 0.5299 -0.7611
vn -0.5286 0.5565 -0.6410
vn 0.5365 0.5586 -0.6326
vn 0.3821 0.5336 -0.7545
vn 0.1991 0.5123 -0.8354
vn -0.0000 0.5040 -0.8637
vn -0.1991 0.5123 -0.8354
vn -0.3821 0.5336 -0.7545
vn -0.5365 0.5586 -0.6326
vn 0.5421 0.5654 -0.6216
vn 0.3880 0.5447 -0.7435
vn 0.2029 0.5264 -0.8256
vn -0.0000 0.5192 -0.8546
vn -0.2029 0.5264 -0.8256
vn -0.3880 0.5447 -0.7435
vn -0.5421 0.5654 -0.6216
vn 0.5448 0.5772 -0.6083
vn 0.3909 0.5634 -0.7279
vn 0.2050 0.5503 -0.8094
vn -0.0000 0.5449 -0.8385
vn -0.2050 0.5503 -0.8094
vn -0.3909 0.5634 -0.7279
vn -0.5448 0.5772 -0.6083
vn 0.5438 0.5940 -0.5929
vn 0.3899 0.5896 -0.7073
vn 0.2046 0.5835 -0.7859
vn -0.0000 0.5808 -0.8140
vn -0.2046 0.5835 -0.7859
vn -0.3899 0.5896 -0.7073
vn -0.5438 0.5940 -0.5929
vn 0.5382 0.6159 -0.5753
vn 0.3841 0.6230 -0.6814
vn 0.2009 0.6254 -0.7540
vn -0.0000 0.6259 -0.7799
vn -0.2009 0.6254 -0.7540
vn -0.3841 0.6230 -0.6814
vn -0.5382 0.6159 -0.5753
vn 0.5270 0.6431 -0.5557
vn 0.3723 0.6629 -0.6496
vn 0.1934 0.6743 -0.7127
vn -0.0000 0.6780 -0.7351
vn -0.1934 0.6743 -0.7127
vn -0.3723 0.6629 -0.6496
vn -0.5270 0.6431 -0.5557
vn 0.8423 0.3689 0.3930
vn 0.8648 0.4468 0.2292
vn 0.8588 0.5031 0.0966
vn 0.8399 0.5425 -0.0164
vn 0.8139 0.5681 -0.1218
vn 0.7797 0.5821 -0.2307
vn 0.7297 0.5852 -0.3537
vn 0.8496 0.3614 0.3842
vn 0.8708 0.4389 0.2215
vn 0.8636 0.4959 0.0906
vn 0.8438 0.5363 -0.0202
vn 0.8170 0.5633 -0.1230
vn 0.7827 0.5788 -0.2288
vn 0.7335 0.5835 -0.3485
vn 0.8578 0.3507 0.3757
vn 0.8784 0.4274 0.2139
vn 0.8704 0.4850 0.0845
vn 0.8495 0.5271 -0.0245
vn 0.8216 0.5562 -0.1250
vn 0.7864 0.5742 -0.2277
vn 0.7370 0.5820 -0.3438
vn 0.8669 0.3366 0.3677
vn 0.8875 0.4120 0.2065
vn 0.8790 0.4703 0.0782
vn 0.8571 0.5143 -0.0294
vn 0.8277 0.5464 -0.1277
vn 0.7908 0.5682 -0.2276
vn 0.7399 0.5807 -0.3396
vn 0.8764 0.3194 0.3603
vn 0.8978 0.3927 0.1995
vn 0.8894 0.4515 0.0719
vn 0.8665 0.4979 -0.0347
vn 0.8353 0.5338 -0.1314
vn 0.7959 0.5606 -0.2286
vn 0.7422 0.5796 -0.3365
vn 0.8862 0.2990 0.3537
vn 0.9089 0.3696 0.1930
vn 0.9012 0.4285 0.0656
vn 0.8777 0.4775 -0.0404
vn 0.8444 0.5181 -0.1360
vn 0.8016 0.5514 -0.2309
vn 0.7436 0.5789 -0.3345
vn 0.8959 0.2760 0.3482
vn 0.9206 0.3426 0.1874
vn 0.9141 0.4011 0.0597
vn 0.8904 0.4529 -0.0464
vn 0.8550 0.4990 -0.1415
vn 0.8080 0.5405 -0.2346
vn 0.7440 0.5788 -0.3339
vn -0.6607 0.0848 0.7458
vn -0.4555 0.0903 0.8856
vn -0.2312 0.0960 0.9682
vn -0.0000 0.0983 0.9952
vn 0.2312 0.0960 0.9682
vn 0.4555 0.0903 0.8856
vn 0.6607 0.0848 0.7458
vn -0.6565 0.0814 0.7500
vn -0.4515 0.0933 0.8874
vn -0.2288 0.1034 0.9680
vn -0.0000 0.1072 0.9942
vn 0.2288 0.1034 0.9680
vn 0.4515 0.0933 0.8874
vn 0.6565 0.0814 0.7500
vn -0.6517 0.0769 0.7545
vn -0.4471 0.0961 0.8893
vn -0.2262 0.1110 0.9677
vn -0.0000 0.1165 0.9932
vn 0.2262 0.1110 0.9677
vn 0.4471 0.0961 0.8893
vn 0.6517 0.0769 0.7545
vn -0.6465 0.0714 0.7595
vn -0.4423 0.0985 0.8914
vn -0.2234 0.1187 0.9675
vn -0.0000 0.1260 0.9920
vn 0.2234 0.1187 0.9675
vn 0.4423 0.0985 0.8914
vn 0.6465 0.0714 0.7595
vn -0.6408 0.0648 0.7650
vn -0.4371 0.1003 0.8938
vn -0.2203 0.1260 0.9673
vn -0.0000 0.1352 0.9908
vn 0.2203 0.1260 0.9673
vn 0.4371 0.1003 0.8938
vn 0.6408 0.0648 0.7650
vn -0.6345 0.0570 0.7708
vn -0.4316 0.1012 0.8964
vn -0.2171 0.1326 0.9671
vn -0.0000 0.1438 0.9896
vn 0.2171 0.1326 0.9671
vn 0.4316 0.1012 0.8964
vn 0.6345 0.0570 0.7708
vn -0.6277 0.0482 0.7770
vn -0.4256 0.1011 0.8993
vn -0.2136 0.1380 0.9671
vn -0.0000 0.1510 0.9885
vn 0.2136 0.1380 0.9671
vn 0.4256 0.1011 0.8993
vn 0.6277 0.0482 0.7770
vn 0.9123 0.2268 0.3411
vn 0.9422 0.2828 0.1795
vn 0.9398 0.3379 0.0503
vn 0.9173 0.3940 -0.0578
vn 0.8783 0.4526 -0.1542
vn 0.8215 0.5145 -0.2458
vn 0.7411 0.5801 -0.3379
vn 0.9180 0.2049 0.3397
vn 0.9504 0.2555 0.1775
vn 0.9502 0.3081 0.0471
vn 0.9288 0.3653 -0.0626
vn 0.8888 0.4292 -0.1606
vn 0.8276 0.5010 -0.2531
vn 0.7388 0.5800 -0.3431
vn 0.9221 0.1853 0.3397
vn 0.9568 0.2307 0.1768
vn 0.9588 0.2806 0.0451
vn 0.9386 0.3384 -0.0666
vn 0.8981 0.4069 -0.1670
vn 0.8331 0.4876 -0.2611
vn 0.7364 0.5787 -0.3504
vn 0.9250 0.1676 0.3411
vn 0.9619 0.2082 0.1775
vn 0.9658 0.2554 0.0442
vn 0.9471 0.3132 -0.0698
vn 0.9064 0.3854 -0.1730
vn 0.8382 0.4739 -0.2698
vn 0.7343 0.5758 -0.3596
vn 0.9268 0.1514 0.3438
vn 0.9658 0.1875 0.1793
vn 0.9717 0.2321 0.0443
vn 0.9544 0.2898 -0.0722
vn 0.9138 0.3648 -0.1787
vn 0.8432 0.4596 -0.2788
vn 0.7334 0.5701 -0.3704
vn 0.9277 0.1366 0.3475
vn 0.9687 0.1686 0.1821
vn 0.9765 0.2108 0.0454
vn 0.9606 0.2679 -0.0739
vn 0.9205 0.3448 -0.1838
vn 0.8486 0.4439 -0.2878
vn 0.7347 0.5603 -0.3825
vn 0.9279 0.1228 0.3521
vn 0.9709 0.1513 0.1857
vn 0.9804 0.1915 0.0470
vn 0.9659 0.2478 -0.0749
vn 0.9267 0.3252 -0.1884
vn 0.8548 0.4260 -0.2965
vn 0.7394 0.5448 -0.3955
vn -0.6713 0.1149 0.7322
vn -0.4673 0.0736 0.8811
vn -0.2383 0.0486 0.9700
vn -0.0000 0.0402 0.9992
vn 0.2383 0.0486 0.9700
vn 0.4673 0.0736 0.8810
vn 0.6713 0.1149 0.7322
vn -0.6736 0.1093 0.7310
vn -0.4688 0.0754 0.8801
vn -0.2391 0.0552 0.9694
vn -0.0000 0.0485 0.9988
vn 0.2391 0.0552 0.9694
vn 0.4688 0.0754 0.8801
vn 0.6736 0.1093 0.7310
vn -0.6746 0.1045 0.7308
vn -0.4692 0.0771 0.8797
vn -0.2393 0.0611 0.9690
vn -0.0000 0.0559 0.9984
vn 0.2393 0.0611 0.9690
vn 0.4692 0.0771 0.8797
vn 0.6746 0.1045 0.7308
vn -0.6744 0.1002 0.7316
vn -0.4687 0.0787 0.8798
vn -0.2390 0.0666 0.9687
vn -0.0000 0.0627 0.9980
vn 0.2390 0.0666 0.9687
vn 0.4687 0.0787 0.8798
vn 0.6744 0.1002 0.7316
vn -0.6731 0.0963 0.7332
vn -0.4673 0.0804 0.8804
vn -0.2382 0.0718 0.9686
vn -0.0000 0.0692 0.9976
vn 0.2382 0.0718 0.9686
vn 0.4673 0.0804 0.8804
vn 0.6731 0.0963 0.7332
vn -0.6710 0.0930 0.7356
vn -0.4652 0.0823 0.8814
vn -0.2369 0.0771 0.9685
vn -0.0000 0.0756 0.9971
vn 0.2369 0.0771 0.9685
vn 0.4652 0.0823 0.8814
vn 0.6710 0.0930 0.7356
vn -0.6681 0.0900 0.7386
vn -0.4624 0.0845 0.8826
vn -0.2353 0.0828 0.9684
vn -0.0000 0.0824 0.9966
vn 0.2353 0.0828 0.9684
vn 0.4624 0.0845 0.8826
vn 0.6681 0.0900 0.7386
vn -0.7411 0.5801 -0.3379
vn -0.8215 0.5145 -0.2458
vn -0.8783 0.4526 -0.1542
vn -0.9173 0.3940 -0.0578
vn -0.9398 0.3379 0.0503
vn -0.9422 0.2828 0.1795
vn -0.9123 0.2268 0.3411
vn -0.7388 0.5800 -0.3431
vn -0.8276 0.5010 -0.2531
vn -0.8888 0.4292 -0.1606
vn -0.9288 0.3653 -0.0626
vn -0.9502 0.3081 0.0471
vn -0.9504 0.2555 0.1775
vn -0.9180 0.2049 0.3397
vn -0.7364 0.5787 -0.3504
vn -0.8331 0.4876 -0.2611
vn -0.8981 0.4069 -0.1670
vn -0.9386 0.3384 -0.0666
vn -0.9588 0.2806 0.0451
vn -0.9568 0.2307 0.1768
vn -0.9221 0.1853 0.3397
vn -0.7343 0.5758 -0.3596
vn -0.8382 0.4739 -0.2698
vn -0.9064 0.3855 -0.1730
vn -0.9471 0.3132 -0.0698
vn -0.9658 0.2554 0.0442
vn -0.9619 0.2082 0.1775
vn -0.9250 0.1676 0.3411
vn -0.7334 0.5701 -0.3704
vn -0.8432 0.4596 -0.2788
vn -0.9138 0.3648 -0.1787
vn -0.9544 0.2898 -0.0722
vn -0.9717 0.2321 0.0443
vn -0.9658 0.1875 0.1793
vn -0.9268 0.1514 0.3438
vn -0.7347 0.5603 -0.3825
vn -0.8486 0.4439 -0.2878
vn -0.9205 0.3448 -0.1838
vn -0.9606 0.2679 -0.0739
vn -0.9765 0.2108 0.0454
vn -0.9687 0.1686 0.1821
vn -0.9277 0.1366 0.3475
vn -0.7394 0.5448 -0.3955
vn -0.8548 0.4260 -0.2965
vn -0.9267 0.3252 -0.1884
vn -0.9659 0.2478 -0.0749
vn -0.9804 0.1915 0.0470
vn -0.9709 0.1513 0.1857
vn -0.9279 0.1228 0.3521
vn -0.8489 0.2139 -0.4833
vn -0.9364 0.1009 -0.3362
vn -0.9815 0.0072 -0.1913
vn -0.9969 -0.0611 -0.0494
vn -0.9903 -0.1017 0.0947
vn -0.9617 -0.1129 0.2499
vn -0.9000 -0.0924 0.4259
vn -0.8549 0.1765 -0.4879
vn -0.9395 0.0631 -0.3368
vn -0.9816 -0.0290 -0.1889
vn -0.9945 -0.0944 -0.0450
vn -0.9863 -0.1310 0.1006
vn -0.9567 -0.1369 0.2571
vn -0.8942 -0.1094 0.4341
vn -0.8595 0.1386 -0.4920
vn -0.9409 0.0286 -0.3376
vn -0.9804 -0.0593 -0.1876
vn -0.9919 -0.1200 -0.0422
vn -0.9829 -0.1516 0.1048
vn -0.9528 -0.1519 0.2627
vn -0.8896 -0.1178 0.4412
vn -0.8627 0.1008 -0.4955
vn -0.9409 -0.0021 -0.3388
vn -0.9787 -0.0830 -0.1877
vn -0.9897 -0.1374 -0.0413
vn -0.9808 -0.1633 0.1070
vn -0.9507 -0.1578 0.2668
vn -0.8867 -0.1173 0.4472
vn -0.8646 0.0636 -0.4984
vn -0.9398 -0.0284 -0.3406
vn -0.9768 -0.0999 -0.1893
vn -0.9883 -0.1466 -0.0424
vn -0.9803 -0.1660 0.1072
vn -0.9506 -0.1546 0.2691
vn -0.8856 -0.1080 0.4518
vn -0.8653 0.0278 -0.5006
vn -0.9380 -0.0502 -0.3431
vn -0.9751 -0.1101 -0.1926
vn -0.9879 -0.1479 -0.0456
vn -0.9815 -0.1602 0.1052
vn -0.9524 -0.1428 0.2695
vn -0.8860 -0.0905 0.4548
vn -0.8648 -0.0061 -0.5021
vn -0.9357 -0.0675 -0.3462
vn -0.9737 -0.1142 -0.1973
vn -0.9886 -0.1421 -0.0508
vn -0.9840 -0.1468 0.1011
vn -0.9556 -0.1232 0.2679
vn -0.8876 -0.0658 0.4559
vn -0.7600 0.4947 -0.4215
vn -0.8702 0.3815 -0.3118
vn -0.9384 0.2849 -0.1957
vn -0.9748 0.2098 -0.0759
vn -0.9865 0.1553 0.0511
vn -0.9739 0.1184 0.1938
vn -0.9270 0.0958 0.3625
vn -0.7729 0.4639 -0.4330
vn -0.8792 0.3547 -0.3180
vn -0.9448 0.2609 -0.1982
vn -0.9794 0.1874 -0.0756
vn -0.9895 0.1340 0.0540
vn -0.9751 0.0988 0.1986
vn -0.9262 0.0797 0.3685
vn -0.7863 0.4307 -0.4431
vn -0.8889 0.3248 -0.3231
vn -0.9517 0.2333 -0.1998
vn -0.9841 0.1612 -0.0743
vn -0.9924 0.1090 0.0576
vn -0.9760 0.0760 0.2041
vn -0.9250 0.0608 0.3752
vn -0.7995 0.3956 -0.4519
vn -0.8987 0.2920 -0.3272
vn -0.9586 0.2022 -0.2004
vn -0.9887 0.1311 -0.0721
vn -0.9948 0.0803 0.0621
vn -0.9764 0.0497 0.2103
vn -0.9231 0.0392 0.3824
vn -0.8121 0.3594 -0.4596
vn -0.9083 0.2568 -0.3304
vn -0.9653 0.1677 -0.2001
vn -0.9928 0.0974 -0.0690
vn -0.9966 0.0480 0.0674
vn -0.9759 0.0203 0.2173
vn -0.9205 0.0149 0.3904
vn -0.8236 0.3227 -0.4664
vn -0.9171 0.2194 -0.3327
vn -0.9713 0.1301 -0.1989
vn -0.9961 0.0602 -0.0651
vn -0.9972 0.0123 0.0735
vn -0.9743 -0.0120 0.2249
vn -0.9170 -0.0115 0.3988
vn -0.8335 0.2862 -0.4726
vn -0.9250 0.1805 -0.3344
vn -0.9763 0.0899 -0.1969
vn -0.9980 0.0201 -0.0603
vn -0.9964 -0.0259 0.0803
vn -0.9713 -0.0465 0.2331
vn -0.9122 -0.0396 0.4077
vn 0.4308 0.6980 -0.5720
vn 0.2693 0.7543 -0.5988
vn 0.1284 0.7835 -0.6080
vn -0.0000 0.7924 -0.6100
vn -0.1284 0.7835 -0.6080
vn -0.2693 0.7543 -0.5988
vn -0.4308 0.6980 -0.5720
vn 0.4486 0.6621 -0.6003
vn 0.2839 0.7185 -0.6349
vn 0.1364 0.7483 -0.6491
vn -0.0000 0.7576 -0.6528
vn -0.1364 0.7483 -0.6491
vn -0.2839 0.7185 -0.6349
vn -0.4486 0.6621 -0.6003
vn 0.4664 0.6246 -0.6264
vn 0.2983 0.6812 -0.6685
vn 0.1444 0.7116 -0.6876
vn -0.0000 0.7211 -0.6929
vn -0.1444 0.7116 -0.6876
vn -0.2983 0.6812 -0.6685
vn -0.4664 0.6246 -0.6264
vn 0.4832 0.5868 -0.6498
vn 0.3118 0.6438 -0.6988
vn 0.1519 0.6747 -0.7223
vn -0.0000 0.6844 -0.7291
vn -0.1519 0.6747 -0.7223
vn -0.3118 0.6438 -0.6988
vn -0.4832 0.5868 -0.6498
vn 0.4982 0.5500 -0.6703
vn 0.3237 0.6078 -0.7251
vn 0.1584 0.6394 -0.7524
vn -0.0000 0.6494 -0.7604
vn -0.1584 0.6394 -0.7524
vn -0.3237 0.6078 -0.7251
vn -0.4982 0.5500 -0.6703
vn 0.5106 0.5158 -0.6880
vn 0.3333 0.5750 -0.7472
vn 0.1636 0.6077 -0.7772
vn -0.0000 0.6180 -0.7862
vn -0.1636 0.6077 -0.7772
vn -0.3333 0.5750 -0.7472
vn -0.5106 0.5158 -0.6880
vn 0.5199 0.4855 -0.7028
vn 0.3400 0.5472 -0.7648
vn 0.1670 0.5814 -0.7963
vn -0.0000 0.5922 -0.8058
vn -0.1670 0.5814 -0.7963
vn -0.3401 0.5472 -0.7648
vn -0.5199 0.4855 -0.7028
vn 0.9270 0.0958 0.3625
vn 0.9739 0.1184 0.1938
vn 0.9865 0.1553 0.0511
vn 0.9748 0.2098 -0.0759
vn 0.9384 0.2849 -0.1957
vn 0.8702 0.3815 -0.3118
vn 0.7600 0.4947 -0.4215
vn 0.9262 0.0797 0.3685
vn 0.9751 0.0988 0.1986
vn 0.9895 0.1340 0.0540
vn 0.9794 0.1874 -0.0756
vn 0.9448 0.2609 -0.1982
vn 0.8792 0.3547 -0.3180
vn 0.7729 0.4639 -0.4330
vn 0.9250 0.0608 0.3752
vn 0.9760 0.0760 0.2041
vn 0.9924 0.1090 0.0576
vn 0.9841 0.1612 -0.0743
vn 0.9517 0.2333 -0.1998
vn 0.8889 0.3248 -0.3231
vn 0.7863 0.4307 -0.4431
vn 0.9231 0.0392 0.3824
vn 0.9764 0.0497 0.2103
vn 0.9948 0.0803 0.0621
vn 0.9887 0.1311 -0.0721
vn 0.9586 0.2022 -0.2004
vn 0.8987 0.2920 -0.3272
vn 0.7995 0.3956 -0.4519
vn 0.9205 0.0150 0.3904
vn 0.9759 0.0203 0.2173
vn 0.9966 0.0480 0.0674
vn 0.9928 0.0974 -0.0690
vn 0.9653 0.1677 -0.2001
vn 0.9083 0.2568 -0.3304
vn 0.8121 0.3594 -0.4596
vn 0.9170 -0.0115 0.3988
vn 0.9743 -0.0120 0.2249
vn 0.9972 0.0123 0.0735
vn 0.9961 0.0602 -0.0651
vn 0.9713 0.1301 -0.1989
vn 0.9171 0.2194 -0.3327
vn 0.8236 0.3227 -0.4664
vn 0.9122 -0.0396 0.4077
vn 0.9713 -0.0465 0.2331
vn 0.9964 -0.0259 0.0803
vn 0.9980 0.0201 -0.0603
vn 0.9763 0.0899 -0.1969
vn 0.9250 0.1805 -0.3344
vn 0.8335 0.2862 -0.4726
vn 0.5998 -0.0457 -0.7988
vn 0.4144 -0.0281 -0.9096
vn 0.2111 -0.0158 -0.9773
vn -0.0000 -0.0112 -0.9999
vn -0.2111 -0.0158 -0.9773
vn -0.4144 -0.0281 -0.9096
vn -0.5998 -0.0457 -0.7988
vn 0.6031 -0.1766 -0.7779
vn 0.4186 -0.1794 -0.8903
vn 0.2138 -0.1772 -0.9607
vn -0.0000 -0.1754 -0.9845
vn -0.2138 -0.1772 -0.9607
vn -0.4186 -0.1794 -0.8903
vn -0.6031 -0.1766 -0.7779
vn 0.5946 -0.3370 -0.7300
vn 0.4114 -0.3622 -0.8364
vn 0.2097 -0.3702 -0.9050
vn -0.0000 -0.3710 -0.9287
vn -0.2097 -0.3702 -0.9050
vn -0.4114 -0.3622 -0.8364
vn -0.5946 -0.3370 -0.7300
vn 0.5667 -0.5106 -0.6466
vn 0.3863 -0.5560 -0.7359
vn 0.1951 -0.5734 -0.7957
vn -0.0000 -0.5767 -0.8170
vn -0.1951 -0.5734 -0.7957
vn -0.3863 -0.5560 -0.7359
vn -0.5667 -0.5106 -0.6466
vn 0.5168 -0.6749 -0.5267
vn 0.3426 -0.7316 -0.5895
vn 0.1704 -0.7550 -0.6332
vn -0.0000 -0.7605 -0.6493
vn -0.1704 -0.7550 -0.6332
vn -0.3426 -0.7316 -0.5895
vn -0.5168 -0.6749 -0.5267
vn 0.4512 -0.8065 -0.3820
vn 0.2867 -0.8642 -0.4135
vn 0.1394 -0.8887 -0.4367
vn -0.0000 -0.8953 -0.4455
vn -0.1394 -0.8887 -0.4367
vn -0.2867 -0.8642 -0.4135
vn -0.4512 -0.8065 -0.3820
vn 0.3827 -0.8959 -0.2256
vn 0.2283 -0.9468 -0.2267
vn 0.1081 -0.9663 -0.2336
vn -0.0000 -0.9715 -0.2368
vn -0.1081 -0.9663 -0.2336
vn -0.2283 -0.9468 -0.2267
vn -0.3827 -0.8959 -0.2256
vn 0.5317 0.4336 -0.7275
vn 0.3472 0.5028 -0.7916
vn 0.1702 0.5412 -0.8235
vn -0.0000 0.5534 -0.8329
vn -0.1702 0.5412 -0.8235
vn -0.3472 0.5028 -0.7916
vn -0.5317 0.4336 -0.7275
vn 0.5384 0.4020 -0.7406
vn 0.3518 0.4743 -0.8070
vn 0.1725 0.5148 -0.8398
vn -0.0000 0.5276 -0.8495
vn -0.1725 0.5147 -0.8398
vn -0.3518 0.4743 -0.8070
vn -0.5384 0.4020 -0.7406
vn 0.5465 0.3632 -0.7546
vn 0.3583 0.4372 -0.8249
vn 0.1760 0.4790 -0.8600
vn -0.0000 0.4923 -0.8704
vn -0.1760 0.4790 -0.8600
vn -0.3583 0.4372 -0.8249
vn -0.5465 0.3632 -0.7546
vn 0.5557 0.3166 -0.7687
vn 0.3664 0.3901 -0.8447
vn 0.1807 0.4324 -0.8834
vn -0.0000 0.4460 -0.8951
vn -0.1807 0.4324 -0.8834
vn -0.3664 0.3901 -0.8447
vn -0.5557 0.3166 -0.7687
vn 0.5656 0.2619 -0.7820
vn 0.3759 0.3322 -0.8651
vn 0.1863 0.3734 -0.9088
vn -0.0000 0.3868 -0.9222
vn -0.1863 0.3734 -0.9088
vn -0.3759 0.3322 -0.8651
vn -0.5656 0.2619 -0.7820
vn 0.5755 0.1994 -0.7931
vn 0.3862 0.2626 -0.8842
vn 0.1927 0.3006 -0.9341
vn -0.0000 0.3132 -0.9497
vn -0.1927 0.3006 -0.9341
vn -0.3862 0.2626 -0.8842
vn -0.5755 0.1994 -0.7931
vn 0.5846 0.1298 -0.8009
vn 0.3965 0.1816 -0.8999
vn 0.1993 0.2135 -0.9564
vn -0.0000 0.2242 -0.9745
vn -0.1993 0.2135 -0.9564
vn -0.3965 0.1816 -0.8999
vn -0.5846 0.1298 -0.8009
vn 0.9000 -0.0924 0.4259
vn 0.9617 -0.1129 0.2499
vn 0.9903 -0.1017 0.0947
vn 0.9969 -0.0611 -0.0494
vn 0.9815 0.0072 -0.1913
vn 0.9364 0.1009 -0.3362
vn 0.8489 0.2139 -0.4833
vn 0.8942 -0.1094 0.4341
vn 0.9567 -0.1369 0.2571
vn 0.9863 -0.1310 0.1006
vn 0.9945 -0.0944 -0.0450
vn 0.9816 -0.0290 -0.1889
vn 0.9395 0.0631 -0.3368
vn 0.8549 0.1765 -0.4879
vn 0.8896 -0.1178 0.4412
vn 0.9528 -0.1519 0.2627
vn 0.9829 -0.1516 0.1048
vn 0.9919 -0.1200 -0.0422
vn 0.9804 -0.0593 -0.1876
vn 0.9409 0.0286 -0.3376
vn 0.8595 0.1386 -0.4920
vn 0.8867 -0.1173 0.4472
vn 0.9507 -0.1578 0.2668
vn 0.9808 -0.1633 0.1070
vn 0.9897 -0.1374 -0.0413
vn 0.9787 -0.0830 -0.1877
vn 0.9409 -0.0021 -0.3388
vn 0.8627 0.1008 -0.4955
vn 0.8856 -0.1080 0.4518
vn 0.9506 -0.1546 0.2691
vn 0.9803 -0.1660 0.1072
vn 0.9883 -0.1466 -0.0424
vn 0.9768 -0.0999 -0.1893
vn 0.9398 -0.0284 -0.3406
vn 0.8646 0.0636 -0.4984
vn 0.8860 -0.0905 0.4548
vn 0.9524 -0.1428 0.2695
vn 0.9815 -0.1602 0.1052
vn 0.9879 -0.1479 -0.0456
vn 0.9751 -0.1101 -0.1926
vn 0.9380 -0.0502 -0.3431
vn 0.8653 0.0278 -0.5006
vn 0.8876 -0.0658 0.4559
vn 0.9556 -0.1232 0.2678
vn 0.9840 -0.1468 0.1011
vn 0.9886 -0.1421 -0.0508
vn 0.9737 -0.1142 -0.1973
vn 0.9357 -0.0675 -0.3462
vn 0.8648 -0.0061 -0.5021
vn -0.6123 0.0328 0.7899
vn -0.4125 0.1011 0.9053
vn -0.2060 0.1475 0.9674
vn -0.0000 0.1637 0.9865
vn 0.2060 0.1475 0.9674
vn 0.4125 0.1011 0.9053
vn 0.6123 0.0328 0.7899
vn -0.6046 0.0324 0.7959
vn -0.4057 0.1068 0.9077
vn -0.2021 0.1565 0.9668
vn -0.0000 0.1738 0.9848
vn 0.2021 0.1565 0.9668
vn 0.4057 0.1068 0.9077
vn 0.6046 0.0324 0.7958
vn -0.5973 0.0387 0.8011
vn -0.3991 0.1176 0.9093
vn -0.1982 0.1697 0.9654
vn -0.0000 0.1876 0.9823
vn 0.1982 0.1697 0.9654
vn 0.3991 0.1176 0.9094
vn 0.5973 0.0387 0.8011
vn -0.5906 0.0515 0.8053
vn -0.3926 0.1334 0.9100
vn -0.1943 0.1865 0.9630
vn -0.0000 0.2046 0.9788
vn 0.1943 0.1865 0.9630
vn 0.3926 0.1334 0.9100
vn 0.5906 0.0515 0.8053
vn -0.5843 0.0705 0.8085
vn -0.3864 0.1535 0.9095
vn -0.1906 0.2065 0.9597
vn -0.0000 0.2244 0.9745
vn 0.1906 0.2065 0.9597
vn 0.3864 0.1535 0.9095
vn 0.5843 0.0705 0.8085
vn -0.5785 0.0947 0.8102
vn -0.3803 0.1771 0.9077
vn -0.1869 0.2287 0.9554
vn -0.0000 0.2460 0.9693
vn 0.1869 0.2287 0.9554
vn 0.3803 0.1771 0.9077
vn 0.5785 0.0947 0.8102
vn -0.5731 0.1231 0.8102
vn -0.3746 0.2031 0.9047
vn -0.1835 0.2522 0.9501
vn -0.0000 0.2686 0.9633
vn 0.1835 0.2522 0.9501
vn 0.3746 0.2031 0.9047
vn 0.5731 0.1231 0.8102
vn -0.5410 0.3580 0.7610
vn -0.3437 0.3976 0.8508
vn -0.1658 0.4166 0.8938
vn -0.0000 0.4222 0.9065
vn 0.1658 0.4166 0.8938
vn 0.3437 0.3976 0.8508
vn 0.5410 0.3580 0.7610
vn -0.5401 0.3831 0.7494
vn -0.3432 0.4202 0.8401
vn -0.1656 0.4374 0.8839
vn -0.0000 0.4424 0.8968
vn 0.1656 0.4374 0.8839
vn 0.3432 0.4202 0.8401
vn 0.5401 0.3831 0.7494
vn -0.5389 0.4121 0.7347
vn -0.3426 0.4475 0.8261
vn -0.1653 0.4634 0.8706
vn -0.0000 0.4679 0.8838
vn 0.1653 0.4634 0.8706
vn 0.3426 0.4475 0.8261
vn 0.5389 0.4121 0.7347
vn -0.5374 0.4430 0.7176
vn -0.3419 0.4773 0.8095
vn -0.1651 0.4924 0.8546
vn -0.0000 0.4966 0.8680
vn 0.1651 0.4924 0.8546
vn 0.3419 0.4773 0.8095
vn 0.5374 0.4430 0.7176
vn -0.5355 0.4741 0.6989
vn -0.3411 0.5080 0.7910
vn -0.1648 0.5227 0.8365
vn -0.0000 0.5267 0.8501
vn 0.1648 0.5227 0.8365
vn 0.3411 0.5080 0.7910
vn 0.5355 0.4741 0.6989
vn -0.5334 0.5040 0.6793
vn -0.3401 0.5380 0.7713
vn -0.1645 0.5527 0.8170
vn -0.0000 0.5567 0.8307
vn 0.1645 0.5527 0.8170
vn 0.3401 0.5380 0.7712
vn 0.5334 0.5040 0.6793
vn -0.5310 0.5320 0.6596
vn -0.3390 0.5665 0.7511
vn -0.1641 0.5814 0.7969
vn -0.0000 0.5855 0.8107
vn 0.1641 0.5814 0.7969
vn 0.3390 0.5665 0.7511
vn 0.5310 0.5320 0.6596
vn 0.8919 -0.0036 0.4522
vn 0.9634 -0.0697 0.2588
vn 0.9905 -0.1059 0.0879
vn 0.9908 -0.1190 -0.0649
vn 0.9712 -0.1162 -0.2080
vn 0.9310 -0.1036 -0.3500
vn 0.8628 -0.0856 -0.4983
vn 0.8935 0.0272 0.4482
vn 0.9666 -0.0428 0.2527
vn 0.9930 -0.0862 0.0806
vn 0.9913 -0.1110 -0.0707
vn 0.9696 -0.1262 -0.2095
vn 0.9283 -0.1385 -0.3450
vn 0.8609 -0.1517 -0.4857
vn 0.8947 0.0562 0.4432
vn 0.9691 -0.0176 0.2460
vn 0.9949 -0.0687 0.0738
vn 0.9915 -0.1069 -0.0744
vn 0.9678 -0.1436 -0.2068
vn 0.9245 -0.1861 -0.3326
vn 0.8550 -0.2368 -0.4613
vn 0.8954 0.0833 0.4373
vn 0.9710 0.0060 0.2389
vn 0.9963 -0.0531 0.0678
vn 0.9915 -0.1057 -0.0758
vn 0.9658 -0.1656 -0.1993
vn 0.9188 -0.2416 -0.3122
vn 0.8424 -0.3338 -0.4231
vn 0.8959 0.1086 0.4308
vn 0.9724 0.0276 0.2317
vn 0.9973 -0.0391 0.0627
vn 0.9916 -0.1051 -0.0750
vn 0.9642 -0.1869 -0.1882
vn 0.9118 -0.2959 -0.2847
vn 0.8227 -0.4310 -0.3706
vn 0.8961 0.1318 0.4237
vn 0.9732 0.0474 0.2249
vn 0.9979 -0.0264 0.0590
vn 0.9921 -0.1032 -0.0719
vn 0.9638 -0.2019 -0.1740
vn 0.9063 -0.3394 -0.2516
vn 0.8007 -0.5145 -0.3067
vn 0.8961 0.1532 0.4165
vn 0.9736 0.0655 0.2189
vn 0.9983 -0.0145 0.0571
vn 0.9928 -0.0996 -0.0664
vn 0.9651 -0.2096 -0.1571
vn 0.9050 -0.3669 -0.2153
vn 0.7835 -0.5750 -0.2356
vn -0.5630 0.1845 0.8056
vn -0.3641 0.2564 0.8954
vn -0.1773 0.2987 0.9378
vn -0.0000 0.3124 0.9499
vn 0.1773 0.2987 0.9378
vn 0.3641 0.2564 0.8954
vn 0.5630 0.1845 0.8056
vn -0.5584 0.2129 0.8018
vn -0.3596 0.2802 0.8901
vn -0.1746 0.3189 0.9316
vn -0.0000 0.3314 0.9435
vn 0.1746 0.3189 0.9316
vn 0.3596 0.2802 0.8901
vn 0.5584 0.2129 0.8018
vn -0.5542 0.2388 0.7974
vn -0.3555 0.3016 0.8847
vn -0.1723 0.3370 0.9256
vn -0.0000 0.3483 0.9374
vn 0.1723 0.3370 0.9256
vn 0.3555 0.3016 0.8847
vn 0.5542 0.2388 0.7974
vn -0.5505 0.2624 0.7925
vn -0.3521 0.3209 0.8793
vn -0.1704 0.3530 0.9200
vn -0.0000 0.3632 0.9317
vn 0.1704 0.3530 0.9200
vn 0.3521 0.3209 0.8793
vn 0.5505 0.2624 0.7925
vn -0.5474 0.2840 0.7872
vn -0.3492 0.3382 0.8739
vn -0.1688 0.3673 0.9147
vn -0.0000 0.3764 0.9265
vn 0.1688 0.3673 0.9147
vn 0.3492 0.3382 0.8739
vn 0.5474 0.2840 0.7872
vn -0.5450 0.3035 0.7816
vn -0.3470 0.3537 0.8686
vn -0.1676 0.3800 0.9097
vn -0.0000 0.3881 0.9216
vn 0.1676 0.3800 0.9097
vn 0.3470 0.3537 0.8686
vn 0.5450 0.3035 0.7816
vn -0.5432 0.3213 0.7757
vn -0.3454 0.3676 0.8634
vn -0.1667 0.3913 0.9050
vn -0.0000 0.3985 0.9172
vn 0.1667 0.3913 0.9050
vn 0.3454 0.3676 0.8634
vn 0.5432 0.3213 0.7757
vn -0.8628 -0.0856 -0.4983
vn -0.9310 -0.1036 -0.3500
vn -0.9712 -0.1162 -0.2080
vn -0.9908 -0.1190 -0.0649
vn -0.9905 -0.1059 0.0879
vn -0.9634 -0.0697 0.2588
vn -0.8919 -0.0036 0.4522
vn -0.8609 -0.1517 -0.4857
vn -0.9283 -0.1385 -0.3450
vn -0.9696 -0.1262 -0.2095
vn -0.9913 -0.1110 -0.0707
vn -0.9930 -0.0862 0.0806
vn -0.9666 -0.0428 0.2527
vn -0.8935 0.0272 0.4482
vn -0.8550 -0.2368 -0.4613
vn -0.9245 -0.1861 -0.3326
vn -0.9678 -0.1436 -0.2068
vn -0.9915 -0.1069 -0.0744
vn -0.9949 -0.0687 0.0738
vn -0.9691 -0.0176 0.2460
vn -0.8947 0.0562 0.4432
vn -0.8424 -0.3338 -0.4231
vn -0.9188 -0.2416 -0.3122
vn -0.9658 -0.1656 -0.1993
vn -0.9915 -0.1057 -0.0758
vn -0.9963 -0.0531 0.0678
vn -0.9710 0.0060 0.2389
vn -0.8954 0.0833 0.4373
vn -0.8227 -0.4310 -0.3706
vn -0.9118 -0.2959 -0.2847
vn -0.9642 -0.1869 -0.1882
vn -0.9916 -0.1051 -0.0750
vn -0.9973 -0.0391 0.0627
vn -0.9724 0.0276 0.2317
vn -0.8959 0.1086 0.4308
vn -0.8007 -0.5145 -0.3067
vn -0.9063 -0.3394 -0.2516
vn -0.9638 -0.2019 -0.1740
vn -0.9921 -0.1032 -0.0719
vn -0.9979 -0.0264 0.0590
vn -0.9732 0.0474 0.2249
vn -0.8961 0.1318 0.4237
vn -0.7835 -0.5750 -0.2356
vn -0.9050 -0.3669 -0.2153
vn -0.9651 -0.2096 -0.1571
vn -0.9928 -0.0996 -0.0664
vn -0.9983 -0.0145 0.0571
vn -0.9736 0.0655 0.2189
vn -0.8961 0.1532 0.4165
vn -0.4713 -0.8778 0.0860
vn -0.6786 -0.7345 -0.0006
vn -0.8496 -0.5183 -0.0978
vn -0.9373 -0.3025 -0.1731
vn -0.9647 -0.1526 -0.2147
vn -0.9701 -0.0772 -0.2303
vn -0.9715 -0.0595 -0.2294
vn -0.4578 -0.8876 0.0517
vn -0.6598 -0.7507 -0.0340
vn -0.8301 -0.5425 -0.1288
vn -0.9221 -0.3304 -0.2014
vn -0.9541 -0.1785 -0.2407
vn -0.9621 -0.0981 -0.2545
vn -0.9647 -0.0746 -0.2525
vn -0.4356 -0.9001 0.0041
vn -0.6270 -0.7744 -0.0843
vn -0.7937 -0.5809 -0.1805
vn -0.8905 -0.3775 -0.2540
vn -0.9291 -0.2245 -0.2938
vn -0.9415 -0.1372 -0.3078
vn -0.9462 -0.1042 -0.3063
vn -0.4030 -0.9135 -0.0566
vn -0.5773 -0.8027 -0.1498
vn -0.7348 -0.6303 -0.2507
vn -0.8348 -0.4415 -0.3289
vn -0.8815 -0.2898 -0.3728
vn -0.9001 -0.1945 -0.3899
vn -0.9082 -0.1490 -0.3910
vn -0.3614 -0.9241 -0.1241
vn -0.5110 -0.8299 -0.2238
vn -0.6505 -0.6833 -0.3315
vn -0.7480 -0.5155 -0.4180
vn -0.8014 -0.3693 -0.4705
vn -0.8271 -0.2667 -0.4947
vn -0.8400 -0.2068 -0.5017
vn -0.3144 -0.9296 -0.1923
vn -0.4318 -0.8513 -0.2981
vn -0.5433 -0.7317 -0.4116
vn -0.6295 -0.5884 -0.5075
vn -0.6845 -0.4519 -0.5721
vn -0.7156 -0.3447 -0.6076
vn -0.7329 -0.2706 -0.6241
vn -0.2627 -0.9298 -0.2579
vn -0.3423 -0.8657 -0.3651
vn -0.4217 -0.7696 -0.4795
vn -0.4900 -0.6488 -0.5822
vn -0.5395 -0.5240 -0.6591
vn -0.5710 -0.4155 -0.7080
vn -0.5903 -0.3298 -0.7367
vn -0.8376 -0.5321 -0.1235
vn -0.9284 -0.3412 -0.1471
vn -0.9745 -0.1897 -0.1200
vn -0.9958 -0.0765 -0.0511
vn -0.9982 0.0162 0.0573
vn -0.9725 0.1043 0.2084
vn -0.8948 0.1969 0.4007
vn -0.9094 -0.3970 -0.1240
vn -0.9544 -0.2661 -0.1353
vn -0.9832 -0.1459 -0.1099
vn -0.9979 -0.0454 -0.0468
vn -0.9975 0.0436 0.0558
vn -0.9706 0.1315 0.2016
vn -0.8930 0.2246 0.3900
vn -0.9559 -0.2575 -0.1412
vn -0.9753 -0.1720 -0.1386
vn -0.9904 -0.0858 -0.1087
vn -0.9989 -0.0031 -0.0469
vn -0.9956 0.0780 0.0517
vn -0.9676 0.1629 0.1929
vn -0.8901 0.2553 0.3774
vn -0.9773 -0.1361 -0.1622
vn -0.9854 -0.0824 -0.1492
vn -0.9933 -0.0218 -0.1139
vn -0.9977 0.0439 -0.0514
vn -0.9923 0.1153 0.0451
vn -0.9635 0.1957 0.1827
vn -0.8864 0.2869 0.3633
vn -0.9826 -0.0456 -0.1798
vn -0.9869 -0.0099 -0.1609
vn -0.9920 0.0345 -0.1218
vn -0.9945 0.0876 -0.0582
vn -0.9879 0.1507 0.0368
vn -0.9587 0.2271 0.1715
vn -0.8819 0.3175 0.3485
vn -0.9813 0.0151 -0.1918
vn -0.9846 0.0414 -0.1699
vn -0.9887 0.0769 -0.1291
vn -0.9903 0.1226 -0.0652
vn -0.9831 0.1810 0.0284
vn -0.9534 0.2554 0.1603
vn -0.8770 0.3459 0.3336
vn -0.9788 0.0521 -0.1981
vn -0.9816 0.0748 -0.1754
vn -0.9852 0.1067 -0.1343
vn -0.9862 0.1495 -0.0710
vn -0.9783 0.2063 0.0209
vn -0.9481 0.2805 0.1499
vn -0.8717 0.3717 0.3194
vn -0.4243 0.8284 -0.3658
vn -0.2627 0.8974 -0.3545
vn -0.1254 0.9300 -0.3456
vn -0.0000 0.9396 -0.3423
vn 0.1254 0.9300 -0.3456
vn 0.2627 0.8974 -0.3545
vn 0.4243 0.8284 -0.3658
vn -0.4336 0.8226 -0.3678
vn -0.2699 0.8948 -0.3557
vn -0.1292 0.9293 -0.3461
vn -0.0000 0.9395 -0.3426
vn 0.1292 0.9293 -0.3461
vn 0.2699 0.8948 -0.3557
vn 0.4336 0.8226 -0.3678
vn -0.4357 0.8032 -0.4063
vn -0.2733 0.8785 -0.3919
vn -0.1314 0.9153 -0.3807
vn -0.0000 0.9264 -0.3765
vn 0.1314 0.9153 -0.3806
vn 0.2733 0.8785 -0.3919
vn 0.4357 0.8032 -0.4063
vn -0.4280 0.7643 -0.4824
vn -0.2718 0.8422 -0.4657
vn -0.1319 0.8820 -0.4525
vn -0.0000 0.8942 -0.4476
vn 0.1319 0.8820 -0.4525
vn 0.2718 0.8422 -0.4657
vn 0.4280 0.7643 -0.4824
vn -0.4079 0.7023 -0.5835
vn -0.2630 0.7789 -0.5694
vn -0.1293 0.8195 -0.5583
vn -0.0000 0.8324 -0.5542
vn 0.1293 0.8195 -0.5583
vn 0.2630 0.7789 -0.5694
vn 0.4079 0.7023 -0.5835
vn -0.3748 0.6170 -0.6920
vn -0.2453 0.6827 -0.6883
vn -0.1227 0.7181 -0.6851
vn -0.0000 0.7297 -0.6838
vn 0.1227 0.7181 -0.6851
vn 0.2453 0.6827 -0.6883
vn 0.3748 0.6170 -0.6920
vn -0.3295 0.5097 -0.7947
vn -0.2203 0.5509 -0.8049
vn -0.1124 0.5754 -0.8101
vn -0.0000 0.5839 -0.8118
vn 0.1124 0.5754 -0.8101
vn 0.2203 0.5509 -0.8050
vn 0.3295 0.5097 -0.7947
vn 0.8948 0.1969 0.4007
vn 0.9725 0.1043 0.2084
vn 0.9982 0.0162 0.0573
vn 0.9958 -0.0765 -0.0511
vn 0.9745 -0.1897 -0.1200
vn 0.9284 -0.3412 -0.1471
vn 0.8376 -0.5321 -0.1235
vn 0.8930 0.2246 0.3900
vn 0.9706 0.1315 0.2016
vn 0.9975 0.0436 0.0558
vn 0.9979 -0.0454 -0.0468
vn 0.9832 -0.1459 -0.1099
vn 0.9544 -0.2661 -0.1353
vn 0.9094 -0.3970 -0.1240
vn 0.8901 0.2554 0.3774
vn 0.9676 0.1629 0.1929
vn 0.9956 0.0780 0.0517
vn 0.9989 -0.0031 -0.0469
vn 0.9904 -0.0858 -0.1087
vn 0.9753 -0.1720 -0.1386
vn 0.9559 -0.2575 -0.1412
vn 0.8864 0.2869 0.3633
vn 0.9635 0.1957 0.1827
vn 0.9923 0.1153 0.0451
vn 0.9977 0.0439 -0.0514
vn 0.9933 -0.0218 -0.1139
vn 0.9854 -0.0824 -0.1492
vn 0.9773 -0.1361 -0.1622
vn 0.8819 0.3175 0.3485
vn 0.9587 0.2271 0.1715
vn 0.9879 0.1507 0.0368
vn 0.9945 0.0876 -0.0582
vn 0.9920 0.0345 -0.1218
vn 0.9869 -0.0099 -0.1609
vn 0.9826 -0.0456 -0.1798
vn 0.8770 0.3459 0.3336
vn 0.9534 0.2554 0.1603
vn 0.9831 0.1810 0.0284
vn 0.9903 0.1226 -0.0652
vn 0.9887 0.0769 -0.1291
vn 0.9846 0.0414 -0.1699
vn 0.9813 0.0151 -0.1918
vn 0.8717 0.3717 0.3194
vn 0.9481 0.2805 0.1499
vn 0.9783 0.2063 0.0209
vn 0.9862 0.1495 -0.0710
vn 0.9852 0.1067 -0.1343
vn 0.9816 0.0748 -0.1754
vn 0.9788 0.0521 -0.1981
vn 0.5415 0.7796 -0.3148
vn 0.3668 0.8673 -0.3366
vn 0.1847 0.9186 -0.3495
vn -0.0000 0.9353 -0.3537
vn -0.1847 0.9186 -0.3495
vn -0.3668 0.8673 -0.3366
vn -0.5415 0.7796 -0.3148
vn 0.5280 0.8129 -0.2459
vn 0.3561 0.8994 -0.2537
vn 0.1787 0.9496 -0.2573
vn -0.0000 0.9660 -0.2584
vn -0.1787 0.9496 -0.2573
vn -0.3561 0.8994 -0.2537
vn -0.5280 0.8129 -0.2459
vn 0.5052 0.8441 -0.1796
vn 0.3379 0.9241 -0.1785
vn 0.1688 0.9697 -0.1766
vn -0.0000 0.9844 -0.1757
vn -0.1688 0.9697 -0.1766
vn -0.3379 0.9241 -0.1785
vn -0.5052 0.8441 -0.1796
vn 0.4757 0.8728 -0.1095
vn 0.3157 0.9432 -0.1038
vn 0.1572 0.9826 -0.0994
vn -0.0000 0.9952 -0.0977
vn -0.1572 0.9826 -0.0994
vn -0.3157 0.9432 -0.1038
vn -0.4757 0.8728 -0.1095
vn 0.4415 0.8965 -0.0356
vn 0.2917 0.9561 -0.0270
vn 0.1454 0.9892 -0.0207
vn -0.0000 0.9998 -0.0185
vn -0.1454 0.9892 -0.0207
vn -0.2917 0.9561 -0.0270
vn -0.4415 0.8965 -0.0356
vn 0.4053 0.9132 0.0412
vn 0.2678 0.9620 0.0537
vn 0.1346 0.9889 0.0629
vn -0.0000 0.9978 0.0663
vn -0.1345 0.9889 0.0629
vn -0.2678 0.9620 0.0537
vn -0.4053 0.9132 0.0412
vn 0.3694 0.9210 0.1234
vn 0.2477 0.9582 0.1432
vn 0.1263 0.9796 0.1560
vn -0.0000 0.9870 0.1606
vn -0.1263 0.9796 0.1560
vn -0.2477 0.9582 0.1432
vn -0.3694 0.9210 0.1234
vn 0.8576 0.4238 0.2915
vn 0.9346 0.3307 0.1308
vn 0.9669 0.2549 0.0085
vn 0.9773 0.1968 -0.0789
vn 0.9784 0.1528 -0.1390
vn 0.9768 0.1196 -0.1777
vn 0.9756 0.0951 -0.1981
vn 0.8442 0.4609 0.2736
vn 0.9223 0.3678 0.1189
vn 0.9566 0.2914 0.0008
vn 0.9690 0.2324 -0.0838
vn 0.9720 0.1873 -0.1419
vn 0.9719 0.1528 -0.1791
vn 0.9719 0.1269 -0.1980
vn 0.8228 0.5097 0.2516
vn 0.9027 0.4174 0.1047
vn 0.9401 0.3407 -0.0083
vn 0.9556 0.2808 -0.0899
vn 0.9611 0.2345 -0.1461
vn 0.9630 0.1988 -0.1820
vn 0.9646 0.1717 -0.2000
vn 0.7898 0.5706 0.2250
vn 0.8721 0.4814 0.0883
vn 0.9140 0.4053 -0.0185
vn 0.9338 0.3444 -0.0967
vn 0.9429 0.2966 -0.1513
vn 0.9476 0.2594 -0.1867
vn 0.9511 0.2309 -0.2051
vn 0.7440 0.6389 0.1956
vn 0.8270 0.5577 0.0708
vn 0.8735 0.4860 -0.0286
vn 0.8989 0.4258 -0.1036
vn 0.9129 0.3766 -0.1576
vn 0.9212 0.3375 -0.1937
vn 0.9271 0.3074 -0.2146
vn 0.6847 0.7099 0.1649
vn 0.7629 0.6444 0.0535
vn 0.8116 0.5831 -0.0374
vn 0.8430 0.5266 -0.1094
vn 0.8633 0.4771 -0.1645
vn 0.8764 0.4364 -0.2038
vn 0.8851 0.4044 -0.2305
vn 0.6093 0.7818 0.1325
vn 0.6710 0.7405 0.0386
vn 0.7189 0.6938 -0.0427
vn 0.7558 0.6449 -0.1130
vn 0.7828 0.5982 -0.1714
vn 0.8013 0.5574 -0.2173
vn 0.8130 0.5238 -0.2544
vn -0.5234 0.5878 0.6169
vn -0.3350 0.6238 0.7062
vn -0.1624 0.6395 0.7514
vn -0.0000 0.6439 0.7651
vn 0.1624 0.6395 0.7514
vn 0.3350 0.6238 0.7062
vn 0.5234 0.5878 0.6169
vn -0.5148 0.6243 0.5876
vn -0.3299 0.6604 0.6745
vn -0.1601 0.6764 0.7189
vn -0.0000 0.6809 0.7324
vn 0.1601 0.6764 0.7189
vn 0.3299 0.6604 0.6745
vn 0.5148 0.6243 0.5876
vn -0.5005 0.6692 0.5492
vn -0.3213 0.7045 0.6328
vn -0.1562 0.7202 0.6760
vn -0.0000 0.7245 0.6892
vn 0.1562 0.7202 0.6760
vn 0.3213 0.7045 0.6328
vn 0.5005 0.6692 0.5492
vn -0.4790 0.7215 0.5000
vn -0.3086 0.7549 0.5787
vn -0.1507 0.7698 0.6202
vn -0.0000 0.7740 0.6331
vn 0.1507 0.7698 0.6202
vn 0.3086 0.7549 0.5787
vn 0.4790 0.7215 0.5000
vn -0.4503 0.7757 0.4421
vn -0.2917 0.8076 0.5126
vn -0.1434 0.8226 0.5503
vn -0.0000 0.8270 0.5623
vn 0.1434 0.8226 0.5503
vn 0.2917 0.8076 0.5126
vn 0.4503 0.7757 0.4421
vn -0.4160 0.8270 0.3781
vn -0.2714 0.8583 0.4355
vn -0.1351 0.8743 0.4662
vn -0.0000 0.8793 0.4762
vn 0.1351 0.8743 0.4662
vn 0.2714 0.8583 0.4355
vn 0.4160 0.8270 0.3781
vn -0.3776 0.8736 0.3071
vn -0.2510 0.9042 0.3456
vn -0.1273 0.9210 0.3683
vn -0.0000 0.9266 0.3761
vn 0.1273 0.9210 0.3683
vn 0.2510 0.9042 0.3456
vn 0.3776 0.8736 0.3071
vn -0.9756 0.0951 -0.1981
vn -0.9768 0.1196 -0.1777
vn -0.9784 0.1528 -0.1390
vn -0.9773 0.1968 -0.0789
vn -0.9669 0.2549 0.0085
vn -0.9346 0.3307 0.1308
vn -0.8576 0.4238 0.2915
vn -0.9719 0.1269 -0.1980
vn -0.9719 0.1528 -0.1791
vn -0.9720 0.1873 -0.1419
vn -0.9690 0.2324 -0.0838
vn -0.9566 0.2914 0.0008
vn -0.9223 0.3678 0.1189
vn -0.8442 0.4609 0.2736
vn -0.9646 0.1717 -0.2000
vn -0.9630 0.1988 -0.1820
vn -0.9611 0.2345 -0.1461
vn -0.9556 0.2808 -0.0899
vn -0.9401 0.3407 -0.0083
vn -0.9027 0.4174 0.1047
vn -0.8228 0.5097 0.2516
vn -0.9511 0.2309 -0.2051
vn -0.9476 0.2594 -0.1867
vn -0.9429 0.2966 -0.1513
vn -0.9338 0.3444 -0.0967
vn -0.9140 0.4053 -0.0185
vn -0.8721 0.4814 0.0883
vn -0.7898 0.5706 0.2250
vn -0.9271 0.3074 -0.2146
vn -0.9212 0.3375 -0.1937
vn -0.9129 0.3766 -0.1576
vn -0.8989 0.4258 -0.1036
vn -0.8735 0.4860 -0.0286
vn -0.8270 0.5577 0.0708
vn -0.7440 0.6389 0.1956
vn -0.8851 0.4044 -0.2305
vn -0.8764 0.4364 -0.2038
vn -0.8633 0.4771 -0.1645
vn -0.8430 0.5266 -0.1094
vn -0.8116 0.5831 -0.0374
vn -0.7629 0.6444 0.0535
vn -0.6847 0.7099 0.1649
vn -0.8130 0.5238 -0.2544
vn -0.8013 0.5574 -0.2173
vn -0.7828 0.5982 -0.1714
vn -0.7558 0.6449 -0.1130
vn -0.7189 0.6938 -0.0427
vn -0.6710 0.7405 0.0386
vn -0.6093 0.7818 0.1325
vn 0.3344 -0.1732 -0.9264
vn 0.2476 -0.2154 -0.9446
vn 0.0892 -0.2476 -0.9647
vn -0.0000 -0.2482 -0.9687
vn -0.1410 -0.2191 -0.9655
vn -0.2187 -0.1801 -0.9590
vn -0.2471 -0.1948 -0.9492
vn 0.3480 -0.1493 -0.9255
vn 0.2812 -0.1695 -0.9446
vn 0.0894 -0.1774 -0.9801
vn -0.0000 -0.1776 -0.9841
vn -0.1721 -0.1728 -0.9698
vn -0.2357 -0.1538 -0.9596
vn -0.2291 -0.1351 -0.9640
vn 0.3618 -0.1666 -0.9173
vn 0.2564 -0.1358 -0.9570
vn 0.0891 -0.1109 -0.9898
vn -0.0000 -0.1112 -0.9938
vn -0.1465 -0.1371 -0.9797
vn -0.2468 -0.1695 -0.9541
vn -0.2630 -0.1513 -0.9529
vn 0.3299 -0.0917 -0.9396
vn 0.2068 -0.0558 -0.9768
vn 0.0891 -0.0406 -0.9952
vn -0.0000 -0.0414 -0.9991
vn -0.1039 -0.0541 -0.9931
vn -0.2137 -0.0889 -0.9729
vn -0.2954 -0.1054 -0.9495
vn 0.2975 0.0489 -0.9535
vn 0.1855 0.0426 -0.9817
vn 0.0897 0.0394 -0.9952
vn -0.0000 0.0384 -0.9993
vn -0.0897 0.0394 -0.9952
vn -0.1855 0.0426 -0.9817
vn -0.2975 0.0489 -0.9535
vn 0.2919 0.1399 -0.9462
vn 0.1852 0.1363 -0.9732
vn 0.0913 0.1354 -0.9866
vn -0.0000 0.1352 -0.9908
vn -0.0913 0.1354 -0.9866
vn -0.1852 0.1363 -0.9732
vn -0.2919 0.1399 -0.9462
vn 0.2837 0.2442 -0.9273
vn 0.1871 0.2519 -0.9495
vn 0.0948 0.2566 -0.9619
vn -0.0000 0.2583 -0.9661
vn -0.0948 0.2566 -0.9619
vn -0.1871 0.2519 -0.9495
vn -0.2837 0.2442 -0.9273
vn 0.1359 -0.9361 -0.3244
vn 0.0865 -0.9429 -0.3218
vn 0.0428 -0.9466 -0.3197
vn -0.0000 -0.9478 -0.3190
vn -0.0428 -0.9466 -0.3197
vn -0.0865 -0.9429 -0.3218
vn -0.1359 -0.9361 -0.3244
vn 0.1658 -0.8861 -0.4329
vn 0.1018 -0.8938 -0.4367
vn 0.0491 -0.8983 -0.4366
vn -0.0000 -0.8998 -0.4363
vn -0.0491 -0.8983 -0.4366
vn -0.1018 -0.8938 -0.4367
vn -0.1658 -0.8861 -0.4329
vn 0.1993 -0.8122 -0.5483
vn 0.1211 -0.8221 -0.5562
vn 0.0575 -0.8276 -0.5584
vn -0.0000 -0.8293 -0.5588
vn -0.0575 -0.8276 -0.5584
vn -0.1211 -0.8221 -0.5562
vn -0.1993 -0.8122 -0.5483
vn 0.2316 -0.7161 -0.6584
vn 0.1406 -0.7299 -0.6689
vn 0.0665 -0.7370 -0.6726
vn -0.0000 -0.7393 -0.6734
vn -0.0665 -0.7370 -0.6726
vn -0.1406 -0.7299 -0.6689
vn -0.2316 -0.7161 -0.6584
vn 0.2585 -0.6080 -0.7507
vn 0.1574 -0.6254 -0.7643
vn 0.0745 -0.6343 -0.7695
vn -0.0000 -0.6370 -0.7708
vn -0.0745 -0.6343 -0.7695
vn -0.1574 -0.6254 -0.7643
vn -0.2585 -0.6080 -0.7507
vn 0.2785 -0.5010 -0.8194
vn 0.1704 -0.5188 -0.8377
vn 0.0810 -0.5278 -0.8455
vn -0.0000 -0.5306 -0.8476
vn -0.0810 -0.5278 -0.8455
vn -0.1704 -0.5188 -0.8377
vn -0.2785 -0.5010 -0.8194
vn 0.2920 -0.4022 -0.8677
vn 0.1793 -0.4171 -0.8910
vn 0.0854 -0.4244 -0.9014
vn -0.0000 -0.4267 -0.9044
vn -0.0854 -0.4244 -0.9014
vn -0.1793 -0.4171 -0.8910
vn -0.2920 -0.4022 -0.8677
vn 0.7802 0.5144 -0.3560
vn 0.8890 0.3213 -0.3262
vn 0.9431 0.1602 -0.2915
vn 0.9647 0.0419 -0.2599
vn 0.9713 -0.0368 -0.2351
vn 0.9723 -0.0812 -0.2191
vn 0.9724 -0.0937 -0.2138
vn 0.7843 0.5042 -0.3613
vn 0.8887 0.3134 -0.3347
vn 0.9399 0.1557 -0.3038
vn 0.9604 0.0399 -0.2757
vn 0.9665 -0.0378 -0.2540
vn 0.9672 -0.0829 -0.2403
vn 0.9667 -0.0979 -0.2363
vn 0.7744 0.4863 -0.4048
vn 0.8742 0.3012 -0.3810
vn 0.9239 0.1482 -0.3527
vn 0.9443 0.0348 -0.3271
vn 0.9506 -0.0427 -0.3076
vn 0.9512 -0.0898 -0.2953
vn 0.9502 -0.1095 -0.2918
vn 0.7444 0.4573 -0.4865
vn 0.8388 0.2825 -0.4655
vn 0.8878 0.1368 -0.4394
vn 0.9092 0.0263 -0.4154
vn 0.9181 -0.0485 -0.3934
vn 0.9219 -0.0990 -0.3745
vn 0.9193 -0.1305 -0.3712
vn 0.6913 0.4157 -0.5911
vn 0.7761 0.2557 -0.5765
vn 0.8223 0.1207 -0.5561
vn 0.8453 0.0157 -0.5341
vn 0.8622 -0.0456 -0.5044
vn 0.8764 -0.1006 -0.4710
vn 0.8731 -0.1662 -0.4584
vn 0.6158 0.3630 -0.6993
vn 0.6829 0.2215 -0.6961
vn 0.7209 0.1006 -0.6857
vn 0.7366 -0.0024 -0.6763
vn 0.7329 -0.0490 -0.6785
vn 0.7210 -0.1040 -0.6851
vn 0.7331 -0.2167 -0.6447
vn 0.5203 0.3025 -0.7986
vn 0.5601 0.1839 -0.8078
vn 0.5855 0.0790 -0.8068
vn 0.5758 -0.0493 -0.8161
vn 0.5233 -0.0860 -0.8478
vn 0.4893 -0.1143 -0.8646
vn 0.5166 -0.2312 -0.8244
vn 0.9715 -0.0595 -0.2294
vn 0.9701 -0.0772 -0.2303
vn 0.9647 -0.1526 -0.2147
vn 0.9373 -0.3025 -0.1731
vn 0.8496 -0.5183 -0.0978
vn 0.6786 -0.7345 -0.0006
vn 0.4713 -0.8778 0.0860
vn 0.9647 -0.0746 -0.2525
vn 0.9621 -0.0981 -0.2545
vn 0.9541 -0.1785 -0.2407
vn 0.9221 -0.3304 -0.2014
vn 0.8301 -0.5425 -0.1288
vn 0.6598 -0.7507 -0.0340
vn 0.4578 -0.8876 0.0517
vn 0.9462 -0.1042 -0.3063
vn 0.9415 -0.1372 -0.3078
vn 0.9291 -0.2245 -0.2938
vn 0.8905 -0.3775 -0.2540
vn 0.7937 -0.5809 -0.1805
vn 0.6270 -0.7744 -0.0843
vn 0.4356 -0.9001 0.0041
vn 0.9082 -0.1490 -0.3910
vn 0.9001 -0.1945 -0.3899
vn 0.8815 -0.2898 -0.3728
vn 0.8348 -0.4415 -0.3289
vn 0.7348 -0.6303 -0.2507
vn 0.5773 -0.8027 -0.1498
vn 0.4030 -0.9135 -0.0566
vn 0.8400 -0.2068 -0.5017
vn 0.8271 -0.2667 -0.4947
vn 0.8014 -0.3693 -0.4705
vn 0.7480 -0.5155 -0.4180
vn 0.6505 -0.6833 -0.3315
vn 0.5110 -0.8299 -0.2238
vn 0.3614 -0.9241 -0.1241
vn 0.7329 -0.2706 -0.6241
vn 0.7156 -0.3447 -0.6076
vn 0.6845 -0.4519 -0.5721
vn 0.6295 -0.5884 -0.5075
vn 0.5433 -0.7317 -0.4116
vn 0.4318 -0.8513 -0.2981
vn 0.3144 -0.9296 -0.1923
vn 0.5903 -0.3298 -0.7367
vn 0.5710 -0.4155 -0.7080
vn 0.5395 -0.5240 -0.6591
vn 0.4900 -0.6488 -0.5822
vn 0.4217 -0.7696 -0.4795
vn 0.3423 -0.8657 -0.3651
vn 0.2627 -0.9298 -0.2579
vn 0.1821 -0.9681 0.1722
vn 0.1062 -0.9766 0.1870
vn 0.0493 -0.9798 0.1940
vn -0.0000 -0.9806 0.1962
vn -0.0493 -0.9798 0.1940
vn -0.1062 -0.9766 0.1870
vn -0.1821 -0.9681 0.1722
vn 0.1780 -0.9741 0.1392
vn 0.1040 -0.9825 0.1546
vn 0.0484 -0.9856 0.1619
vn -0.0000 -0.9864 0.1641
vn -0.0484 -0.9856 0.1619
vn -0.1040 -0.9825 0.1546
vn -0.1780 -0.9741 0.1392
vn 0.1717 -0.9804 0.0971
vn 0.1008 -0.9883 0.1142
vn 0.0470 -0.9914 0.1224
vn -0.0000 -0.9922 0.1249
vn -0.0470 -0.9914 0.1225
vn -0.1008 -0.9883 0.1142
vn -0.1717 -0.9804 0.0971
vn 0.1629 -0.9856 0.0447
vn 0.0965 -0.9933 0.0642
vn 0.0453 -0.9962 0.0739
vn -0.0000 -0.9970 0.0769
vn -0.0453 -0.9962 0.0739
vn -0.0965 -0.9933 0.0642
vn -0.1629 -0.9856 0.0447
vn 0.1518 -0.9883 -0.0150
vn 0.0912 -0.9958 0.0055
vn 0.0432 -0.9989 0.0156
vn -0.0000 -0.9998 0.0188
vn -0.0432 -0.9989 0.0156
vn -0.0912 -0.9958 0.0055
vn -0.1518 -0.9883 -0.0150
vn 0.1392 -0.9871 -0.0789
vn 0.0852 -0.9945 -0.0610
vn 0.0412 -0.9978 -0.0524
vn -0.0000 -0.9988 -0.0497
vn -0.0412 -0.9978 -0.0524
vn -0.0852 -0.9945 -0.0610
vn -0.1392 -0.9871 -0.0789
vn 0.1256 -0.9812 -0.1462
vn 0.0799 -0.9875 -0.1361
vn 0.0396 -0.9907 -0.1302
vn -0.0000 -0.9918 -0.1281
vn -0.0396 -0.9907 -0.1302
vn -0.0799 -0.9875 -0.1361
vn -0.1256 -0.9812 -0.1462
vn -0.9724 -0.0937 -0.2138
vn -0.9723 -0.0812 -0.2191
vn -0.9713 -0.0368 -0.2351
vn -0.9647 0.0419 -0.2599
vn -0.9431 0.1602 -0.2915
vn -0.8890 0.3213 -0.3262
vn -0.7802 0.5144 -0.3560
vn -0.9667 -0.0979 -0.2363
vn -0.9672 -0.0829 -0.2403
vn -0.9665 -0.0378 -0.2540
vn -0.9604 0.0398 -0.2757
vn -0.9399 0.1557 -0.3038
vn -0.8887 0.3134 -0.3347
vn -0.7843 0.5042 -0.3613
vn -0.9502 -0.1095 -0.2918
vn -0.9512 -0.0898 -0.2953
vn -0.9506 -0.0427 -0.3076
vn -0.9443 0.0348 -0.3271
vn -0.9239 0.1482 -0.3527
vn -0.8742 0.3012 -0.3810
vn -0.7744 0.4863 -0.4048
vn -0.9155 -0.1288 -0.3810
vn -0.9172 -0.1022 -0.3851
vn -0.9164 -0.0517 -0.3969
vn -0.9092 0.0263 -0.4154
vn -0.8878 0.1368 -0.4394
vn -0.8388 0.2825 -0.4655
vn -0.7444 0.4573 -0.4865
vn -0.8519 -0.1548 -0.5003
vn -0.8542 -0.1192 -0.5061
vn -0.8530 -0.0644 -0.5180
vn -0.8445 0.0145 -0.5353
vn -0.8223 0.1207 -0.5561
vn -0.7761 0.2557 -0.5765
vn -0.6913 0.4157 -0.5911
vn -0.7633 -0.1875 -0.6183
vn -0.7682 -0.1317 -0.6266
vn -0.7560 -0.0721 -0.6505
vn -0.7414 0.0005 -0.6711
vn -0.7209 0.1006 -0.6857
vn -0.6829 0.2215 -0.6961
vn -0.6158 0.3630 -0.6993
vn -0.6054 -0.2207 -0.7647
vn -0.5883 -0.1375 -0.7969
vn -0.5884 -0.0840 -0.8042
vn -0.5940 -0.0215 -0.8042
vn -0.5855 0.0790 -0.8068
vn -0.5601 0.1839 -0.8078
vn -0.5203 0.3025 -0.7986
vn -0.9790 0.0631 -0.1939
vn -0.9774 0.0924 -0.1903
vn -0.9721 0.1358 -0.1914
vn -0.9603 0.1942 -0.2004
vn -0.9371 0.2695 -0.2219
vn -0.8939 0.3639 -0.2618
vn -0.8167 0.4769 -0.3248
vn -0.9818 0.0477 -0.1839
vn -0.9811 0.0757 -0.1779
vn -0.9767 0.1194 -0.1785
vn -0.9652 0.1789 -0.1907
vn -0.9410 0.2558 -0.2214
vn -0.8939 0.3509 -0.2791
vn -0.8074 0.4605 -0.3688
vn -0.9844 0.0304 -0.1735
vn -0.9847 0.0572 -0.1647
vn -0.9811 0.1015 -0.1649
vn -0.9699 0.1632 -0.1810
vn -0.9439 0.2433 -0.2231
vn -0.8903 0.3408 -0.3021
vn -0.7894 0.4467 -0.4210
vn -0.9865 0.0112 -0.1636
vn -0.9877 0.0367 -0.1518
vn -0.9850 0.0818 -0.1518
vn -0.9740 0.1465 -0.1728
vn -0.9456 0.2315 -0.2285
vn -0.8827 0.3329 -0.3318
vn -0.7624 0.4346 -0.4795
vn -0.9877 -0.0095 -0.1558
vn -0.9899 0.0142 -0.1414
vn -0.9881 0.0602 -0.1417
vn -0.9772 0.1287 -0.1688
vn -0.9457 0.2199 -0.2395
vn -0.8708 0.3269 -0.3672
vn -0.7278 0.4251 -0.5381
vn -0.9878 -0.0312 -0.1526
vn -0.9905 -0.0096 -0.1368
vn -0.9896 0.0372 -0.1388
vn -0.9788 0.1099 -0.1726
vn -0.9435 0.2088 -0.2575
vn -0.8554 0.3233 -0.4046
vn -0.6909 0.4210 -0.5877
vn -0.9861 -0.0528 -0.1574
vn -0.9892 -0.0335 -0.1425
vn -0.9889 0.0140 -0.1480
vn -0.9778 0.0911 -0.1885
vn -0.9385 0.1983 -0.2826
vn -0.8395 0.3226 -0.4371
vn -0.6608 0.4261 -0.6179
vn 0.2344 -0.9691 0.0764
vn 0.1358 -0.9876 0.0792
vn 0.0631 -0.9949 0.0786
vn -0.0000 -0.9969 0.0781
vn -0.0631 -0.9949 0.0786
vn -0.1358 -0.9876 0.0792
vn -0.2344 -0.9691 0.0764
vn 0.2038 -0.9678 0.1474
vn 0.1171 -0.9807 0.1567
vn 0.0540 -0.9856 0.1601
vn -0.0000 -0.9870 0.1610
vn -0.0540 -0.9856 0.1601
vn -0.1171 -0.9807 0.1567
vn -0.2038 -0.9678 0.1474
vn 0.1910 -0.9619 0.1956
vn 0.1097 -0.9721 0.2072
vn 0.0504 -0.9758 0.2128
vn -0.0000 -0.9767 0.2146
vn -0.0504 -0.9758 0.2128
vn -0.1097 -0.9721 0.2072
vn -0.1910 -0.9619 0.1956
vn 0.1863 -0.9547 0.2318
vn 0.1075 -0.9639 0.2435
vn 0.0495 -0.9671 0.2494
vn -0.0000 -0.9679 0.2513
vn -0.0495 -0.9671 0.2494
vn -0.1075 -0.9639 0.2435
vn -0.1863 -0.9547 0.2318
vn 0.1853 -0.9478 0.2595
vn 0.1076 -0.9567 0.2705
vn 0.0497 -0.9599 0.2760
vn -0.0000 -0.9607 0.2777
vn -0.0497 -0.9599 0.2760
vn -0.1076 -0.9567 0.2705
vn -0.1853 -0.9478 0.2595
vn 0.1859 -0.9418 0.2800
vn 0.1083 -0.9508 0.2904
vn 0.0502 -0.9541 0.2952
vn -0.0000 -0.9550 0.2967
vn -0.0502 -0.9541 0.2952
vn -0.1083 -0.9508 0.2904
vn -0.1859 -0.9418 0.2800
vn 0.1868 -0.9378 0.2927
vn 0.1089 -0.9468 0.3029
vn 0.0506 -0.9503 0.3073
vn -0.0000 -0.9512 0.3086
vn -0.0506 -0.9503 0.3073
vn -0.1089 -0.9468 0.3029
vn -0.1868 -0.9378 0.2927
vn 0.9792 0.0271 -0.2009
vn 0.9811 -0.0142 -0.1928
vn 0.9807 -0.0912 -0.1732
vn 0.9663 -0.2158 -0.1400
vn 0.9141 -0.3950 -0.0911
vn 0.7967 -0.6034 -0.0331
vn 0.6161 -0.7875 0.0160
vn 0.9804 0.0171 -0.1961
vn 0.9820 -0.0244 -0.1875
vn 0.9807 -0.1068 -0.1640
vn 0.9619 -0.2442 -0.1229
vn 0.8950 -0.4418 -0.0610
vn 0.7497 -0.6617 0.0132
vn 0.5436 -0.8356 0.0791
vn 0.9814 0.0066 -0.1919
vn 0.9825 -0.0337 -0.1831
vn 0.9805 -0.1194 -0.1561
vn 0.9580 -0.2658 -0.1073
vn 0.8798 -0.4741 -0.0338
vn 0.7173 -0.6948 0.0526
vn 0.5055 -0.8536 0.1256
vn 0.9820 -0.0044 -0.1890
vn 0.9827 -0.0421 -0.1805
vn 0.9802 -0.1285 -0.1503
vn 0.9554 -0.2799 -0.0943
vn 0.8700 -0.4929 -0.0106
vn 0.6992 -0.7099 0.0846
vn 0.4874 -0.8580 0.1618
vn 0.9820 -0.0158 -0.1883
vn 0.9824 -0.0497 -0.1803
vn 0.9798 -0.1346 -0.1477
vn 0.9541 -0.2871 -0.0855
vn 0.8655 -0.5009 0.0067
vn 0.6915 -0.7141 0.1092
vn 0.4805 -0.8563 0.1896
vn 0.9812 -0.0273 -0.1908
vn 0.9814 -0.0566 -0.1836
vn 0.9790 -0.1384 -0.1495
vn 0.9536 -0.2894 -0.0830
vn 0.8648 -0.5019 0.0160
vn 0.6903 -0.7127 0.1249
vn 0.4797 -0.8522 0.2091
vn 0.9794 -0.0386 -0.1980
vn 0.9795 -0.0632 -0.1914
vn 0.9775 -0.1411 -0.1566
vn 0.9532 -0.2893 -0.0876
vn 0.8660 -0.4999 0.0161
vn 0.6924 -0.7096 0.1306
vn 0.4817 -0.8485 0.2191
vn 0.8167 0.4769 -0.3248
vn 0.8939 0.3639 -0.2618
vn 0.9371 0.2695 -0.2219
vn 0.9603 0.1942 -0.2004
vn 0.9721 0.1358 -0.1914
vn 0.9774 0.0924 -0.1903
vn 0.9790 0.0631 -0.1939
vn 0.8074 0.4605 -0.3687
vn 0.8939 0.3509 -0.2791
vn 0.9410 0.2558 -0.2214
vn 0.9652 0.1789 -0.1907
vn 0.9767 0.1194 -0.1785
vn 0.9811 0.0757 -0.1779
vn 0.9818 0.0477 -0.1839
vn 0.7894 0.4467 -0.4210
vn 0.8903 0.3408 -0.3021
vn 0.9439 0.2433 -0.2231
vn 0.9699 0.1632 -0.1810
vn 0.9811 0.1015 -0.1649
vn 0.9847 0.0572 -0.1647
vn 0.9844 0.0304 -0.1735
vn 0.7624 0.4346 -0.4795
vn 0.8827 0.3329 -0.3318
vn 0.9456 0.2315 -0.2285
vn 0.9740 0.1465 -0.1728
vn 0.9850 0.0818 -0.1518
vn 0.9877 0.0367 -0.1518
vn 0.9865 0.0112 -0.1636
vn 0.7278 0.4251 -0.5381
vn 0.8708 0.3269 -0.3672
vn 0.9457 0.2199 -0.2395
vn 0.9772 0.1287 -0.1688
vn 0.9881 0.0602 -0.1417
vn 0.9899 0.0142 -0.1414
vn 0.9877 -0.0095 -0.1558
vn 0.6909 0.4210 -0.5877
vn 0.8554 0.3233 -0.4046
vn 0.9435 0.2088 -0.2575
vn 0.9788 0.1099 -0.1726
vn 0.9896 0.0372 -0.1388
vn 0.9905 -0.0096 -0.1368
vn 0.9878 -0.0312 -0.1526
vn 0.6608 0.4261 -0.6179
vn 0.8395 0.3226 -0.4371
vn 0.9385 0.1983 -0.2826
vn 0.9778 0.0911 -0.1885
vn 0.9889 0.0140 -0.1480
vn 0.9892 -0.0335 -0.1425
vn 0.9861 -0.0528 -0.1574
vn -0.5268 0.6971 -0.4864
vn -0.3501 0.7609 -0.5462
vn -0.1739 0.7944 -0.5820
vn -0.0000 0.8046 -0.5938
vn 0.1739 0.7944 -0.5820
vn 0.3501 0.7609 -0.5462
vn 0.5268 0.6971 -0.4864
vn -0.4945 0.6456 -0.5819
vn -0.3198 0.6862 -0.6533
vn -0.1560 0.7032 -0.6937
vn -0.0000 0.7076 -0.7066
vn 0.1560 0.7032 -0.6937
vn 0.3198 0.6862 -0.6533
vn 0.4945 0.6456 -0.5819
vn -0.4479 0.5894 -0.6723
vn -0.2792 0.6059 -0.7449
vn -0.1330 0.6074 -0.7832
vn -0.0000 0.6067 -0.7950
vn 0.1330 0.6074 -0.7832
vn 0.2792 0.6059 -0.7449
vn 0.4479 0.5894 -0.6723
vn -0.3928 0.5339 -0.7488
vn -0.2352 0.5309 -0.8142
vn -0.1095 0.5217 -0.8461
vn -0.0000 0.5176 -0.8556
vn 0.1095 0.5217 -0.8461
vn 0.2352 0.5309 -0.8142
vn 0.3928 0.5339 -0.7488
vn -0.3378 0.4886 -0.8045
vn -0.1951 0.4737 -0.8588
vn -0.0891 0.4593 -0.8838
vn -0.0000 0.4538 -0.8911
vn 0.0891 0.4593 -0.8838
vn 0.1951 0.4737 -0.8588
vn 0.3378 0.4886 -0.8045
vn -0.2926 0.4646 -0.8358
vn -0.1649 0.4458 -0.8798
vn -0.0744 0.4306 -0.8995
vn -0.0000 0.4250 -0.9052
vn 0.0744 0.4306 -0.8995
vn 0.1649 0.4458 -0.8798
vn 0.2926 0.4646 -0.8358
vn -0.2656 0.4723 -0.8405
vn -0.1485 0.4566 -0.8772
vn -0.0669 0.4437 -0.8937
vn -0.0000 0.4390 -0.8985
vn 0.0669 0.4437 -0.8937
vn 0.1485 0.4566 -0.8772
vn 0.2656 0.4723 -0.8405
vn -0.6161 -0.7875 0.0160
vn -0.7967 -0.6034 -0.0331
vn -0.9141 -0.3950 -0.0911
vn -0.9663 -0.2158 -0.1400
vn -0.9807 -0.0912 -0.1732
vn -0.9811 -0.0142 -0.1928
vn -0.9792 0.0271 -0.2009
vn -0.5436 -0.8356 0.0791
vn -0.7497 -0.6617 0.0132
vn -0.8950 -0.4418 -0.0610
vn -0.9619 -0.2442 -0.1229
vn -0.9807 -0.1068 -0.1640
vn -0.9820 -0.0244 -0.1875
vn -0.9804 0.0171 -0.1961
vn -0.5055 -0.8536 0.1256
vn -0.7173 -0.6948 0.0526
vn -0.8798 -0.4741 -0.0338
vn -0.9580 -0.2658 -0.1073
vn -0.9805 -0.1194 -0.1561
vn -0.9825 -0.0337 -0.1831
vn -0.9814 0.0066 -0.1919
vn -0.4874 -0.8580 0.1618
vn -0.6992 -0.7099 0.0846
vn -0.8700 -0.4929 -0.0106
vn -0.9554 -0.2799 -0.0943
vn -0.9802 -0.1285 -0.1503
vn -0.9827 -0.0421 -0.1805
vn -0.9820 -0.0044 -0.1890
vn -0.4805 -0.8563 0.1896
vn -0.6915 -0.7141 0.1092
vn -0.8655 -0.5009 0.0067
vn -0.9541 -0.2871 -0.0855
vn -0.9798 -0.1346 -0.1477
vn -0.9824 -0.0497 -0.1803
vn -0.9820 -0.0158 -0.1883
vn -0.4797 -0.8522 0.2090
vn -0.6903 -0.7127 0.1249
vn -0.8648 -0.5019 0.0160
vn -0.9536 -0.2894 -0.0830
vn -0.9790 -0.1384 -0.1495
vn -0.9814 -0.0566 -0.1836
vn -0.9812 -0.0273 -0.1908
vn -0.4817 -0.8485 0.2191
vn -0.6924 -0.7096 0.1306
vn -0.8660 -0.4999 0.0161
vn -0.9532 -0.2893 -0.0876
vn -0.9775 -0.1411 -0.1566
vn -0.9795 -0.0632 -0.1914
vn -0.9794 -0.0386 -0.1980
vn -0.9774 -0.0879 -0.1920
vn -0.9798 -0.0721 -0.1867
vn -0.9788 -0.0231 -0.2034
vn -0.9658 0.0613 -0.2518
vn -0.9218 0.1828 -0.3419
vn -0.8184 0.3288 -0.4713
vn -0.6437 0.4623 -0.6099
vn -0.9723 -0.0983 -0.2120
vn -0.9737 -0.0834 -0.2119
vn -0.9719 -0.0338 -0.2329
vn -0.9580 0.0528 -0.2817
vn -0.9142 0.1785 -0.3638
vn -0.8152 0.3325 -0.4743
vn -0.6501 0.4810 -0.5882
vn -0.9678 -0.1043 -0.2290
vn -0.9683 -0.0899 -0.2330
vn -0.9656 -0.0401 -0.2568
vn -0.9515 0.0475 -0.3039
vn -0.9096 0.1752 -0.3767
vn -0.8171 0.3347 -0.4693
vn -0.6625 0.4959 -0.5614
vn -0.9646 -0.1067 -0.2413
vn -0.9642 -0.0927 -0.2483
vn -0.9610 -0.0431 -0.2731
vn -0.9473 0.0443 -0.3172
vn -0.9085 0.1723 -0.3806
vn -0.8237 0.3352 -0.4574
vn -0.6793 0.5066 -0.5309
vn -0.9631 -0.1063 -0.2472
vn -0.9622 -0.0927 -0.2560
vn -0.9588 -0.0438 -0.2806
vn -0.9461 0.0424 -0.3209
vn -0.9111 0.1696 -0.3758
vn -0.8340 0.3340 -0.4392
vn -0.6991 0.5135 -0.4975
vn -0.9638 -0.1039 -0.2455
vn -0.9627 -0.0908 -0.2549
vn -0.9595 -0.0430 -0.2784
vn -0.9483 0.0415 -0.3147
vn -0.9171 0.1669 -0.3620
vn -0.8473 0.3317 -0.4148
vn -0.7208 0.5173 -0.4614
vn -0.9668 -0.0999 -0.2353
vn -0.9658 -0.0875 -0.2440
vn -0.9632 -0.0410 -0.2655
vn -0.9537 0.0414 -0.2979
vn -0.9263 0.1646 -0.3390
vn -0.8628 0.3289 -0.3839
vn -0.7433 0.5188 -0.4222
vn 0.1877 -0.9371 0.2944
vn 0.1092 -0.9457 0.3062
vn 0.0507 -0.9490 0.3113
vn -0.0000 -0.9498 0.3128
vn -0.0507 -0.9490 0.3113
vn -0.1092 -0.9457 0.3062
vn -0.1877 -0.9371 0.2944
vn 0.1880 -0.9387 0.2890
vn 0.1093 -0.9470 0.3020
vn 0.0507 -0.9501 0.3077
vn -0.0000 -0.9509 0.3094
vn -0.0507 -0.9501 0.3077
vn -0.1093 -0.9470 0.3020
vn -0.1880 -0.9387 0.2890
vn 0.1882 -0.9410 0.2811
vn 0.1094 -0.9492 0.2951
vn 0.0508 -0.9521 0.3014
vn -0.0000 -0.9529 0.3033
vn -0.0508 -0.9521 0.3014
vn -0.1094 -0.9492 0.2951
vn -0.1882 -0.9410 0.2811
vn 0.1883 -0.9442 0.2702
vn 0.1095 -0.9522 0.2851
vn 0.0508 -0.9551 0.2919
vn -0.0000 -0.9558 0.2939
vn -0.0508 -0.9551 0.2919
vn -0.1095 -0.9522 0.2851
vn -0.1883 -0.9442 0.2702
vn 0.1881 -0.9481 0.2563
vn 0.1094 -0.9561 0.2718
vn 0.0508 -0.9589 0.2790
vn -0.0000 -0.9597 0.2811
vn -0.0508 -0.9589 0.2790
vn -0.1094 -0.9561 0.2718
vn -0.1881 -0.9481 0.2563
vn 0.1875 -0.9526 0.2395
vn 0.1091 -0.9607 0.2552
vn 0.0506 -0.9636 0.2626
vn -0.0000 -0.9643 0.2648
vn -0.0506 -0.9636 0.2626
vn -0.1091 -0.9607 0.2552
vn -0.1875 -0.9526 0.2395
vn 0.1864 -0.9575 0.2200
vn 0.1085 -0.9658 0.2356
vn 0.0504 -0.9687 0.2430
vn -0.0000 -0.9695 0.2452
vn -0.0504 -0.9687 0.2430
vn -0.1085 -0.9658 0.2356
vn -0.1864 -0.9575 0.2200
vn 0.9727 -0.0575 -0.2247
vn 0.9731 -0.0747 -0.2179
vn 0.9720 -0.1465 -0.1836
vn 0.9502 -0.2899 -0.1144
vn 0.8672 -0.4980 -0.0076
vn 0.6969 -0.7080 0.1141
vn 0.4860 -0.8481 0.2111
vn 0.9691 -0.0633 -0.2384
vn 0.9697 -0.0782 -0.2313
vn 0.9690 -0.1483 -0.1978
vn 0.9481 -0.2904 -0.1297
vn 0.8668 -0.4982 -0.0231
vn 0.6980 -0.7090 0.1004
vn 0.4874 -0.8498 0.2007
vn 0.9660 -0.0665 -0.2497
vn 0.9669 -0.0801 -0.2423
vn 0.9663 -0.1493 -0.2099
vn 0.9460 -0.2908 -0.1435
vn 0.8659 -0.4987 -0.0382
vn 0.6985 -0.7105 0.0860
vn 0.4882 -0.8521 0.1886
vn 0.9640 -0.0675 -0.2572
vn 0.9649 -0.0805 -0.2499
vn 0.9642 -0.1494 -0.2190
vn 0.9440 -0.2911 -0.1551
vn 0.8647 -0.4996 -0.0522
vn 0.6981 -0.7124 0.0711
vn 0.4882 -0.8550 0.1747
vn 0.9634 -0.0666 -0.2597
vn 0.9642 -0.0796 -0.2530
vn 0.9631 -0.1488 -0.2242
vn 0.9426 -0.2912 -0.1636
vn 0.8631 -0.5009 -0.0644
vn 0.6969 -0.7150 0.0564
vn 0.4874 -0.8585 0.1595
vn 0.9644 -0.0642 -0.2564
vn 0.9649 -0.0775 -0.2509
vn 0.9632 -0.1475 -0.2248
vn 0.9417 -0.2912 -0.1683
vn 0.8614 -0.5026 -0.0740
vn 0.6947 -0.7180 0.0425
vn 0.4856 -0.8624 0.1432
vn 0.9673 -0.0605 -0.2464
vn 0.9672 -0.0744 -0.2428
vn 0.9646 -0.1455 -0.2201
vn 0.9418 -0.2910 -0.1685
vn 0.8596 -0.5045 -0.0804
vn 0.6917 -0.7215 0.0300
vn 0.4827 -0.8666 0.1265
vn 0.6437 0.4623 -0.6099
vn 0.8184 0.3288 -0.4713
vn 0.9218 0.1828 -0.3419
vn 0.9658 0.0613 -0.2518
vn 0.9788 -0.0231 -0.2034
vn 0.9798 -0.0721 -0.1867
vn 0.9774 -0.0879 -0.1920
vn 0.6501 0.4810 -0.5882
vn 0.8152 0.3325 -0.4743
vn 0.9142 0.1785 -0.3638
vn 0.9580 0.0528 -0.2817
vn 0.9719 -0.0338 -0.2329
vn 0.9737 -0.0834 -0.2119
vn 0.9723 -0.0983 -0.2120
vn 0.6625 0.4959 -0.5614
vn 0.8171 0.3347 -0.4693
vn 0.9096 0.1752 -0.3767
vn 0.9515 0.0475 -0.3039
vn 0.9656 -0.0401 -0.2568
vn 0.9683 -0.0899 -0.2330
vn 0.9678 -0.1043 -0.2290
vn 0.6793 0.5066 -0.5309
vn 0.8237 0.3352 -0.4574
vn 0.9085 0.1723 -0.3806
vn 0.9473 0.0443 -0.3172
vn 0.9610 -0.0431 -0.2731
vn 0.9642 -0.0927 -0.2483
vn 0.9646 -0.1067 -0.2413
vn 0.6991 0.5135 -0.4975
vn 0.8340 0.3340 -0.4392
vn 0.9111 0.1696 -0.3758
vn 0.9461 0.0424 -0.3209
vn 0.9588 -0.0438 -0.2806
vn 0.9622 -0.0927 -0.2560
vn 0.9631 -0.1063 -0.2472
vn 0.7208 0.5173 -0.4614
vn 0.8473 0.3317 -0.4148
vn 0.9171 0.1669 -0.3620
vn 0.9483 0.0415 -0.3147
vn 0.9595 -0.0430 -0.2784
vn 0.9627 -0.0908 -0.2549
vn 0.9638 -0.1039 -0.2455
vn 0.7433 0.5188 -0.4222
vn 0.8628 0.3289 -0.3839
vn 0.9263 0.1646 -0.3390
vn 0.9537 0.0414 -0.2979
vn 0.9632 -0.0410 -0.2655
vn 0.9658 -0.0875 -0.2440
vn 0.9668 -0.0999 -0.2353
vn -0.2707 0.5760 -0.7713
vn -0.1557 0.5818 -0.7983
vn -0.0715 0.5809 -0.8108
vn -0.0000 0.5800 -0.8146
vn 0.0715 0.5809 -0.8108
vn 0.1557 0.5818 -0.7983
vn 0.2707 0.5760 -0.7713
vn -0.2866 0.6347 -0.7176
vn -0.1678 0.6532 -0.7384
vn -0.0778 0.6592 -0.7479
vn -0.0000 0.6606 -0.7507
vn 0.0778 0.6592 -0.7479
vn 0.1678 0.6532 -0.7384
vn 0.2866 0.6347 -0.7176
vn -0.3054 0.6859 -0.6605
vn -0.1814 0.7159 -0.6742
vn -0.0848 0.7284 -0.6799
vn -0.0000 0.7319 -0.6815
vn 0.0848 0.7284 -0.6799
vn 0.1814 0.7159 -0.6742
vn 0.3054 0.6859 -0.6605
vn -0.3259 0.7286 -0.6024
vn -0.1959 0.7689 -0.6087
vn -0.0922 0.7869 -0.6101
vn -0.0000 0.7921 -0.6104
vn 0.0922 0.7869 -0.6101
vn 0.1959 0.7689 -0.6087
vn 0.3259 0.7286 -0.6024
vn -0.3473 0.7629 -0.5453
vn -0.2107 0.8118 -0.5446
vn -0.0996 0.8344 -0.5421
vn -0.0000 0.8410 -0.5410
vn 0.0996 0.8344 -0.5421
vn 0.2107 0.8118 -0.5446
vn 0.3473 0.7629 -0.5453
vn -0.3688 0.7895 -0.4906
vn -0.2253 0.8453 -0.4844
vn -0.1069 0.8716 -0.4785
vn -0.0000 0.8793 -0.4763
vn 0.1069 0.8716 -0.4785
vn 0.2253 0.8453 -0.4844
vn 0.3688 0.7895 -0.4906
vn -0.3897 0.8094 -0.4394
vn -0.2393 0.8707 -0.4296
vn -0.1138 0.8996 -0.4215
vn -0.0000 0.9082 -0.4186
vn 0.1138 0.8996 -0.4215
vn 0.2393 0.8707 -0.4296
vn 0.3897 0.8094 -0.4394
vn -0.4860 -0.8481 0.2111
vn -0.6969 -0.7080 0.1141
vn -0.8672 -0.4980 -0.0076
vn -0.9502 -0.2899 -0.1144
vn -0.9720 -0.1465 -0.1836
vn -0.9731 -0.0747 -0.2179
vn -0.9727 -0.0575 -0.2247
vn -0.4874 -0.8498 0.2007
vn -0.6980 -0.7090 0.1004
vn -0.8668 -0.4982 -0.0231
vn -0.9481 -0.2904 -0.1297
vn -0.9690 -0.1483 -0.1978
vn -0.9697 -0.0782 -0.2313
vn -0.9691 -0.0633 -0.2385
vn -0.4882 -0.8521 0.1886
vn -0.6985 -0.7105 0.0860
vn -0.8659 -0.4987 -0.0382
vn -0.9460 -0.2908 -0.1435
vn -0.9663 -0.1493 -0.2099
vn -0.9669 -0.0801 -0.2423
vn -0.9660 -0.0665 -0.2497
vn -0.4882 -0.8550 0.1747
vn -0.6981 -0.7124 0.0711
vn -0.8647 -0.4996 -0.0522
vn -0.9440 -0.2911 -0.1551
vn -0.9642 -0.1494 -0.2190
vn -0.9649 -0.0805 -0.2499
vn -0.9640 -0.0675 -0.2572
vn -0.4874 -0.8585 0.1595
vn -0.6969 -0.7150 0.0564
vn -0.8631 -0.5009 -0.0644
vn -0.9426 -0.2912 -0.1636
vn -0.9631 -0.1488 -0.2242
vn -0.9642 -0.0796 -0.2530
vn -0.9634 -0.0666 -0.2597
vn -0.4856 -0.8624 0.1432
vn -0.6947 -0.7180 0.0425
vn -0.8614 -0.5026 -0.0740
vn -0.9417 -0.2912 -0.1683
vn -0.9632 -0.1475 -0.2248
vn -0.9649 -0.0775 -0.2509
vn -0.9644 -0.0642 -0.2564
vn -0.4827 -0.8666 0.1265
vn -0.6917 -0.7215 0.0300
vn -0.8596 -0.5045 -0.0804
vn -0.9418 -0.2910 -0.1685
vn -0.9646 -0.1455 -0.2201
vn -0.9672 -0.0744 -0.2428
vn -0.9673 -0.0605 -0.2464
vt 0.422974 0.031250
vt 0.448808 0.031250
vt 0.452745 0.062500
vt 0.429742 0.062500
vt 0.476352 0.031250
vt 0.478090 0.062500
vt 0.504529 0.031250
vt 0.504488 0.062500
vt 0.532688 0.031250
vt 0.530851 0.062500
vt 0.560165 0.031250
vt 0.556073 0.062500
vt 0.585852 0.031250
vt 0.578836 0.062500
vt 0.455763 0.093750
vt 0.434305 0.093750
vt 0.479545 0.093750
vt 0.504453 0.093750
vt 0.529313 0.093750
vt 0.552936 0.093750
vt 0.574104 0.093750
vt 0.457855 0.125000
vt 0.437169 0.125000
vt 0.480632 0.125000
vt 0.504426 0.125000
vt 0.528163 0.125000
vt 0.550760 0.125000
vt 0.571135 0.125000
vt 0.459136 0.156250
vt 0.438874 0.156250
vt 0.481310 0.156250
vt 0.504409 0.156250
vt 0.527445 0.156250
vt 0.549429 0.156250
vt 0.569367 0.156250
vt 0.459794 0.187500
vt 0.439750 0.187500
vt 0.481658 0.187500
vt 0.504400 0.187500
vt 0.527077 0.187500
vt 0.548745 0.187500
vt 0.568459 0.187500
vt 0.460036 0.218750
vt 0.440072 0.218750
vt 0.481786 0.218750
vt 0.504397 0.218750
vt 0.526941 0.218750
vt 0.548493 0.218750
vt 0.568125 0.218750
vt 0.384146 0.000000
vt 0.414253 0.000000
vt 0.402451 0.031250
vt 0.444360 0.000000
vt 0.474467 0.000000
vt 0.504573 0.000000
vt 0.534680 0.000000
vt 0.564787 0.000000
vt 0.594893 0.000000
vt 0.625000 0.000000
vt 0.606027 0.031250
vt 0.596984 0.062500
vt 0.591496 0.093750
vt 0.588203 0.125000
vt 0.586269 0.156250
vt 0.585276 0.187500
vt 0.584910 0.218750
vt 0.584858 0.250000
vt 0.568077 0.250000
vt 0.548457 0.250000
vt 0.526922 0.250000
vt 0.504396 0.250000
vt 0.481804 0.250000
vt 0.460070 0.250000
vt 0.440119 0.250000
vt 0.422823 0.218750
vt 0.422873 0.250000
vt 0.422470 0.187500
vt 0.421512 0.156250
vt 0.419646 0.125000
vt 0.416469 0.093750
vt 0.411174 0.062500
vt 0.440119 0.281250
vt 0.460070 0.281250
vt 0.460070 0.312500
vt 0.440119 0.312500
vt 0.481804 0.281250
vt 0.481804 0.312500
vt 0.504396 0.281250
vt 0.504396 0.312500
vt 0.526922 0.281250
vt 0.526922 0.312500
vt 0.548457 0.281250
vt 0.548457 0.312500
vt 0.568077 0.281250
vt 0.568077 0.312500
vt 0.460070 0.343750
vt 0.440119 0.343750
vt 0.481804 0.343750
vt 0.504396 0.343750
vt 0.526922 0.343750
vt 0.548457 0.343750
vt 0.568077 0.343750
vt 0.460070 0.375000
vt 0.440119 0.375000
vt 0.481804 0.375000
vt 0.504396 0.375000
vt 0.526922 0.375000
vt 0.548457 0.375000
vt 0.568077 0.375000
vt 0.460070 0.406250
vt 0.440119 0.406250
vt 0.481804 0.406250
vt 0.504396 0.406250
vt 0.526922 0.406250
vt 0.548457 0.406250
vt 0.568077 0.406250
vt 0.460070 0.437500
vt 0.440119 0.437500
vt 0.481804 0.437500
vt 0.504396 0.437500
vt 0.526922 0.437500
vt 0.548457 0.437500
vt 0.568077 0.437500
vt 0.460070 0.468750
vt 0.440119 0.468750
vt 0.481804 0.468750
vt 0.504396 0.468750
vt 0.526922 0.468750
vt 0.548457 0.468750
vt 0.568077 0.468750
vt 0.422873 0.281250
vt 0.584858 0.281250
vt 0.584858 0.312500
vt 0.584858 0.343750
vt 0.584858 0.375000
vt 0.584858 0.406250
vt 0.584858 0.437500
vt 0.584858 0.468750
vt 0.584858 0.500000
vt 0.568077 0.500000
vt 0.548457 0.500000
vt 0.526922 0.500000
vt 0.504396 0.500000
vt 0.481804 0.500000
vt 0.460070 0.500000
vt 0.440119 0.500000
vt 0.422873 0.468750
vt 0.422873 0.500000
vt 0.422873 0.437500
vt 0.422873 0.406250
vt 0.422873 0.375000
vt 0.422873 0.343750
vt 0.422873 0.312500
vt 0.440119 0.531250
vt 0.460070 0.531250
vt 0.460070 0.562500
vt 0.440119 0.562500
vt 0.481804 0.531250
vt 0.481804 0.562500
vt 0.504396 0.531250
vt 0.504396 0.562500
vt 0.526922 0.531250
vt 0.526922 0.562500
vt 0.548457 0.531250
vt 0.548457 0.562500
vt 0.568077 0.531250
vt 0.568077 0.562500
vt 0.460070 0.593750
vt 0.440119 0.593750
vt 0.481804 0.593750
vt 0.504396 0.593750
vt 0.526922 0.593750
vt 0.548457 0.593750
vt 0.568077 0.593750
vt 0.460070 0.625000
vt 0.440119 0.625000
vt 0.481804 0.625000
vt 0.504396 0.625000
vt 0.526922 0.625000
vt 0.548457 0.625000
vt 0.568077 0.625000
vt 0.460070 0.656250
vt 0.440119 0.656250
vt 0.481804 0.656250
vt 0.504396 0.656250
vt 0.526922 0.656250
vt 0.548457 0.656250
vt 0.568077 0.656250
vt 0.460070 0.687500
vt 0.440119 0.687500
vt 0.481804 0.687500
vt 0.504396 0.687500
vt 0.526922 0.687500
vt 0.548457 0.687500
vt 0.568077 0.687500
vt 0.460070 0.718750
vt 0.440119 0.718750
vt 0.481804 0.718750
vt 0.504396 0.718750
vt 0.526922 0.718750
vt 0.548457 0.718750
vt 0.568077 0.718750
vt 0.422873 0.531250
vt 0.584858 0.531250
vt 0.584858 0.562500
vt 0.584858 0.593750
vt 0.584858 0.625000
vt 0.584858 0.656250
vt 0.584858 0.687500
vt 0.584858 0.718750
vt 0.584858 0.750000
vt 0.568077 0.750000
vt 0.548457 0.750000
vt 0.526922 0.750000
vt 0.504396 0.750000
vt 0.481804 0.750000
vt 0.460070 0.750000
vt 0.440119 0.750000
vt 0.422873 0.718750
vt 0.422873 0.750000
vt 0.422873 0.687500
vt 0.422873 0.656250
vt 0.422873 0.625000
vt 0.422873 0.593750
vt 0.422873 0.562500
vt 0.440073 0.781250
vt 0.460036 0.781250
vt 0.459794 0.812500
vt 0.439750 0.812500
vt 0.481786 0.781250
vt 0.481658 0.812500
vt 0.504397 0.781250
vt 0.504400 0.812500
vt 0.526941 0.781250
vt 0.527077 0.812500
vt 0.548493 0.781250
vt 0.548745 0.812500
vt 0.568125 0.781250
vt 0.568459 0.812500
vt 0.459136 0.843750
vt 0.438874 0.843750
vt 0.481310 0.843750
vt 0.504409 0.843750
vt 0.527445 0.843750
vt 0.549429 0.843750
vt 0.569367 0.843750
vt 0.457855 0.875000
vt 0.437169 0.875000
vt 0.480632 0.875000
vt 0.504426 0.875000
vt 0.528163 0.875000
vt 0.550760 0.875000
vt 0.571135 0.875000
vt 0.455763 0.906250
vt 0.434305 0.906250
vt 0.479545 0.906250
vt 0.504453 0.906250
vt 0.529313 0.906250
vt 0.552936 0.906250
vt 0.574104 0.906250
vt 0.452745 0.937500
vt 0.429742 0.937500
vt 0.478090 0.937500
vt 0.504488 0.937500
vt 0.530851 0.937500
vt 0.556073 0.937500
vt 0.578836 0.937500
vt 0.448808 0.968750
vt 0.422974 0.968750
vt 0.476352 0.968750
vt 0.504529 0.968750
vt 0.532688 0.968750
vt 0.560165 0.968750
vt 0.585852 0.968750
vt 0.422823 0.781250
vt 0.584910 0.781250
vt 0.585276 0.812500
vt 0.586269 0.843750
vt 0.588203 0.875000
vt 0.591496 0.906250
vt 0.596984 0.937500
vt 0.606027 0.968750
vt 0.625000 1.000000
vt 0.594893 1.000000
vt 0.564787 1.000000
vt 0.534680 1.000000
vt 0.504573 1.000000
vt 0.474467 1.000000
vt 0.444360 1.000000
vt 0.414253 1.000000
vt 0.402451 0.968750
vt 0.384146 1.000000
vt 0.411174 0.937500
vt 0.416469 0.906250
vt 0.419646 0.875000
vt 0.421512 0.843750
vt 0.422470 0.812500
vt 0.156230 0.531250
vt 0.187341 0.531250
vt 0.187202 0.562500
vt 0.156213 0.562500
vt 0.218214 0.531250
vt 0.217746 0.562500
vt 0.248728 0.531250
vt 0.247619 0.562500
vt 0.278690 0.531250
vt 0.276478 0.562500
vt 0.307600 0.531250
vt 0.303490 0.562500
vt 0.334406 0.531250
vt 0.327479 0.562500
vt 0.187104 0.593750
vt 0.156201 0.593750
vt 0.217415 0.593750
vt 0.246835 0.593750
vt 0.274947 0.593750
vt 0.300856 0.593750
vt 0.323515 0.593750
vt 0.187067 0.625000
vt 0.156196 0.625000
vt 0.217289 0.625000
vt 0.246537 0.625000
vt 0.274378 0.625000
vt 0.299946 0.625000
vt 0.322268 0.625000
vt 0.187104 0.656250
vt 0.156201 0.656250
vt 0.217415 0.656250
vt 0.246835 0.656250
vt 0.274947 0.656250
vt 0.300856 0.656250
vt 0.323515 0.656250
vt 0.187202 0.687500
vt 0.156213 0.687500
vt 0.217746 0.687500
vt 0.247619 0.687500
vt 0.276478 0.687500
vt 0.303490 0.687500
vt 0.327479 0.687500
vt 0.187341 0.718750
vt 0.156230 0.718750
vt 0.218214 0.718750
vt 0.248728 0.718750
vt 0.278690 0.718750
vt 0.307599 0.718750
vt 0.334406 0.718750
vt 0.125000 0.500000
vt 0.156250 0.500000
vt 0.125000 0.531250
vt 0.187500 0.500000
vt 0.218750 0.500000
vt 0.250000 0.500000
vt 0.281250 0.500000
vt 0.312500 0.500000
vt 0.343750 0.500000
vt 0.375000 0.500000
vt 0.355215 0.531250
vt 0.346375 0.562500
vt 0.341769 0.593750
vt 0.340369 0.625000
vt 0.341769 0.656250
vt 0.346375 0.687500
vt 0.355215 0.718750
vt 0.375000 0.750000
vt 0.343750 0.750000
vt 0.312500 0.750000
vt 0.281250 0.750000
vt 0.250000 0.750000
vt 0.218750 0.750000
vt 0.187500 0.750000
vt 0.156250 0.750000
vt 0.125000 0.718750
vt 0.125000 0.750000
vt 0.125000 0.687500
vt 0.125000 0.656250
vt 0.125000 0.625000
vt 0.125000 0.593750
vt 0.125000 0.562500
vt 0.625000 0.468750
vt 0.625000 0.437500
vt 0.625000 0.437500
vt 0.625000 0.468750
vt 0.625000 0.406250
vt 0.625000 0.406250
vt 0.625000 0.375000
vt 0.625000 0.375000
vt 0.625000 0.343750
vt 0.625000 0.343750
vt 0.625000 0.312500
vt 0.625000 0.312500
vt 0.625000 0.281250
vt 0.625000 0.281250
vt 0.625000 0.437500
vt 0.625000 0.468750
vt 0.625000 0.406250
vt 0.625000 0.375000
vt 0.625000 0.343750
vt 0.625000 0.312500
vt 0.625000 0.437500
vt 0.625000 0.468750
vt 0.625000 0.343750
vt 0.625000 0.281250
vt 0.625000 0.437500
vt 0.625000 0.406250
vt 0.625000 0.343750
vt 0.625000 0.437500
vt 0.625000 0.468750
vt 0.625000 0.343750
vt 0.625000 0.375000
vt 0.625000 0.312500
vt 0.625000 0.281250
vt 0.625000 0.500000
vt 0.625000 0.468750
vt 0.625000 0.500000
vt 0.625000 0.437500
vt 0.625000 0.375000
vt 0.625000 0.250000
vt 0.625000 0.250000
vt 0.625000 0.250000
vt 0.625000 0.250000
vt 0.625000 0.500000
vt 0.625000 0.500000
vt 0.625000 0.500000
vt 0.625000 0.500000
vt 0.377664 0.781250
vt 0.378930 0.781250
vt 0.378911 0.812500
vt 0.377652 0.812500
vt 0.381193 0.781250
vt 0.381150 0.812500
vt 0.384891 0.781250
vt 0.384800 0.812500
vt 0.390461 0.781250
vt 0.390293 0.812500
vt 0.398345 0.781250
vt 0.398091 0.812500
vt 0.408985 0.781250
vt 0.408661 0.812500
vt 0.378857 0.843750
vt 0.377618 0.843750
vt 0.381034 0.843750
vt 0.384552 0.843750
vt 0.389837 0.843750
vt 0.397401 0.843750
vt 0.407781 0.843750
vt 0.378754 0.875000
vt 0.377553 0.875000
vt 0.380808 0.875000
vt 0.384070 0.875000
vt 0.388948 0.875000
vt 0.396058 0.875000
vt 0.406068 0.875000
vt 0.378587 0.906250
vt 0.377445 0.906250
vt 0.380446 0.906250
vt 0.383301 0.906250
vt 0.387525 0.906250
vt 0.393867 0.906250
vt 0.403192 0.906250
vt 0.378360 0.937500
vt 0.377275 0.937500
vt 0.379973 0.937500
vt 0.382298 0.937500
vt 0.385632 0.937500
vt 0.390719 0.937500
vt 0.398612 0.937500
vt 0.378082 0.968750
vt 0.377029 0.968750
vt 0.379425 0.968750
vt 0.381138 0.968750
vt 0.383388 0.968750
vt 0.386631 0.968750
vt 0.391826 0.968750
vt 0.376960 0.750000
vt 0.377666 0.750000
vt 0.376958 0.781250
vt 0.378933 0.750000
vt 0.381199 0.750000
vt 0.384904 0.750000
vt 0.390485 0.750000
vt 0.398381 0.750000
vt 0.409031 0.750000
vt 0.383085 1.000000
vt 0.382023 1.000000
vt 0.380961 1.000000
vt 0.379900 1.000000
vt 0.378838 1.000000
vt 0.377777 1.000000
vt 0.376715 1.000000
vt 0.376271 0.968750
vt 0.375653 1.000000
vt 0.376565 0.937500
vt 0.376744 0.906250
vt 0.376851 0.875000
vt 0.376914 0.843750
vt 0.376946 0.812500
vt 0.377666 0.531250
vt 0.378933 0.531250
vt 0.378933 0.562500
vt 0.377666 0.562500
vt 0.381199 0.531250
vt 0.381199 0.562500
vt 0.384904 0.531250
vt 0.384904 0.562500
vt 0.390485 0.531250
vt 0.390485 0.562500
vt 0.398381 0.531250
vt 0.398381 0.562500
vt 0.409031 0.531250
vt 0.409031 0.562500
vt 0.378933 0.593750
vt 0.377666 0.593750
vt 0.381199 0.593750
vt 0.384904 0.593750
vt 0.390485 0.593750
vt 0.398381 0.593750
vt 0.409031 0.593750
vt 0.378933 0.625000
vt 0.377666 0.625000
vt 0.381199 0.625000
vt 0.384904 0.625000
vt 0.390485 0.625000
vt 0.398381 0.625000
vt 0.409031 0.625000
vt 0.378933 0.656250
vt 0.377666 0.656250
vt 0.381199 0.656250
vt 0.384904 0.656250
vt 0.390485 0.656250
vt 0.398381 0.656250
vt 0.409031 0.656250
vt 0.378933 0.687500
vt 0.377666 0.687500
vt 0.381199 0.687500
vt 0.384904 0.687500
vt 0.390485 0.687500
vt 0.398381 0.687500
vt 0.409031 0.687500
vt 0.378933 0.718750
vt 0.377666 0.718750
vt 0.381200 0.718750
vt 0.384904 0.718750
vt 0.390485 0.718750
vt 0.398381 0.718750
vt 0.409031 0.718750
vt 0.376960 0.500000
vt 0.377666 0.500000
vt 0.376960 0.531250
vt 0.378933 0.500000
vt 0.381199 0.500000
vt 0.384904 0.500000
vt 0.390485 0.500000
vt 0.398381 0.500000
vt 0.409031 0.500000
vt 0.376960 0.718750
vt 0.376960 0.687500
vt 0.376960 0.656250
vt 0.376960 0.625000
vt 0.376960 0.593750
vt 0.376960 0.562500
vt 0.377666 0.281250
vt 0.378933 0.281250
vt 0.378933 0.312500
vt 0.377666 0.312500
vt 0.381199 0.281250
vt 0.381199 0.312500
vt 0.384904 0.281250
vt 0.384904 0.312500
vt 0.390485 0.281250
vt 0.390485 0.312500
vt 0.398381 0.281250
vt 0.398381 0.312500
vt 0.409031 0.281250
vt 0.409031 0.312500
vt 0.378933 0.343750
vt 0.377666 0.343750
vt 0.381199 0.343750
vt 0.384904 0.343750
vt 0.390485 0.343750
vt 0.398381 0.343750
vt 0.409031 0.343750
vt 0.378933 0.375000
vt 0.377666 0.375000
vt 0.381199 0.375000
vt 0.384904 0.375000
vt 0.390485 0.375000
vt 0.398381 0.375000
vt 0.409031 0.375000
vt 0.378933 0.406250
vt 0.377666 0.406250
vt 0.381199 0.406250
vt 0.384904 0.406250
vt 0.390485 0.406250
vt 0.398381 0.406250
vt 0.409031 0.406250
vt 0.378933 0.437500
vt 0.377666 0.437500
vt 0.381199 0.437500
vt 0.384904 0.437500
vt 0.390485 0.437500
vt 0.398381 0.437500
vt 0.409031 0.437500
vt 0.378933 0.468750
vt 0.377666 0.468750
vt 0.381200 0.468750
vt 0.384904 0.468750
vt 0.390485 0.468750
vt 0.398381 0.468750
vt 0.409031 0.468750
vt 0.376960 0.250000
vt 0.377666 0.250000
vt 0.376960 0.281250
vt 0.378933 0.250000
vt 0.381199 0.250000
vt 0.384904 0.250000
vt 0.390485 0.250000
vt 0.398381 0.250000
vt 0.409031 0.250000
vt 0.376960 0.468750
vt 0.376960 0.437500
vt 0.376960 0.406250
vt 0.376960 0.375000
vt 0.376960 0.343750
vt 0.376960 0.312500
vt 0.377029 0.031250
vt 0.378082 0.031250
vt 0.378360 0.062500
vt 0.377275 0.062500
vt 0.379425 0.031250
vt 0.379973 0.062500
vt 0.381138 0.031250
vt 0.382298 0.062500
vt 0.383388 0.031250
vt 0.385632 0.062500
vt 0.386631 0.031250
vt 0.390719 0.062500
vt 0.391826 0.031250
vt 0.398612 0.062500
vt 0.378587 0.093750
vt 0.377445 0.093750
vt 0.380446 0.093750
vt 0.383301 0.093750
vt 0.387525 0.093750
vt 0.393867 0.093750
vt 0.403192 0.093750
vt 0.378754 0.125000
vt 0.377553 0.125000
vt 0.380808 0.125000
vt 0.384070 0.125000
vt 0.388948 0.125000
vt 0.396058 0.125000
vt 0.406068 0.125000
vt 0.378857 0.156250
vt 0.377618 0.156250
vt 0.381034 0.156250
vt 0.384552 0.156250
vt 0.389837 0.156250
vt 0.397401 0.156250
vt 0.407781 0.156250
vt 0.378911 0.187500
vt 0.377652 0.187500
vt 0.381150 0.187500
vt 0.384800 0.187500
vt 0.390293 0.187500
vt 0.398091 0.187500
vt 0.408661 0.187500
vt 0.378930 0.218750
vt 0.377664 0.218750
vt 0.381193 0.218750
vt 0.384891 0.218750
vt 0.390461 0.218750
vt 0.398345 0.218750
vt 0.408985 0.218750
vt 0.375653 0.000000
vt 0.376715 0.000000
vt 0.376271 0.031250
vt 0.377777 0.000000
vt 0.378838 0.000000
vt 0.379900 0.000000
vt 0.380962 0.000000
vt 0.382023 0.000000
vt 0.383085 0.000000
vt 0.376958 0.218750
vt 0.376946 0.187500
vt 0.376914 0.156250
vt 0.376851 0.125000
vt 0.376744 0.093750
vt 0.376565 0.062500
vt 0.625000 0.718750
vt 0.625000 0.687500
vt 0.625000 0.687500
vt 0.625000 0.718750
vt 0.625000 0.656250
vt 0.625000 0.656250
vt 0.625000 0.625000
vt 0.625000 0.625000
vt 0.625000 0.593750
vt 0.625000 0.593750
vt 0.625000 0.562500
vt 0.625000 0.562500
vt 0.625000 0.531250
vt 0.625000 0.531250
vt 0.625000 0.718750
vt 0.625000 0.656250
vt 0.625000 0.625000
vt 0.625000 0.562500
vt 0.625000 0.531250
vt 0.625000 0.656250
vt 0.625000 0.593750
vt 0.625000 0.531250
vt 0.625000 0.656250
vt 0.625000 0.625000
vt 0.625000 0.593750
vt 0.625000 0.562500
vt 0.625000 0.687500
vt 0.625000 0.593750
vt 0.625000 0.718750
vt 0.625000 0.625000
vt 0.625000 0.562500
vt 0.625000 0.750000
vt 0.625000 0.750000
vt 0.625000 0.687500
vt 0.625000 0.750000
vt 0.625000 0.750000
vt 0.625000 0.750000
vt 0.625000 0.750000
vt 0.625000 0.750000
vt 0.625000 0.218750
vt 0.625000 0.187500
vt 0.625000 0.187500
vt 0.625000 0.218750
vt 0.625000 0.156250
vt 0.625000 0.156250
vt 0.625000 0.125000
vt 0.625000 0.125000
vt 0.625000 0.093750
vt 0.625000 0.093750
vt 0.625000 0.062500
vt 0.625000 0.031250
vt 0.625000 0.031250
vt 0.625000 0.187500
vt 0.625000 0.218750
vt 0.625000 0.156250
vt 0.625000 0.062500
vt 0.625000 0.031250
vt 0.625000 0.187500
vt 0.625000 0.218750
vt 0.625000 0.031250
vt 0.625000 0.031250
vt 0.625000 0.000000
vt 0.625000 0.968750
vt 0.625000 0.937500
vt 0.625000 0.937500
vt 0.625000 0.968750
vt 0.625000 0.906250
vt 0.625000 0.906250
vt 0.625000 0.875000
vt 0.625000 0.875000
vt 0.625000 0.843750
vt 0.625000 0.843750
vt 0.625000 0.812500
vt 0.625000 0.812500
vt 0.625000 0.781250
vt 0.625000 0.781250
vt 0.625000 0.968750
vt 0.625000 0.875000
vt 0.625000 0.843750
vt 0.625000 0.812500
vt 0.625000 0.781250
vt 0.625000 0.843750
vt 0.625000 0.781250
vt 0.625000 1.000000
vt 0.625000 1.000000
vt 0.615940 0.968750
vt 0.608906 0.937500
vt 0.615997 0.937500
vt 0.620229 0.968750
vt 0.604160 0.906250
vt 0.612738 0.906250
vt 0.601179 0.875000
vt 0.610469 0.875000
vt 0.599403 0.843750
vt 0.609079 0.843750
vt 0.598492 0.812500
vt 0.608366 0.812500
vt 0.598156 0.781250
vt 0.608103 0.781250
vt 0.620193 0.937500
vt 0.622503 0.968750
vt 0.618245 0.906250
vt 0.616781 0.875000
vt 0.615867 0.843750
vt 0.615397 0.812500
vt 0.615224 0.781250
vt 0.622596 0.937500
vt 0.623759 0.968750
vt 0.621589 0.906250
vt 0.620819 0.875000
vt 0.620335 0.843750
vt 0.620087 0.812500
vt 0.619995 0.781250
vt 0.623986 0.937500
vt 0.624476 0.968750
vt 0.623561 0.906250
vt 0.623236 0.875000
vt 0.623032 0.843750
vt 0.622927 0.812500
vt 0.622889 0.781250
vt 0.624700 0.937500
vt 0.624845 0.968750
vt 0.624574 0.906250
vt 0.624477 0.875000
vt 0.624417 0.843750
vt 0.624386 0.812500
vt 0.624375 0.781250
vt 0.624962 0.937500
vt 0.624981 0.968750
vt 0.624947 0.906250
vt 0.624935 0.875000
vt 0.624927 0.843750
vt 0.624923 0.812500
vt 0.624922 0.781250
vt 0.598108 0.750000
vt 0.608065 0.750000
vt 0.615200 0.750000
vt 0.619982 0.750000
vt 0.622883 0.750000
vt 0.624373 0.750000
vt 0.624922 0.750000
vt 0.598156 0.218750
vt 0.598492 0.187500
vt 0.608366 0.187500
vt 0.608103 0.218750
vt 0.599403 0.156250
vt 0.609079 0.156250
vt 0.601179 0.125000
vt 0.610469 0.125000
vt 0.604160 0.093750
vt 0.612738 0.093750
vt 0.608906 0.062500
vt 0.615997 0.062500
vt 0.615940 0.031250
vt 0.620229 0.031250
vt 0.615397 0.187500
vt 0.615224 0.218750
vt 0.615867 0.156250
vt 0.616781 0.125000
vt 0.618245 0.093750
vt 0.620193 0.062500
vt 0.622503 0.031250
vt 0.620087 0.187500
vt 0.619995 0.218750
vt 0.620335 0.156250
vt 0.620819 0.125000
vt 0.621589 0.093750
vt 0.622596 0.062500
vt 0.623759 0.031250
vt 0.622927 0.187500
vt 0.622889 0.218750
vt 0.623032 0.156250
vt 0.623236 0.125000
vt 0.623561 0.093750
vt 0.623986 0.062500
vt 0.624476 0.031250
vt 0.624386 0.187500
vt 0.624374 0.218750
vt 0.624417 0.156250
vt 0.624477 0.125000
vt 0.624574 0.093750
vt 0.624700 0.062500
vt 0.624845 0.031250
vt 0.624923 0.187500
vt 0.624922 0.218750
vt 0.624927 0.156250
vt 0.624935 0.125000
vt 0.624947 0.093750
vt 0.624963 0.062500
vt 0.624981 0.031250
vt 0.598108 0.250000
vt 0.625000 0.093750
vt 0.625000 0.218750
vt 0.624922 0.250000
vt 0.625000 0.250000
vt 0.624373 0.250000
vt 0.622883 0.250000
vt 0.619982 0.250000
vt 0.615200 0.250000
vt 0.608065 0.250000
vt 0.598108 0.718750
vt 0.598108 0.687500
vt 0.608065 0.687500
vt 0.608065 0.718750
vt 0.598108 0.656250
vt 0.608065 0.656250
vt 0.598108 0.625000
vt 0.608065 0.625000
vt 0.598108 0.593750
vt 0.608065 0.593750
vt 0.598108 0.562500
vt 0.608065 0.562500
vt 0.598108 0.531250
vt 0.608065 0.531250
vt 0.615200 0.687500
vt 0.615200 0.718750
vt 0.615200 0.656250
vt 0.615200 0.625000
vt 0.615200 0.593750
vt 0.615200 0.562500
vt 0.615200 0.531250
vt 0.619982 0.687500
vt 0.619982 0.718750
vt 0.619982 0.656250
vt 0.619982 0.625000
vt 0.619982 0.593750
vt 0.619982 0.562500
vt 0.619982 0.531250
vt 0.622883 0.687500
vt 0.622883 0.718750
vt 0.622883 0.656250
vt 0.622883 0.625000
vt 0.622883 0.593750
vt 0.622883 0.562500
vt 0.622883 0.531250
vt 0.624373 0.687500
vt 0.624373 0.718750
vt 0.624373 0.656250
vt 0.624373 0.625000
vt 0.624373 0.593750
vt 0.624373 0.562500
vt 0.624373 0.531250
vt 0.624922 0.687500
vt 0.624922 0.718750
vt 0.624922 0.656250
vt 0.624922 0.625000
vt 0.624922 0.593750
vt 0.624922 0.562500
vt 0.624922 0.531250
vt 0.598108 0.500000
vt 0.608065 0.500000
vt 0.615200 0.500000
vt 0.619982 0.500000
vt 0.622883 0.500000
vt 0.624373 0.500000
vt 0.624922 0.500000
vt 0.598108 0.468750
vt 0.598108 0.437500
vt 0.608065 0.437500
vt 0.608065 0.468750
vt 0.598108 0.406250
vt 0.608065 0.406250
vt 0.598108 0.375000
vt 0.608065 0.375000
vt 0.598108 0.343750
vt 0.608065 0.343750
vt 0.598108 0.312500
vt 0.608065 0.312500
vt 0.598108 0.281250
vt 0.608065 0.281250
vt 0.615200 0.437500
vt 0.615200 0.468750
vt 0.615200 0.406250
vt 0.615200 0.375000
vt 0.615200 0.343750
vt 0.615200 0.312500
vt 0.615200 0.281250
vt 0.619982 0.437500
vt 0.619982 0.468750
vt 0.619982 0.406250
vt 0.619982 0.375000
vt 0.619982 0.343750
vt 0.619982 0.312500
vt 0.619982 0.281250
vt 0.622883 0.437500
vt 0.622883 0.468750
vt 0.622883 0.406250
vt 0.622883 0.375000
vt 0.622883 0.343750
vt 0.622883 0.312500
vt 0.622883 0.281250
vt 0.624373 0.437500
vt 0.624373 0.468750
vt 0.624373 0.406250
vt 0.624373 0.375000
vt 0.624373 0.343750
vt 0.624373 0.312500
vt 0.624373 0.281250
vt 0.624922 0.437500
vt 0.624922 0.468750
vt 0.624922 0.406250
vt 0.624922 0.375000
vt 0.624922 0.343750
vt 0.624922 0.312500
vt 0.624922 0.281250
vt 0.625000 0.281250
vt 0.625000 0.406250
vt 0.625000 0.468750
vt 0.625000 0.187500
vt 0.625000 0.187500
vt 0.625000 0.218750
vt 0.625000 0.093750
vt 0.625000 0.218750
vt 0.625000 0.156250
vt 0.625000 0.031250
vt 0.625000 0.093750
vt 0.625000 0.062500
vt 0.625000 0.093750
vt 0.625000 0.468750
vt 0.625000 0.437500
vt 0.625000 0.437500
vt 0.625000 0.406250
vt 0.625000 0.375000
vt 0.625000 0.343750
vt 0.625000 0.312500
vt 0.625000 0.281250
vt 0.625000 0.281250
vt 0.625000 0.281250
vt 0.375082 0.031250
vt 0.375168 0.031250
vt 0.375173 0.062500
vt 0.375083 0.062500
vt 0.375262 0.031250
vt 0.375278 0.062500
vt 0.375367 0.031250
vt 0.375405 0.062500
vt 0.375490 0.031250
vt 0.375565 0.062500
vt 0.375645 0.031250
vt 0.375783 0.062500
vt 0.375867 0.031250
vt 0.376096 0.062500
vt 0.375177 0.093750
vt 0.375083 0.093750
vt 0.375292 0.093750
vt 0.375438 0.093750
vt 0.375628 0.093750
vt 0.375889 0.093750
vt 0.376250 0.093750
vt 0.375180 0.125000
vt 0.375084 0.125000
vt 0.375302 0.125000
vt 0.375463 0.125000
vt 0.375676 0.125000
vt 0.375963 0.125000
vt 0.376347 0.125000
vt 0.375182 0.156250
vt 0.375084 0.156250
vt 0.375309 0.156250
vt 0.375479 0.156250
vt 0.375706 0.156250
vt 0.376008 0.156250
vt 0.376405 0.156250
vt 0.375183 0.187500
vt 0.375084 0.187500
vt 0.375313 0.187500
vt 0.375487 0.187500
vt 0.375721 0.187500
vt 0.376031 0.187500
vt 0.376435 0.187500
vt 0.375184 0.218750
vt 0.375084 0.218750
vt 0.375314 0.218750
vt 0.375490 0.218750
vt 0.375727 0.218750
vt 0.376040 0.218750
vt 0.376445 0.218750
vt 0.375000 0.000000
vt 0.375082 0.000000
vt 0.375000 0.031250
vt 0.375163 0.000000
vt 0.375245 0.000000
vt 0.375327 0.000000
vt 0.375408 0.000000
vt 0.375490 0.000000
vt 0.375572 0.000000
vt 0.376447 0.250000
vt 0.376041 0.250000
vt 0.375727 0.250000
vt 0.375490 0.250000
vt 0.375314 0.250000
vt 0.375184 0.250000
vt 0.375084 0.250000
vt 0.375000 0.218750
vt 0.375000 0.250000
vt 0.375000 0.187500
vt 0.375000 0.156250
vt 0.375000 0.125000
vt 0.375000 0.093750
vt 0.375000 0.062500
vt 0.375084 0.281250
vt 0.375184 0.281250
vt 0.375184 0.312500
vt 0.375084 0.312500
vt 0.375314 0.281250
vt 0.375314 0.312500
vt 0.375490 0.281250
vt 0.375490 0.312500
vt 0.375727 0.281250
vt 0.375727 0.312500
vt 0.376041 0.281250
vt 0.376041 0.312500
vt 0.376447 0.281250
vt 0.376447 0.312500
vt 0.375184 0.343750
vt 0.375084 0.343750
vt 0.375314 0.343750
vt 0.375490 0.343750
vt 0.375727 0.343750
vt 0.376041 0.343750
vt 0.376447 0.343750
vt 0.375184 0.375000
vt 0.375084 0.375000
vt 0.375314 0.375000
vt 0.375490 0.375000
vt 0.375727 0.375000
vt 0.376041 0.375000
vt 0.376447 0.375000
vt 0.375155 0.406250
vt 0.375065 0.406250
vt 0.375290 0.406250
vt 0.375476 0.406250
vt 0.375722 0.406250
vt 0.376040 0.406250
vt 0.376447 0.406250
vt 0.374954 0.437500
vt 0.374934 0.437500
vt 0.375120 0.437500
vt 0.375382 0.437500
vt 0.375682 0.437500
vt 0.376028 0.437500
vt 0.376445 0.437500
vt 0.374313 0.468750
vt 0.374375 0.468750
vt 0.374646 0.468750
vt 0.375125 0.468750
vt 0.375573 0.468750
vt 0.375996 0.468750
vt 0.376441 0.468750
vt 0.375000 0.281250
vt 0.376433 0.500000
vt 0.375933 0.500000
vt 0.375362 0.500000
vt 0.374624 0.500000
vt 0.373664 0.500000
vt 0.372586 0.500000
vt 0.371739 0.500000
vt 0.375000 0.468750
vt 0.375000 0.437500
vt 0.375000 0.406250
vt 0.375000 0.375000
vt 0.375000 0.343750
vt 0.375000 0.312500
vt 0.365031 0.531250
vt 0.369412 0.531250
vt 0.365944 0.562500
vt 0.358663 0.562500
vt 0.372086 0.531250
vt 0.370347 0.562500
vt 0.373853 0.531250
vt 0.373001 0.562500
vt 0.375037 0.531250
vt 0.374677 0.562500
vt 0.375837 0.531250
vt 0.375730 0.562500
vt 0.376421 0.531250
vt 0.376408 0.562500
vt 0.363511 0.593750
vt 0.354831 0.593750
vt 0.368987 0.593750
vt 0.372311 0.593750
vt 0.374386 0.593750
vt 0.375644 0.593750
vt 0.376397 0.593750
vt 0.362630 0.625000
vt 0.353602 0.625000
vt 0.368442 0.625000
vt 0.372027 0.625000
vt 0.374266 0.625000
vt 0.375608 0.625000
vt 0.376393 0.625000
vt 0.363511 0.656250
vt 0.354831 0.656250
vt 0.368987 0.656250
vt 0.372311 0.656250
vt 0.374386 0.656250
vt 0.375644 0.656250
vt 0.376397 0.656250
vt 0.365944 0.687500
vt 0.358663 0.687500
vt 0.370347 0.687500
vt 0.373001 0.687500
vt 0.374677 0.687500
vt 0.375730 0.687500
vt 0.376408 0.687500
vt 0.369412 0.718750
vt 0.365031 0.718750
vt 0.372086 0.718750
vt 0.373853 0.718750
vt 0.375037 0.718750
vt 0.375837 0.718750
vt 0.376421 0.718750
vt 0.376433 0.750000
vt 0.375933 0.750000
vt 0.375362 0.750000
vt 0.374624 0.750000
vt 0.373664 0.750000
vt 0.372586 0.750000
vt 0.371739 0.750000
vt 0.374375 0.781250
vt 0.374313 0.781250
vt 0.374953 0.812500
vt 0.374934 0.812500
vt 0.374646 0.781250
vt 0.375118 0.812500
vt 0.375124 0.781250
vt 0.375378 0.812500
vt 0.375572 0.781250
vt 0.375675 0.812500
vt 0.375994 0.781250
vt 0.376018 0.812500
vt 0.376440 0.781250
vt 0.376433 0.812500
vt 0.375154 0.843750
vt 0.375065 0.843750
vt 0.375285 0.843750
vt 0.375465 0.843750
vt 0.375700 0.843750
vt 0.376007 0.843750
vt 0.376405 0.843750
vt 0.375180 0.875000
vt 0.375084 0.875000
vt 0.375302 0.875000
vt 0.375463 0.875000
vt 0.375676 0.875000
vt 0.375963 0.875000
vt 0.376347 0.875000
vt 0.375177 0.906250
vt 0.375083 0.906250
vt 0.375292 0.906250
vt 0.375438 0.906250
vt 0.375628 0.906250
vt 0.375889 0.906250
vt 0.376250 0.906250
vt 0.375173 0.937500
vt 0.375083 0.937500
vt 0.375278 0.937500
vt 0.375405 0.937500
vt 0.375565 0.937500
vt 0.375783 0.937500
vt 0.376096 0.937500
vt 0.375168 0.968750
vt 0.375082 0.968750
vt 0.375262 0.968750
vt 0.375367 0.968750
vt 0.375490 0.968750
vt 0.375645 0.968750
vt 0.375867 0.968750
vt 0.375000 0.781250
vt 0.375572 1.000000
vt 0.375490 1.000000
vt 0.375408 1.000000
vt 0.375327 1.000000
vt 0.375245 1.000000
vt 0.375163 1.000000
vt 0.375082 1.000000
vt 0.375000 0.968750
vt 0.375000 1.000000
vt 0.375000 0.937500
vt 0.375000 0.906250
vt 0.375000 0.875000
vt 0.375000 0.843750
vt 0.375000 0.812500
vt 0.625000 0.093750
vt 0.625000 0.218750
vt 0.625000 0.375000
vt 0.625000 0.343750
vt 0.625000 0.375000
vt 0.625000 0.343750
vt 0.625000 0.312500
vt 0.625000 0.218751
vt 0.625000 0.218757
vt 0.625000 0.218764
vt 0.625000 0.250197
vt 0.625000 0.250054
vt 0.625000 0.250007
vt 0.625000 0.437502
vt 0.625000 0.468750
vt 0.625000 0.406256
vt 0.625000 0.375014
vt 0.625000 0.343774
vt 0.625000 0.312529
vt 0.625000 0.281270
vt 0.625000 0.437514
vt 0.625000 0.468752
vt 0.625000 0.406296
vt 0.625000 0.375109
vt 0.625000 0.343945
vt 0.625000 0.312731
vt 0.625000 0.281408
vt 0.625000 0.437546
vt 0.625000 0.468756
vt 0.625000 0.406404
vt 0.625000 0.375366
vt 0.625000 0.344420
vt 0.625000 0.313373
vt 0.625000 0.281975
vt 0.625000 0.500000
vt 0.625000 0.284607
vt 0.625000 0.315104
vt 0.625000 0.345405
vt 0.625000 0.375868
vt 0.625000 0.406616
vt 0.625000 0.437609
vt 0.625000 0.468764
vt 0.625000 0.937471
vt 0.625000 0.968731
vt 0.625000 0.906226
vt 0.625000 0.874986
vt 0.625000 0.843744
vt 0.625000 0.812498
vt 0.625000 0.781250
vt 0.625000 0.937269
vt 0.625000 0.968599
vt 0.625000 0.906055
vt 0.625000 0.874892
vt 0.625000 0.843704
vt 0.625000 0.812487
vt 0.625000 0.781248
vt 0.625000 0.936627
vt 0.625000 0.968039
vt 0.625000 0.905580
vt 0.625000 0.874634
vt 0.625000 0.843596
vt 0.625000 0.812454
vt 0.625000 0.781244
vt 0.625000 0.781236
vt 0.625000 0.812392
vt 0.625000 0.843384
vt 0.625000 0.874132
vt 0.625000 0.904595
vt 0.625000 0.934896
vt 0.625000 0.965397
vt 0.625000 1.000000
vt 0.625000 1.000000
vt 0.625000 1.000000
vt 0.625000 1.000000
vt 0.625000 0.958621
vt 0.625000 0.931675
vt 0.625000 0.927924
vt 0.625000 0.951887
vt 0.625000 0.902988
vt 0.625000 0.901066
vt 0.625000 0.873345
vt 0.625000 0.872396
vt 0.625000 0.843052
vt 0.625000 0.842651
vt 0.625000 0.812293
vt 0.625000 0.812175
vt 0.625000 0.781224
vt 0.625000 0.781209
vt 0.625000 0.924744
vt 0.625000 0.947099
vt 0.625000 0.899214
vt 0.625000 0.871446
vt 0.625000 0.842251
vt 0.625000 0.812056
vt 0.625000 0.781195
vt 0.625000 0.922418
vt 0.625000 0.944024
vt 0.625000 0.897719
vt 0.625000 0.870660
vt 0.625000 0.841919
vt 0.625000 0.811958
vt 0.625000 0.781182
vt 0.625000 0.920975
vt 0.625000 0.942181
vt 0.625000 0.896770
vt 0.625000 0.870158
vt 0.625000 0.841707
vt 0.625000 0.811895
vt 0.625000 0.781174
vt 0.625000 0.920234
vt 0.625000 0.941235
vt 0.625000 0.896283
vt 0.625000 0.869900
vt 0.625000 0.841599
vt 0.625000 0.811863
vt 0.625000 0.781170
vt 0.625000 0.919961
vt 0.625000 0.940886
vt 0.625000 0.896103
vt 0.625000 0.869805
vt 0.625000 0.841559
vt 0.625000 0.811851
vt 0.625000 0.781169
vt 0.625000 0.980109
vt 0.625000 0.781169
vt 0.625000 0.811849
vt 0.625000 0.841553
vt 0.625000 0.869792
vt 0.625000 0.896078
vt 0.625000 0.919922
vt 0.625000 0.940837
vt 0.625000 0.958388
vt 0.625000 0.958333
vt 0.625000 0.958767
vt 0.625000 0.959798
vt 0.625000 0.961806
vt 0.625000 0.965217
vt 0.625000 0.970866
vt 0.625000 0.031230
vt 0.625000 0.062338
vt 0.625000 0.062177
vt 0.625000 0.031210
vt 0.625000 0.093202
vt 0.625000 0.092662
vt 0.625000 0.123701
vt 0.625000 0.122420
vt 0.625000 0.153638
vt 0.625000 0.151099
vt 0.625000 0.182516
vt 0.625000 0.177899
vt 0.625000 0.209287
vt 0.625000 0.201683
vt 0.625000 0.062022
vt 0.625000 0.031190
vt 0.625000 0.092136
vt 0.625000 0.121175
vt 0.625000 0.148694
vt 0.625000 0.173908
vt 0.625000 0.195917
vt 0.625000 0.061873
vt 0.625000 0.031172
vt 0.625000 0.091634
vt 0.625000 0.119985
vt 0.625000 0.146429
vt 0.625000 0.170368
vt 0.625000 0.191179
vt 0.625000 0.061735
vt 0.625000 0.031154
vt 0.625000 0.091169
vt 0.625000 0.118881
vt 0.625000 0.144328
vt 0.625000 0.167080
vt 0.625000 0.186739
vt 0.625000 0.061620
vt 0.625000 0.031140
vt 0.625000 0.090780
vt 0.625000 0.117959
vt 0.625000 0.142554
vt 0.625000 0.164184
vt 0.625000 0.182554
vt 0.625000 0.061541
vt 0.625000 0.031130
vt 0.625000 0.090513
vt 0.625000 0.117326
vt 0.625000 0.141310
vt 0.625000 0.161982
vt 0.625000 0.178944
vt 0.625000 0.230054
vt 0.625000 0.220420
vt 0.625000 0.213711
vt 0.625000 0.208237
vt 0.625000 0.202925
vt 0.625000 0.197497
vt 0.625000 0.192000
vt 0.625000 0.177233
vt 0.625000 0.161093
vt 0.625000 0.140839
vt 0.625000 0.117091
vt 0.625000 0.090413
vt 0.625000 0.061511
vt 0.625000 0.031126
vt 0.625000 0.468776
vt 0.625000 0.437707
vt 0.625000 0.437826
vt 0.625000 0.468791
vt 0.625000 0.406948
vt 0.625000 0.407349
vt 0.625000 0.376655
vt 0.625000 0.377604
vt 0.625000 0.347012
vt 0.625000 0.348935
vt 0.625000 0.318325
vt 0.625000 0.322076
vt 0.625000 0.291379
vt 0.625000 0.298113
vt 0.625000 0.437944
vt 0.625000 0.468806
vt 0.625000 0.407749
vt 0.625000 0.378554
vt 0.625000 0.350786
vt 0.625000 0.325256
vt 0.625000 0.302901
vt 0.625000 0.438043
vt 0.625000 0.468818
vt 0.625000 0.408081
vt 0.625000 0.379340
vt 0.625000 0.352281
vt 0.625000 0.327582
vt 0.625000 0.305976
vt 0.625000 0.438105
vt 0.625000 0.468826
vt 0.625000 0.408293
vt 0.625000 0.379842
vt 0.625000 0.353230
vt 0.625000 0.329025
vt 0.625000 0.307819
vt 0.625000 0.438138
vt 0.625000 0.468830
vt 0.625000 0.408402
vt 0.625000 0.380100
vt 0.625000 0.353717
vt 0.625000 0.329766
vt 0.625000 0.308765
vt 0.625000 0.438149
vt 0.625000 0.468831
vt 0.625000 0.408442
vt 0.625000 0.380195
vt 0.625000 0.353897
vt 0.625000 0.330039
vt 0.625000 0.309114
vt 0.625000 0.269891
vt 0.625000 0.279134
vt 0.625000 0.284783
vt 0.625000 0.288194
vt 0.625000 0.290202
vt 0.625000 0.291233
vt 0.625000 0.291612
vt 0.625000 0.291667
vt 0.625000 0.309163
vt 0.625000 0.330078
vt 0.625000 0.353923
vt 0.625000 0.380208
vt 0.625000 0.408447
vt 0.625000 0.438151
vt 0.625000 0.468831
vt 0.625000 0.277730
vt 0.625000 0.265657
vt 0.625000 0.299290
vt 0.625000 0.307714
vt 0.625000 0.250258
vt 0.625000 0.288479
vt 0.625000 0.230893
vt 0.625000 0.274773
vt 0.625000 0.206758
vt 0.625000 0.257725
vt 0.625000 0.176363
vt 0.625000 0.237146
vt 0.625000 0.138338
vt 0.625000 0.213237
vt 0.625000 0.336178
vt 0.625000 0.340542
vt 0.625000 0.330633
vt 0.625000 0.323585
vt 0.625000 0.314821
vt 0.625000 0.304568
vt 0.625000 0.293198
vt 0.625000 0.374623
vt 0.625000 0.374746
vt 0.625000 0.374695
vt 0.625000 0.374831
vt 0.625000 0.374929
vt 0.625000 0.374979
vt 0.625000 0.374997
vt 0.625000 0.412898
vt 0.625000 0.408786
vt 0.625000 0.418633
vt 0.625000 0.426012
vt 0.625000 0.435008
vt 0.625000 0.445382
vt 0.625000 0.456796
vt 0.625000 0.449156
vt 0.625000 0.440845
vt 0.625000 0.460385
vt 0.625000 0.474612
vt 0.625000 0.492016
vt 0.625000 0.512777
vt 0.625000 0.536753
vt 0.625000 0.481523
vt 0.625000 0.468975
vt 0.625000 0.497876
vt 0.625000 0.518118
vt 0.625000 0.542824
vt 0.625000 0.573500
vt 0.625000 0.611618
vt 0.625000 0.263889
vt 0.625000 0.252062
vt 0.625000 0.287112
vt 0.625000 0.236979
vt 0.625000 0.217990
vt 0.625000 0.194444
vt 0.625000 0.165365
vt 0.625000 0.128472
vt 0.625000 0.079861
vt 0.625000 0.669708
vt 0.625000 0.621226
vt 0.625000 0.583971
vt 0.625000 0.554012
vt 0.625000 0.529036
vt 0.625000 0.508134
vt 0.625000 0.490969
vt 0.625000 0.461489
vt 0.625000 0.479167
vt 0.625000 0.435760
vt 0.625000 0.406328
vt 0.625000 0.375193
vt 0.625000 0.344048
vt 0.625000 0.314260
vt 0.625000 0.468798
vt 0.625000 0.438129
vt 0.625000 0.437975
vt 0.625000 0.468562
vt 0.625000 0.408431
vt 0.625000 0.408318
vt 0.625000 0.380192
vt 0.625000 0.380079
vt 0.625000 0.353901
vt 0.625000 0.353747
vt 0.625000 0.330046
vt 0.625000 0.329825
vt 0.625000 0.309120
vt 0.625000 0.308818
vt 0.625000 0.437557
vt 0.625000 0.467921
vt 0.625000 0.408012
vt 0.625000 0.379771
vt 0.625000 0.353329
vt 0.625000 0.329222
vt 0.625000 0.307998
vt 0.625000 0.436743
vt 0.625000 0.466672
vt 0.625000 0.407416
vt 0.625000 0.379172
vt 0.625000 0.352515
vt 0.625000 0.328050
vt 0.625000 0.306401
vt 0.625000 0.435522
vt 0.625000 0.464718
vt 0.625000 0.406527
vt 0.625000 0.378235
vt 0.625000 0.351196
vt 0.625000 0.326123
vt 0.625000 0.303768
vt 0.625000 0.434358
vt 0.625000 0.462373
vt 0.625000 0.405714
vt 0.625000 0.377119
vt 0.625000 0.349346
vt 0.625000 0.323283
vt 0.625000 0.299845
vt 0.625000 0.433990
vt 0.625000 0.460415
vt 0.625000 0.405462
vt 0.625000 0.376035
vt 0.625000 0.346965
vt 0.625000 0.319380
vt 0.625000 0.294378
vt 0.625000 0.499949
vt 0.625000 0.291612
vt 0.625000 0.290202
vt 0.625000 0.284885
vt 0.625000 0.279948
vt 0.625000 0.273058
vt 0.625000 0.484045
vt 0.625000 0.489362
vt 0.625000 0.493649
vt 0.625000 0.496721
vt 0.625000 0.498617
vt 0.625000 0.499590
vt 0.625000 0.718699
vt 0.625000 0.687421
vt 0.625000 0.686870
vt 0.625000 0.718339
vt 0.625000 0.656148
vt 0.625000 0.655433
vt 0.625000 0.624885
vt 0.625000 0.624084
vt 0.625000 0.593639
vt 0.625000 0.592862
vt 0.625000 0.562405
vt 0.625000 0.561737
vt 0.625000 0.531177
vt 0.625000 0.530663
vt 0.625000 0.685374
vt 0.625000 0.717363
vt 0.625000 0.653492
vt 0.625000 0.621908
vt 0.625000 0.590753
vt 0.625000 0.559926
vt 0.625000 0.529268
vt 0.625000 0.682461
vt 0.625000 0.715462
vt 0.625000 0.649713
vt 0.625000 0.617670
vt 0.625000 0.586646
vt 0.625000 0.556400
vt 0.625000 0.526551
vt 0.625000 0.677342
vt 0.625000 0.712188
vt 0.625000 0.643180
vt 0.625000 0.610490
vt 0.625000 0.579753
vt 0.625000 0.550511
vt 0.625000 0.522060
vt 0.625000 0.667966
vt 0.625000 0.706536
vt 0.625000 0.631778
vt 0.625000 0.598717
vt 0.625000 0.568802
vt 0.625000 0.541322
vt 0.625000 0.515294
vt 0.625000 0.651248
vt 0.625000 0.696036
vt 0.625000 0.612998
vt 0.625000 0.580506
vt 0.625000 0.552383
vt 0.625000 0.527712
vt 0.625000 0.505550
vt 0.625000 0.749973
vt 0.625000 0.742588
vt 0.625000 0.744575
vt 0.625000 0.746664
vt 0.625000 0.748264
vt 0.625000 0.749268
vt 0.625000 0.749783
vt 0.625000 0.940886
vt 0.625000 0.919961
vt 0.625000 0.896103
vt 0.625000 0.869805
vt 0.625000 0.841558
vt 0.625000 0.841595
vt 0.625000 0.811847
vt 0.625000 0.811836
vt 0.625000 0.781157
vt 0.625000 0.781079
vt 0.625000 0.920975
vt 0.625000 0.942181
vt 0.625000 0.896770
vt 0.625000 0.870158
vt 0.625000 0.841696
vt 0.625000 0.811803
vt 0.625000 0.780865
vt 0.625000 0.922418
vt 0.625000 0.944024
vt 0.625000 0.897719
vt 0.625000 0.870660
vt 0.625000 0.841892
vt 0.625000 0.811741
vt 0.625000 0.780450
vt 0.625000 0.924773
vt 0.625000 0.947119
vt 0.625000 0.899238
vt 0.625000 0.871460
vt 0.625000 0.842208
vt 0.625000 0.811668
vt 0.625000 0.779852
vt 0.625000 0.928155
vt 0.625000 0.952045
vt 0.625000 0.901260
vt 0.625000 0.872504
vt 0.625000 0.842640
vt 0.625000 0.811727
vt 0.625000 0.779438
vt 0.625000 0.932548
vt 0.625000 0.959346
vt 0.625000 0.903658
vt 0.625000 0.873712
vt 0.625000 0.843169
vt 0.625000 0.812037
vt 0.625000 0.779750
vt 0.625000 0.958388
vt 0.625000 0.812500
vt 0.625000 0.843750
vt 0.625000 0.937500
vt 0.625000 0.980306
vt 0.625000 0.970920
vt 0.625000 0.965224
vt 0.625000 0.959798
vt 0.625000 0.190792
vt 0.625000 0.169890
vt 0.625000 0.169666
vt 0.625000 0.190481
vt 0.625000 0.146057
vt 0.625000 0.145916
vt 0.625000 0.119781
vt 0.625000 0.119707
vt 0.625000 0.091548
vt 0.625000 0.091517
vt 0.625000 0.061848
vt 0.625000 0.061838
vt 0.625000 0.031168
vt 0.625000 0.031167
vt 0.625000 0.169057
vt 0.625000 0.189636
vt 0.625000 0.145533
vt 0.625000 0.119507
vt 0.625000 0.091433
vt 0.625000 0.061813
vt 0.625000 0.031164
vt 0.625000 0.167872
vt 0.625000 0.187991
vt 0.625000 0.144787
vt 0.625000 0.119117
vt 0.625000 0.091268
vt 0.625000 0.061765
vt 0.625000 0.031158
vt 0.625000 0.166027
vt 0.625000 0.185395
vt 0.625000 0.143636
vt 0.625000 0.118515
vt 0.625000 0.091014
vt 0.625000 0.061689
vt 0.625000 0.031149
vt 0.625000 0.163872
vt 0.625000 0.182155
vt 0.625000 0.142349
vt 0.625000 0.117851
vt 0.625000 0.090734
vt 0.625000 0.061606
vt 0.625000 0.031138
vt 0.625000 0.161943
vt 0.625000 0.178894
vt 0.625000 0.141284
vt 0.625000 0.117313
vt 0.625000 0.090507
vt 0.625000 0.061539
vt 0.625000 0.031130
vt 0.625000 0.208333
vt 0.625000 0.190837
vt 0.625000 0.208278
vt 0.625000 0.169922
vt 0.625000 0.146077
vt 0.625000 0.119792
vt 0.625000 0.091553
vt 0.625000 0.061849
vt 0.625000 0.031169
vt 0.625000 0.191945
vt 0.625000 0.197063
vt 0.625000 0.201460
vt 0.625000 0.204765
vt 0.625000 0.206828
vt 0.625000 0.207887
vt 0.625000 0.178894
vt 0.625000 0.161943
vt 0.625000 0.182155
vt 0.625000 0.141284
vt 0.625000 0.142349
vt 0.625000 0.117851
vt 0.625000 0.090507
vt 0.625000 0.090734
vt 0.625000 0.061539
vt 0.625000 0.061606
vt 0.625000 0.031130
vt 0.625000 0.031138
vt 0.625000 0.166027
vt 0.625000 0.185395
vt 0.625000 0.143636
vt 0.625000 0.061689
vt 0.625000 0.031149
vt 0.625000 0.187991
vt 0.625000 0.119117
vt 0.625000 0.091268
vt 0.625000 0.061765
vt 0.625000 0.169057
vt 0.625000 0.189636
vt 0.625000 0.145533
vt 0.625000 0.145916
vt 0.625000 0.119707
vt 0.625000 0.061838
vt 0.625000 0.169890
vt 0.625000 0.190792
vt 0.625000 0.146057
vt 0.625000 0.091548
vt 0.625000 0.031168
vt 0.625000 0.187500
vt 0.625000 0.177233
vt 0.625000 0.191945
vt 0.625000 0.161093
vt 0.625000 0.140839
vt 0.625000 0.117091
vt 0.625000 0.061511
vt 0.625000 0.031126
vt 0.625000 0.208278
vt 0.625000 0.207887
vt 0.625000 0.206828
vt 0.625000 0.239806
vt 0.625000 0.244104
vt 0.625000 0.239856
vt 0.625000 0.232621
vt 0.625000 0.246663
vt 0.625000 0.244212
vt 0.625000 0.248267
vt 0.625000 0.246769
vt 0.625000 0.249222
vt 0.625000 0.248261
vt 0.625000 0.249712
vt 0.625000 0.249026
vt 0.625000 0.249893
vt 0.625000 0.249309
vt 0.625000 0.235326
vt 0.625000 0.226605
vt 0.625000 0.240926
vt 0.625000 0.244331
vt 0.625000 0.246338
vt 0.625000 0.247369
vt 0.625000 0.247748
vt 0.625000 0.230372
vt 0.625000 0.221140
vt 0.625000 0.236639
vt 0.625000 0.240644
vt 0.625000 0.243042
vt 0.625000 0.244273
vt 0.625000 0.244727
vt 0.625000 0.224619
vt 0.625000 0.215416
vt 0.625000 0.231091
vt 0.625000 0.235364
vt 0.625000 0.237944
vt 0.625000 0.239270
vt 0.625000 0.239758
vt 0.625000 0.217569
vt 0.625000 0.209002
vt 0.625000 0.223772
vt 0.625000 0.227985
vt 0.625000 0.230550
vt 0.625000 0.231867
vt 0.625000 0.232353
vt 0.625000 0.208643
vt 0.625000 0.201487
vt 0.625000 0.214097
vt 0.625000 0.217966
vt 0.625000 0.220348
vt 0.625000 0.221572
vt 0.625000 0.222022
vt 0.625000 0.246646
vt 0.625000 0.247396
vt 0.625000 0.248345
vt 0.625000 0.249132
vt 0.625000 0.249634
vt 0.625000 0.249892
vt 0.625000 0.249986
vt 0.625000 0.249919
vt 0.625000 0.249349
vt 0.625000 0.247803
vt 0.625000 0.244792
vt 0.625000 0.239827
vt 0.625000 0.232422
vt 0.625000 0.222087
vt 0.625000 0.249893
vt 0.625000 0.249712
vt 0.625000 0.249027
vt 0.625000 0.249309
vt 0.625000 0.248261
vt 0.625000 0.248267
vt 0.625000 0.246769
vt 0.625000 0.244212
vt 0.625000 0.244104
vt 0.625000 0.239806
vt 0.625000 0.232621
vt 0.625000 0.247749
vt 0.625000 0.244331
vt 0.625000 0.240926
vt 0.625000 0.226605
vt 0.625000 0.244273
vt 0.625000 0.244727
vt 0.625000 0.243042
vt 0.625000 0.240644
vt 0.625000 0.236639
vt 0.625000 0.221140
vt 0.625000 0.239758
vt 0.625000 0.237944
vt 0.625000 0.235364
vt 0.625000 0.231091
vt 0.625000 0.232353
vt 0.625000 0.230550
vt 0.625000 0.227985
vt 0.625000 0.223772
vt 0.625000 0.217569
vt 0.625000 0.220348
vt 0.625000 0.217966
vt 0.625000 0.214097
vt 0.625000 0.208643
vt 0.625000 0.201487
vt 0.625000 0.249986
vt 0.625000 0.249891
vt 0.625000 0.249634
vt 0.625000 0.249132
vt 0.625000 0.247396
vt 0.625000 0.246646
vt 0.625000 0.230054
vt 0.625000 0.220420
vt 0.625000 0.208237
vt 0.625000 0.202925
vt 0.625000 0.197497
vt 0.625000 0.192000
vt 0.625000 0.209287
vt 0.625000 0.182516
vt 0.625000 0.177899
vt 0.625000 0.201683
vt 0.625000 0.153638
vt 0.625000 0.151099
vt 0.625000 0.093202
vt 0.625000 0.092662
vt 0.625000 0.062338
vt 0.625000 0.062177
vt 0.625000 0.031230
vt 0.625000 0.031210
vt 0.625000 0.173908
vt 0.625000 0.195917
vt 0.625000 0.092136
vt 0.625000 0.062022
vt 0.625000 0.191179
vt 0.625000 0.146429
vt 0.625000 0.119985
vt 0.625000 0.091634
vt 0.625000 0.031172
vt 0.625000 0.186739
vt 0.625000 0.144328
vt 0.625000 0.118881
vt 0.625000 0.061735
vt 0.625000 0.031154
vt 0.625000 0.164184
vt 0.625000 0.182554
vt 0.625000 0.142554
vt 0.625000 0.090780
vt 0.625000 0.031140
vt 0.625000 0.161982
vt 0.625000 0.178944
vt 0.625000 0.090513
vt 0.625000 0.061541
vt 0.625000 0.972137
vt 0.625000 0.972485
vt 0.625000 0.982734
vt 0.625000 0.982461
vt 0.625000 0.973431
vt 0.625000 0.983475
vt 0.625000 0.975274
vt 0.625000 0.984918
vt 0.625000 0.978368
vt 0.625000 0.987273
vt 0.625000 0.983295
vt 0.625000 0.990655
vt 0.625000 0.990596
vt 0.625000 0.995048
vt 0.625000 0.990033
vt 0.625000 0.989853
vt 0.625000 0.990520
vt 0.625000 0.991469
vt 0.625000 0.992988
vt 0.625000 0.995010
vt 0.625000 0.997408
vt 0.625000 0.994900
vt 0.625000 0.994805
vt 0.625000 0.995158
vt 0.625000 0.995660
vt 0.625000 0.996460
vt 0.625000 0.997504
vt 0.625000 0.998712
vt 0.625000 0.997849
vt 0.625000 0.997809
vt 0.625000 0.997957
vt 0.625000 0.998169
vt 0.625000 0.998507
vt 0.625000 0.998947
vt 0.625000 0.999456
vt 0.625000 0.999363
vt 0.625000 0.999351
vt 0.625000 0.999395
vt 0.625000 0.999458
vt 0.625000 0.999558
vt 0.625000 0.999688
vt 0.625000 0.999839
vt 0.625000 0.999920
vt 0.625000 0.999919
vt 0.625000 0.999924
vt 0.625000 0.999932
vt 0.625000 0.999945
vt 0.625000 0.999961
vt 0.625000 0.999980
vt 0.625000 0.972087
vt 0.625000 1.000000
vt 0.625000 0.999919
vt 0.625000 0.999349
vt 0.625000 0.997803
vt 0.625000 0.994792
vt 0.625000 0.989828
vt 0.625000 0.982422
vt 0.625000 0.156250
vt 0.625000 0.093750
vt 0.625000 0.062500
vt 0.625000 0.031250
vt 0.625000 0.156250
vt 0.625000 0.125000
vt 0.625000 0.187500
vt 0.625000 0.031250
vt 0.625000 0.000000
vt 0.625000 0.062500
vt 0.625000 0.187500
vt 0.625000 0.250000
vt 0.625000 0.277864
vt 0.625000 0.277515
vt 0.625000 0.267266
vt 0.625000 0.267539
vt 0.625000 0.276569
vt 0.625000 0.266525
vt 0.625000 0.274726
vt 0.625000 0.265082
vt 0.625000 0.271633
vt 0.625000 0.262728
vt 0.625000 0.266712
vt 0.625000 0.259345
vt 0.625000 0.259418
vt 0.625000 0.254952
vt 0.625000 0.259967
vt 0.625000 0.260147
vt 0.625000 0.259480
vt 0.625000 0.258531
vt 0.625000 0.257012
vt 0.625000 0.254990
vt 0.625000 0.252592
vt 0.625000 0.255100
vt 0.625000 0.255195
vt 0.625000 0.254842
vt 0.625000 0.254340
vt 0.625000 0.253540
vt 0.625000 0.252496
vt 0.625000 0.251289
vt 0.625000 0.252152
vt 0.625000 0.252192
vt 0.625000 0.252043
vt 0.625000 0.251831
vt 0.625000 0.251493
vt 0.625000 0.251053
vt 0.625000 0.250544
vt 0.625000 0.250638
vt 0.625000 0.250649
vt 0.625000 0.250605
vt 0.625000 0.250543
vt 0.625000 0.250443
vt 0.625000 0.250312
vt 0.625000 0.250161
vt 0.625000 0.250080
vt 0.625000 0.250081
vt 0.625000 0.250076
vt 0.625000 0.250068
vt 0.625000 0.250055
vt 0.625000 0.250039
vt 0.625000 0.250020
vt 0.625000 0.277913
vt 0.625000 0.250000
vt 0.625000 0.250081
vt 0.625000 0.250651
vt 0.625000 0.252197
vt 0.625000 0.255208
vt 0.625000 0.260173
vt 0.625000 0.267578
vt 0.625000 0.256283
vt 0.625000 0.264300
vt 0.625000 0.252784
vt 0.625000 0.243988
vt 0.625000 0.270038
vt 0.625000 0.259041
vt 0.625000 0.273882
vt 0.625000 0.263211
vt 0.625000 0.276213
vt 0.625000 0.265736
vt 0.625000 0.277409
vt 0.625000 0.267032
vt 0.625000 0.277850
vt 0.625000 0.267510
vt 0.625000 0.245078
vt 0.625000 0.235875
vt 0.625000 0.251520
vt 0.625000 0.255754
vt 0.625000 0.258309
vt 0.625000 0.259620
vt 0.625000 0.260104
vt 0.625000 0.240858
vt 0.625000 0.231645
vt 0.625000 0.247101
vt 0.625000 0.251085
vt 0.625000 0.253469
vt 0.625000 0.254693
vt 0.625000 0.255144
vt 0.625000 0.239750
vt 0.625000 0.231037
vt 0.625000 0.245340
vt 0.625000 0.248735
vt 0.625000 0.250737
vt 0.625000 0.251765
vt 0.625000 0.252143
vt 0.625000 0.241167
vt 0.625000 0.233934
vt 0.625000 0.245519
vt 0.625000 0.248074
vt 0.625000 0.249564
vt 0.625000 0.250329
vt 0.625000 0.250611
vt 0.625000 0.244267
vt 0.625000 0.239970
vt 0.625000 0.246826
vt 0.625000 0.248430
vt 0.625000 0.249385
vt 0.625000 0.249875
vt 0.625000 0.250056
vt 0.625000 0.245605
vt 0.625000 0.249634
vt 0.625000 0.246646
vt 0.625000 0.230218
vt 0.625000 0.221734
vt 0.625000 0.218146
vt 0.625000 0.223362
vt 0.625000 0.232205
vt 0.625000 0.052420
vt 0.625000 0.098154
vt 0.625000 0.081201
vt 0.625000 0.041644
vt 0.625000 0.136009
vt 0.625000 0.116906
vt 0.625000 0.167233
vt 0.625000 0.148302
vt 0.625000 0.193189
vt 0.625000 0.175316
vt 0.625000 0.214561
vt 0.625000 0.198137
vt 0.625000 0.231862
vt 0.625000 0.217016
vt 0.625000 0.071830
vt 0.625000 0.036414
vt 0.625000 0.105292
vt 0.625000 0.136003
vt 0.625000 0.163323
vt 0.625000 0.187049
vt 0.625000 0.207092
vt 0.625000 0.066867
vt 0.625000 0.033749
vt 0.625000 0.098724
vt 0.625000 0.128689
vt 0.625000 0.156158
vt 0.625000 0.180637
vt 0.625000 0.201657
vt 0.625000 0.064129
vt 0.625000 0.032278
vt 0.625000 0.095128
vt 0.625000 0.124847
vt 0.625000 0.152799
vt 0.625000 0.178240
vt 0.625000 0.200338
vt 0.625000 0.062802
vt 0.625000 0.031532
vt 0.625000 0.093548
vt 0.625000 0.123508
vt 0.625000 0.152315
vt 0.625000 0.179182
vt 0.625000 0.202992
vt 0.625000 0.062416
vt 0.625000 0.031270
vt 0.625000 0.093313
vt 0.625000 0.123837
vt 0.625000 0.153790
vt 0.625000 0.182676
vt 0.625000 0.209451
vt 0.625000 0.990582
vt 0.625000 0.983288
vt 0.625000 0.990655
vt 0.625000 0.995048
vt 0.625000 0.978368
vt 0.625000 0.975274
vt 0.625000 0.984918
vt 0.625000 0.983475
vt 0.625000 0.972485
vt 0.625000 0.982461
vt 0.625000 0.995010
vt 0.625000 0.997408
vt 0.625000 0.992989
vt 0.625000 0.991469
vt 0.625000 0.989853
vt 0.625000 0.998712
vt 0.625000 0.995158
vt 0.625000 0.994805
vt 0.625000 0.998507
vt 0.625000 0.998169
vt 0.625000 0.997957
vt 0.625000 0.997809
vt 0.625000 0.999458
vt 0.625000 0.999395
vt 0.625000 0.999351
vt 0.625000 0.999961
vt 0.625000 0.999980
vt 0.625000 0.999932
vt 0.625000 0.125000
vt 0.625000 0.062500
vt 0.625000 0.218750
vt 0.625000 0.125000
vt 0.625000 0.250000
vt 0.625000 0.249998
vt 0.625000 0.250000
vt 0.625000 0.249994
vt 0.625000 0.249986
vt 0.625000 0.249976
vt 0.625000 0.249971
vt 0.625000 0.249981
vt 0.625000 0.249986
vt 0.625000 0.249998
vt 0.625000 0.249954
vt 0.625000 0.249805
vt 0.625000 0.249769
vt 0.625000 0.249849
vt 0.625000 0.249954
vt 0.625000 0.249994
vt 0.625000 0.249846
vt 0.625000 0.249634
vt 0.625000 0.249330
vt 0.625000 0.249127
vt 0.625000 0.249289
vt 0.625000 0.249289
vt 0.625000 0.249127
vt 0.625000 0.249849
vt 0.625000 0.249330
vt 0.625000 0.249634
vt 0.625000 0.249892
vt 0.625000 0.249846
vt 0.625000 0.249954
vt 0.625000 0.249954
vt 0.625000 0.249986
vt 0.625000 0.249998
vt 0.625000 0.249971
vt 0.625000 0.249998
vt 0.625000 0.250000
vt 0.625000 0.249981
vt 0.625000 0.249986
vt 0.625000 0.249994
vt 0.625000 0.249998
vt 0.625000 0.250000
vt 0.625000 0.249769
vt 0.625000 0.249289
vt 0.625000 0.249330
vt 0.625000 0.156250
s 1
usemtl blanc
f 1443/1/1443 1444/2/1444 1451/3/1451 1450/4/1450
f 1444/2/1444 1445/5/1445 1452/6/1452 1451/3/1451
f 1445/5/1445 1446/7/1446 1453/8/1453 1452/6/1452
f 1446/7/1446 1447/9/1447 1454/10/1454 1453/8/1453
f 1447/9/1447 1448/11/1448 1455/12/1455 1454/10/1454
f 1448/11/1448 1449/13/1449 1456/14/1456 1455/12/1455
f 1450/4/1450 1451/3/1451 1458/15/1458 1457/16/1457
f 1451/3/1451 1452/6/1452 1459/17/1459 1458/15/1458
f 1452/6/1452 1453/8/1453 1460/18/1460 1459/17/1459
f 1453/8/1453 1454/10/1454 1461/19/1461 1460/18/1460
f 1454/10/1454 1455/12/1455 1462/20/1462 1461/19/1461
f 1455/12/1455 1456/14/1456 1463/21/1463 1462/20/1462
f 1457/16/1457 1458/15/1458 1465/22/1465 1464/23/1464
f 1458/15/1458 1459/17/1459 1466/24/1466 1465/22/1465
f 1459/17/1459 1460/18/1460 1467/25/1467 1466/24/1466
f 1460/18/1460 1461/19/1461 1468/26/1468 1467/25/1467
f 1461/19/1461 1462/20/1462 1469/27/1469 1468/26/1468
f 1462/20/1462 1463/21/1463 1470/28/1470 1469/27/1469
f 1464/23/1464 1465/22/1465 1472/29/1472 1471/30/1471
f 1465/22/1465 1466/24/1466 1473/31/1473 1472/29/1472
f 1466/24/1466 1467/25/1467 1474/32/1474 1473/31/1473
f 1467/25/1467 1468/26/1468 1475/33/1475 1474/32/1474
f 1468/26/1468 1469/27/1469 1476/34/1476 1475/33/1475
f 1469/27/1469 1470/28/1470 1477/35/1477 1476/34/1476
f 1471/30/1471 1472/29/1472 1479/36/1479 1478/37/1478
f 1472/29/1472 1473/31/1473 1480/38/1480 1479/36/1479
f 1473/31/1473 1474/32/1474 1481/39/1481 1480/38/1480
f 1474/32/1474 1475/33/1475 1482/40/1482 1481/39/1481
f 1475/33/1475 1476/34/1476 1483/41/1483 1482/40/1482
f 1476/34/1476 1477/35/1477 1484/42/1484 1483/41/1483
f 1478/37/1478 1479/36/1479 1486/43/1486 1485/44/1485
f 1479/36/1479 1480/38/1480 1487/45/1487 1486/43/1486
f 1480/38/1480 1481/39/1481 1488/46/1488 1487/45/1487
f 1481/39/1481 1482/40/1482 1489/47/1489 1488/46/1488
f 1482/40/1482 1483/41/1483 1490/48/1490 1489/47/1489
f 1483/41/1483 1484/42/1484 1491/49/1491 1490/48/1490
f 9/50/9 106/51/106 1443/1/1443 232/52/232
f 106/51/106 107/53/107 1444/2/1444 1443/1/1443
f 107/53/107 108/54/108 1445/5/1445 1444/2/1444
f 108/54/108 109/55/109 1446/7/1446 1445/5/1445
f 109/55/109 110/56/110 1447/9/1447 1446/7/1446
f 110/56/110 111/57/111 1448/11/1448 1447/9/1447
f 111/57/111 112/58/112 1449/13/1449 1448/11/1448
f 112/58/112 2/59/2 113/60/113 1449/13/1449
f 1449/13/1449 113/60/113 114/61/114 1456/14/1456
f 1456/14/1456 114/61/114 115/62/115 1463/21/1463
f 1463/21/1463 115/62/115 116/63/116 1470/28/1470
f 1470/28/1470 116/63/116 117/64/117 1477/35/1477
f 1477/35/1477 117/64/117 118/65/118 1484/42/1484
f 1484/42/1484 118/65/118 119/66/119 1491/49/1491
f 1491/49/1491 119/66/119 4/67/4 190/68/190
f 1490/48/1490 1491/49/1491 190/68/190 191/69/191
f 1489/47/1489 1490/48/1490 191/69/191 192/70/192
f 1488/46/1488 1489/47/1489 192/70/192 193/71/193
f 1487/45/1487 1488/46/1488 193/71/193 194/72/194
f 1486/43/1486 1487/45/1487 194/72/194 195/73/195
f 1485/44/1485 1486/43/1486 195/73/195 196/74/196
f 238/75/238 1485/44/1485 196/74/196 10/76/10
f 237/77/237 1478/37/1478 1485/44/1485 238/75/238
f 236/78/236 1471/30/1471 1478/37/1478 237/77/237
f 235/79/235 1464/23/1464 1471/30/1471 236/78/236
f 234/80/234 1457/16/1457 1464/23/1464 235/79/235
f 233/81/233 1450/4/1450 1457/16/1457 234/80/234
f 232/52/232 1443/1/1443 1450/4/1450 233/81/233
f 1492/82/1492 1493/83/1493 1500/84/1500 1499/85/1499
f 1493/83/1493 1494/86/1494 1501/87/1501 1500/84/1500
f 1494/86/1494 1495/88/1495 1502/89/1502 1501/87/1501
f 1495/88/1495 1496/90/1496 1503/91/1503 1502/89/1502
f 1496/90/1496 1497/92/1497 1504/93/1504 1503/91/1503
f 1497/92/1497 1498/94/1498 1505/95/1505 1504/93/1504
f 1499/85/1499 1500/84/1500 1507/96/1507 1506/97/1506
f 1500/84/1500 1501/87/1501 1508/98/1508 1507/96/1507
f 1501/87/1501 1502/89/1502 1509/99/1509 1508/98/1508
f 1502/89/1502 1503/91/1503 1510/100/1510 1509/99/1509
f 1503/91/1503 1504/93/1504 1511/101/1511 1510/100/1510
f 1504/93/1504 1505/95/1505 1512/102/1512 1511/101/1511
f 1506/97/1506 1507/96/1507 1514/103/1514 1513/104/1513
f 1507/96/1507 1508/98/1508 1515/105/1515 1514/103/1514
f 1508/98/1508 1509/99/1509 1516/106/1516 1515/105/1515
f 1509/99/1509 1510/100/1510 1517/107/1517 1516/106/1516
f 1510/100/1510 1511/101/1511 1518/108/1518 1517/107/1517
f 1511/101/1511 1512/102/1512 1519/109/1519 1518/108/1518
f 1513/104/1513 1514/103/1514 1521/110/1521 1520/111/1520
f 1514/103/1514 1515/105/1515 1522/112/1522 1521/110/1521
f 1515/105/1515 1516/106/1516 1523/113/1523 1522/112/1522
f 1516/106/1516 1517/107/1517 1524/114/1524 1523/113/1523
f 1517/107/1517 1518/108/1518 1525/115/1525 1524/114/1524
f 1518/108/1518 1519/109/1519 1526/116/1526 1525/115/1525
f 1520/111/1520 1521/110/1521 1528/117/1528 1527/118/1527
f 1521/110/1521 1522/112/1522 1529/119/1529 1528/117/1528
f 1522/112/1522 1523/113/1523 1530/120/1530 1529/119/1529
f 1523/113/1523 1524/114/1524 1531/121/1531 1530/120/1530
f 1524/114/1524 1525/115/1525 1532/122/1532 1531/121/1531
f 1525/115/1525 1526/116/1526 1533/123/1533 1532/122/1532
f 1527/118/1527 1528/117/1528 1535/124/1535 1534/125/1534
f 1528/117/1528 1529/119/1529 1536/126/1536 1535/124/1535
f 1529/119/1529 1530/120/1530 1537/127/1537 1536/126/1536
f 1530/120/1530 1531/121/1531 1538/128/1538 1537/127/1537
f 1531/121/1531 1532/122/1532 1539/129/1539 1538/128/1538
f 1532/122/1532 1533/123/1533 1540/130/1540 1539/129/1539
f 10/76/10 196/74/196 1492/82/1492 225/131/225
f 196/74/196 195/73/195 1493/83/1493 1492/82/1492
f 195/73/195 194/72/194 1494/86/1494 1493/83/1493
f 194/72/194 193/71/193 1495/88/1495 1494/86/1494
f 193/71/193 192/70/192 1496/90/1496 1495/88/1495
f 192/70/192 191/69/191 1497/92/1497 1496/90/1496
f 191/69/191 190/68/190 1498/94/1498 1497/92/1497
f 190/68/190 4/67/4 134/132/134 1498/94/1498
f 1498/94/1498 134/132/134 135/133/135 1505/95/1505
f 1505/95/1505 135/133/135 136/134/136 1512/102/1512
f 1512/102/1512 136/134/136 137/135/137 1519/109/1519
f 1519/109/1519 137/135/137 138/136/138 1526/116/1526
f 1526/116/1526 138/136/138 139/137/139 1533/123/1533
f 1533/123/1533 139/137/139 140/138/140 1540/130/1540
f 1540/130/1540 140/138/140 8/139/8 197/140/197
f 1539/129/1539 1540/130/1540 197/140/197 198/141/198
f 1538/128/1538 1539/129/1539 198/141/198 199/142/199
f 1537/127/1537 1538/128/1538 199/142/199 200/143/200
f 1536/126/1536 1537/127/1537 200/143/200 201/144/201
f 1535/124/1535 1536/126/1536 201/144/201 202/145/202
f 1534/125/1534 1535/124/1535 202/145/202 203/146/203
f 231/147/231 1534/125/1534 203/146/203 11/148/11
f 230/149/230 1527/118/1527 1534/125/1534 231/147/231
f 229/150/229 1520/111/1520 1527/118/1527 230/149/230
f 228/151/228 1513/104/1513 1520/111/1520 229/150/229
f 227/152/227 1506/97/1506 1513/104/1513 228/151/228
f 226/153/226 1499/85/1499 1506/97/1506 227/152/227
f 225/131/225 1492/82/1492 1499/85/1499 226/153/226
f 1541/154/1541 1542/155/1542 1549/156/1549 1548/157/1548
f 1542/155/1542 1543/158/1543 1550/159/1550 1549/156/1549
f 1543/158/1543 1544/160/1544 1551/161/1551 1550/159/1550
f 1544/160/1544 1545/162/1545 1552/163/1552 1551/161/1551
f 1545/162/1545 1546/164/1546 1553/165/1553 1552/163/1552
f 1546/164/1546 1547/166/1547 1554/167/1554 1553/165/1553
f 1548/157/1548 1549/156/1549 1556/168/1556 1555/169/1555
f 1549/156/1549 1550/159/1550 1557/170/1557 1556/168/1556
f 1550/159/1550 1551/161/1551 1558/171/1558 1557/170/1557
f 1551/161/1551 1552/163/1552 1559/172/1559 1558/171/1558
f 1552/163/1552 1553/165/1553 1560/173/1560 1559/172/1559
f 1553/165/1553 1554/167/1554 1561/174/1561 1560/173/1560
f 1555/169/1555 1556/168/1556 1563/175/1563 1562/176/1562
f 1556/168/1556 1557/170/1557 1564/177/1564 1563/175/1563
f 1557/170/1557 1558/171/1558 1565/178/1565 1564/177/1564
f 1558/171/1558 1559/172/1559 1566/179/1566 1565/178/1565
f 1559/172/1559 1560/173/1560 1567/180/1567 1566/179/1566
f 1560/173/1560 1561/174/1561 1568/181/1568 1567/180/1567
f 1562/176/1562 1563/175/1563 1570/182/1570 1569/183/1569
f 1563/175/1563 1564/177/1564 1571/184/1571 1570/182/1570
f 1564/177/1564 1565/178/1565 1572/185/1572 1571/184/1571
f 1565/178/1565 1566/179/1566 1573/186/1573 1572/185/1572
f 1566/179/1566 1567/180/1567 1574/187/1574 1573/186/1573
f 1567/180/1567 1568/181/1568 1575/188/1575 1574/187/1574
f 1569/183/1569 1570/182/1570 1577/189/1577 1576/190/1576
f 1570/182/1570 1571/184/1571 1578/191/1578 1577/189/1577
f 1571/184/1571 1572/185/1572 1579/192/1579 1578/191/1578
f 1572/185/1572 1573/186/1573 1580/193/1580 1579/192/1579
f 1573/186/1573 1574/187/1574 1581/194/1581 1580/193/1580
f 1574/187/1574 1575/188/1575 1582/195/1582 1581/194/1581
f 1576/190/1576 1577/189/1577 1584/196/1584 1583/197/1583
f 1577/189/1577 1578/191/1578 1585/198/1585 1584/196/1584
f 1578/191/1578 1579/192/1579 1586/199/1586 1585/198/1585
f 1579/192/1579 1580/193/1580 1587/200/1587 1586/199/1586
f 1580/193/1580 1581/194/1581 1588/201/1588 1587/200/1587
f 1581/194/1581 1582/195/1582 1589/202/1589 1588/201/1588
f 11/148/11 203/146/203 1541/154/1541 218/203/218
f 203/146/203 202/145/202 1542/155/1542 1541/154/1541
f 202/145/202 201/144/201 1543/158/1543 1542/155/1542
f 201/144/201 200/143/200 1544/160/1544 1543/158/1543
f 200/143/200 199/142/199 1545/162/1545 1544/160/1544
f 199/142/199 198/141/198 1546/164/1546 1545/162/1545
f 198/141/198 197/140/197 1547/166/1547 1546/164/1546
f 197/140/197 8/139/8 155/204/155 1547/166/1547
f 1547/166/1547 155/204/155 156/205/156 1554/167/1554
f 1554/167/1554 156/205/156 157/206/157 1561/174/1561
f 1561/174/1561 157/206/157 158/207/158 1568/181/1568
f 1568/181/1568 158/207/158 159/208/159 1575/188/1575
f 1575/188/1575 159/208/159 160/209/160 1582/195/1582
f 1582/195/1582 160/209/160 161/210/161 1589/202/1589
f 1589/202/1589 161/210/161 6/211/6 204/212/204
f 1588/201/1588 1589/202/1589 204/212/204 205/213/205
f 1587/200/1587 1588/201/1588 205/213/205 206/214/206
f 1586/199/1586 1587/200/1587 206/214/206 207/215/207
f 1585/198/1585 1586/199/1586 207/215/207 208/216/208
f 1584/196/1584 1585/198/1585 208/216/208 209/217/209
f 1583/197/1583 1584/196/1584 209/217/209 210/218/210
f 224/219/224 1583/197/1583 210/218/210 12/220/12
f 223/221/223 1576/190/1576 1583/197/1583 224/219/224
f 222/222/222 1569/183/1569 1576/190/1576 223/221/223
f 221/223/221 1562/176/1562 1569/183/1569 222/222/222
f 220/224/220 1555/169/1555 1562/176/1562 221/223/221
f 219/225/219 1548/157/1548 1555/169/1555 220/224/220
f 218/203/218 1541/154/1541 1548/157/1548 219/225/219
f 1590/226/1590 1591/227/1591 1598/228/1598 1597/229/1597
f 1591/227/1591 1592/230/1592 1599/231/1599 1598/228/1598
f 1592/230/1592 1593/232/1593 1600/233/1600 1599/231/1599
f 1593/232/1593 1594/234/1594 1601/235/1601 1600/233/1600
f 1594/234/1594 1595/236/1595 1602/237/1602 1601/235/1601
f 1595/236/1595 1596/238/1596 1603/239/1603 1602/237/1602
f 1597/229/1597 1598/228/1598 1605/240/1605 1604/241/1604
f 1598/228/1598 1599/231/1599 1606/242/1606 1605/240/1605
f 1599/231/1599 1600/233/1600 1607/243/1607 1606/242/1606
f 1600/233/1600 1601/235/1601 1608/244/1608 1607/243/1607
f 1601/235/1601 1602/237/1602 1609/245/1609 1608/244/1608
f 1602/237/1602 1603/239/1603 1610/246/1610 1609/245/1609
f 1604/241/1604 1605/240/1605 1612/247/1612 1611/248/1611
f 1605/240/1605 1606/242/1606 1613/249/1613 1612/247/1612
f 1606/242/1606 1607/243/1607 1614/250/1614 1613/249/1613
f 1607/243/1607 1608/244/1608 1615/251/1615 1614/250/1614
f 1608/244/1608 1609/245/1609 1616/252/1616 1615/251/1615
f 1609/245/1609 1610/246/1610 1617/253/1617 1616/252/1616
f 1611/248/1611 1612/247/1612 1619/254/1619 1618/255/1618
f 1612/247/1612 1613/249/1613 1620/256/1620 1619/254/1619
f 1613/249/1613 1614/250/1614 1621/257/1621 1620/256/1620
f 1614/250/1614 1615/251/1615 1622/258/1622 1621/257/1621
f 1615/251/1615 1616/252/1616 1623/259/1623 1622/258/1622
f 1616/252/1616 1617/253/1617 1624/260/1624 1623/259/1623
f 1618/255/1618 1619/254/1619 1626/261/1626 1625/262/1625
f 1619/254/1619 1620/256/1620 1627/263/1627 1626/261/1626
f 1620/256/1620 1621/257/1621 1628/264/1628 1627/263/1627
f 1621/257/1621 1622/258/1622 1629/265/1629 1628/264/1628
f 1622/258/1622 1623/259/1623 1630/266/1630 1629/265/1629
f 1623/259/1623 1624/260/1624 1631/267/1631 1630/266/1630
f 1625/262/1625 1626/261/1626 1633/268/1633 1632/269/1632
f 1626/261/1626 1627/263/1627 1634/270/1634 1633/268/1633
f 1627/263/1627 1628/264/1628 1635/271/1635 1634/270/1634
f 1628/264/1628 1629/265/1629 1636/272/1636 1635/271/1635
f 1629/265/1629 1630/266/1630 1637/273/1637 1636/272/1636
f 1630/266/1630 1631/267/1631 1638/274/1638 1637/273/1637
f 12/220/12 210/218/210 1590/226/1590 211/275/211
f 210/218/210 209/217/209 1591/227/1591 1590/226/1590
f 209/217/209 208/216/208 1592/230/1592 1591/227/1591
f 208/216/208 207/215/207 1593/232/1593 1592/230/1592
f 207/215/207 206/214/206 1594/234/1594 1593/232/1593
f 206/214/206 205/213/205 1595/236/1595 1594/234/1594
f 205/213/205 204/212/204 1596/238/1596 1595/236/1595
f 204/212/204 6/211/6 176/276/176 1596/238/1596
f 1596/238/1596 176/276/176 177/277/177 1603/239/1603
f 1603/239/1603 177/277/177 178/278/178 1610/246/1610
f 1610/246/1610 178/278/178 179/279/179 1617/253/1617
f 1617/253/1617 179/279/179 180/280/180 1624/260/1624
f 1624/260/1624 180/280/180 181/281/181 1631/267/1631
f 1631/267/1631 181/281/181 182/282/182 1638/274/1638
f 1638/274/1638 182/282/182 2/283/2 112/284/112
f 1637/273/1637 1638/274/1638 112/284/112 111/285/111
f 1636/272/1636 1637/273/1637 111/285/111 110/286/110
f 1635/271/1635 1636/272/1636 110/286/110 109/287/109
f 1634/270/1634 1635/271/1635 109/287/109 108/288/108
f 1633/268/1633 1634/270/1634 108/288/108 107/289/107
f 1632/269/1632 1633/268/1633 107/289/107 106/290/106
f 217/291/217 1632/269/1632 106/290/106 9/292/9
f 216/293/216 1625/262/1625 1632/269/1632 217/291/217
f 215/294/215 1618/255/1618 1625/262/1625 216/293/216
f 214/295/214 1611/248/1611 1618/255/1618 215/294/215
f 213/296/213 1604/241/1604 1611/248/1611 214/295/214
f 212/297/212 1597/229/1597 1604/241/1604 213/296/213
f 211/275/211 1590/226/1590 1597/229/1597 212/297/212
f 1639/298/1639 1640/299/1640 1647/300/1647 1646/301/1646
f 1640/299/1640 1641/302/1641 1648/303/1648 1647/300/1647
f 1641/302/1641 1642/304/1642 1649/305/1649 1648/303/1648
f 1642/304/1642 1643/306/1643 1650/307/1650 1649/305/1649
f 1643/306/1643 1644/308/1644 1651/309/1651 1650/307/1650
f 1644/308/1644 1645/310/1645 1652/311/1652 1651/309/1651
f 1646/301/1646 1647/300/1647 1654/312/1654 1653/313/1653
f 1647/300/1647 1648/303/1648 1655/314/1655 1654/312/1654
f 1648/303/1648 1649/305/1649 1656/315/1656 1655/314/1655
f 1649/305/1649 1650/307/1650 1657/316/1657 1656/315/1656
f 1650/307/1650 1651/309/1651 1658/317/1658 1657/316/1657
f 1651/309/1651 1652/311/1652 1659/318/1659 1658/317/1658
f 1653/313/1653 1654/312/1654 1661/319/1661 1660/320/1660
f 1654/312/1654 1655/314/1655 1662/321/1662 1661/319/1661
f 1655/314/1655 1656/315/1656 1663/322/1663 1662/321/1662
f 1656/315/1656 1657/316/1657 1664/323/1664 1663/322/1663
f 1657/316/1657 1658/317/1658 1665/324/1665 1664/323/1664
f 1658/317/1658 1659/318/1659 1666/325/1666 1665/324/1665
f 1660/320/1660 1661/319/1661 1668/326/1668 1667/327/1667
f 1661/319/1661 1662/321/1662 1669/328/1669 1668/326/1668
f 1662/321/1662 1663/322/1663 1670/329/1670 1669/328/1669
f 1663/322/1663 1664/323/1664 1671/330/1671 1670/329/1670
f 1664/323/1664 1665/324/1665 1672/331/1672 1671/330/1671
f 1665/324/1665 1666/325/1666 1673/332/1673 1672/331/1672
f 1667/327/1667 1668/326/1668 1675/333/1675 1674/334/1674
f 1668/326/1668 1669/328/1669 1676/335/1676 1675/333/1675
f 1669/328/1669 1670/329/1670 1677/336/1677 1676/335/1676
f 1670/329/1670 1671/330/1671 1678/337/1678 1677/336/1677
f 1671/330/1671 1672/331/1672 1679/338/1679 1678/337/1678
f 1672/331/1672 1673/332/1673 1680/339/1680 1679/338/1679
f 1674/334/1674 1675/333/1675 1682/340/1682 1681/341/1681
f 1675/333/1675 1676/335/1676 1683/342/1683 1682/340/1682
f 1676/335/1676 1677/336/1677 1684/343/1684 1683/342/1683
f 1677/336/1677 1678/337/1678 1685/344/1685 1684/343/1684
f 1678/337/1678 1679/338/1679 1686/345/1686 1685/344/1685
f 1679/338/1679 1680/339/1680 1687/346/1687 1686/345/1686
f 3/347/3 133/348/133 1639/298/1639 99/349/99
f 133/348/133 132/350/132 1640/299/1640 1639/298/1639
f 132/350/132 131/351/131 1641/302/1641 1640/299/1640
f 131/351/131 130/352/130 1642/304/1642 1641/302/1641
f 130/352/130 129/353/129 1643/306/1643 1642/304/1642
f 129/353/129 128/354/128 1644/308/1644 1643/306/1643
f 128/354/128 127/355/127 1645/310/1645 1644/308/1644
f 127/355/127 7/356/7 154/357/154 1645/310/1645
f 1645/310/1645 154/357/154 153/358/153 1652/311/1652
f 1652/311/1652 153/358/153 152/359/152 1659/318/1659
f 1659/318/1659 152/359/152 151/360/151 1666/325/1666
f 1666/325/1666 151/360/151 150/361/150 1673/332/1673
f 1673/332/1673 150/361/150 149/362/149 1680/339/1680
f 1680/339/1680 149/362/149 148/363/148 1687/346/1687
f 1687/346/1687 148/363/148 5/364/5 175/365/175
f 1686/345/1686 1687/346/1687 175/365/175 174/366/174
f 1685/344/1685 1686/345/1686 174/366/174 173/367/173
f 1684/343/1684 1685/344/1685 173/367/173 172/368/172
f 1683/342/1683 1684/343/1684 172/368/172 171/369/171
f 1682/340/1682 1683/342/1683 171/369/171 170/370/170
f 1681/341/1681 1682/340/1682 170/370/170 169/371/169
f 105/372/105 1681/341/1681 169/371/169 1/373/1
f 104/374/104 1674/334/1674 1681/341/1681 105/372/105
f 103/375/103 1667/327/1667 1674/334/1674 104/374/104
f 102/376/102 1660/320/1660 1667/327/1667 103/375/103
f 101/377/101 1653/313/1653 1660/320/1660 102/376/102
f 100/378/100 1646/301/1646 1653/313/1653 101/377/101
f 99/349/99 1639/298/1639 1646/301/1646 100/378/100
f 1688/379/1688 1689/380/1689 1696/381/1696 1695/382/1695
f 1689/380/1689 1690/383/1690 1697/384/1697 1696/381/1696
f 1690/383/1690 1691/385/1691 1698/386/1698 1697/384/1697
f 1691/385/1691 1692/387/1692 1699/388/1699 1698/386/1698
f 1692/387/1692 1693/389/1693 1700/390/1700 1699/388/1699
f 1693/389/1693 1694/391/1694 1701/392/1701 1700/390/1700
f 1695/382/1695 1696/381/1696 1703/393/1703 1702/394/1702
f 1696/381/1696 1697/384/1697 1704/395/1704 1703/393/1703
f 1697/384/1697 1698/386/1698 1705/396/1705 1704/395/1704
f 1698/386/1698 1699/388/1699 1706/397/1706 1705/396/1705
f 1699/388/1699 1700/390/1700 1707/398/1707 1706/397/1706
f 1700/390/1700 1701/392/1701 1708/391/1708 1707/398/1707
f 1702/394/1702 1703/393/1703 1710/399/1710 1709/400/1709
f 1703/393/1703 1704/395/1704 1711/383/1711 1710/399/1710
f 1704/395/1704 1705/396/1705 1712/385/1712 1711/383/1711
f 1705/396/1705 1706/397/1706 1713/401/1713 1712/385/1712
f 1706/397/1706 1707/398/1707 1714/389/1714 1713/401/1713
f 1707/398/1707 1708/391/1708 1715/402/1715 1714/389/1714
f 1709/400/1709 1710/399/1710 1717/403/1717 1716/382/1716
f 1710/399/1710 1711/383/1711 1718/404/1718 1717/403/1717
f 1711/383/1711 1712/385/1712 1719/396/1719 1718/404/1718
f 1712/385/1712 1713/401/1713 1720/405/1720 1719/396/1719
f 1713/401/1713 1714/389/1714 1721/390/1721 1720/405/1720
f 1714/389/1714 1715/402/1715 1722/392/1722 1721/390/1721
f 1716/382/1716 1717/403/1717 1724/406/1724 1723/407/1723
f 1717/403/1717 1718/404/1718 1725/404/1725 1724/406/1724
f 1718/404/1718 1719/396/1719 1726/396/1726 1725/404/1725
f 1719/396/1719 1720/405/1720 1727/408/1727 1726/396/1726
f 1720/405/1720 1721/390/1721 1728/398/1728 1727/408/1727
f 1721/390/1721 1722/392/1722 1729/391/1729 1728/398/1728
f 1723/407/1723 1724/406/1724 1731/399/1731 1730/407/1730
f 1724/406/1724 1725/404/1725 1732/395/1732 1731/399/1731
f 1725/404/1725 1726/396/1726 1733/409/1733 1732/395/1732
f 1726/396/1726 1727/408/1727 1734/401/1734 1733/409/1733
f 1727/408/1727 1728/398/1728 1735/410/1735 1734/401/1734
f 1728/398/1728 1729/391/1729 1736/411/1736 1735/410/1735
f 35/412/35 588/413/588 1688/379/1688 553/414/553
f 588/413/588 587/415/587 1689/380/1689 1688/379/1688
f 587/415/587 586/395/586 1690/383/1690 1689/380/1689
f 586/395/586 585/416/585 1691/385/1691 1690/383/1690
f 585/416/585 584/397/584 1692/387/1692 1691/385/1691
f 584/397/584 583/398/583 1693/389/1693 1692/387/1692
f 583/398/583 582/391/582 1694/391/1694 1693/389/1693
f 582/391/582 33/417/33 267/418/267 1694/391/1694
f 1694/391/1694 267/418/267 268/419/268 1701/392/1701
f 1701/392/1701 268/419/268 269/419/269 1708/391/1708
f 1708/391/1708 269/419/269 270/420/270 1715/402/1715
f 1715/402/1715 270/420/270 271/419/271 1722/392/1722
f 1722/392/1722 271/419/271 272/417/272 1729/391/1729
f 1729/391/1729 272/417/272 273/418/273 1736/411/1736
f 1736/411/1736 273/418/273 14/417/14 246/391/246
f 1735/410/1735 1736/411/1736 246/391/246 247/398/247
f 1734/401/1734 1735/410/1735 247/398/247 248/397/248
f 1733/409/1733 1734/401/1734 248/397/248 249/416/249
f 1732/395/1732 1733/409/1733 249/416/249 250/395/250
f 1731/399/1731 1732/395/1732 250/395/250 251/415/251
f 1730/407/1730 1731/399/1731 251/415/251 252/413/252
f 547/412/547 1730/407/1730 252/413/252 15/412/15
f 548/421/548 1723/407/1723 1730/407/1730 547/412/547
f 549/422/549 1716/382/1716 1723/407/1723 548/421/548
f 550/423/550 1709/400/1709 1716/382/1716 549/422/549
f 551/424/551 1702/394/1702 1709/400/1709 550/423/550
f 552/422/552 1695/382/1695 1702/394/1702 551/424/551
f 553/414/553 1688/379/1688 1695/382/1695 552/422/552
f 1737/425/1737 1738/426/1738 1745/427/1745 1744/428/1744
f 1738/426/1738 1739/429/1739 1746/430/1746 1745/427/1745
f 1739/429/1739 1740/431/1740 1747/432/1747 1746/430/1746
f 1740/431/1740 1741/433/1741 1748/434/1748 1747/432/1747
f 1741/433/1741 1742/435/1742 1749/436/1749 1748/434/1748
f 1742/435/1742 1743/437/1743 1750/438/1750 1749/436/1749
f 1744/428/1744 1745/427/1745 1752/439/1752 1751/440/1751
f 1745/427/1745 1746/430/1746 1753/441/1753 1752/439/1752
f 1746/430/1746 1747/432/1747 1754/442/1754 1753/441/1753
f 1747/432/1747 1748/434/1748 1755/443/1755 1754/442/1754
f 1748/434/1748 1749/436/1749 1756/444/1756 1755/443/1755
f 1749/436/1749 1750/438/1750 1757/445/1757 1756/444/1756
f 1751/440/1751 1752/439/1752 1759/446/1759 1758/447/1758
f 1752/439/1752 1753/441/1753 1760/448/1760 1759/446/1759
f 1753/441/1753 1754/442/1754 1761/449/1761 1760/448/1760
f 1754/442/1754 1755/443/1755 1762/450/1762 1761/449/1761
f 1755/443/1755 1756/444/1756 1763/451/1763 1762/450/1762
f 1756/444/1756 1757/445/1757 1764/452/1764 1763/451/1763
f 1758/447/1758 1759/446/1759 1766/453/1766 1765/454/1765
f 1759/446/1759 1760/448/1760 1767/455/1767 1766/453/1766
f 1760/448/1760 1761/449/1761 1768/456/1768 1767/455/1767
f 1761/449/1761 1762/450/1762 1769/457/1769 1768/456/1768
f 1762/450/1762 1763/451/1763 1770/458/1770 1769/457/1769
f 1763/451/1763 1764/452/1764 1771/459/1771 1770/458/1770
f 1765/454/1765 1766/453/1766 1773/460/1773 1772/461/1772
f 1766/453/1766 1767/455/1767 1774/462/1774 1773/460/1773
f 1767/455/1767 1768/456/1768 1775/463/1775 1774/462/1774
f 1768/456/1768 1769/457/1769 1776/464/1776 1775/463/1775
f 1769/457/1769 1770/458/1770 1777/465/1777 1776/464/1776
f 1770/458/1770 1771/459/1771 1778/466/1778 1777/465/1777
f 1772/461/1772 1773/460/1773 1780/467/1780 1779/468/1779
f 1773/460/1773 1774/462/1774 1781/469/1781 1780/467/1780
f 1774/462/1774 1775/463/1775 1782/470/1782 1781/469/1781
f 1775/463/1775 1776/464/1776 1783/471/1783 1782/470/1782
f 1776/464/1776 1777/465/1777 1784/472/1784 1783/471/1783
f 1777/465/1777 1778/466/1778 1785/473/1785 1784/472/1784
f 27/474/27 427/475/427 1737/425/1737 456/476/456
f 427/475/427 426/477/426 1738/426/1738 1737/425/1737
f 426/477/426 425/478/425 1739/429/1739 1738/426/1738
f 425/478/425 424/479/424 1740/431/1740 1739/429/1739
f 424/479/424 423/480/423 1741/433/1741 1740/431/1740
f 423/480/423 422/481/422 1742/435/1742 1741/433/1741
f 422/481/422 421/482/421 1743/437/1743 1742/435/1742
f 421/482/421 12/220/12 211/275/211 1743/437/1743
f 1743/437/1743 211/275/211 212/297/212 1750/438/1750
f 1750/438/1750 212/297/212 213/296/213 1757/445/1757
f 1757/445/1757 213/296/213 214/295/214 1764/452/1764
f 1764/452/1764 214/295/214 215/294/215 1771/459/1771
f 1771/459/1771 215/294/215 216/293/216 1778/466/1778
f 1778/466/1778 216/293/216 217/291/217 1785/473/1785
f 1785/473/1785 217/291/217 9/292/9 189/483/189
f 1784/472/1784 1785/473/1785 189/483/189 188/484/188
f 1783/471/1783 1784/472/1784 188/484/188 187/485/187
f 1782/470/1782 1783/471/1783 187/485/187 186/486/186
f 1781/469/1781 1782/470/1782 186/486/186 185/487/185
f 1780/467/1780 1781/469/1781 185/487/185 184/488/184
f 1779/468/1779 1780/467/1780 184/488/184 183/489/183
f 462/490/462 1779/468/1779 183/489/183 28/491/28
f 461/492/461 1772/461/1772 1779/468/1779 462/490/462
f 460/493/460 1765/454/1765 1772/461/1772 461/492/461
f 459/494/459 1758/447/1758 1765/454/1765 460/493/460
f 458/495/458 1751/440/1751 1758/447/1758 459/494/459
f 457/496/457 1744/428/1744 1751/440/1751 458/495/458
f 456/476/456 1737/425/1737 1744/428/1744 457/496/457
f 1786/497/1786 1787/498/1787 1794/499/1794 1793/500/1793
f 1787/498/1787 1788/501/1788 1795/502/1795 1794/499/1794
f 1788/501/1788 1789/503/1789 1796/504/1796 1795/502/1795
f 1789/503/1789 1790/505/1790 1797/506/1797 1796/504/1796
f 1790/505/1790 1791/507/1791 1798/508/1798 1797/506/1797
f 1791/507/1791 1792/509/1792 1799/510/1799 1798/508/1798
f 1793/500/1793 1794/499/1794 1801/511/1801 1800/512/1800
f 1794/499/1794 1795/502/1795 1802/513/1802 1801/511/1801
f 1795/502/1795 1796/504/1796 1803/514/1803 1802/513/1802
f 1796/504/1796 1797/506/1797 1804/515/1804 1803/514/1803
f 1797/506/1797 1798/508/1798 1805/516/1805 1804/515/1804
f 1798/508/1798 1799/510/1799 1806/517/1806 1805/516/1805
f 1800/512/1800 1801/511/1801 1808/518/1808 1807/519/1807
f 1801/511/1801 1802/513/1802 1809/520/1809 1808/518/1808
f 1802/513/1802 1803/514/1803 1810/521/1810 1809/520/1809
f 1803/514/1803 1804/515/1804 1811/522/1811 1810/521/1810
f 1804/515/1804 1805/516/1805 1812/523/1812 1811/522/1811
f 1805/516/1805 1806/517/1806 1813/524/1813 1812/523/1812
f 1807/519/1807 1808/518/1808 1815/525/1815 1814/526/1814
f 1808/518/1808 1809/520/1809 1816/527/1816 1815/525/1815
f 1809/520/1809 1810/521/1810 1817/528/1817 1816/527/1816
f 1810/521/1810 1811/522/1811 1818/529/1818 1817/528/1817
f 1811/522/1811 1812/523/1812 1819/530/1819 1818/529/1818
f 1812/523/1812 1813/524/1813 1820/531/1820 1819/530/1819
f 1814/526/1814 1815/525/1815 1822/532/1822 1821/533/1821
f 1815/525/1815 1816/527/1816 1823/534/1823 1822/532/1822
f 1816/527/1816 1817/528/1817 1824/535/1824 1823/534/1823
f 1817/528/1817 1818/529/1818 1825/536/1825 1824/535/1824
f 1818/529/1818 1819/530/1819 1826/537/1826 1825/536/1825
f 1819/530/1819 1820/531/1820 1827/538/1827 1826/537/1826
f 1821/533/1821 1822/532/1822 1829/539/1829 1828/540/1828
f 1822/532/1822 1823/534/1823 1830/541/1830 1829/539/1829
f 1823/534/1823 1824/535/1824 1831/542/1831 1830/541/1830
f 1824/535/1824 1825/536/1825 1832/543/1832 1831/542/1831
f 1825/536/1825 1826/537/1826 1833/544/1833 1832/543/1832
f 1826/537/1826 1827/538/1827 1834/545/1834 1833/544/1833
f 26/546/26 420/547/420 1786/497/1786 449/548/449
f 420/547/420 419/549/419 1787/498/1787 1786/497/1786
f 419/549/419 418/550/418 1788/501/1788 1787/498/1787
f 418/550/418 417/551/417 1789/503/1789 1788/501/1788
f 417/551/417 416/552/416 1790/505/1790 1789/503/1789
f 416/552/416 415/553/415 1791/507/1791 1790/505/1790
f 415/553/415 414/554/414 1792/509/1792 1791/507/1791
f 414/554/414 11/148/11 218/203/218 1792/509/1792
f 1792/509/1792 218/203/218 219/225/219 1799/510/1799
f 1799/510/1799 219/225/219 220/224/220 1806/517/1806
f 1806/517/1806 220/224/220 221/223/221 1813/524/1813
f 1813/524/1813 221/223/221 222/222/222 1820/531/1820
f 1820/531/1820 222/222/222 223/221/223 1827/538/1827
f 1827/538/1827 223/221/223 224/219/224 1834/545/1834
f 1834/545/1834 224/219/224 12/220/12 421/482/421
f 1833/544/1833 1834/545/1834 421/482/421 422/481/422
f 1832/543/1832 1833/544/1833 422/481/422 423/480/423
f 1831/542/1831 1832/543/1832 423/480/423 424/479/424
f 1830/541/1830 1831/542/1831 424/479/424 425/478/425
f 1829/539/1829 1830/541/1830 425/478/425 426/477/426
f 1828/540/1828 1829/539/1829 426/477/426 427/475/427
f 455/555/455 1828/540/1828 427/475/427 27/474/27
f 454/556/454 1821/533/1821 1828/540/1828 455/555/455
f 453/557/453 1814/526/1814 1821/533/1821 454/556/454
f 452/558/452 1807/519/1807 1814/526/1814 453/557/453
f 451/559/451 1800/512/1800 1807/519/1807 452/558/452
f 450/560/450 1793/500/1793 1800/512/1800 451/559/451
f 449/548/449 1786/497/1786 1793/500/1793 450/560/450
f 1835/561/1835 1836/562/1836 1843/563/1843 1842/564/1842
f 1836/562/1836 1837/565/1837 1844/566/1844 1843/563/1843
f 1837/565/1837 1838/567/1838 1845/568/1845 1844/566/1844
f 1838/567/1838 1839/569/1839 1846/570/1846 1845/568/1845
f 1839/569/1839 1840/571/1840 1847/572/1847 1846/570/1846
f 1840/571/1840 1841/573/1841 1848/574/1848 1847/572/1847
f 1842/564/1842 1843/563/1843 1850/575/1850 1849/576/1849
f 1843/563/1843 1844/566/1844 1851/577/1851 1850/575/1850
f 1844/566/1844 1845/568/1845 1852/578/1852 1851/577/1851
f 1845/568/1845 1846/570/1846 1853/579/1853 1852/578/1852
f 1846/570/1846 1847/572/1847 1854/580/1854 1853/579/1853
f 1847/572/1847 1848/574/1848 1855/581/1855 1854/580/1854
f 1849/576/1849 1850/575/1850 1857/582/1857 1856/583/1856
f 1850/575/1850 1851/577/1851 1858/584/1858 1857/582/1857
f 1851/577/1851 1852/578/1852 1859/585/1859 1858/584/1858
f 1852/578/1852 1853/579/1853 1860/586/1860 1859/585/1859
f 1853/579/1853 1854/580/1854 1861/587/1861 1860/586/1860
f 1854/580/1854 1855/581/1855 1862/588/1862 1861/587/1861
f 1856/583/1856 1857/582/1857 1864/589/1864 1863/590/1863
f 1857/582/1857 1858/584/1858 1865/591/1865 1864/589/1864
f 1858/584/1858 1859/585/1859 1866/592/1866 1865/591/1865
f 1859/585/1859 1860/586/1860 1867/593/1867 1866/592/1866
f 1860/586/1860 1861/587/1861 1868/594/1868 1867/593/1867
f 1861/587/1861 1862/588/1862 1869/595/1869 1868/594/1868
f 1863/590/1863 1864/589/1864 1871/596/1871 1870/597/1870
f 1864/589/1864 1865/591/1865 1872/598/1872 1871/596/1871
f 1865/591/1865 1866/592/1866 1873/599/1873 1872/598/1872
f 1866/592/1866 1867/593/1867 1874/600/1874 1873/599/1873
f 1867/593/1867 1868/594/1868 1875/601/1875 1874/600/1874
f 1868/594/1868 1869/595/1869 1876/602/1876 1875/601/1875
f 1870/597/1870 1871/596/1871 1878/603/1878 1877/604/1877
f 1871/596/1871 1872/598/1872 1879/605/1879 1878/603/1878
f 1872/598/1872 1873/599/1873 1880/606/1880 1879/605/1879
f 1873/599/1873 1874/600/1874 1881/607/1881 1880/606/1880
f 1874/600/1874 1875/601/1875 1882/608/1882 1881/607/1881
f 1875/601/1875 1876/602/1876 1883/609/1883 1882/608/1882
f 25/610/25 413/611/413 1835/561/1835 442/612/442
f 413/611/413 412/613/412 1836/562/1836 1835/561/1835
f 412/613/412 411/614/411 1837/565/1837 1836/562/1836
f 411/614/411 410/615/410 1838/567/1838 1837/565/1837
f 410/615/410 409/616/409 1839/569/1839 1838/567/1838
f 409/616/409 408/617/408 1840/571/1840 1839/569/1839
f 408/617/408 407/618/407 1841/573/1841 1840/571/1840
f 407/618/407 10/76/10 225/131/225 1841/573/1841
f 1841/573/1841 225/131/225 226/153/226 1848/574/1848
f 1848/574/1848 226/153/226 227/152/227 1855/581/1855
f 1855/581/1855 227/152/227 228/151/228 1862/588/1862
f 1862/588/1862 228/151/228 229/150/229 1869/595/1869
f 1869/595/1869 229/150/229 230/149/230 1876/602/1876
f 1876/602/1876 230/149/230 231/147/231 1883/609/1883
f 1883/609/1883 231/147/231 11/148/11 414/554/414
f 1882/608/1882 1883/609/1883 414/554/414 415/553/415
f 1881/607/1881 1882/608/1882 415/553/415 416/552/416
f 1880/606/1880 1881/607/1881 416/552/416 417/551/417
f 1879/605/1879 1880/606/1880 417/551/417 418/550/418
f 1878/603/1878 1879/605/1879 418/550/418 419/549/419
f 1877/604/1877 1878/603/1878 419/549/419 420/547/420
f 448/619/448 1877/604/1877 420/547/420 26/546/26
f 447/620/447 1870/597/1870 1877/604/1877 448/619/448
f 446/621/446 1863/590/1863 1870/597/1870 447/620/447
f 445/622/445 1856/583/1856 1863/590/1863 446/621/446
f 444/623/444 1849/576/1849 1856/583/1856 445/622/445
f 443/624/443 1842/564/1842 1849/576/1849 444/623/444
f 442/612/442 1835/561/1835 1842/564/1842 443/624/443
f 1884/625/1884 1885/626/1885 1892/627/1892 1891/628/1891
f 1885/626/1885 1886/629/1886 1893/630/1893 1892/627/1892
f 1886/629/1886 1887/631/1887 1894/632/1894 1893/630/1893
f 1887/631/1887 1888/633/1888 1895/634/1895 1894/632/1894
f 1888/633/1888 1889/635/1889 1896/636/1896 1895/634/1895
f 1889/635/1889 1890/637/1890 1897/638/1897 1896/636/1896
f 1891/628/1891 1892/627/1892 1899/639/1899 1898/640/1898
f 1892/627/1892 1893/630/1893 1900/641/1900 1899/639/1899
f 1893/630/1893 1894/632/1894 1901/642/1901 1900/641/1900
f 1894/632/1894 1895/634/1895 1902/643/1902 1901/642/1901
f 1895/634/1895 1896/636/1896 1903/644/1903 1902/643/1902
f 1896/636/1896 1897/638/1897 1904/645/1904 1903/644/1903
f 1898/640/1898 1899/639/1899 1906/646/1906 1905/647/1905
f 1899/639/1899 1900/641/1900 1907/648/1907 1906/646/1906
f 1900/641/1900 1901/642/1901 1908/649/1908 1907/648/1907
f 1901/642/1901 1902/643/1902 1909/650/1909 1908/649/1908
f 1902/643/1902 1903/644/1903 1910/651/1910 1909/650/1909
f 1903/644/1903 1904/645/1904 1911/652/1911 1910/651/1910
f 1905/647/1905 1906/646/1906 1913/653/1913 1912/654/1912
f 1906/646/1906 1907/648/1907 1914/655/1914 1913/653/1913
f 1907/648/1907 1908/649/1908 1915/656/1915 1914/655/1914
f 1908/649/1908 1909/650/1909 1916/657/1916 1915/656/1915
f 1909/650/1909 1910/651/1910 1917/658/1917 1916/657/1916
f 1910/651/1910 1911/652/1911 1918/659/1918 1917/658/1917
f 1912/654/1912 1913/653/1913 1920/660/1920 1919/661/1919
f 1913/653/1913 1914/655/1914 1921/662/1921 1920/660/1920
f 1914/655/1914 1915/656/1915 1922/663/1922 1921/662/1921
f 1915/656/1915 1916/657/1916 1923/664/1923 1922/663/1922
f 1916/657/1916 1917/658/1917 1924/665/1924 1923/664/1923
f 1917/658/1917 1918/659/1918 1925/666/1925 1924/665/1924
f 1919/661/1919 1920/660/1920 1927/667/1927 1926/668/1926
f 1920/660/1920 1921/662/1921 1928/669/1928 1927/667/1927
f 1921/662/1921 1922/663/1922 1929/670/1929 1928/669/1928
f 1922/663/1922 1923/664/1923 1930/671/1930 1929/670/1929
f 1923/664/1923 1924/665/1924 1931/672/1931 1930/671/1930
f 1924/665/1924 1925/666/1925 1932/673/1932 1931/672/1931
f 28/674/28 183/675/183 1884/625/1884 435/676/435
f 183/675/183 184/677/184 1885/626/1885 1884/625/1884
f 184/677/184 185/678/185 1886/629/1886 1885/626/1885
f 185/678/185 186/679/186 1887/631/1887 1886/629/1886
f 186/679/186 187/680/187 1888/633/1888 1887/631/1887
f 187/680/187 188/681/188 1889/635/1889 1888/633/1888
f 188/681/188 189/682/189 1890/637/1890 1889/635/1889
f 189/682/189 9/50/9 232/52/232 1890/637/1890
f 1890/637/1890 232/52/232 233/81/233 1897/638/1897
f 1897/638/1897 233/81/233 234/80/234 1904/645/1904
f 1904/645/1904 234/80/234 235/79/235 1911/652/1911
f 1911/652/1911 235/79/235 236/78/236 1918/659/1918
f 1918/659/1918 236/78/236 237/77/237 1925/666/1925
f 1925/666/1925 237/77/237 238/75/238 1932/673/1932
f 1932/673/1932 238/75/238 10/76/10 407/618/407
f 1931/672/1931 1932/673/1932 407/618/407 408/617/408
f 1930/671/1930 1931/672/1931 408/617/408 409/616/409
f 1929/670/1929 1930/671/1930 409/616/409 410/615/410
f 1928/669/1928 1929/670/1929 410/615/410 411/614/411
f 1927/667/1927 1928/669/1928 411/614/411 412/613/412
f 1926/668/1926 1927/667/1927 412/613/412 413/611/413
f 441/683/441 1926/668/1926 413/611/413 25/610/25
f 440/684/440 1919/661/1919 1926/668/1926 441/683/441
f 439/685/439 1912/654/1912 1919/661/1919 440/684/440
f 438/686/438 1905/647/1905 1912/654/1912 439/685/439
f 437/687/437 1898/640/1898 1905/647/1905 438/686/438
f 436/688/436 1891/628/1891 1898/640/1898 437/687/437
f 435/676/435 1884/625/1884 1891/628/1891 436/688/436
f 1933/689/1933 1934/690/1934 1941/691/1941 1940/692/1940
f 1934/690/1934 1935/693/1935 1942/694/1942 1941/691/1941
f 1935/693/1935 1936/695/1936 1943/696/1943 1942/694/1942
f 1936/695/1936 1937/697/1937 1944/698/1944 1943/696/1943
f 1937/697/1937 1938/699/1938 1945/700/1945 1944/698/1944
f 1938/699/1938 1939/701/1939 1946/702/1946 1945/700/1945
f 1940/692/1940 1941/691/1941 1948/690/1948 1947/703/1947
f 1941/691/1941 1942/694/1942 1949/704/1949 1948/690/1948
f 1942/694/1942 1943/696/1943 1950/705/1950 1949/704/1949
f 1943/696/1943 1944/698/1944 1951/697/1951 1950/705/1950
f 1944/698/1944 1945/700/1945 1952/706/1952 1951/697/1951
f 1945/700/1945 1946/702/1946 1953/707/1953 1952/706/1952
f 1947/703/1947 1948/690/1948 1955/690/1955 1954/689/1954
f 1948/690/1948 1949/704/1949 1956/708/1956 1955/690/1955
f 1949/704/1949 1950/705/1950 1957/695/1957 1956/708/1956
f 1950/705/1950 1951/697/1951 1958/709/1958 1957/695/1957
f 1951/697/1951 1952/706/1952 1959/699/1959 1958/709/1958
f 1952/706/1952 1953/707/1953 1960/710/1960 1959/699/1959
f 1954/689/1954 1955/690/1955 1962/691/1962 1961/692/1961
f 1955/690/1955 1956/708/1956 1963/711/1963 1962/691/1962
f 1956/708/1956 1957/695/1957 1964/712/1964 1963/711/1963
f 1957/695/1957 1958/709/1958 1965/713/1965 1964/712/1964
f 1958/709/1958 1959/699/1959 1966/714/1966 1965/713/1965
f 1959/699/1959 1960/710/1960 1967/702/1967 1966/714/1966
f 1961/692/1961 1962/691/1962 1969/715/1969 1968/703/1968
f 1962/691/1962 1963/711/1963 1970/694/1970 1969/715/1969
f 1963/711/1963 1964/712/1964 1971/712/1971 1970/694/1970
f 1964/712/1964 1965/713/1965 1972/716/1972 1971/712/1971
f 1965/713/1965 1966/714/1966 1973/706/1973 1972/716/1972
f 1966/714/1966 1967/702/1967 1974/701/1974 1973/706/1973
f 1968/703/1968 1969/715/1969 1976/690/1976 1975/717/1975
f 1969/715/1969 1970/694/1970 1977/704/1977 1976/690/1976
f 1970/694/1970 1971/712/1971 1978/718/1978 1977/704/1977
f 1971/712/1971 1972/716/1972 1979/697/1979 1978/718/1978
f 1972/716/1972 1973/706/1973 1980/719/1980 1979/697/1979
f 1973/706/1973 1974/701/1974 1981/701/1981 1980/719/1980
f 36/720/36 581/703/581 1933/689/1933 560/721/560
f 581/703/581 580/722/580 1934/690/1934 1933/689/1933
f 580/722/580 579/704/579 1935/693/1935 1934/690/1934
f 579/704/579 578/712/578 1936/695/1936 1935/693/1935
f 578/712/578 577/697/577 1937/697/1937 1936/695/1936
f 577/697/577 576/719/576 1938/699/1938 1937/697/1937
f 576/719/576 575/707/575 1939/701/1939 1938/699/1938
f 575/707/575 35/412/35 553/414/553 1939/701/1939
f 1939/701/1939 553/414/553 552/422/552 1946/702/1946
f 1946/702/1946 552/422/552 551/424/551 1953/707/1953
f 1953/707/1953 551/424/551 550/423/550 1960/710/1960
f 1960/710/1960 550/423/550 549/422/549 1967/702/1967
f 1967/702/1967 549/422/549 548/421/548 1974/701/1974
f 1974/701/1974 548/421/548 547/412/547 1981/701/1981
f 1981/701/1981 547/412/547 15/412/15 253/707/253
f 1980/719/1980 1981/701/1981 253/707/253 254/719/254
f 1979/697/1979 1980/719/1980 254/719/254 255/697/255
f 1978/718/1978 1979/697/1979 255/697/255 256/712/256
f 1977/704/1977 1978/718/1978 256/712/256 257/704/257
f 1976/690/1976 1977/704/1977 257/704/257 258/722/258
f 1975/717/1975 1976/690/1976 258/722/258 259/703/259
f 554/723/554 1975/717/1975 259/703/259 16/720/16
f 555/723/555 1968/703/1968 1975/717/1975 554/723/554
f 556/724/556 1961/692/1961 1968/703/1968 555/723/555
f 557/725/557 1954/689/1954 1961/692/1961 556/724/556
f 558/726/558 1947/703/1947 1954/689/1954 557/725/557
f 559/727/559 1940/692/1940 1947/703/1947 558/726/558
f 560/721/560 1933/689/1933 1940/692/1940 559/727/559
f 1982/728/1982 1983/729/1983 1990/730/1990 1989/731/1989
f 1983/729/1983 1984/732/1984 1991/733/1991 1990/730/1990
f 1984/732/1984 1985/734/1985 1992/735/1992 1991/733/1991
f 1985/734/1985 1986/736/1986 1993/737/1993 1992/735/1992
f 1986/736/1986 1987/738/1987 1994/738/1994 1993/737/1993
f 1987/738/1987 1988/739/1988 1995/740/1995 1994/738/1994
f 1989/731/1989 1990/730/1990 1997/741/1997 1996/742/1996
f 1990/730/1990 1991/733/1991 1998/743/1998 1997/741/1997
f 1991/733/1991 1992/735/1992 1999/734/1999 1998/743/1998
f 1992/735/1992 1993/737/1993 2000/736/2000 1999/734/1999
f 1993/737/1993 1994/738/1994 2001/744/2001 2000/736/2000
f 1994/738/1994 1995/740/1995 2002/745/2002 2001/744/2001
f 1996/742/1996 1997/741/1997 2004/746/2004 2003/747/2003
f 1997/741/1997 1998/743/1998 2005/743/2005 2004/746/2004
f 1998/743/1998 1999/734/1999 2006/735/2006 2005/743/2005
f 1999/734/1999 2000/736/2000 2007/737/2007 2006/735/2006
f 2000/736/2000 2001/744/2001 2008/738/2008 2007/737/2007
f 2001/744/2001 2002/745/2002 2009/740/2009 2008/738/2008
f 2003/747/2003 2004/746/2004 2011/729/2011 2010/728/2010
f 2004/746/2004 2005/743/2005 2012/732/2012 2011/729/2011
f 2005/743/2005 2006/735/2006 2013/734/2013 2012/732/2012
f 2006/735/2006 2007/737/2007 2014/736/2014 2013/734/2013
f 2007/737/2007 2008/738/2008 2015/744/2015 2014/736/2014
f 2008/738/2008 2009/740/2009 2016/745/2016 2015/744/2015
f 2010/728/2010 2011/729/2011 2018/730/2018 2017/731/2017
f 2011/729/2011 2012/732/2012 2019/733/2019 2018/730/2018
f 2012/732/2012 2013/734/2013 2020/735/2020 2019/733/2019
f 2013/734/2013 2014/736/2014 2021/737/2021 2020/735/2020
f 2014/736/2014 2015/744/2015 2022/738/2022 2021/737/2021
f 2015/744/2015 2016/745/2016 2023/739/2023 2022/738/2022
f 2017/731/2017 2018/730/2018 2025/741/2025 2024/742/2024
f 2018/730/2018 2019/733/2019 2026/743/2026 2025/741/2025
f 2019/733/2019 2020/735/2020 2027/734/2027 2026/743/2026
f 2020/735/2020 2021/737/2021 2028/736/2028 2027/734/2027
f 2021/737/2021 2022/738/2022 2029/738/2029 2028/736/2028
f 2022/738/2022 2023/739/2023 2030/748/2030 2029/738/2029
f 33/417/33 574/747/574 1982/728/1982 267/418/267
f 574/747/574 573/746/573 1983/729/1983 1982/728/1982
f 573/746/573 572/743/572 1984/732/1984 1983/729/1983
f 572/743/572 571/735/571 1985/734/1985 1984/732/1984
f 571/735/571 570/737/570 1986/736/1986 1985/734/1985
f 570/737/570 569/738/569 1987/738/1987 1986/736/1986
f 569/738/569 568/749/568 1988/739/1988 1987/738/1987
f 568/749/568 34/59/34 288/750/288 1988/739/1988
f 1988/739/1988 288/750/288 289/750/289 1995/740/1995
f 1995/740/1995 289/750/289 290/750/290 2002/745/2002
f 2002/745/2002 290/750/290 291/750/291 2009/740/2009
f 2009/740/2009 291/750/291 292/750/292 2016/745/2016
f 2016/745/2016 292/750/292 293/750/293 2023/739/2023
f 2023/739/2023 293/750/293 294/750/294 2030/748/2030
f 2030/748/2030 294/750/294 13/59/13 239/749/239
f 2029/738/2029 2030/748/2030 239/749/239 240/738/240
f 2028/736/2028 2029/738/2029 240/738/240 241/737/241
f 2027/734/2027 2028/736/2028 241/737/241 242/735/242
f 2026/743/2026 2027/734/2027 242/735/242 243/743/243
f 2025/741/2025 2026/743/2026 243/743/243 244/746/244
f 2024/742/2024 2025/741/2025 244/746/244 245/747/245
f 273/418/273 2024/742/2024 245/747/245 14/417/14
f 272/417/272 2017/731/2017 2024/742/2024 273/418/273
f 271/419/271 2010/728/2010 2017/731/2017 272/417/272
f 270/420/270 2003/747/2003 2010/728/2010 271/419/271
f 269/419/269 1996/742/1996 2003/747/2003 270/420/270
f 268/419/268 1989/731/1989 1996/742/1996 269/419/269
f 267/418/267 1982/728/1982 1989/731/1989 268/419/268
f 2031/751/2031 2032/752/2032 2039/753/2039 2038/754/2038
f 2032/752/2032 2033/755/2033 2040/756/2040 2039/753/2039
f 2033/755/2033 2034/757/2034 2041/758/2041 2040/756/2040
f 2034/757/2034 2035/759/2035 2042/760/2042 2041/758/2041
f 2035/759/2035 2036/761/2036 2043/762/2043 2042/760/2042
f 2036/761/2036 2037/763/2037 2044/764/2044 2043/762/2043
f 2038/754/2038 2039/753/2039 2046/752/2046 2045/765/2045
f 2039/753/2039 2040/756/2040 2047/755/2047 2046/752/2046
f 2040/756/2040 2041/758/2041 2048/766/2048 2047/755/2047
f 2041/758/2041 2042/760/2042 2049/767/2049 2048/766/2048
f 2042/760/2042 2043/762/2043 2050/768/2050 2049/767/2049
f 2043/762/2043 2044/764/2044 2051/769/2051 2050/768/2050
f 2045/765/2045 2046/752/2046 2053/753/2053 2052/754/2052
f 2046/752/2046 2047/755/2047 2054/756/2054 2053/753/2053
f 2047/755/2047 2048/766/2048 2055/766/2055 2054/756/2054
f 2048/766/2048 2049/767/2049 2056/770/2056 2055/766/2055
f 2049/767/2049 2050/768/2050 2057/768/2057 2056/770/2056
f 2050/768/2050 2051/769/2051 2058/771/2058 2057/768/2057
f 2052/754/2052 2053/753/2053 2060/752/2060 2059/765/2059
f 2053/753/2053 2054/756/2054 2061/755/2061 2060/752/2060
f 2054/756/2054 2055/766/2055 2062/757/2062 2061/755/2061
f 2055/766/2055 2056/770/2056 2063/759/2063 2062/757/2062
f 2056/770/2056 2057/768/2057 2064/761/2064 2063/759/2063
f 2057/768/2057 2058/771/2058 2065/763/2065 2064/761/2064
f 2059/765/2059 2060/752/2060 2067/753/2067 2066/751/2066
f 2060/752/2060 2061/755/2061 2068/756/2068 2067/753/2067
f 2061/755/2061 2062/757/2062 2069/758/2069 2068/756/2068
f 2062/757/2062 2063/759/2063 2070/760/2070 2069/758/2069
f 2063/759/2063 2064/761/2064 2071/762/2071 2070/760/2070
f 2064/761/2064 2065/763/2065 2072/764/2072 2071/762/2071
f 2066/751/2066 2067/753/2067 2074/752/2074 2073/751/2073
f 2067/753/2067 2068/756/2068 2075/755/2075 2074/752/2074
f 2068/756/2068 2069/758/2069 2076/766/2076 2075/755/2075
f 2069/758/2069 2070/760/2070 2077/767/2077 2076/766/2076
f 2070/760/2070 2071/762/2071 2078/768/2078 2077/767/2077
f 2071/762/2071 2072/764/2072 2079/769/2079 2078/768/2078
f 34/283/34 567/751/567 2031/751/2031 288/772/288
f 567/751/567 566/753/566 2032/752/2032 2031/751/2031
f 566/753/566 565/756/565 2033/755/2033 2032/752/2032
f 565/756/565 564/766/564 2034/757/2034 2033/755/2033
f 564/766/564 563/770/563 2035/759/2035 2034/757/2034
f 563/770/563 562/768/562 2036/761/2036 2035/759/2035
f 562/768/562 561/771/561 2037/763/2037 2036/761/2036
f 561/771/561 36/720/36 560/721/560 2037/763/2037
f 2037/763/2037 560/721/560 559/727/559 2044/764/2044
f 2044/764/2044 559/727/559 558/726/558 2051/769/2051
f 2051/769/2051 558/726/558 557/725/557 2058/771/2058
f 2058/771/2058 557/725/557 556/724/556 2065/763/2065
f 2065/763/2065 556/724/556 555/723/555 2072/764/2072
f 2072/764/2072 555/723/555 554/723/554 2079/769/2079
f 2079/769/2079 554/723/554 16/720/16 260/771/260
f 2078/768/2078 2079/769/2079 260/771/260 261/768/261
f 2077/767/2077 2078/768/2078 261/768/261 262/770/262
f 2076/766/2076 2077/767/2077 262/770/262 263/766/263
f 2075/755/2075 2076/766/2076 263/766/263 264/756/264
f 2074/752/2074 2075/755/2075 264/756/264 265/753/265
f 2073/751/2073 2074/752/2074 265/753/265 266/751/266
f 294/773/294 2073/751/2073 266/751/266 13/283/13
f 293/772/293 2066/751/2066 2073/751/2073 294/773/294
f 292/772/292 2059/765/2059 2066/751/2066 293/772/293
f 291/772/291 2052/754/2052 2059/765/2059 292/772/292
f 290/772/290 2045/765/2045 2052/754/2052 291/772/291
f 289/772/289 2038/754/2038 2045/765/2045 290/772/290
f 288/772/288 2031/751/2031 2038/754/2038 289/772/289
f 2080/774/2080 2081/775/2081 2088/776/2088 2087/777/2087
f 2081/775/2081 2082/778/2082 2089/779/2089 2088/776/2088
f 2082/778/2082 2083/780/2083 2090/781/2090 2089/779/2089
f 2083/780/2083 2084/782/2084 2091/783/2091 2090/781/2090
f 2084/782/2084 2085/784/2085 2092/785/2092 2091/783/2091
f 2085/784/2085 2086/786/2086 2093/787/2093 2092/785/2092
f 2087/777/2087 2088/776/2088 2095/788/2095 2094/789/2094
f 2088/776/2088 2089/779/2089 2096/790/2096 2095/788/2095
f 2089/779/2089 2090/781/2090 2097/791/2097 2096/790/2096
f 2090/781/2090 2091/783/2091 2098/792/2098 2097/791/2097
f 2091/783/2091 2092/785/2092 2099/793/2099 2098/792/2098
f 2092/785/2092 2093/787/2093 2100/794/2100 2099/793/2099
f 2094/789/2094 2095/788/2095 2102/795/2102 2101/796/2101
f 2095/788/2095 2096/790/2096 2103/797/2103 2102/795/2102
f 2096/790/2096 2097/791/2097 2104/798/2104 2103/797/2103
f 2097/791/2097 2098/792/2098 2105/799/2105 2104/798/2104
f 2098/792/2098 2099/793/2099 2106/800/2106 2105/799/2105
f 2099/793/2099 2100/794/2100 2107/801/2107 2106/800/2106
f 2101/796/2101 2102/795/2102 2109/802/2109 2108/803/2108
f 2102/795/2102 2103/797/2103 2110/804/2110 2109/802/2109
f 2103/797/2103 2104/798/2104 2111/805/2111 2110/804/2110
f 2104/798/2104 2105/799/2105 2112/806/2112 2111/805/2111
f 2105/799/2105 2106/800/2106 2113/807/2113 2112/806/2112
f 2106/800/2106 2107/801/2107 2114/808/2114 2113/807/2113
f 2108/803/2108 2109/802/2109 2116/809/2116 2115/810/2115
f 2109/802/2109 2110/804/2110 2117/811/2117 2116/809/2116
f 2110/804/2110 2111/805/2111 2118/812/2118 2117/811/2117
f 2111/805/2111 2112/806/2112 2119/813/2119 2118/812/2118
f 2112/806/2112 2113/807/2113 2120/814/2120 2119/813/2119
f 2113/807/2113 2114/808/2114 2121/815/2121 2120/814/2120
f 2115/810/2115 2116/809/2116 2123/816/2123 2122/817/2122
f 2116/809/2116 2117/811/2117 2124/818/2124 2123/816/2123
f 2117/811/2117 2118/812/2118 2125/819/2125 2124/818/2124
f 2118/812/2118 2119/813/2119 2126/820/2126 2125/819/2125
f 2119/813/2119 2120/814/2120 2127/821/2127 2126/820/2126
f 2120/814/2120 2121/815/2121 2128/822/2128 2127/821/2127
f 2/283/2 182/282/182 2080/774/2080 316/772/316
f 182/282/182 181/281/181 2081/775/2081 2080/774/2080
f 181/281/181 180/280/180 2082/778/2082 2081/775/2081
f 180/280/180 179/279/179 2083/780/2083 2082/778/2082
f 179/279/179 178/278/178 2084/782/2084 2083/780/2083
f 178/278/178 177/277/177 2085/784/2085 2084/782/2084
f 177/277/177 176/276/176 2086/786/2086 2085/784/2085
f 176/276/176 6/211/6 287/823/287 2086/786/2086
f 2086/786/2086 287/823/287 286/824/286 2093/787/2093
f 2093/787/2093 286/824/286 285/825/285 2100/794/2100
f 2100/794/2100 285/825/285 284/826/284 2107/801/2107
f 2107/801/2107 284/826/284 283/827/283 2114/808/2114
f 2114/808/2114 283/827/283 282/828/282 2121/815/2121
f 2121/815/2121 282/828/282 281/829/281 2128/822/2128
f 2128/822/2128 281/829/281 19/723/19 323/771/323
f 2127/821/2127 2128/822/2128 323/771/323 324/768/324
f 2126/820/2126 2127/821/2127 324/768/324 325/770/325
f 2125/819/2125 2126/820/2126 325/770/325 326/766/326
f 2124/818/2124 2125/819/2125 326/766/326 327/756/327
f 2123/816/2123 2124/818/2124 327/756/327 328/753/328
f 2122/817/2122 2123/816/2123 328/753/328 329/751/329
f 322/773/322 2122/817/2122 329/751/329 20/283/20
f 321/772/321 2115/810/2115 2122/817/2122 322/773/322
f 320/772/320 2108/803/2108 2115/810/2115 321/772/321
f 319/772/319 2101/796/2101 2108/803/2108 320/772/320
f 318/772/318 2094/789/2094 2101/796/2101 319/772/319
f 317/772/317 2087/777/2087 2094/789/2094 318/772/318
f 316/772/316 2080/774/2080 2087/777/2087 317/772/317
f 2129/830/2129 2130/831/2130 2137/832/2137 2136/833/2136
f 2130/831/2130 2131/834/2131 2138/835/2138 2137/832/2137
f 2131/834/2131 2132/836/2132 2139/837/2139 2138/835/2138
f 2132/836/2132 2133/838/2133 2140/839/2140 2139/837/2139
f 2133/838/2133 2134/840/2134 2141/841/2141 2140/839/2140
f 2134/840/2134 2135/842/2135 2142/843/2142 2141/841/2141
f 2136/833/2136 2137/832/2137 2144/844/2144 2143/845/2143
f 2137/832/2137 2138/835/2138 2145/846/2145 2144/844/2144
f 2138/835/2138 2139/837/2139 2146/847/2146 2145/846/2145
f 2139/837/2139 2140/839/2140 2147/848/2147 2146/847/2146
f 2140/839/2140 2141/841/2141 2148/849/2148 2147/848/2147
f 2141/841/2141 2142/843/2142 2149/850/2149 2148/849/2148
f 2143/845/2143 2144/844/2144 2151/851/2151 2150/852/2150
f 2144/844/2144 2145/846/2145 2152/853/2152 2151/851/2151
f 2145/846/2145 2146/847/2146 2153/854/2153 2152/853/2152
f 2146/847/2146 2147/848/2147 2154/855/2154 2153/854/2153
f 2147/848/2147 2148/849/2148 2155/856/2155 2154/855/2154
f 2148/849/2148 2149/850/2149 2156/857/2156 2155/856/2155
f 2150/852/2150 2151/851/2151 2158/858/2158 2157/859/2157
f 2151/851/2151 2152/853/2152 2159/860/2159 2158/858/2158
f 2152/853/2152 2153/854/2153 2160/861/2160 2159/860/2159
f 2153/854/2153 2154/855/2154 2161/862/2161 2160/861/2160
f 2154/855/2154 2155/856/2155 2162/863/2162 2161/862/2161
f 2155/856/2155 2156/857/2156 2163/864/2163 2162/863/2162
f 2157/859/2157 2158/858/2158 2165/865/2165 2164/866/2164
f 2158/858/2158 2159/860/2159 2166/867/2166 2165/865/2165
f 2159/860/2159 2160/861/2160 2167/868/2167 2166/867/2166
f 2160/861/2160 2161/862/2161 2168/869/2168 2167/868/2167
f 2161/862/2161 2162/863/2162 2169/870/2169 2168/869/2168
f 2162/863/2162 2163/864/2163 2170/871/2170 2169/870/2169
f 2164/866/2164 2165/865/2165 2172/872/2172 2171/873/2171
f 2165/865/2165 2166/867/2166 2173/874/2173 2172/872/2172
f 2166/867/2166 2167/868/2167 2174/875/2174 2173/874/2173
f 2167/868/2167 2168/869/2168 2175/876/2175 2174/875/2174
f 2168/869/2168 2169/870/2169 2176/877/2176 2175/876/2175
f 2169/870/2169 2170/871/2170 2177/878/2177 2176/877/2176
f 4/67/4 119/66/119 2129/830/2129 295/879/295
f 119/66/119 118/65/118 2130/831/2130 2129/830/2129
f 118/65/118 117/64/117 2131/834/2131 2130/831/2130
f 117/64/117 116/63/116 2132/836/2132 2131/834/2131
f 116/63/116 115/62/115 2133/838/2133 2132/836/2132
f 115/62/115 114/61/114 2134/840/2134 2133/838/2133
f 114/61/114 113/60/113 2135/842/2135 2134/840/2134
f 113/60/113 2/59/2 316/750/316 2135/842/2135
f 2135/842/2135 316/750/316 317/750/317 2142/843/2142
f 2142/843/2142 317/750/317 318/750/318 2149/850/2149
f 2149/850/2149 318/750/318 319/750/319 2156/857/2156
f 2156/857/2156 319/750/319 320/750/320 2163/864/2163
f 2163/864/2163 320/750/320 321/750/321 2170/871/2170
f 2170/871/2170 321/750/321 322/750/322 2177/878/2177
f 2177/878/2177 322/750/322 20/750/20 330/739/330
f 2176/877/2176 2177/878/2177 330/739/330 331/738/331
f 2175/876/2175 2176/877/2176 331/738/331 332/880/332
f 2174/875/2174 2175/876/2175 332/880/332 333/735/333
f 2173/874/2173 2174/875/2174 333/735/333 334/743/334
f 2172/872/2172 2173/874/2173 334/743/334 335/741/335
f 2171/873/2171 2172/872/2172 335/741/335 336/881/336
f 301/882/301 2171/873/2171 336/881/336 17/883/17
f 300/884/300 2164/866/2164 2171/873/2171 301/882/301
f 299/885/299 2157/859/2157 2164/866/2164 300/884/300
f 298/886/298 2150/852/2150 2157/859/2157 299/885/299
f 297/887/297 2143/845/2143 2150/852/2150 298/886/298
f 296/888/296 2136/833/2136 2143/845/2143 297/887/297
f 295/879/295 2129/830/2129 2136/833/2136 296/888/296
f 2178/889/2178 2179/890/2179 2186/891/2186 2185/892/2185
f 2179/890/2179 2180/893/2180 2187/894/2187 2186/891/2186
f 2180/893/2180 2181/895/2181 2188/896/2188 2187/894/2187
f 2181/895/2181 2182/897/2182 2189/898/2189 2188/896/2188
f 2182/897/2182 2183/899/2183 2190/900/2190 2189/898/2189
f 2183/899/2183 2184/901/2184 2191/902/2191 2190/900/2190
f 2185/892/2185 2186/891/2186 2193/903/2193 2192/904/2192
f 2186/891/2186 2187/894/2187 2194/905/2194 2193/903/2193
f 2187/894/2187 2188/896/2188 2195/906/2195 2194/905/2194
f 2188/896/2188 2189/898/2189 2196/907/2196 2195/906/2195
f 2189/898/2189 2190/900/2190 2197/908/2197 2196/907/2196
f 2190/900/2190 2191/902/2191 2198/909/2198 2197/908/2197
f 2192/904/2192 2193/903/2193 2200/910/2200 2199/911/2199
f 2193/903/2193 2194/905/2194 2201/912/2201 2200/910/2200
f 2194/905/2194 2195/906/2195 2202/913/2202 2201/912/2201
f 2195/906/2195 2196/907/2196 2203/914/2203 2202/913/2202
f 2196/907/2196 2197/908/2197 2204/915/2204 2203/914/2203
f 2197/908/2197 2198/909/2198 2205/916/2205 2204/915/2204
f 2199/911/2199 2200/910/2200 2207/917/2207 2206/918/2206
f 2200/910/2200 2201/912/2201 2208/919/2208 2207/917/2207
f 2201/912/2201 2202/913/2202 2209/920/2209 2208/919/2208
f 2202/913/2202 2203/914/2203 2210/921/2210 2209/920/2209
f 2203/914/2203 2204/915/2204 2211/922/2211 2210/921/2210
f 2204/915/2204 2205/916/2205 2212/923/2212 2211/922/2211
f 2206/918/2206 2207/917/2207 2214/924/2214 2213/925/2213
f 2207/917/2207 2208/919/2208 2215/926/2215 2214/924/2214
f 2208/919/2208 2209/920/2209 2216/927/2216 2215/926/2215
f 2209/920/2209 2210/921/2210 2217/928/2217 2216/927/2216
f 2210/921/2210 2211/922/2211 2218/929/2218 2217/928/2217
f 2211/922/2211 2212/923/2212 2219/930/2219 2218/929/2218
f 2213/925/2213 2214/924/2214 2221/931/2221 2220/932/2220
f 2214/924/2214 2215/926/2215 2222/933/2222 2221/931/2221
f 2215/926/2215 2216/927/2216 2223/934/2223 2222/933/2222
f 2216/927/2216 2217/928/2217 2224/935/2224 2223/934/2223
f 2217/928/2217 2218/929/2218 2225/936/2225 2224/935/2224
f 2218/929/2218 2219/930/2219 2226/937/2226 2225/936/2225
f 6/211/6 161/210/161 2178/889/2178 287/823/287
f 161/210/161 160/209/160 2179/890/2179 2178/889/2178
f 160/209/160 159/208/159 2180/893/2180 2179/890/2179
f 159/208/159 158/207/158 2181/895/2181 2180/893/2180
f 158/207/158 157/206/157 2182/897/2182 2181/895/2181
f 157/206/157 156/205/156 2183/899/2183 2182/897/2182
f 156/205/156 155/204/155 2184/901/2184 2183/899/2183
f 155/204/155 8/139/8 280/938/280 2184/901/2184
f 2184/901/2184 280/938/280 279/939/279 2191/902/2191
f 2191/902/2191 279/939/279 278/940/278 2198/909/2198
f 2198/909/2198 278/940/278 277/941/277 2205/916/2205
f 2205/916/2205 277/941/277 276/942/276 2212/923/2212
f 2212/923/2212 276/942/276 275/943/275 2219/930/2219
f 2219/930/2219 275/943/275 274/944/274 2226/937/2226
f 2226/937/2226 274/944/274 18/412/18 337/707/337
f 2225/936/2225 2226/937/2226 337/707/337 338/719/338
f 2224/935/2224 2225/936/2225 338/719/338 339/697/339
f 2223/934/2223 2224/935/2224 339/697/339 340/712/340
f 2222/933/2222 2223/934/2223 340/712/340 341/704/341
f 2221/931/2221 2222/933/2222 341/704/341 342/722/342
f 2220/932/2220 2221/931/2221 342/722/342 343/703/343
f 281/829/281 2220/932/2220 343/703/343 19/723/19
f 282/828/282 2213/925/2213 2220/932/2220 281/829/281
f 283/827/283 2206/918/2206 2213/925/2213 282/828/282
f 284/826/284 2199/911/2199 2206/918/2206 283/827/283
f 285/825/285 2192/904/2192 2199/911/2199 284/826/284
f 286/824/286 2185/892/2185 2192/904/2192 285/825/285
f 287/823/287 2178/889/2178 2185/892/2185 286/824/286
f 2227/945/2227 2228/946/2228 2235/947/2235 2234/948/2234
f 2228/946/2228 2229/949/2229 2236/950/2236 2235/947/2235
f 2229/949/2229 2230/951/2230 2237/952/2237 2236/950/2236
f 2230/951/2230 2231/953/2231 2238/954/2238 2237/952/2237
f 2231/953/2231 2232/955/2232 2239/956/2239 2238/954/2238
f 2232/955/2232 2233/957/2233 2240/958/2240 2239/956/2239
f 2234/948/2234 2235/947/2235 2242/959/2242 2241/960/2241
f 2235/947/2235 2236/950/2236 2243/961/2243 2242/959/2242
f 2236/950/2236 2237/952/2237 2244/962/2244 2243/961/2243
f 2237/952/2237 2238/954/2238 2245/963/2245 2244/962/2244
f 2238/954/2238 2239/956/2239 2246/964/2246 2245/963/2245
f 2239/956/2239 2240/958/2240 2247/965/2247 2246/964/2246
f 2241/960/2241 2242/959/2242 2249/966/2249 2248/967/2248
f 2242/959/2242 2243/961/2243 2250/968/2250 2249/966/2249
f 2243/961/2243 2244/962/2244 2251/969/2251 2250/968/2250
f 2244/962/2244 2245/963/2245 2252/970/2252 2251/969/2251
f 2245/963/2245 2246/964/2246 2253/971/2253 2252/970/2252
f 2246/964/2246 2247/965/2247 2254/972/2254 2253/971/2253
f 2248/967/2248 2249/966/2249 2256/973/2256 2255/974/2255
f 2249/966/2249 2250/968/2250 2257/975/2257 2256/973/2256
f 2250/968/2250 2251/969/2251 2258/976/2258 2257/975/2257
f 2251/969/2251 2252/970/2252 2259/977/2259 2258/976/2258
f 2252/970/2252 2253/971/2253 2260/978/2260 2259/977/2259
f 2253/971/2253 2254/972/2254 2261/979/2261 2260/978/2260
f 2255/974/2255 2256/973/2256 2263/980/2263 2262/981/2262
f 2256/973/2256 2257/975/2257 2264/982/2264 2263/980/2263
f 2257/975/2257 2258/976/2258 2265/983/2265 2264/982/2264
f 2258/976/2258 2259/977/2259 2266/984/2266 2265/983/2265
f 2259/977/2259 2260/978/2260 2267/985/2267 2266/984/2266
f 2260/978/2260 2261/979/2261 2268/986/2268 2267/985/2267
f 2262/981/2262 2263/980/2263 2270/987/2270 2269/988/2269
f 2263/980/2263 2264/982/2264 2271/989/2271 2270/987/2270
f 2264/982/2264 2265/983/2265 2272/990/2272 2271/989/2271
f 2265/983/2265 2266/984/2266 2273/991/2273 2272/990/2272
f 2266/984/2266 2267/985/2267 2274/992/2274 2273/991/2273
f 2267/985/2267 2268/986/2268 2275/993/2275 2274/992/2274
f 8/139/8 140/138/140 2227/945/2227 280/938/280
f 140/138/140 139/137/139 2228/946/2228 2227/945/2227
f 139/137/139 138/136/138 2229/949/2229 2228/946/2228
f 138/136/138 137/135/137 2230/951/2230 2229/949/2229
f 137/135/137 136/134/136 2231/953/2231 2230/951/2230
f 136/134/136 135/133/135 2232/955/2232 2231/953/2231
f 135/133/135 134/132/134 2233/957/2233 2232/955/2232
f 134/132/134 4/67/4 295/879/295 2233/957/2233
f 2233/957/2233 295/879/295 296/888/296 2240/958/2240
f 2240/958/2240 296/888/296 297/887/297 2247/965/2247
f 2247/965/2247 297/887/297 298/886/298 2254/972/2254
f 2254/972/2254 298/886/298 299/885/299 2261/979/2261
f 2261/979/2261 299/885/299 300/884/300 2268/986/2268
f 2268/986/2268 300/884/300 301/882/301 2275/993/2275
f 2275/993/2275 301/882/301 17/883/17 344/994/344
f 2274/992/2274 2275/993/2275 344/994/344 345/410/345
f 2273/991/2273 2274/992/2274 345/410/345 346/387/346
f 2272/990/2272 2273/991/2273 346/387/346 347/416/347
f 2271/989/2271 2272/990/2272 347/416/347 348/995/348
f 2270/987/2270 2271/989/2271 348/995/348 349/399/349
f 2269/988/2269 2270/987/2270 349/399/349 350/996/350
f 274/944/274 2269/988/2269 350/996/350 18/412/18
f 275/943/275 2262/981/2262 2269/988/2269 274/944/274
f 276/942/276 2255/974/2255 2262/981/2262 275/943/275
f 277/941/277 2248/967/2248 2255/974/2255 276/942/276
f 278/940/278 2241/960/2241 2248/967/2248 277/941/277
f 279/939/279 2234/948/2234 2241/960/2241 278/940/278
f 280/938/280 2227/945/2227 2234/948/2234 279/939/279
f 2276/751/2276 2277/752/2277 2284/753/2284 2283/754/2283
f 2277/752/2277 2278/755/2278 2285/756/2285 2284/753/2284
f 2278/755/2278 2279/757/2279 2286/758/2286 2285/756/2285
f 2279/757/2279 2280/759/2280 2287/760/2287 2286/758/2286
f 2280/759/2280 2281/761/2281 2288/762/2288 2287/760/2287
f 2281/761/2281 2282/763/2282 2289/764/2289 2288/762/2288
f 2283/754/2283 2284/753/2284 2291/752/2291 2290/765/2290
f 2284/753/2284 2285/756/2285 2292/755/2292 2291/752/2291
f 2285/756/2285 2286/758/2286 2293/766/2293 2292/755/2292
f 2286/758/2286 2287/760/2287 2294/767/2294 2293/766/2293
f 2287/760/2287 2288/762/2288 2295/768/2295 2294/767/2294
f 2288/762/2288 2289/764/2289 2296/769/2296 2295/768/2295
f 2290/765/2290 2291/752/2291 2298/753/2298 2297/754/2297
f 2291/752/2291 2292/755/2292 2299/756/2299 2298/753/2298
f 2292/755/2292 2293/766/2293 2300/766/2300 2299/756/2299
f 2293/766/2293 2294/767/2294 2301/770/2301 2300/766/2300
f 2294/767/2294 2295/768/2295 2302/768/2302 2301/770/2301
f 2295/768/2295 2296/769/2296 2303/771/2303 2302/768/2302
f 2297/754/2297 2298/753/2298 2305/752/2305 2304/765/2304
f 2298/753/2298 2299/756/2299 2306/755/2306 2305/752/2305
f 2299/756/2299 2300/766/2300 2307/757/2307 2306/755/2306
f 2300/766/2300 2301/770/2301 2308/759/2308 2307/757/2307
f 2301/770/2301 2302/768/2302 2309/761/2309 2308/759/2308
f 2302/768/2302 2303/771/2303 2310/763/2310 2309/761/2309
f 2304/765/2304 2305/752/2305 2312/753/2312 2311/751/2311
f 2305/752/2305 2306/755/2306 2313/756/2313 2312/753/2312
f 2306/755/2306 2307/757/2307 2314/758/2314 2313/756/2313
f 2307/757/2307 2308/759/2308 2315/760/2315 2314/758/2314
f 2308/759/2308 2309/761/2309 2316/762/2316 2315/760/2315
f 2309/761/2309 2310/763/2310 2317/764/2317 2316/762/2316
f 2311/751/2311 2312/753/2312 2319/752/2319 2318/751/2318
f 2312/753/2312 2313/756/2313 2320/755/2320 2319/752/2319
f 2313/756/2313 2314/758/2314 2321/766/2321 2320/755/2320
f 2314/758/2314 2315/760/2315 2322/767/2322 2321/766/2321
f 2315/760/2315 2316/762/2316 2323/768/2323 2322/767/2322
f 2316/762/2316 2317/764/2317 2324/769/2324 2323/768/2323
f 20/283/20 329/751/329 2276/751/2276 358/772/358
f 329/751/329 328/753/328 2277/752/2277 2276/751/2276
f 328/753/328 327/756/327 2278/755/2278 2277/752/2277
f 327/756/327 326/766/326 2279/757/2279 2278/755/2278
f 326/766/326 325/770/325 2280/759/2280 2279/757/2279
f 325/770/325 324/768/324 2281/761/2281 2280/759/2280
f 324/768/324 323/771/323 2282/763/2282 2281/761/2281
f 323/771/323 19/723/19 315/727/315 2282/763/2282
f 2282/763/2282 315/727/315 314/725/314 2289/764/2289
f 2289/764/2289 314/725/314 313/723/313 2296/769/2296
f 2296/769/2296 313/723/313 312/723/312 2303/771/2303
f 2303/771/2303 312/723/312 311/727/311 2310/763/2310
f 2310/763/2310 311/727/311 310/725/310 2317/764/2317
f 2317/764/2317 310/725/310 309/723/309 2324/769/2324
f 2324/769/2324 309/723/309 24/723/24 379/771/379
f 2323/768/2323 2324/769/2324 379/771/379 380/768/380
f 2322/767/2322 2323/768/2323 380/768/380 381/770/381
f 2321/766/2321 2322/767/2322 381/770/381 382/766/382
f 2320/755/2320 2321/766/2321 382/766/382 383/756/383
f 2319/752/2319 2320/755/2320 383/756/383 384/753/384
f 2318/751/2318 2319/752/2319 384/753/384 385/751/385
f 364/773/364 2318/751/2318 385/751/385 22/283/22
f 363/772/363 2311/751/2311 2318/751/2318 364/773/364
f 362/772/362 2304/765/2304 2311/751/2311 363/772/363
f 361/772/361 2297/754/2297 2304/765/2304 362/772/362
f 360/772/360 2290/765/2290 2297/754/2297 361/772/361
f 359/772/359 2283/754/2283 2290/765/2290 360/772/360
f 358/772/358 2276/751/2276 2283/754/2283 359/772/359
f 2325/881/2325 2326/997/2326 2333/998/2333 2332/999/2332
f 2326/997/2326 2327/743/2327 2334/743/2334 2333/998/2333
f 2327/743/2327 2328/734/2328 2335/735/2335 2334/743/2334
f 2328/734/2328 2329/1000/2329 2336/737/2336 2335/735/2335
f 2329/1000/2329 2330/738/2330 2337/738/2337 2336/737/2336
f 2330/738/2330 2331/739/2331 2338/740/2338 2337/738/2337
f 2332/999/2332 2333/998/2333 2340/997/2340 2339/1001/2339
f 2333/998/2333 2334/743/2334 2341/1002/2341 2340/997/2340
f 2334/743/2334 2335/735/2335 2342/734/2342 2341/1002/2341
f 2335/735/2335 2336/737/2336 2343/736/2343 2342/734/2342
f 2336/737/2336 2337/738/2337 2344/744/2344 2343/736/2343
f 2337/738/2337 2338/740/2338 2345/745/2345 2344/744/2344
f 2339/1001/2339 2340/997/2340 2347/998/2347 2346/999/2346
f 2340/997/2340 2341/1002/2341 2348/743/2348 2347/998/2347
f 2341/1002/2341 2342/734/2342 2349/735/2349 2348/743/2348
f 2342/734/2342 2343/736/2343 2350/737/2350 2349/735/2349
f 2343/736/2343 2344/744/2344 2351/738/2351 2350/737/2350
f 2344/744/2344 2345/745/2345 2352/740/2352 2351/738/2351
f 2346/999/2346 2347/998/2347 2354/997/2354 2353/1001/2353
f 2347/998/2347 2348/743/2348 2355/1002/2355 2354/997/2354
f 2348/743/2348 2349/735/2349 2356/734/2356 2355/1002/2355
f 2349/735/2349 2350/737/2350 2357/736/2357 2356/734/2356
f 2350/737/2350 2351/738/2351 2358/738/2358 2357/736/2357
f 2351/738/2351 2352/740/2352 2359/745/2359 2358/738/2358
f 2353/1001/2353 2354/997/2354 2361/998/2361 2360/881/2360
f 2354/997/2354 2355/1002/2355 2362/743/2362 2361/998/2361
f 2355/1002/2355 2356/734/2356 2363/735/2363 2362/743/2362
f 2356/734/2356 2357/736/2357 2364/737/2364 2363/735/2363
f 2357/736/2357 2358/738/2358 2365/738/2365 2364/737/2364
f 2358/738/2358 2359/745/2359 2366/1003/2366 2365/738/2365
f 2360/881/2360 2361/998/2361 2368/746/2368 2367/881/2367
f 2361/998/2361 2362/743/2362 2369/732/2369 2368/746/2368
f 2362/743/2362 2363/735/2363 2370/735/2370 2369/732/2369
f 2363/735/2363 2364/737/2364 2371/1004/2371 2370/735/2370
f 2364/737/2364 2365/738/2365 2372/1005/2372 2371/1004/2371
f 2365/738/2365 2366/1003/2366 2373/1003/2373 2372/1005/2372
f 17/883/17 336/881/336 2325/881/2325 351/417/351
f 336/881/336 335/741/335 2326/997/2326 2325/881/2325
f 335/741/335 334/743/334 2327/743/2327 2326/997/2326
f 334/743/334 333/735/333 2328/734/2328 2327/743/2327
f 333/735/333 332/880/332 2329/1000/2329 2328/734/2328
f 332/880/332 331/738/331 2330/738/2330 2329/1000/2329
f 331/738/331 330/739/330 2331/739/2331 2330/738/2330
f 330/739/330 20/750/20 358/750/358 2331/739/2331
f 2331/739/2331 358/750/358 359/750/359 2338/740/2338
f 2338/740/2338 359/750/359 360/750/360 2345/745/2345
f 2345/745/2345 360/750/360 361/750/361 2352/740/2352
f 2352/740/2352 361/750/361 362/59/362 2359/745/2359
f 2359/745/2359 362/59/362 363/750/363 2366/1003/2366
f 2366/1003/2366 363/750/363 364/750/364 2373/1003/2373
f 2373/1003/2373 364/750/364 22/59/22 386/739/386
f 2372/1005/2372 2373/1003/2373 386/739/386 387/738/387
f 2371/1004/2371 2372/1005/2372 387/738/387 388/1006/388
f 2370/735/2370 2371/1004/2371 388/1006/388 389/735/389
f 2369/732/2369 2370/735/2370 389/735/389 390/743/390
f 2368/746/2368 2369/732/2369 390/743/390 391/741/391
f 2367/881/2367 2368/746/2368 391/741/391 392/881/392
f 357/417/357 2367/881/2367 392/881/392 21/417/21
f 356/417/356 2360/881/2360 2367/881/2367 357/417/357
f 355/417/355 2353/1001/2353 2360/881/2360 356/417/356
f 354/417/354 2346/999/2346 2353/1001/2353 355/417/355
f 353/417/353 2339/1001/2339 2346/999/2346 354/417/354
f 352/417/352 2332/999/2332 2339/1001/2339 353/417/353
f 351/417/351 2325/881/2325 2332/999/2332 352/417/352
f 2374/689/2374 2375/690/2375 2382/691/2382 2381/692/2381
f 2375/690/2375 2376/693/2376 2383/694/2383 2382/691/2382
f 2376/693/2376 2377/695/2377 2384/696/2384 2383/694/2383
f 2377/695/2377 2378/697/2378 2385/698/2385 2384/696/2384
f 2378/697/2378 2379/699/2379 2386/700/2386 2385/698/2385
f 2379/699/2379 2380/701/2380 2387/702/2387 2386/700/2386
f 2381/692/2381 2382/691/2382 2389/690/2389 2388/703/2388
f 2382/691/2382 2383/694/2383 2390/704/2390 2389/690/2389
f 2383/694/2383 2384/696/2384 2391/705/2391 2390/704/2390
f 2384/696/2384 2385/698/2385 2392/697/2392 2391/705/2391
f 2385/698/2385 2386/700/2386 2393/706/2393 2392/697/2392
f 2386/700/2386 2387/702/2387 2394/707/2394 2393/706/2393
f 2388/703/2388 2389/690/2389 2396/690/2396 2395/689/2395
f 2389/690/2389 2390/704/2390 2397/708/2397 2396/690/2396
f 2390/704/2390 2391/705/2391 2398/695/2398 2397/708/2397
f 2391/705/2391 2392/697/2392 2399/709/2399 2398/695/2398
f 2392/697/2392 2393/706/2393 2400/699/2400 2399/709/2399
f 2393/706/2393 2394/707/2394 2401/710/2401 2400/699/2400
f 2395/689/2395 2396/690/2396 2403/691/2403 2402/692/2402
f 2396/690/2396 2397/708/2397 2404/711/2404 2403/691/2403
f 2397/708/2397 2398/695/2398 2405/712/2405 2404/711/2404
f 2398/695/2398 2399/709/2399 2406/713/2406 2405/712/2405
f 2399/709/2399 2400/699/2400 2407/714/2407 2406/713/2406
f 2400/699/2400 2401/710/2401 2408/702/2408 2407/714/2407
f 2402/692/2402 2403/691/2403 2410/715/2410 2409/703/2409
f 2403/691/2403 2404/711/2404 2411/694/2411 2410/715/2410
f 2404/711/2404 2405/712/2405 2412/712/2412 2411/694/2411
f 2405/712/2405 2406/713/2406 2413/716/2413 2412/712/2412
f 2406/713/2406 2407/714/2407 2414/706/2414 2413/716/2413
f 2407/714/2407 2408/702/2408 2415/701/2415 2414/706/2414
f 2409/703/2409 2410/715/2410 2417/690/2417 2416/717/2416
f 2410/715/2410 2411/694/2411 2418/704/2418 2417/690/2417
f 2411/694/2411 2412/712/2412 2419/718/2419 2418/704/2418
f 2412/712/2412 2413/716/2413 2420/697/2420 2419/718/2419
f 2413/716/2413 2414/706/2414 2421/719/2421 2420/697/2420
f 2414/706/2414 2415/701/2415 2422/701/2422 2421/719/2421
f 19/723/19 343/703/343 2374/689/2374 315/727/315
f 343/703/343 342/722/342 2375/690/2375 2374/689/2374
f 342/722/342 341/704/341 2376/693/2376 2375/690/2375
f 341/704/341 340/712/340 2377/695/2377 2376/693/2376
f 340/712/340 339/697/339 2378/697/2378 2377/695/2377
f 339/697/339 338/719/338 2379/699/2379 2378/697/2378
f 338/719/338 337/707/337 2380/701/2380 2379/699/2379
f 337/707/337 18/412/18 308/414/308 2380/701/2380
f 2380/701/2380 308/414/308 307/422/307 2387/702/2387
f 2387/702/2387 307/422/307 306/424/306 2394/707/2394
f 2394/707/2394 306/424/306 305/423/305 2401/710/2401
f 2401/710/2401 305/423/305 304/422/304 2408/702/2408
f 2408/702/2408 304/422/304 303/421/303 2415/701/2415
f 2415/701/2415 303/421/303 302/412/302 2422/701/2422
f 2422/701/2422 302/412/302 23/412/23 393/707/393
f 2421/719/2421 2422/701/2422 393/707/393 394/719/394
f 2420/697/2420 2421/719/2421 394/719/394 395/697/395
f 2419/718/2419 2420/697/2420 395/697/395 396/712/396
f 2418/704/2418 2419/718/2419 396/712/396 397/704/397
f 2417/690/2417 2418/704/2418 397/704/397 398/722/398
f 2416/717/2416 2417/690/2417 398/722/398 399/703/399
f 309/723/309 2416/717/2416 399/703/399 24/723/24
f 310/725/310 2409/703/2409 2416/717/2416 309/723/309
f 311/727/311 2402/692/2402 2409/703/2409 310/725/310
f 312/723/312 2395/689/2395 2402/692/2402 311/727/311
f 313/723/313 2388/703/2388 2395/689/2395 312/723/312
f 314/725/314 2381/692/2381 2388/703/2388 313/723/313
f 315/727/315 2374/689/2374 2381/692/2381 314/725/314
f 2423/1007/2423 2424/1008/2424 2431/1009/2431 2430/394/2430
f 2424/1008/2424 2425/384/2425 2432/1010/2432 2431/1009/2431
f 2425/384/2425 2426/1011/2426 2433/416/2433 2432/1010/2432
f 2426/1011/2426 2427/1012/2427 2434/387/2434 2433/416/2433
f 2427/1012/2427 2428/410/2428 2435/398/2435 2434/387/2434
f 2428/410/2428 2429/391/2429 2436/391/2436 2435/398/2435
f 2430/394/2430 2431/1009/2431 2438/393/2438 2437/407/2437
f 2431/1009/2431 2432/1010/2432 2439/995/2439 2438/393/2438
f 2432/1010/2432 2433/416/2433 2440/1011/2440 2439/995/2439
f 2433/416/2433 2434/387/2434 2441/1012/2441 2440/1011/2440
f 2434/387/2434 2435/398/2435 2442/1013/2442 2441/1012/2441
f 2435/398/2435 2436/391/2436 2443/1014/2443 2442/1013/2442
f 2437/407/2437 2438/393/2438 2445/399/2445 2444/996/2444
f 2438/393/2438 2439/995/2439 2446/995/2446 2445/399/2445
f 2439/995/2439 2440/1011/2440 2447/416/2447 2446/995/2446
f 2440/1011/2440 2441/1012/2441 2448/387/2448 2447/416/2447
f 2441/1012/2441 2442/1013/2442 2449/398/2449 2448/387/2448
f 2442/1013/2442 2443/1014/2443 2450/391/2450 2449/398/2449
f 2444/996/2444 2445/399/2445 2452/1008/2452 2451/1007/2451
f 2445/399/2445 2446/995/2446 2453/384/2453 2452/1008/2452
f 2446/995/2446 2447/416/2447 2454/1011/2454 2453/384/2453
f 2447/416/2447 2448/387/2448 2455/1012/2455 2454/1011/2454
f 2448/387/2448 2449/398/2449 2456/1013/2456 2455/1012/2455
f 2449/398/2449 2450/391/2450 2457/1014/2457 2456/1013/2456
f 2451/1007/2451 2452/1008/2452 2459/1009/2459 2458/394/2458
f 2452/1008/2452 2453/384/2453 2460/1010/2460 2459/1009/2459
f 2453/384/2453 2454/1011/2454 2461/416/2461 2460/1010/2460
f 2454/1011/2454 2455/1012/2455 2462/387/2462 2461/416/2461
f 2455/1012/2455 2456/1013/2456 2463/410/2463 2462/387/2462
f 2456/1013/2456 2457/1014/2457 2464/391/2464 2463/410/2463
f 2458/394/2458 2459/1009/2459 2466/393/2466 2465/407/2465
f 2459/1009/2459 2460/1010/2460 2467/995/2467 2466/393/2466
f 2460/1010/2460 2461/416/2461 2468/1011/2468 2467/995/2467
f 2461/416/2461 2462/387/2462 2469/1012/2469 2468/1011/2468
f 2462/387/2462 2463/410/2463 2470/410/2470 2469/1012/2469
f 2463/410/2463 2464/391/2464 2471/1015/2471 2470/410/2470
f 18/412/18 350/996/350 2423/1007/2423 308/414/308
f 350/996/350 349/399/349 2424/1008/2424 2423/1007/2423
f 349/399/349 348/995/348 2425/384/2425 2424/1008/2424
f 348/995/348 347/416/347 2426/1011/2426 2425/384/2425
f 347/416/347 346/387/346 2427/1012/2427 2426/1011/2426
f 346/387/346 345/410/345 2428/410/2428 2427/1012/2427
f 345/410/345 344/994/344 2429/391/2429 2428/410/2428
f 344/994/344 17/883/17 351/417/351 2429/391/2429
f 2429/391/2429 351/417/351 352/417/352 2436/391/2436
f 2436/391/2436 352/417/352 353/417/353 2443/1014/2443
f 2443/1014/2443 353/417/353 354/417/354 2450/391/2450
f 2450/391/2450 354/417/354 355/417/355 2457/1014/2457
f 2457/1014/2457 355/417/355 356/417/356 2464/391/2464
f 2464/391/2464 356/417/356 357/417/357 2471/1015/2471
f 2471/1015/2471 357/417/357 21/417/21 400/1016/400
f 2470/410/2470 2471/1015/2471 400/1016/400 401/410/401
f 2469/1012/2469 2470/410/2470 401/410/401 402/387/402
f 2468/1011/2468 2469/1012/2469 402/387/402 403/416/403
f 2467/995/2467 2468/1011/2468 403/416/403 404/995/404
f 2466/393/2466 2467/995/2467 404/995/404 405/399/405
f 2465/407/2465 2466/393/2466 405/399/405 406/996/406
f 302/412/302 2465/407/2465 406/996/406 23/412/23
f 303/421/303 2458/394/2458 2465/407/2465 302/412/302
f 304/422/304 2451/1007/2451 2458/394/2458 303/421/303
f 305/423/305 2444/996/2444 2451/1007/2451 304/422/304
f 306/424/306 2437/407/2437 2444/996/2444 305/423/305
f 307/422/307 2430/394/2430 2437/407/2437 306/424/306
f 308/414/308 2423/1007/2423 2430/394/2430 307/422/307
f 2472/1017/2472 2473/1018/2473 2480/1019/2480 2479/1020/2479
f 2473/1018/2473 2474/1021/2474 2481/1022/2481 2480/1019/2480
f 2474/1021/2474 2475/1023/2475 2482/1024/2482 2481/1022/2481
f 2475/1023/2475 2476/1025/2476 2483/1026/2483 2482/1024/2482
f 2476/1025/2476 2477/1027/2477 2484/1028/2484 2483/1026/2483
f 2477/1027/2477 2478/1029/2478 2485/1030/2485 2484/1028/2484
f 2479/1020/2479 2480/1019/2480 2487/1031/2487 2486/1032/2486
f 2480/1019/2480 2481/1022/2481 2488/1033/2488 2487/1031/2487
f 2481/1022/2481 2482/1024/2482 2489/1034/2489 2488/1033/2488
f 2482/1024/2482 2483/1026/2483 2490/1035/2490 2489/1034/2489
f 2483/1026/2483 2484/1028/2484 2491/1036/2491 2490/1035/2490
f 2484/1028/2484 2485/1030/2485 2492/1037/2492 2491/1036/2491
f 2486/1032/2486 2487/1031/2487 2494/1038/2494 2493/1039/2493
f 2487/1031/2487 2488/1033/2488 2495/1040/2495 2494/1038/2494
f 2488/1033/2488 2489/1034/2489 2496/1041/2496 2495/1040/2495
f 2489/1034/2489 2490/1035/2490 2497/1042/2497 2496/1041/2496
f 2490/1035/2490 2491/1036/2491 2498/1043/2498 2497/1042/2497
f 2491/1036/2491 2492/1037/2492 2499/1044/2499 2498/1043/2498
f 2493/1039/2493 2494/1038/2494 2501/1045/2501 2500/1046/2500
f 2494/1038/2494 2495/1040/2495 2502/1047/2502 2501/1045/2501
f 2495/1040/2495 2496/1041/2496 2503/1048/2503 2502/1047/2502
f 2496/1041/2496 2497/1042/2497 2504/1049/2504 2503/1048/2503
f 2497/1042/2497 2498/1043/2498 2505/1050/2505 2504/1049/2504
f 2498/1043/2498 2499/1044/2499 2506/1051/2506 2505/1050/2505
f 2500/1046/2500 2501/1045/2501 2508/1052/2508 2507/1053/2507
f 2501/1045/2501 2502/1047/2502 2509/1054/2509 2508/1052/2508
f 2502/1047/2502 2503/1048/2503 2510/1055/2510 2509/1054/2509
f 2503/1048/2503 2504/1049/2504 2511/1056/2511 2510/1055/2510
f 2504/1049/2504 2505/1050/2505 2512/1057/2512 2511/1056/2511
f 2505/1050/2505 2506/1051/2506 2513/1058/2513 2512/1057/2512
f 2507/1053/2507 2508/1052/2508 2515/1059/2515 2514/1060/2514
f 2508/1052/2508 2509/1054/2509 2516/1061/2516 2515/1059/2515
f 2509/1054/2509 2510/1055/2510 2517/1062/2517 2516/1061/2516
f 2510/1055/2510 2511/1056/2511 2518/1063/2518 2517/1062/2517
f 2511/1056/2511 2512/1057/2512 2519/1064/2519 2518/1063/2518
f 2512/1057/2512 2513/1058/2513 2520/1065/2520 2519/1064/2519
f 1/1066/1 428/1067/428 2472/1017/2472 105/1068/105
f 428/1067/428 429/1069/429 2473/1018/2473 2472/1017/2472
f 429/1069/429 430/1070/430 2474/1021/2474 2473/1018/2473
f 430/1070/430 431/1071/431 2475/1023/2475 2474/1021/2474
f 431/1071/431 432/1072/432 2476/1025/2476 2475/1023/2475
f 432/1072/432 433/1073/433 2477/1027/2477 2476/1025/2476
f 433/1073/433 434/1074/434 2478/1029/2478 2477/1027/2477
f 434/1074/434 28/674/28 435/676/435 2478/1029/2478
f 2478/1029/2478 435/676/435 436/688/436 2485/1030/2485
f 2485/1030/2485 436/688/436 437/687/437 2492/1037/2492
f 2492/1037/2492 437/687/437 438/686/438 2499/1044/2499
f 2499/1044/2499 438/686/438 439/685/439 2506/1051/2506
f 2506/1051/2506 439/685/439 440/684/440 2513/1058/2513
f 2513/1058/2513 440/684/440 441/683/441 2520/1065/2520
f 2520/1065/2520 441/683/441 25/610/25 120/1075/120
f 2519/1064/2519 2520/1065/2520 120/1075/120 121/1076/121
f 2518/1063/2518 2519/1064/2519 121/1076/121 122/1077/122
f 2517/1062/2517 2518/1063/2518 122/1077/122 123/1078/123
f 2516/1061/2516 2517/1062/2517 123/1078/123 124/1079/124
f 2515/1059/2515 2516/1061/2516 124/1079/124 125/1080/125
f 2514/1060/2514 2515/1059/2515 125/1080/125 126/1081/126
f 99/1082/99 2514/1060/2514 126/1081/126 3/1083/3
f 100/1084/100 2507/1053/2507 2514/1060/2514 99/1082/99
f 101/1085/101 2500/1046/2500 2507/1053/2507 100/1084/100
f 102/1086/102 2493/1039/2493 2500/1046/2500 101/1085/101
f 103/1087/103 2486/1032/2486 2493/1039/2493 102/1086/102
f 104/1088/104 2479/1020/2479 2486/1032/2486 103/1087/103
f 105/1068/105 2472/1017/2472 2479/1020/2479 104/1088/104
f 2521/1089/2521 2522/1090/2522 2529/1091/2529 2528/1092/2528
f 2522/1090/2522 2523/1093/2523 2530/1094/2530 2529/1091/2529
f 2523/1093/2523 2524/1095/2524 2531/1096/2531 2530/1094/2530
f 2524/1095/2524 2525/1097/2525 2532/1098/2532 2531/1096/2531
f 2525/1097/2525 2526/1099/2526 2533/1100/2533 2532/1098/2532
f 2526/1099/2526 2527/1101/2527 2534/1102/2534 2533/1100/2533
f 2528/1092/2528 2529/1091/2529 2536/1103/2536 2535/1104/2535
f 2529/1091/2529 2530/1094/2530 2537/1105/2537 2536/1103/2536
f 2530/1094/2530 2531/1096/2531 2538/1106/2538 2537/1105/2537
f 2531/1096/2531 2532/1098/2532 2539/1107/2539 2538/1106/2538
f 2532/1098/2532 2533/1100/2533 2540/1108/2540 2539/1107/2539
f 2533/1100/2533 2534/1102/2534 2541/1109/2541 2540/1108/2540
f 2535/1104/2535 2536/1103/2536 2543/1110/2543 2542/1111/2542
f 2536/1103/2536 2537/1105/2537 2544/1112/2544 2543/1110/2543
f 2537/1105/2537 2538/1106/2538 2545/1113/2545 2544/1112/2544
f 2538/1106/2538 2539/1107/2539 2546/1114/2546 2545/1113/2545
f 2539/1107/2539 2540/1108/2540 2547/1115/2547 2546/1114/2546
f 2540/1108/2540 2541/1109/2541 2548/1116/2548 2547/1115/2547
f 2542/1111/2542 2543/1110/2543 2550/1117/2550 2549/1118/2549
f 2543/1110/2543 2544/1112/2544 2551/1119/2551 2550/1117/2550
f 2544/1112/2544 2545/1113/2545 2552/1120/2552 2551/1119/2551
f 2545/1113/2545 2546/1114/2546 2553/1121/2553 2552/1120/2552
f 2546/1114/2546 2547/1115/2547 2554/1122/2554 2553/1121/2553
f 2547/1115/2547 2548/1116/2548 2555/1123/2555 2554/1122/2554
f 2549/1118/2549 2550/1117/2550 2557/1124/2557 2556/1125/2556
f 2550/1117/2550 2551/1119/2551 2558/1126/2558 2557/1124/2557
f 2551/1119/2551 2552/1120/2552 2559/1127/2559 2558/1126/2558
f 2552/1120/2552 2553/1121/2553 2560/1128/2560 2559/1127/2559
f 2553/1121/2553 2554/1122/2554 2561/1129/2561 2560/1128/2560
f 2554/1122/2554 2555/1123/2555 2562/1130/2562 2561/1129/2561
f 2556/1125/2556 2557/1124/2557 2564/1131/2564 2563/1132/2563
f 2557/1124/2557 2558/1126/2558 2565/1133/2565 2564/1131/2564
f 2558/1126/2558 2559/1127/2559 2566/1134/2566 2565/1133/2565
f 2559/1127/2559 2560/1128/2560 2567/1135/2567 2566/1134/2566
f 2560/1128/2560 2561/1129/2561 2568/1136/2568 2567/1135/2567
f 2561/1129/2561 2562/1130/2562 2569/1137/2569 2568/1136/2568
f 3/1083/3 126/1081/126 2521/1089/2521 133/1138/133
f 126/1081/126 125/1080/125 2522/1090/2522 2521/1089/2521
f 125/1080/125 124/1079/124 2523/1093/2523 2522/1090/2522
f 124/1079/124 123/1078/123 2524/1095/2524 2523/1093/2523
f 123/1078/123 122/1077/122 2525/1097/2525 2524/1095/2524
f 122/1077/122 121/1076/121 2526/1099/2526 2525/1097/2525
f 121/1076/121 120/1075/120 2527/1101/2527 2526/1099/2526
f 120/1075/120 25/610/25 442/612/442 2527/1101/2527
f 2527/1101/2527 442/612/442 443/624/443 2534/1102/2534
f 2534/1102/2534 443/624/443 444/623/444 2541/1109/2541
f 2541/1109/2541 444/623/444 445/622/445 2548/1116/2548
f 2548/1116/2548 445/622/445 446/621/446 2555/1123/2555
f 2555/1123/2555 446/621/446 447/620/447 2562/1130/2562
f 2562/1130/2562 447/620/447 448/619/448 2569/1137/2569
f 2569/1137/2569 448/619/448 26/546/26 141/1139/141
f 2568/1136/2568 2569/1137/2569 141/1139/141 142/1140/142
f 2567/1135/2567 2568/1136/2568 142/1140/142 143/1141/143
f 2566/1134/2566 2567/1135/2567 143/1141/143 144/1142/144
f 2565/1133/2565 2566/1134/2566 144/1142/144 145/1143/145
f 2564/1131/2564 2565/1133/2565 145/1143/145 146/1144/146
f 2563/1132/2563 2564/1131/2564 146/1144/146 147/1145/147
f 127/1146/127 2563/1132/2563 147/1145/147 7/356/7
f 128/1147/128 2556/1125/2556 2563/1132/2563 127/1146/127
f 129/1148/129 2549/1118/2549 2556/1125/2556 128/1147/128
f 130/1149/130 2542/1111/2542 2549/1118/2549 129/1148/129
f 131/1150/131 2535/1104/2535 2542/1111/2542 130/1149/130
f 132/1151/132 2528/1092/2528 2535/1104/2535 131/1150/131
f 133/1138/133 2521/1089/2521 2528/1092/2528 132/1151/132
f 2570/1152/2570 2571/1153/2571 2578/1154/2578 2577/1155/2577
f 2571/1153/2571 2572/1156/2572 2579/1157/2579 2578/1154/2578
f 2572/1156/2572 2573/1158/2573 2580/1159/2580 2579/1157/2579
f 2573/1158/2573 2574/1160/2574 2581/1161/2581 2580/1159/2580
f 2574/1160/2574 2575/1162/2575 2582/1163/2582 2581/1161/2581
f 2575/1162/2575 2576/1164/2576 2583/1165/2583 2582/1163/2582
f 2577/1155/2577 2578/1154/2578 2585/1166/2585 2584/1167/2584
f 2578/1154/2578 2579/1157/2579 2586/1168/2586 2585/1166/2585
f 2579/1157/2579 2580/1159/2580 2587/1169/2587 2586/1168/2586
f 2580/1159/2580 2581/1161/2581 2588/1170/2588 2587/1169/2587
f 2581/1161/2581 2582/1163/2582 2589/1171/2589 2588/1170/2588
f 2582/1163/2582 2583/1165/2583 2590/1172/2590 2589/1171/2589
f 2584/1167/2584 2585/1166/2585 2592/1173/2592 2591/1174/2591
f 2585/1166/2585 2586/1168/2586 2593/1175/2593 2592/1173/2592
f 2586/1168/2586 2587/1169/2587 2594/1176/2594 2593/1175/2593
f 2587/1169/2587 2588/1170/2588 2595/1177/2595 2594/1176/2594
f 2588/1170/2588 2589/1171/2589 2596/1178/2596 2595/1177/2595
f 2589/1171/2589 2590/1172/2590 2597/1179/2597 2596/1178/2596
f 2591/1174/2591 2592/1173/2592 2599/1180/2599 2598/1181/2598
f 2592/1173/2592 2593/1175/2593 2600/1182/2600 2599/1180/2599
f 2593/1175/2593 2594/1176/2594 2601/1183/2601 2600/1182/2600
f 2594/1176/2594 2595/1177/2595 2602/1184/2602 2601/1183/2601
f 2595/1177/2595 2596/1178/2596 2603/1185/2603 2602/1184/2602
f 2596/1178/2596 2597/1179/2597 2604/1186/2604 2603/1185/2603
f 2598/1181/2598 2599/1180/2599 2606/1187/2606 2605/1188/2605
f 2599/1180/2599 2600/1182/2600 2607/1189/2607 2606/1187/2606
f 2600/1182/2600 2601/1183/2601 2608/1190/2608 2607/1189/2607
f 2601/1183/2601 2602/1184/2602 2609/1191/2609 2608/1190/2608
f 2602/1184/2602 2603/1185/2603 2610/1192/2610 2609/1191/2609
f 2603/1185/2603 2604/1186/2604 2611/1193/2611 2610/1192/2610
f 2605/1188/2605 2606/1187/2606 2613/1194/2613 2612/1195/2612
f 2606/1187/2606 2607/1189/2607 2614/1196/2614 2613/1194/2613
f 2607/1189/2607 2608/1190/2608 2615/1197/2615 2614/1196/2614
f 2608/1190/2608 2609/1191/2609 2616/1198/2616 2615/1197/2615
f 2609/1191/2609 2610/1192/2610 2617/1199/2617 2616/1198/2616
f 2610/1192/2610 2611/1193/2611 2618/1200/2618 2617/1199/2617
f 7/356/7 147/1145/147 2570/1152/2570 154/357/154
f 147/1145/147 146/1144/146 2571/1153/2571 2570/1152/2570
f 146/1144/146 145/1143/145 2572/1156/2572 2571/1153/2571
f 145/1143/145 144/1142/144 2573/1158/2573 2572/1156/2572
f 144/1142/144 143/1141/143 2574/1160/2574 2573/1158/2573
f 143/1141/143 142/1140/142 2575/1162/2575 2574/1160/2574
f 142/1140/142 141/1139/141 2576/1164/2576 2575/1162/2575
f 141/1139/141 26/546/26 449/548/449 2576/1164/2576
f 2576/1164/2576 449/548/449 450/560/450 2583/1165/2583
f 2583/1165/2583 450/560/450 451/559/451 2590/1172/2590
f 2590/1172/2590 451/559/451 452/558/452 2597/1179/2597
f 2597/1179/2597 452/558/452 453/557/453 2604/1186/2604
f 2604/1186/2604 453/557/453 454/556/454 2611/1193/2611
f 2611/1193/2611 454/556/454 455/555/455 2618/1200/2618
f 2618/1200/2618 455/555/455 27/474/27 162/1201/162
f 2617/1199/2617 2618/1200/2618 162/1201/162 163/1202/163
f 2616/1198/2616 2617/1199/2617 163/1202/163 164/1203/164
f 2615/1197/2615 2616/1198/2616 164/1203/164 165/1204/165
f 2614/1196/2614 2615/1197/2615 165/1204/165 166/1205/166
f 2613/1194/2613 2614/1196/2614 166/1205/166 167/1206/167
f 2612/1195/2612 2613/1194/2613 167/1206/167 168/1207/168
f 148/363/148 2612/1195/2612 168/1207/168 5/364/5
f 149/362/149 2605/1188/2605 2612/1195/2612 148/363/148
f 150/361/150 2598/1181/2598 2605/1188/2605 149/362/149
f 151/360/151 2591/1174/2591 2598/1181/2598 150/361/150
f 152/359/152 2584/1167/2584 2591/1174/2591 151/360/151
f 153/358/153 2577/1155/2577 2584/1167/2584 152/359/152
f 154/357/154 2570/1152/2570 2577/1155/2577 153/358/153
f 2619/1208/2619 2620/1209/2620 2627/1210/2627 2626/1211/2626
f 2620/1209/2620 2621/1212/2621 2628/1213/2628 2627/1210/2627
f 2621/1212/2621 2622/1214/2622 2629/1215/2629 2628/1213/2628
f 2622/1214/2622 2623/1216/2623 2630/1217/2630 2629/1215/2629
f 2623/1216/2623 2624/1218/2624 2631/1219/2631 2630/1217/2630
f 2624/1218/2624 2625/1220/2625 2632/1221/2632 2631/1219/2631
f 2626/1211/2626 2627/1210/2627 2634/1222/2634 2633/1223/2633
f 2627/1210/2627 2628/1213/2628 2635/1224/2635 2634/1222/2634
f 2628/1213/2628 2629/1215/2629 2636/1225/2636 2635/1224/2635
f 2629/1215/2629 2630/1217/2630 2637/1226/2637 2636/1225/2636
f 2630/1217/2630 2631/1219/2631 2638/1227/2638 2637/1226/2637
f 2631/1219/2631 2632/1221/2632 2639/1228/2639 2638/1227/2638
f 2633/1223/2633 2634/1222/2634 2641/1229/2641 2640/1230/2640
f 2634/1222/2634 2635/1224/2635 2642/1231/2642 2641/1229/2641
f 2635/1224/2635 2636/1225/2636 2643/1232/2643 2642/1231/2642
f 2636/1225/2636 2637/1226/2637 2644/1233/2644 2643/1232/2643
f 2637/1226/2637 2638/1227/2638 2645/1234/2645 2644/1233/2644
f 2638/1227/2638 2639/1228/2639 2646/1235/2646 2645/1234/2645
f 2640/1230/2640 2641/1229/2641 2648/1236/2648 2647/1237/2647
f 2641/1229/2641 2642/1231/2642 2649/1238/2649 2648/1236/2648
f 2642/1231/2642 2643/1232/2643 2650/1239/2650 2649/1238/2649
f 2643/1232/2643 2644/1233/2644 2651/1240/2651 2650/1239/2650
f 2644/1233/2644 2645/1234/2645 2652/1241/2652 2651/1240/2651
f 2645/1234/2645 2646/1235/2646 2653/1242/2653 2652/1241/2652
f 2647/1237/2647 2648/1236/2648 2655/1243/2655 2654/1244/2654
f 2648/1236/2648 2649/1238/2649 2656/1245/2656 2655/1243/2655
f 2649/1238/2649 2650/1239/2650 2657/1246/2657 2656/1245/2656
f 2650/1239/2650 2651/1240/2651 2658/1247/2658 2657/1246/2657
f 2651/1240/2651 2652/1241/2652 2659/1248/2659 2658/1247/2658
f 2652/1241/2652 2653/1242/2653 2660/1249/2660 2659/1248/2659
f 2654/1244/2654 2655/1243/2655 2662/1250/2662 2661/1251/2661
f 2655/1243/2655 2656/1245/2656 2663/1252/2663 2662/1250/2662
f 2656/1245/2656 2657/1246/2657 2664/1253/2664 2663/1252/2663
f 2657/1246/2657 2658/1247/2658 2665/1254/2665 2664/1253/2664
f 2658/1247/2658 2659/1248/2659 2666/1255/2666 2665/1254/2665
f 2659/1248/2659 2660/1249/2660 2667/1256/2667 2666/1255/2666
f 5/364/5 168/1207/168 2619/1208/2619 175/1257/175
f 168/1207/168 167/1206/167 2620/1209/2620 2619/1208/2619
f 167/1206/167 166/1205/166 2621/1212/2621 2620/1209/2620
f 166/1205/166 165/1204/165 2622/1214/2622 2621/1212/2621
f 165/1204/165 164/1203/164 2623/1216/2623 2622/1214/2622
f 164/1203/164 163/1202/163 2624/1218/2624 2623/1216/2623
f 163/1202/163 162/1201/162 2625/1220/2625 2624/1218/2624
f 162/1201/162 27/474/27 456/476/456 2625/1220/2625
f 2625/1220/2625 456/476/456 457/496/457 2632/1221/2632
f 2632/1221/2632 457/496/457 458/495/458 2639/1228/2639
f 2639/1228/2639 458/495/458 459/494/459 2646/1235/2646
f 2646/1235/2646 459/494/459 460/493/460 2653/1242/2653
f 2653/1242/2653 460/493/460 461/492/461 2660/1249/2660
f 2660/1249/2660 461/492/461 462/490/462 2667/1256/2667
f 2667/1256/2667 462/490/462 28/491/28 434/1258/434
f 2666/1255/2666 2667/1256/2667 434/1258/434 433/1259/433
f 2665/1254/2665 2666/1255/2666 433/1259/433 432/1260/432
f 2664/1253/2664 2665/1254/2665 432/1260/432 431/1261/431
f 2663/1252/2663 2664/1253/2664 431/1261/431 430/1262/430
f 2662/1250/2662 2663/1252/2663 430/1262/430 429/1263/429
f 2661/1251/2661 2662/1250/2662 429/1263/429 428/1264/428
f 169/1265/169 2661/1251/2661 428/1264/428 1/1266/1
f 170/1267/170 2654/1244/2654 2661/1251/2661 169/1265/169
f 171/1268/171 2647/1237/2647 2654/1244/2654 170/1267/170
f 172/1269/172 2640/1230/2640 2647/1237/2647 171/1268/171
f 173/1270/173 2633/1223/2633 2640/1230/2640 172/1269/172
f 174/1271/174 2626/1211/2626 2633/1223/2633 173/1270/173
f 175/1257/175 2619/1208/2619 2626/1211/2626 174/1271/174
f 2668/751/2668 2669/752/2669 2676/753/2676 2675/754/2675
f 2669/752/2669 2670/755/2670 2677/756/2677 2676/753/2676
f 2670/755/2670 2671/757/2671 2678/758/2678 2677/756/2677
f 2671/757/2671 2672/759/2672 2679/760/2679 2678/758/2678
f 2672/759/2672 2673/761/2673 2680/762/2680 2679/760/2679
f 2673/761/2673 2674/763/2674 2681/764/2681 2680/762/2680
f 2675/754/2675 2676/753/2676 2683/752/2683 2682/765/2682
f 2676/753/2676 2677/756/2677 2684/755/2684 2683/752/2683
f 2677/756/2677 2678/758/2678 2685/766/2685 2684/755/2684
f 2678/758/2678 2679/760/2679 2686/767/2686 2685/766/2685
f 2679/760/2679 2680/762/2680 2687/768/2687 2686/767/2686
f 2680/762/2680 2681/764/2681 2688/769/2688 2687/768/2687
f 2682/765/2682 2683/752/2683 2690/753/2690 2689/754/2689
f 2683/752/2683 2684/755/2684 2691/756/2691 2690/753/2690
f 2684/755/2684 2685/766/2685 2692/766/2692 2691/756/2691
f 2685/766/2685 2686/767/2686 2693/770/2693 2692/766/2692
f 2686/767/2686 2687/768/2687 2694/768/2694 2693/770/2693
f 2687/768/2687 2688/769/2688 2695/771/2695 2694/768/2694
f 2689/754/2689 2690/753/2690 2697/752/2697 2696/765/2696
f 2690/753/2690 2691/756/2691 2698/755/2698 2697/752/2697
f 2691/756/2691 2692/766/2692 2699/757/2699 2698/755/2698
f 2692/766/2692 2693/770/2693 2700/759/2700 2699/757/2699
f 2693/770/2693 2694/768/2694 2701/761/2701 2700/759/2700
f 2694/768/2694 2695/771/2695 2702/763/2702 2701/761/2701
f 2696/765/2696 2697/752/2697 2704/753/2704 2703/751/2703
f 2697/752/2697 2698/755/2698 2705/756/2705 2704/753/2704
f 2698/755/2698 2699/757/2699 2706/758/2706 2705/756/2705
f 2699/757/2699 2700/759/2700 2707/760/2707 2706/758/2706
f 2700/759/2700 2701/761/2701 2708/762/2708 2707/760/2707
f 2701/761/2701 2702/763/2702 2709/764/2709 2708/762/2708
f 2703/751/2703 2704/753/2704 2711/752/2711 2710/751/2710
f 2704/753/2704 2705/756/2705 2712/755/2712 2711/752/2711
f 2705/756/2705 2706/758/2706 2713/766/2713 2712/755/2712
f 2706/758/2706 2707/760/2707 2714/767/2714 2713/766/2713
f 2707/760/2707 2708/762/2708 2715/768/2715 2714/767/2714
f 2708/762/2708 2709/764/2709 2716/769/2716 2715/768/2715
f 22/283/22 385/751/385 2668/751/2668 470/772/470
f 385/751/385 384/753/384 2669/752/2669 2668/751/2668
f 384/753/384 383/756/383 2670/755/2670 2669/752/2669
f 383/756/383 382/766/382 2671/757/2671 2670/755/2670
f 382/766/382 381/770/381 2672/759/2672 2671/757/2671
f 381/770/381 380/768/380 2673/761/2673 2672/759/2672
f 380/768/380 379/771/379 2674/763/2674 2673/761/2673
f 379/771/379 24/723/24 378/727/378 2674/763/2674
f 2674/763/2674 378/727/378 377/725/377 2681/764/2681
f 2681/764/2681 377/725/377 376/723/376 2688/769/2688
f 2688/769/2688 376/723/376 375/723/375 2695/771/2695
f 2695/771/2695 375/723/375 374/727/374 2702/763/2702
f 2702/763/2702 374/727/374 373/725/373 2709/764/2709
f 2709/764/2709 373/725/373 372/723/372 2716/769/2716
f 2716/769/2716 372/723/372 32/723/32 491/771/491
f 2715/768/2715 2716/769/2716 491/771/491 492/768/492
f 2714/767/2714 2715/768/2715 492/768/492 493/770/493
f 2713/766/2713 2714/767/2714 493/770/493 494/766/494
f 2712/755/2712 2713/766/2713 494/766/494 495/756/495
f 2711/752/2711 2712/755/2712 495/756/495 496/753/496
f 2710/751/2710 2711/752/2711 496/753/496 497/751/497
f 476/773/476 2710/751/2710 497/751/497 30/283/30
f 475/772/475 2703/751/2703 2710/751/2710 476/773/476
f 474/772/474 2696/765/2696 2703/751/2703 475/772/475
f 473/772/473 2689/754/2689 2696/765/2696 474/772/474
f 472/772/472 2682/765/2682 2689/754/2689 473/772/473
f 471/772/471 2675/754/2675 2682/765/2682 472/772/472
f 470/772/470 2668/751/2668 2675/754/2675 471/772/471
f 2717/881/2717 2718/997/2718 2725/998/2725 2724/731/2724
f 2718/997/2718 2719/743/2719 2726/743/2726 2725/998/2725
f 2719/743/2719 2720/734/2720 2727/735/2727 2726/743/2726
f 2720/734/2720 2721/1272/2721 2728/737/2728 2727/735/2727
f 2721/1272/2721 2722/1005/2722 2729/1005/2729 2728/737/2728
f 2722/1005/2722 2723/1003/2723 2730/740/2730 2729/1005/2729
f 2724/731/2724 2725/998/2725 2732/997/2732 2731/1273/2731
f 2725/998/2725 2726/743/2726 2733/1002/2733 2732/997/2732
f 2726/743/2726 2727/735/2727 2734/734/2734 2733/1002/2733
f 2727/735/2727 2728/737/2728 2735/736/2735 2734/734/2734
f 2728/737/2728 2729/1005/2729 2736/744/2736 2735/736/2735
f 2729/1005/2729 2730/740/2730 2737/745/2737 2736/744/2736
f 2731/1273/2731 2732/997/2732 2739/746/2739 2738/747/2738
f 2732/997/2732 2733/1002/2733 2740/743/2740 2739/746/2739
f 2733/1002/2733 2734/734/2734 2741/735/2741 2740/743/2740
f 2734/734/2734 2735/736/2735 2742/737/2742 2741/735/2741
f 2735/736/2735 2736/744/2736 2743/738/2743 2742/737/2742
f 2736/744/2736 2737/745/2737 2744/740/2744 2743/738/2743
f 2738/747/2738 2739/746/2739 2746/729/2746 2745/728/2745
f 2739/746/2739 2740/743/2740 2747/732/2747 2746/729/2746
f 2740/743/2740 2741/735/2741 2748/734/2748 2747/732/2747
f 2741/735/2741 2742/737/2742 2749/736/2749 2748/734/2748
f 2742/737/2742 2743/738/2743 2750/744/2750 2749/736/2749
f 2743/738/2743 2744/740/2744 2751/745/2751 2750/744/2750
f 2745/728/2745 2746/729/2746 2753/730/2753 2752/731/2752
f 2746/729/2746 2747/732/2747 2754/733/2754 2753/730/2753
f 2747/732/2747 2748/734/2748 2755/735/2755 2754/733/2754
f 2748/734/2748 2749/736/2749 2756/737/2756 2755/735/2755
f 2749/736/2749 2750/744/2750 2757/738/2757 2756/737/2756
f 2750/744/2750 2751/745/2751 2758/739/2758 2757/738/2757
f 2752/731/2752 2753/730/2753 2760/741/2760 2759/742/2759
f 2753/730/2753 2754/733/2754 2761/743/2761 2760/741/2760
f 2754/733/2754 2755/735/2755 2762/734/2762 2761/743/2761
f 2755/735/2755 2756/737/2756 2763/736/2763 2762/734/2762
f 2756/737/2756 2757/738/2757 2764/738/2764 2763/736/2763
f 2757/738/2757 2758/739/2758 2765/1003/2765 2764/738/2764
f 21/417/21 392/881/392 2717/881/2717 463/418/463
f 392/881/392 391/741/391 2718/997/2718 2717/881/2717
f 391/741/391 390/743/390 2719/743/2719 2718/997/2718
f 390/743/390 389/735/389 2720/734/2720 2719/743/2719
f 389/735/389 388/1006/388 2721/1272/2721 2720/734/2720
f 388/1006/388 387/738/387 2722/1005/2722 2721/1272/2721
f 387/738/387 386/739/386 2723/1003/2723 2722/1005/2722
f 386/739/386 22/59/22 470/750/470 2723/1003/2723
f 2723/1003/2723 470/750/470 471/750/471 2730/740/2730
f 2730/740/2730 471/750/471 472/59/472 2737/745/2737
f 2737/745/2737 472/59/472 473/750/473 2744/740/2744
f 2744/740/2744 473/750/473 474/750/474 2751/745/2751
f 2751/745/2751 474/750/474 475/750/475 2758/739/2758
f 2758/739/2758 475/750/475 476/750/476 2765/1003/2765
f 2765/1003/2765 476/750/476 30/59/30 498/749/498
f 2764/738/2764 2765/1003/2765 498/749/498 499/738/499
f 2763/736/2763 2764/738/2764 499/738/499 500/737/500
f 2762/734/2762 2763/736/2763 500/737/500 501/735/501
f 2761/743/2761 2762/734/2762 501/735/501 502/743/502
f 2760/741/2760 2761/743/2761 502/743/502 503/746/503
f 2759/742/2759 2760/741/2760 503/746/503 504/747/504
f 469/418/469 2759/742/2759 504/747/504 29/417/29
f 468/420/468 2752/731/2752 2759/742/2759 469/418/469
f 467/419/467 2745/728/2745 2752/731/2752 468/420/468
f 466/417/466 2738/747/2738 2745/728/2745 467/419/467
f 465/420/465 2731/1273/2731 2738/747/2738 466/417/466
f 464/418/464 2724/731/2724 2731/1273/2731 465/420/465
f 463/418/463 2717/881/2717 2724/731/2724 464/418/464
f 2766/689/2766 2767/690/2767 2774/691/2774 2773/692/2773
f 2767/690/2767 2768/693/2768 2775/694/2775 2774/691/2774
f 2768/693/2768 2769/695/2769 2776/696/2776 2775/694/2775
f 2769/695/2769 2770/697/2770 2777/698/2777 2776/696/2776
f 2770/697/2770 2771/699/2771 2778/700/2778 2777/698/2777
f 2771/699/2771 2772/701/2772 2779/702/2779 2778/700/2778
f 2773/692/2773 2774/691/2774 2781/690/2781 2780/703/2780
f 2774/691/2774 2775/694/2775 2782/704/2782 2781/690/2781
f 2775/694/2775 2776/696/2776 2783/705/2783 2782/704/2782
f 2776/696/2776 2777/698/2777 2784/697/2784 2783/705/2783
f 2777/698/2777 2778/700/2778 2785/706/2785 2784/697/2784
f 2778/700/2778 2779/702/2779 2786/707/2786 2785/706/2785
f 2780/703/2780 2781/690/2781 2788/690/2788 2787/689/2787
f 2781/690/2781 2782/704/2782 2789/708/2789 2788/690/2788
f 2782/704/2782 2783/705/2783 2790/695/2790 2789/708/2789
f 2783/705/2783 2784/697/2784 2791/709/2791 2790/695/2790
f 2784/697/2784 2785/706/2785 2792/699/2792 2791/709/2791
f 2785/706/2785 2786/707/2786 2793/710/2793 2792/699/2792
f 2787/689/2787 2788/690/2788 2795/691/2795 2794/692/2794
f 2788/690/2788 2789/708/2789 2796/711/2796 2795/691/2795
f 2789/708/2789 2790/695/2790 2797/712/2797 2796/711/2796
f 2790/695/2790 2791/709/2791 2798/713/2798 2797/712/2797
f 2791/709/2791 2792/699/2792 2799/714/2799 2798/713/2798
f 2792/699/2792 2793/710/2793 2800/702/2800 2799/714/2799
f 2794/692/2794 2795/691/2795 2802/715/2802 2801/703/2801
f 2795/691/2795 2796/711/2796 2803/694/2803 2802/715/2802
f 2796/711/2796 2797/712/2797 2804/712/2804 2803/694/2803
f 2797/712/2797 2798/713/2798 2805/716/2805 2804/712/2804
f 2798/713/2798 2799/714/2799 2806/706/2806 2805/716/2805
f 2799/714/2799 2800/702/2800 2807/701/2807 2806/706/2806
f 2801/703/2801 2802/715/2802 2809/690/2809 2808/717/2808
f 2802/715/2802 2803/694/2803 2810/704/2810 2809/690/2809
f 2803/694/2803 2804/712/2804 2811/718/2811 2810/704/2810
f 2804/712/2804 2805/716/2805 2812/697/2812 2811/718/2811
f 2805/716/2805 2806/706/2806 2813/719/2813 2812/697/2812
f 2806/706/2806 2807/701/2807 2814/701/2814 2813/719/2813
f 24/723/24 399/703/399 2766/689/2766 378/727/378
f 399/703/399 398/722/398 2767/690/2767 2766/689/2766
f 398/722/398 397/704/397 2768/693/2768 2767/690/2767
f 397/704/397 396/712/396 2769/695/2769 2768/693/2768
f 396/712/396 395/697/395 2770/697/2770 2769/695/2769
f 395/697/395 394/719/394 2771/699/2771 2770/697/2770
f 394/719/394 393/707/393 2772/701/2772 2771/699/2771
f 393/707/393 23/412/23 371/414/371 2772/701/2772
f 2772/701/2772 371/414/371 370/422/370 2779/702/2779
f 2779/702/2779 370/422/370 369/424/369 2786/707/2786
f 2786/707/2786 369/424/369 368/423/368 2793/710/2793
f 2793/710/2793 368/423/368 367/422/367 2800/702/2800
f 2800/702/2800 367/422/367 366/421/366 2807/701/2807
f 2807/701/2807 366/421/366 365/412/365 2814/701/2814
f 2814/701/2814 365/412/365 31/412/31 505/707/505
f 2813/719/2813 2814/701/2814 505/707/505 506/719/506
f 2812/697/2812 2813/719/2813 506/719/506 507/697/507
f 2811/718/2811 2812/697/2812 507/697/507 508/712/508
f 2810/704/2810 2811/718/2811 508/712/508 509/704/509
f 2809/690/2809 2810/704/2810 509/704/509 510/722/510
f 2808/717/2808 2809/690/2809 510/722/510 511/703/511
f 372/723/372 2808/717/2808 511/703/511 32/723/32
f 373/725/373 2801/703/2801 2808/717/2808 372/723/372
f 374/727/374 2794/692/2794 2801/703/2801 373/725/373
f 375/723/375 2787/689/2787 2794/692/2794 374/727/374
f 376/723/376 2780/703/2780 2787/689/2787 375/723/375
f 377/725/377 2773/692/2773 2780/703/2780 376/723/376
f 378/727/378 2766/689/2766 2773/692/2773 377/725/377
f 2815/1007/2815 2816/1008/2816 2823/1009/2823 2822/394/2822
f 2816/1008/2816 2817/384/2817 2824/1010/2824 2823/1009/2823
f 2817/384/2817 2818/1011/2818 2825/416/2825 2824/1010/2824
f 2818/1011/2818 2819/1012/2819 2826/387/2826 2825/416/2825
f 2819/1012/2819 2820/410/2820 2827/398/2827 2826/387/2826
f 2820/410/2820 2821/391/2821 2828/391/2828 2827/398/2827
f 2822/394/2822 2823/1009/2823 2830/393/2830 2829/407/2829
f 2823/1009/2823 2824/1010/2824 2831/995/2831 2830/393/2830
f 2824/1010/2824 2825/416/2825 2832/1011/2832 2831/995/2831
f 2825/416/2825 2826/387/2826 2833/1012/2833 2832/1011/2832
f 2826/387/2826 2827/398/2827 2834/1013/2834 2833/1012/2833
f 2827/398/2827 2828/391/2828 2835/994/2835 2834/1013/2834
f 2829/407/2829 2830/393/2830 2837/399/2837 2836/996/2836
f 2830/393/2830 2831/995/2831 2838/995/2838 2837/399/2837
f 2831/995/2831 2832/1011/2832 2839/1274/2839 2838/995/2838
f 2832/1011/2832 2833/1012/2833 2840/1275/2840 2839/1274/2839
f 2833/1012/2833 2834/1013/2834 2841/398/2841 2840/1275/2840
f 2834/1013/2834 2835/994/2835 2842/411/2842 2841/398/2841
f 2836/996/2836 2837/399/2837 2844/1008/2844 2843/1007/2843
f 2837/399/2837 2838/995/2838 2845/384/2845 2844/1008/2844
f 2838/995/2838 2839/1274/2839 2846/1276/2846 2845/384/2845
f 2839/1274/2839 2840/1275/2840 2847/1277/2847 2846/1276/2846
f 2840/1275/2840 2841/398/2841 2848/390/2848 2847/1277/2847
f 2841/398/2841 2842/411/2842 2849/392/2849 2848/390/2848
f 2843/1007/2843 2844/1008/2844 2851/1009/2851 2850/394/2850
f 2844/1008/2844 2845/384/2845 2852/1010/2852 2851/1009/2851
f 2845/384/2845 2846/1276/2846 2853/1011/2853 2852/1010/2852
f 2846/1276/2846 2847/1277/2847 2854/408/2854 2853/1011/2853
f 2847/1277/2847 2848/390/2848 2855/1278/2855 2854/408/2854
f 2848/390/2848 2849/392/2849 2856/994/2856 2855/1278/2855
f 2850/394/2850 2851/1009/2851 2858/393/2858 2857/407/2857
f 2851/1009/2851 2852/1010/2852 2859/995/2859 2858/393/2858
f 2852/1010/2852 2853/1011/2853 2860/416/2860 2859/995/2859
f 2853/1011/2853 2854/408/2854 2861/401/2861 2860/416/2860
f 2854/408/2854 2855/1278/2855 2862/398/2862 2861/401/2861
f 2855/1278/2855 2856/994/2856 2863/391/2863 2862/398/2862
f 23/412/23 406/996/406 2815/1007/2815 371/414/371
f 406/996/406 405/399/405 2816/1008/2816 2815/1007/2815
f 405/399/405 404/995/404 2817/384/2817 2816/1008/2816
f 404/995/404 403/416/403 2818/1011/2818 2817/384/2817
f 403/416/403 402/387/402 2819/1012/2819 2818/1011/2818
f 402/387/402 401/410/401 2820/410/2820 2819/1012/2819
f 401/410/401 400/1016/400 2821/391/2821 2820/410/2820
f 400/1016/400 21/417/21 463/418/463 2821/391/2821
f 2821/391/2821 463/418/463 464/418/464 2828/391/2828
f 2828/391/2828 464/418/464 465/420/465 2835/994/2835
f 2835/994/2835 465/420/465 466/417/466 2842/411/2842
f 2842/411/2842 466/417/466 467/419/467 2849/392/2849
f 2849/392/2849 467/419/467 468/420/468 2856/994/2856
f 2856/994/2856 468/420/468 469/418/469 2863/391/2863
f 2863/391/2863 469/418/469 29/417/29 512/411/512
f 2862/398/2862 2863/391/2863 512/411/512 513/398/513
f 2861/401/2861 2862/398/2862 513/398/513 514/1275/514
f 2860/416/2860 2861/401/2861 514/1275/514 515/1274/515
f 2859/995/2859 2860/416/2860 515/1274/515 516/995/516
f 2858/393/2858 2859/995/2859 516/995/516 517/399/517
f 2857/407/2857 2858/393/2858 517/399/517 518/996/518
f 365/412/365 2857/407/2857 518/996/518 31/412/31
f 366/421/366 2850/394/2850 2857/407/2857 365/412/365
f 367/422/367 2843/1007/2843 2850/394/2850 366/421/366
f 368/423/368 2836/996/2836 2843/1007/2843 367/422/367
f 369/424/369 2829/407/2829 2836/996/2836 368/423/368
f 370/422/370 2822/394/2822 2829/407/2829 369/424/369
f 371/414/371 2815/1007/2815 2822/394/2822 370/422/370
f 2864/751/2864 2865/752/2865 2872/753/2872 2871/754/2871
f 2865/752/2865 2866/755/2866 2873/756/2873 2872/753/2872
f 2866/755/2866 2867/757/2867 2874/758/2874 2873/756/2873
f 2867/757/2867 2868/759/2868 2875/760/2875 2874/758/2874
f 2868/759/2868 2869/761/2869 2876/762/2876 2875/760/2875
f 2869/761/2869 2870/763/2870 2877/764/2877 2876/762/2876
f 2871/754/2871 2872/753/2872 2879/752/2879 2878/765/2878
f 2872/753/2872 2873/756/2873 2880/755/2880 2879/752/2879
f 2873/756/2873 2874/758/2874 2881/766/2881 2880/755/2880
f 2874/758/2874 2875/760/2875 2882/767/2882 2881/766/2881
f 2875/760/2875 2876/762/2876 2883/768/2883 2882/767/2882
f 2876/762/2876 2877/764/2877 2884/769/2884 2883/768/2883
f 2878/765/2878 2879/752/2879 2886/753/2886 2885/754/2885
f 2879/752/2879 2880/755/2880 2887/756/2887 2886/753/2886
f 2880/755/2880 2881/766/2881 2888/766/2888 2887/756/2887
f 2881/766/2881 2882/767/2882 2889/770/2889 2888/766/2888
f 2882/767/2882 2883/768/2883 2890/768/2890 2889/770/2889
f 2883/768/2883 2884/769/2884 2891/771/2891 2890/768/2890
f 2885/754/2885 2886/753/2886 2893/752/2893 2892/765/2892
f 2886/753/2886 2887/756/2887 2894/755/2894 2893/752/2893
f 2887/756/2887 2888/766/2888 2895/757/2895 2894/755/2894
f 2888/766/2888 2889/770/2889 2896/759/2896 2895/757/2895
f 2889/770/2889 2890/768/2890 2897/761/2897 2896/759/2896
f 2890/768/2890 2891/771/2891 2898/763/2898 2897/761/2897
f 2892/765/2892 2893/752/2893 2900/753/2900 2899/751/2899
f 2893/752/2893 2894/755/2894 2901/756/2901 2900/753/2900
f 2894/755/2894 2895/757/2895 2902/758/2902 2901/756/2901
f 2895/757/2895 2896/759/2896 2903/760/2903 2902/758/2902
f 2896/759/2896 2897/761/2897 2904/762/2904 2903/760/2903
f 2897/761/2897 2898/763/2898 2905/764/1590 2904/762/2904
f 2899/751/2899 2900/753/2900 2907/752/2906 2906/751/2905
f 2900/753/2900 2901/756/2901 2908/755/2907 2907/752/2906
f 2901/756/2901 2902/758/2902 2909/766/2908 2908/755/2907
f 2902/758/2902 2903/760/2903 2910/767/2909 2909/766/2908
f 2903/760/2903 2904/762/2904 2911/768/2910 2910/767/2909
f 2904/762/2904 2905/764/1590 2912/769/2911 2911/768/2910
f 30/283/30 497/751/497 2864/751/2864 540/772/540
f 497/751/497 496/753/496 2865/752/2865 2864/751/2864
f 496/753/496 495/756/495 2866/755/2866 2865/752/2865
f 495/756/495 494/766/494 2867/757/2867 2866/755/2866
f 494/766/494 493/770/493 2868/759/2868 2867/757/2867
f 493/770/493 492/768/492 2869/761/2869 2868/759/2868
f 492/768/492 491/771/491 2870/763/2870 2869/761/2869
f 491/771/491 32/723/32 490/727/490 2870/763/2870
f 2870/763/2870 490/727/490 489/725/489 2877/764/2877
f 2877/764/2877 489/725/489 488/723/488 2884/769/2884
f 2884/769/2884 488/723/488 487/723/487 2891/771/2891
f 2891/771/2891 487/723/487 486/727/486 2898/763/2898
f 2898/763/2898 486/727/486 485/725/485 2905/764/1590
f 2905/764/1590 485/725/485 484/723/484 2912/769/2911
f 2912/769/2911 484/723/484 36/720/36 561/771/561
f 2911/768/2910 2912/769/2911 561/771/561 562/768/562
f 2910/767/2909 2911/768/2910 562/768/562 563/770/563
f 2909/766/2908 2910/767/2909 563/770/563 564/766/564
f 2908/755/2907 2909/766/2908 564/766/564 565/756/565
f 2907/752/2906 2908/755/2907 565/756/565 566/753/566
f 2906/751/2905 2907/752/2906 566/753/566 567/751/567
f 546/773/546 2906/751/2905 567/751/567 34/283/34
f 545/772/545 2899/751/2899 2906/751/2905 546/773/546
f 544/772/544 2892/765/2892 2899/751/2899 545/772/545
f 543/772/543 2885/754/2885 2892/765/2892 544/772/544
f 542/772/542 2878/765/2878 2885/754/2885 543/772/543
f 541/772/541 2871/754/2871 2878/765/2878 542/772/542
f 540/772/540 2864/751/2864 2871/754/2871 541/772/541
f 2913/728/2912 2914/729/2913 2921/730/2920 2920/731/2919
f 2914/729/2913 2915/732/2914 2922/733/2921 2921/730/2920
f 2915/732/2914 2916/734/2915 2923/735/2922 2922/733/2921
f 2916/734/2915 2917/736/2916 2924/737/2923 2923/735/2922
f 2917/736/2916 2918/738/2917 2925/738/2924 2924/737/2923
f 2918/738/2917 2919/739/2918 2926/740/2925 2925/738/2924
f 2920/731/2919 2921/730/2920 2928/741/2927 2927/742/2926
f 2921/730/2920 2922/733/2921 2929/743/2928 2928/741/2927
f 2922/733/2921 2923/735/2922 2930/734/2929 2929/743/2928
f 2923/735/2922 2924/737/2923 2931/736/2930 2930/734/2929
f 2924/737/2923 2925/738/2924 2932/744/2931 2931/736/2930
f 2925/738/2924 2926/740/2925 2933/745/2932 2932/744/2931
f 2927/742/2926 2928/741/2927 2935/746/2934 2934/747/2933
f 2928/741/2927 2929/743/2928 2936/743/2935 2935/746/2934
f 2929/743/2928 2930/734/2929 2937/735/2936 2936/743/2935
f 2930/734/2929 2931/736/2930 2938/737/2937 2937/735/2936
f 2931/736/2930 2932/744/2931 2939/738/2938 2938/737/2937
f 2932/744/2931 2933/745/2932 2940/740/2939 2939/738/2938
f 2934/747/2933 2935/746/2934 2942/729/2941 2941/728/2940
f 2935/746/2934 2936/743/2935 2943/732/2942 2942/729/2941
f 2936/743/2935 2937/735/2936 2944/734/2943 2943/732/2942
f 2937/735/2936 2938/737/2937 2945/736/2944 2944/734/2943
f 2938/737/2937 2939/738/2938 2946/744/2945 2945/736/2944
f 2939/738/2938 2940/740/2939 2947/745/2946 2946/744/2945
f 2941/728/2940 2942/729/2941 2949/730/2947 2948/731/1485
f 2942/729/2941 2943/732/2942 2950/733/2948 2949/730/2947
f 2943/732/2942 2944/734/2943 2951/735/2949 2950/733/2948
f 2944/734/2943 2945/736/2944 2952/737/2950 2951/735/2949
f 2945/736/2944 2946/744/2945 2953/738/2951 2952/737/2950
f 2946/744/2945 2947/745/2946 2954/739/1443 2953/738/2951
f 2948/731/1485 2949/730/2947 2956/741/2953 2955/742/2952
f 2949/730/2947 2950/733/2948 2957/743/2954 2956/741/2953
f 2950/733/2948 2951/735/2949 2958/734/2955 2957/743/2954
f 2951/735/2949 2952/737/2950 2959/736/2956 2958/734/2955
f 2952/737/2950 2953/738/2951 2960/738/2957 2959/736/2956
f 2953/738/2951 2954/739/1443 2961/748/2958 2960/738/2957
f 29/417/29 504/747/504 2913/728/2912 533/419/533
f 504/747/504 503/746/503 2914/729/2913 2913/728/2912
f 503/746/503 502/743/502 2915/732/2914 2914/729/2913
f 502/743/502 501/735/501 2916/734/2915 2915/732/2914
f 501/735/501 500/737/500 2917/736/2916 2916/734/2915
f 500/737/500 499/738/499 2918/738/2917 2917/736/2916
f 499/738/499 498/749/498 2919/739/2918 2918/738/2917
f 498/749/498 30/59/30 540/750/540 2919/739/2918
f 2919/739/2918 540/750/540 541/750/541 2926/740/2925
f 2926/740/2925 541/750/541 542/750/542 2933/745/2932
f 2933/745/2932 542/750/542 543/750/543 2940/740/2939
f 2940/740/2939 543/750/543 544/750/544 2947/745/2946
f 2947/745/2946 544/750/544 545/750/545 2954/739/1443
f 2954/739/1443 545/750/545 546/750/546 2961/748/2958
f 2961/748/2958 546/750/546 34/59/34 568/749/568
f 2960/738/2957 2961/748/2958 568/749/568 569/738/569
f 2959/736/2956 2960/738/2957 569/738/569 570/737/570
f 2958/734/2955 2959/736/2956 570/737/570 571/735/571
f 2957/743/2954 2958/734/2955 571/735/571 572/743/572
f 2956/741/2953 2957/743/2954 572/743/572 573/746/573
f 2955/742/2952 2956/741/2953 573/746/573 574/747/574
f 539/418/539 2955/742/2952 574/747/574 33/417/33
f 538/420/538 2948/731/1485 2955/742/2952 539/418/539
f 537/419/537 2941/728/2940 2948/731/1485 538/420/538
f 536/417/536 2934/747/2933 2941/728/2940 537/419/537
f 535/418/535 2927/742/2926 2934/747/2933 536/417/536
f 534/420/534 2920/731/2919 2927/742/2926 535/418/535
f 533/419/533 2913/728/2912 2920/731/2919 534/420/534
f 2962/689/2959 2963/690/2960 2970/691/2967 2969/692/2966
f 2963/690/2960 2964/693/2961 2971/694/2968 2970/691/2967
f 2964/693/2961 2965/695/2962 2972/696/2969 2971/694/2968
f 2965/695/2962 2966/697/2963 2973/698/2970 2972/696/2969
f 2966/697/2963 2967/699/2964 2974/700/2971 2973/698/2970
f 2967/699/2964 2968/701/2965 2975/702/2972 2974/700/2971
f 2969/692/2966 2970/691/2967 2977/690/2974 2976/703/2973
f 2970/691/2967 2971/694/2968 2978/704/2975 2977/690/2974
f 2971/694/2968 2972/696/2969 2979/705/2976 2978/704/2975
f 2972/696/2969 2973/698/2970 2980/697/2977 2979/705/2976
f 2973/698/2970 2974/700/2971 2981/706/2978 2980/697/2977
f 2974/700/2971 2975/702/2972 2982/707/2979 2981/706/2978
f 2976/703/2973 2977/690/2974 2984/690/2981 2983/689/2980
f 2977/690/2974 2978/704/2975 2985/708/2982 2984/690/2981
f 2978/704/2975 2979/705/2976 2986/695/2983 2985/708/2982
f 2979/705/2976 2980/697/2977 2987/709/2984 2986/695/2983
f 2980/697/2977 2981/706/2978 2988/699/2985 2987/709/2984
f 2981/706/2978 2982/707/2979 2989/710/2986 2988/699/2985
f 2983/689/2980 2984/690/2981 2991/691/2988 2990/692/2987
f 2984/690/2981 2985/708/2982 2992/711/2989 2991/691/2988
f 2985/708/2982 2986/695/2983 2993/712/2990 2992/711/2989
f 2986/695/2983 2987/709/2984 2994/713/2991 2993/712/2990
f 2987/709/2984 2988/699/2985 2995/714/2992 2994/713/2991
f 2988/699/2985 2989/710/2986 2996/702/2993 2995/714/2992
f 2990/692/2987 2991/691/2988 2998/715/2994 2997/703/1583
f 2991/691/2988 2992/711/2989 2999/694/2995 2998/715/2994
f 2992/711/2989 2993/712/2990 3000/712/2996 2999/694/2995
f 2993/712/2990 2994/713/2991 3001/716/2997 3000/712/2996
f 2994/713/2991 2995/714/2992 3002/706/2998 3001/716/2997
f 2995/714/2992 2996/702/2993 3003/701/1541 3002/706/2998
f 2997/703/1583 2998/715/2994 3005/690/3000 3004/717/2999
f 2998/715/2994 2999/694/2995 3006/704/3001 3005/690/3000
f 2999/694/2995 3000/712/2996 3007/718/3002 3006/704/3001
f 3000/712/2996 3001/716/2997 3008/697/3003 3007/718/3002
f 3001/716/2997 3002/706/2998 3009/719/3004 3008/697/3003
f 3002/706/2998 3003/701/1541 3010/701/3005 3009/719/3004
f 32/723/32 511/703/511 2962/689/2959 490/727/490
f 511/703/511 510/722/510 2963/690/2960 2962/689/2959
f 510/722/510 509/704/509 2964/693/2961 2963/690/2960
f 509/704/509 508/712/508 2965/695/2962 2964/693/2961
f 508/712/508 507/697/507 2966/697/2963 2965/695/2962
f 507/697/507 506/719/506 2967/699/2964 2966/697/2963
f 506/719/506 505/707/505 2968/701/2965 2967/699/2964
f 505/707/505 31/412/31 483/414/483 2968/701/2965
f 2968/701/2965 483/414/483 482/422/482 2975/702/2972
f 2975/702/2972 482/422/482 481/424/481 2982/707/2979
f 2982/707/2979 481/424/481 480/423/480 2989/710/2986
f 2989/710/2986 480/423/480 479/422/479 2996/702/2993
f 2996/702/2993 479/422/479 478/421/478 3003/701/1541
f 3003/701/1541 478/421/478 477/412/477 3010/701/3005
f 3010/701/3005 477/412/477 35/412/35 575/707/575
f 3009/719/3004 3010/701/3005 575/707/575 576/719/576
f 3008/697/3003 3009/719/3004 576/719/576 577/697/577
f 3007/718/3002 3008/697/3003 577/697/577 578/712/578
f 3006/704/3001 3007/718/3002 578/712/578 579/704/579
f 3005/690/3000 3006/704/3001 579/704/579 580/722/580
f 3004/717/2999 3005/690/3000 580/722/580 581/703/581
f 484/723/484 3004/717/2999 581/703/581 36/720/36
f 485/725/485 2997/703/1583 3004/717/2999 484/723/484
f 486/727/486 2990/692/2987 2997/703/1583 485/725/485
f 487/723/487 2983/689/2980 2990/692/2987 486/727/486
f 488/723/488 2976/703/2973 2983/689/2980 487/723/487
f 489/725/489 2969/692/2966 2976/703/2973 488/723/488
f 490/727/490 2962/689/2959 2969/692/2966 489/725/489
f 3011/379/3006 3012/380/3007 3019/381/3014 3018/382/3013
f 3012/380/3007 3013/383/3008 3020/384/3015 3019/381/3014
f 3013/383/3008 3014/385/3009 3021/386/3016 3020/384/3015
f 3014/385/3009 3015/387/3010 3022/388/3017 3021/386/3016
f 3015/387/3010 3016/389/3011 3023/390/3018 3022/388/3017
f 3016/389/3011 3017/391/3012 3024/392/3019 3023/390/3018
f 3018/382/3013 3019/381/3014 3026/393/3021 3025/394/3020
f 3019/381/3014 3020/384/3015 3027/395/3022 3026/393/3021
f 3020/384/3015 3021/386/3016 3028/396/3023 3027/395/3022
f 3021/386/3016 3022/388/3017 3029/397/3024 3028/396/3023
f 3022/388/3017 3023/390/3018 3030/398/3025 3029/397/3024
f 3023/390/3018 3024/392/3019 3031/391/3026 3030/398/3025
f 3025/394/3020 3026/393/3021 3033/399/3028 3032/400/3027
f 3026/393/3021 3027/395/3022 3034/383/3029 3033/399/3028
f 3027/395/3022 3028/396/3023 3035/385/3030 3034/383/3029
f 3028/396/3023 3029/397/3024 3036/401/3031 3035/385/3030
f 3029/397/3024 3030/398/3025 3037/389/3032 3036/401/3031
f 3030/398/3025 3031/391/3026 3038/402/3033 3037/389/3032
f 3032/400/3027 3033/399/3028 3040/403/3035 3039/382/3034
f 3033/399/3028 3034/383/3029 3041/404/3036 3040/403/3035
f 3034/383/3029 3035/385/3030 3042/396/3037 3041/404/3036
f 3035/385/3030 3036/401/3031 3043/405/3038 3042/396/3037
f 3036/401/3031 3037/389/3032 3044/390/3039 3043/405/3038
f 3037/389/3032 3038/402/3033 3045/392/3040 3044/390/3039
f 3039/382/3034 3040/403/3035 3047/406/3041 3046/407/1534
f 3040/403/3035 3041/404/3036 3048/404/3042 3047/406/3041
f 3041/404/3036 3042/396/3037 3049/396/3043 3048/404/3042
f 3042/396/3037 3043/405/3038 3050/408/3044 3049/396/3043
f 3043/405/3038 3044/390/3039 3051/398/3045 3050/408/3044
f 3044/390/3039 3045/392/3040 3052/391/3046 3051/398/3045
f 3046/407/1534 3047/406/3041 3054/399/3048 3053/407/3047
f 3047/406/3041 3048/404/3042 3055/395/3049 3054/399/3048
f 3048/404/3042 3049/396/3043 3056/409/3050 3055/395/3049
f 3049/396/3043 3050/408/3044 3057/401/3051 3056/409/3050
f 3050/408/3044 3051/398/3045 3058/410/3052 3057/401/3051
f 3051/398/3045 3052/391/3046 3059/411/3053 3058/410/3052
f 31/412/31 518/996/518 3011/379/3006 483/414/483
f 518/996/518 517/399/517 3012/380/3007 3011/379/3006
f 517/399/517 516/995/516 3013/383/3008 3012/380/3007
f 516/995/516 515/1274/515 3014/385/3009 3013/383/3008
f 515/1274/515 514/1275/514 3015/387/3010 3014/385/3009
f 514/1275/514 513/398/513 3016/389/3011 3015/387/3010
f 513/398/513 512/411/512 3017/391/3012 3016/389/3011
f 512/411/512 29/417/29 533/419/533 3017/391/3012
f 3017/391/3012 533/419/533 534/420/534 3024/392/3019
f 3024/392/3019 534/420/534 535/418/535 3031/391/3026
f 3031/391/3026 535/418/535 536/417/536 3038/402/3033
f 3038/402/3033 536/417/536 537/419/537 3045/392/3040
f 3045/392/3040 537/419/537 538/420/538 3052/391/3046
f 3052/391/3046 538/420/538 539/418/539 3059/411/3053
f 3059/411/3053 539/418/539 33/417/33 582/391/582
f 3058/410/3052 3059/411/3053 582/391/582 583/398/583
f 3057/401/3051 3058/410/3052 583/398/583 584/397/584
f 3056/409/3050 3057/401/3051 584/397/584 585/416/585
f 3055/395/3049 3056/409/3050 585/416/585 586/395/586
f 3054/399/3048 3055/395/3049 586/395/586 587/415/587
f 3053/407/3047 3054/399/3048 587/415/587 588/413/588
f 477/412/477 3053/407/3047 588/413/588 35/412/35
f 478/421/478 3046/407/1534 3053/407/3047 477/412/477
f 479/422/479 3039/382/3034 3046/407/1534 478/421/478
f 480/423/480 3032/400/3027 3039/382/3034 479/422/479
f 481/424/481 3025/394/3020 3032/400/3027 480/423/480
f 482/422/482 3018/382/3013 3025/394/3020 481/424/481
f 483/414/483 3011/379/3006 3018/382/3013 482/422/482
f 3060/379/3054 3061/380/3055 3068/381/3062 3067/382/3061
f 3061/380/3055 3062/383/3056 3069/384/3063 3068/381/3062
f 3062/383/3056 3063/385/3057 3070/386/3064 3069/384/3063
f 3063/385/3057 3064/387/3058 3071/388/3065 3070/386/3064
f 3064/387/3058 3065/389/3059 3072/390/3066 3071/388/3065
f 3065/389/3059 3066/391/3060 3073/392/3067 3072/390/3066
f 3067/382/3061 3068/381/3062 3075/393/3069 3074/394/3068
f 3068/381/3062 3069/384/3063 3076/395/3070 3075/393/3069
f 3069/384/3063 3070/386/3064 3077/396/3071 3076/395/3070
f 3070/386/3064 3071/388/3065 3078/397/3072 3077/396/3071
f 3071/388/3065 3072/390/3066 3079/398/3073 3078/397/3072
f 3072/390/3066 3073/392/3067 3080/391/3074 3079/398/3073
f 3074/394/3068 3075/393/3069 3082/399/3076 3081/400/3075
f 3075/393/3069 3076/395/3070 3083/383/3077 3082/399/3076
f 3076/395/3070 3077/396/3071 3084/385/3078 3083/383/3077
f 3077/396/3071 3078/397/3072 3085/401/3079 3084/385/3078
f 3078/397/3072 3079/398/3073 3086/389/3080 3085/401/3079
f 3079/398/3073 3080/391/3074 3087/402/3081 3086/389/3080
f 3081/400/3075 3082/399/3076 3089/403/3083 3088/382/3082
f 3082/399/3076 3083/383/3077 3090/404/3084 3089/403/3083
f 3083/383/3077 3084/385/3078 3091/396/3085 3090/404/3084
f 3084/385/3078 3085/401/3079 3092/405/3086 3091/396/3085
f 3085/401/3079 3086/389/3080 3093/390/3087 3092/405/3086
f 3086/389/3080 3087/402/3081 3094/392/3088 3093/390/3087
f 3088/382/3082 3089/403/3083 3096/406/3090 3095/407/3089
f 3089/403/3083 3090/404/3084 3097/404/3091 3096/406/3090
f 3090/404/3084 3091/396/3085 3098/396/3092 3097/404/3091
f 3091/396/3085 3092/405/3086 3099/408/3093 3098/396/3092
f 3092/405/3086 3093/390/3087 3100/398/3094 3099/408/3093
f 3093/390/3087 3094/392/3088 3101/391/3095 3100/398/3094
f 3095/407/3089 3096/406/3090 3103/399/3097 3102/407/3096
f 3096/406/3090 3097/404/3091 3104/395/3098 3103/399/3097
f 3097/404/3091 3098/396/3092 3105/409/3099 3104/395/3098
f 3098/396/3092 3099/408/3093 3106/401/3100 3105/409/3099
f 3099/408/3093 3100/398/3094 3107/410/3101 3106/401/3100
f 3100/398/3094 3101/391/3095 3108/411/3102 3107/410/3101
f 15/412/15 252/413/252 3060/379/3054 589/414/589
f 252/413/252 251/415/251 3061/380/3055 3060/379/3054
f 251/415/251 250/395/250 3062/383/3056 3061/380/3055
f 250/395/250 249/416/249 3063/385/3057 3062/383/3056
f 249/416/249 248/397/248 3064/387/3058 3063/385/3057
f 248/397/248 247/398/247 3065/389/3059 3064/387/3058
f 247/398/247 246/391/246 3066/391/3060 3065/389/3059
f 246/391/246 14/417/14 532/418/532 3066/391/3060
f 3066/391/3060 532/418/532 531/419/531 3073/392/3067
f 3073/392/3067 531/419/531 530/419/530 3080/391/3074
f 3080/391/3074 530/419/530 529/420/529 3087/402/3081
f 3087/402/3081 529/420/529 528/419/528 3094/392/3088
f 3094/392/3088 528/419/528 527/417/527 3101/391/3095
f 3101/391/3095 527/417/527 526/418/526 3108/411/3102
f 3108/411/3102 526/418/526 40/417/40 603/391/603
f 3107/410/3101 3108/411/3102 603/391/603 604/398/604
f 3106/401/3100 3107/410/3101 604/398/604 605/397/605
f 3105/409/3099 3106/401/3100 605/397/605 606/416/606
f 3104/395/3098 3105/409/3099 606/416/606 607/395/607
f 3103/399/3097 3104/395/3098 607/395/607 608/415/608
f 3102/407/3096 3103/399/3097 608/415/608 609/413/609
f 595/412/595 3102/407/3096 609/413/609 37/412/37
f 594/421/594 3095/407/3089 3102/407/3096 595/412/595
f 593/422/593 3088/382/3082 3095/407/3089 594/421/594
f 592/423/592 3081/400/3075 3088/382/3082 593/422/593
f 591/424/591 3074/394/3068 3081/400/3075 592/423/592
f 590/422/590 3067/382/3061 3074/394/3068 591/424/591
f 589/414/589 3060/379/3054 3067/382/3061 590/422/590
f 3109/751/3103 3110/752/3104 3117/753/3111 3116/754/3110
f 3110/752/3104 3111/755/3105 3118/756/3112 3117/753/3111
f 3111/755/3105 3112/757/3106 3119/758/3113 3118/756/3112
f 3112/757/3106 3113/759/3107 3120/760/3114 3119/758/3113
f 3113/759/3107 3114/761/3108 3121/762/3115 3120/760/3114
f 3114/761/3108 3115/763/3109 3122/764/3116 3121/762/3115
f 3116/754/3110 3117/753/3111 3124/752/3118 3123/765/3117
f 3117/753/3111 3118/756/3112 3125/755/3119 3124/752/3118
f 3118/756/3112 3119/758/3113 3126/766/3120 3125/755/3119
f 3119/758/3113 3120/760/3114 3127/767/3121 3126/766/3120
f 3120/760/3114 3121/762/3115 3128/768/3122 3127/767/3121
f 3121/762/3115 3122/764/3116 3129/769/3123 3128/768/3122
f 3123/765/3117 3124/752/3118 3131/753/3125 3130/754/3124
f 3124/752/3118 3125/755/3119 3132/756/3126 3131/753/3125
f 3125/755/3119 3126/766/3120 3133/766/3127 3132/756/3126
f 3126/766/3120 3127/767/3121 3134/770/3128 3133/766/3127
f 3127/767/3121 3128/768/3122 3135/768/3129 3134/770/3128
f 3128/768/3122 3129/769/3123 3136/771/3130 3135/768/3129
f 3130/754/3124 3131/753/3125 3138/752/3132 3137/765/3131
f 3131/753/3125 3132/756/3126 3139/755/3133 3138/752/3132
f 3132/756/3126 3133/766/3127 3140/757/3134 3139/755/3133
f 3133/766/3127 3134/770/3128 3141/759/3135 3140/757/3134
f 3134/770/3128 3135/768/3129 3142/761/3136 3141/759/3135
f 3135/768/3129 3136/771/3130 3143/763/3137 3142/761/3136
f 3137/765/3131 3138/752/3132 3145/753/3139 3144/751/3138
f 3138/752/3132 3139/755/3133 3146/756/3140 3145/753/3139
f 3139/755/3133 3140/757/3134 3147/758/3141 3146/756/3140
f 3140/757/3134 3141/759/3135 3148/760/3142 3147/758/3141
f 3141/759/3135 3142/761/3136 3149/762/3143 3148/760/3142
f 3142/761/3136 3143/763/3137 3150/764/3144 3149/762/3143
f 3144/751/3138 3145/753/3139 3152/752/3146 3151/751/3145
f 3145/753/3139 3146/756/3140 3153/755/3147 3152/752/3146
f 3146/756/3140 3147/758/3141 3154/766/3148 3153/755/3147
f 3147/758/3141 3148/760/3142 3155/767/3149 3154/766/3148
f 3148/760/3142 3149/762/3143 3156/768/3150 3155/767/3149
f 3149/762/3143 3150/764/3144 3157/769/3151 3156/768/3150
f 13/283/13 266/751/266 3109/751/3103 596/772/596
f 266/751/266 265/753/265 3110/752/3104 3109/751/3103
f 265/753/265 264/756/264 3111/755/3105 3110/752/3104
f 264/756/264 263/766/263 3112/757/3106 3111/755/3105
f 263/766/263 262/770/262 3113/759/3107 3112/757/3106
f 262/770/262 261/768/261 3114/761/3108 3113/759/3107
f 261/768/261 260/771/260 3115/763/3109 3114/761/3108
f 260/771/260 16/720/16 525/727/525 3115/763/3109
f 3115/763/3109 525/727/525 524/725/524 3122/764/3116
f 3122/764/3116 524/725/524 523/723/523 3129/769/3123
f 3129/769/3123 523/723/523 522/723/522 3136/771/3130
f 3136/771/3130 522/723/522 521/727/521 3143/763/3137
f 3143/763/3137 521/727/521 520/725/520 3150/764/3144
f 3150/764/3144 520/725/520 519/723/519 3157/769/3151
f 3157/769/3151 519/723/519 38/723/38 610/771/610
f 3156/768/3150 3157/769/3151 610/771/610 611/768/611
f 3155/767/3149 3156/768/3150 611/768/611 612/770/612
f 3154/766/3148 3155/767/3149 612/770/612 613/766/613
f 3153/755/3147 3154/766/3148 613/766/613 614/756/614
f 3152/752/3146 3153/755/3147 614/756/614 615/753/615
f 3151/751/3145 3152/752/3146 615/753/615 616/751/616
f 602/773/602 3151/751/3145 616/751/616 39/283/39
f 601/772/601 3144/751/3138 3151/751/3145 602/773/602
f 600/772/600 3137/765/3131 3144/751/3138 601/772/601
f 599/772/599 3130/754/3124 3137/765/3131 600/772/600
f 598/772/598 3123/765/3117 3130/754/3124 599/772/599
f 597/772/597 3116/754/3110 3123/765/3117 598/772/598
f 596/772/596 3109/751/3103 3116/754/3110 597/772/597
f 3158/728/3152 3159/729/3153 3166/730/3160 3165/731/3159
f 3159/729/3153 3160/732/3154 3167/733/3161 3166/730/3160
f 3160/732/3154 3161/734/3155 3168/735/3162 3167/733/3161
f 3161/734/3155 3162/736/3156 3169/737/3163 3168/735/3162
f 3162/736/3156 3163/738/3157 3170/738/3164 3169/737/3163
f 3163/738/3157 3164/739/3158 3171/740/3165 3170/738/3164
f 3165/731/3159 3166/730/3160 3173/741/3167 3172/742/3166
f 3166/730/3160 3167/733/3161 3174/743/3168 3173/741/3167
f 3167/733/3161 3168/735/3162 3175/734/3169 3174/743/3168
f 3168/735/3162 3169/737/3163 3176/736/3170 3175/734/3169
f 3169/737/3163 3170/738/3164 3177/744/3171 3176/736/3170
f 3170/738/3164 3171/740/3165 3178/745/3172 3177/744/3171
f 3172/742/3166 3173/741/3167 3180/746/3174 3179/747/3173
f 3173/741/3167 3174/743/3168 3181/743/3175 3180/746/3174
f 3174/743/3168 3175/734/3169 3182/735/3176 3181/743/3175
f 3175/734/3169 3176/736/3170 3183/737/3177 3182/735/3176
f 3176/736/3170 3177/744/3171 3184/738/3178 3183/737/3177
f 3177/744/3171 3178/745/3172 3185/740/3179 3184/738/3178
f 3179/747/3173 3180/746/3174 3187/729/3181 3186/728/3180
f 3180/746/3174 3181/743/3175 3188/732/3182 3187/729/3181
f 3181/743/3175 3182/735/3176 3189/734/3183 3188/732/3182
f 3182/735/3176 3183/737/3177 3190/736/3184 3189/734/3183
f 3183/737/3177 3184/738/3178 3191/744/3185 3190/736/3184
f 3184/738/3178 3185/740/3179 3192/745/3186 3191/744/3185
f 3186/728/3180 3187/729/3181 3194/730/3188 3193/731/3187
f 3187/729/3181 3188/732/3182 3195/733/3189 3194/730/3188
f 3188/732/3182 3189/734/3183 3196/735/3190 3195/733/3189
f 3189/734/3183 3190/736/3184 3197/737/3191 3196/735/3190
f 3190/736/3184 3191/744/3185 3198/738/3192 3197/737/3191
f 3191/744/3185 3192/745/3186 3199/739/3193 3198/738/3192
f 3193/731/3187 3194/730/3188 3201/741/3195 3200/742/3194
f 3194/730/3188 3195/733/3189 3202/743/3196 3201/741/3195
f 3195/733/3189 3196/735/3190 3203/734/3197 3202/743/3196
f 3196/735/3190 3197/737/3191 3204/736/3198 3203/734/3197
f 3197/737/3191 3198/738/3192 3205/738/3199 3204/736/3198
f 3198/738/3192 3199/739/3193 3206/748/3200 3205/738/3199
f 14/417/14 245/747/245 3158/728/3152 532/418/532
f 245/747/245 244/746/244 3159/729/3153 3158/728/3152
f 244/746/244 243/743/243 3160/732/3154 3159/729/3153
f 243/743/243 242/735/242 3161/734/3155 3160/732/3154
f 242/735/242 241/737/241 3162/736/3156 3161/734/3155
f 241/737/241 240/738/240 3163/738/3157 3162/736/3156
f 240/738/240 239/749/239 3164/739/3158 3163/738/3157
f 239/749/239 13/59/13 596/750/596 3164/739/3158
f 3164/739/3158 596/750/596 597/750/597 3171/740/3165
f 3171/740/3165 597/750/597 598/750/598 3178/745/3172
f 3178/745/3172 598/750/598 599/750/599 3185/740/3179
f 3185/740/3179 599/750/599 600/750/600 3192/745/3186
f 3192/745/3186 600/750/600 601/750/601 3199/739/3193
f 3199/739/3193 601/750/601 602/750/602 3206/748/3200
f 3206/748/3200 602/750/602 39/59/39 617/749/617
f 3205/738/3199 3206/748/3200 617/749/617 618/738/618
f 3204/736/3198 3205/738/3199 618/738/618 619/737/619
f 3203/734/3197 3204/736/3198 619/737/619 620/735/620
f 3202/743/3196 3203/734/3197 620/735/620 621/743/621
f 3201/741/3195 3202/743/3196 621/743/621 622/746/622
f 3200/742/3194 3201/741/3195 622/746/622 623/747/623
f 526/418/526 3200/742/3194 623/747/623 40/417/40
f 527/417/527 3193/731/3187 3200/742/3194 526/418/526
f 528/419/528 3186/728/3180 3193/731/3187 527/417/527
f 529/420/529 3179/747/3173 3186/728/3180 528/419/528
f 530/419/530 3172/742/3166 3179/747/3173 529/420/529
f 531/419/531 3165/731/3159 3172/742/3166 530/419/530
f 532/418/532 3158/728/3152 3165/731/3159 531/419/531
f 3207/689/3201 3208/690/3202 3215/691/3209 3214/692/3208
f 3208/690/3202 3209/693/3203 3216/694/3210 3215/691/3209
f 3209/693/3203 3210/695/3204 3217/696/3211 3216/694/3210
f 3210/695/3204 3211/697/3205 3218/698/3212 3217/696/3211
f 3211/697/3205 3212/699/3206 3219/700/3213 3218/698/3212
f 3212/699/3206 3213/701/3207 3220/702/3214 3219/700/3213
f 3214/692/3208 3215/691/3209 3222/690/3216 3221/703/3215
f 3215/691/3209 3216/694/3210 3223/704/3217 3222/690/3216
f 3216/694/3210 3217/696/3211 3224/705/3218 3223/704/3217
f 3217/696/3211 3218/698/3212 3225/697/3219 3224/705/3218
f 3218/698/3212 3219/700/3213 3226/706/3220 3225/697/3219
f 3219/700/3213 3220/702/3214 3227/707/3221 3226/706/3220
f 3221/703/3215 3222/690/3216 3229/690/3223 3228/689/3222
f 3222/690/3216 3223/704/3217 3230/708/3224 3229/690/3223
f 3223/704/3217 3224/705/3218 3231/695/3225 3230/708/3224
f 3224/705/3218 3225/697/3219 3232/709/3226 3231/695/3225
f 3225/697/3219 3226/706/3220 3233/699/3227 3232/709/3226
f 3226/706/3220 3227/707/3221 3234/710/3228 3233/699/3227
f 3228/689/3222 3229/690/3223 3236/691/3230 3235/692/3229
f 3229/690/3223 3230/708/3224 3237/711/3231 3236/691/3230
f 3230/708/3224 3231/695/3225 3238/712/3232 3237/711/3231
f 3231/695/3225 3232/709/3226 3239/713/3233 3238/712/3232
f 3232/709/3226 3233/699/3227 3240/714/3234 3239/713/3233
f 3233/699/3227 3234/710/3228 3241/702/3235 3240/714/3234
f 3235/692/3229 3236/691/3230 3243/715/3237 3242/703/3236
f 3236/691/3230 3237/711/3231 3244/694/3238 3243/715/3237
f 3237/711/3231 3238/712/3232 3245/712/3239 3244/694/3238
f 3238/712/3232 3239/713/3233 3246/716/3240 3245/712/3239
f 3239/713/3233 3240/714/3234 3247/706/3241 3246/716/3240
f 3240/714/3234 3241/702/3235 3248/701/3242 3247/706/3241
f 3242/703/3236 3243/715/3237 3250/690/3244 3249/717/3243
f 3243/715/3237 3244/694/3238 3251/704/3245 3250/690/3244
f 3244/694/3238 3245/712/3239 3252/718/3246 3251/704/3245
f 3245/712/3239 3246/716/3240 3253/697/3247 3252/718/3246
f 3246/716/3240 3247/706/3241 3254/719/3248 3253/697/3247
f 3247/706/3241 3248/701/3242 3255/701/3249 3254/719/3248
f 16/720/16 259/703/259 3207/689/3201 525/727/525
f 259/703/259 258/722/258 3208/690/3202 3207/689/3201
f 258/722/258 257/704/257 3209/693/3203 3208/690/3202
f 257/704/257 256/712/256 3210/695/3204 3209/693/3203
f 256/712/256 255/697/255 3211/697/3205 3210/695/3204
f 255/697/255 254/719/254 3212/699/3206 3211/697/3205
f 254/719/254 253/707/253 3213/701/3207 3212/699/3206
f 253/707/253 15/412/15 589/414/589 3213/701/3207
f 3213/701/3207 589/414/589 590/422/590 3220/702/3214
f 3220/702/3214 590/422/590 591/424/591 3227/707/3221
f 3227/707/3221 591/424/591 592/423/592 3234/710/3228
f 3234/710/3228 592/423/592 593/422/593 3241/702/3235
f 3241/702/3235 593/422/593 594/421/594 3248/701/3242
f 3248/701/3242 594/421/594 595/412/595 3255/701/3249
f 3255/701/3249 595/412/595 37/412/37 624/707/624
f 3254/719/3248 3255/701/3249 624/707/624 625/719/625
f 3253/697/3247 3254/719/3248 625/719/625 626/697/626
f 3252/718/3246 3253/697/3247 626/697/626 627/712/627
f 3251/704/3245 3252/718/3246 627/712/627 628/704/628
f 3250/690/3244 3251/704/3245 628/704/628 629/722/629
f 3249/717/3243 3250/690/3244 629/722/629 630/703/630
f 519/723/519 3249/717/3243 630/703/630 38/723/38
f 520/725/520 3242/703/3236 3249/717/3243 519/723/519
f 521/727/521 3235/692/3229 3242/703/3236 520/725/520
f 522/723/522 3228/689/3222 3235/692/3229 521/727/521
f 523/723/523 3221/703/3215 3228/689/3222 522/723/522
f 524/725/524 3214/692/3208 3221/703/3215 523/723/523
f 525/727/525 3207/689/3201 3214/692/3208 524/725/524
f 3256/751/3250 3257/752/3251 3264/753/3258 3263/754/3257
f 3257/752/3251 3258/755/3252 3265/756/3259 3264/753/3258
f 3258/755/3252 3259/757/3253 3266/758/3260 3265/756/3259
f 3259/757/3253 3260/759/3254 3267/760/3261 3266/758/3260
f 3260/759/3254 3261/761/3255 3268/762/3262 3267/760/3261
f 3261/761/3255 3262/763/3256 3269/764/3263 3268/762/3262
f 3263/754/3257 3264/753/3258 3271/752/3265 3270/765/3264
f 3264/753/3258 3265/756/3259 3272/755/3266 3271/752/3265
f 3265/756/3259 3266/758/3260 3273/766/3267 3272/755/3266
f 3266/758/3260 3267/760/3261 3274/767/3268 3273/766/3267
f 3267/760/3261 3268/762/3262 3275/768/3269 3274/767/3268
f 3268/762/3262 3269/764/3263 3276/769/3270 3275/768/3269
f 3270/765/3264 3271/752/3265 3278/753/3272 3277/754/3271
f 3271/752/3265 3272/755/3266 3279/756/3273 3278/753/3272
f 3272/755/3266 3273/766/3267 3280/766/3274 3279/756/3273
f 3273/766/3267 3274/767/3268 3281/770/3275 3280/766/3274
f 3274/767/3268 3275/768/3269 3282/768/3276 3281/770/3275
f 3275/768/3269 3276/769/3270 3283/771/3277 3282/768/3276
f 3277/754/3271 3278/753/3272 3285/752/3279 3284/765/3278
f 3278/753/3272 3279/756/3273 3286/755/3280 3285/752/3279
f 3279/756/3273 3280/766/3274 3287/757/3281 3286/755/3280
f 3280/766/3274 3281/770/3275 3288/759/3282 3287/757/3281
f 3281/770/3275 3282/768/3276 3289/761/3283 3288/759/3282
f 3282/768/3276 3283/771/3277 3290/763/3284 3289/761/3283
f 3284/765/3278 3285/752/3279 3292/753/3286 3291/751/3285
f 3285/752/3279 3286/755/3280 3293/756/3287 3292/753/3286
f 3286/755/3280 3287/757/3281 3294/758/3288 3293/756/3287
f 3287/757/3281 3288/759/3282 3295/760/3289 3294/758/3288
f 3288/759/3282 3289/761/3283 3296/762/3290 3295/760/3289
f 3289/761/3283 3290/763/3284 3297/764/3291 3296/762/3290
f 3291/751/3285 3292/753/3286 3299/752/3293 3298/751/3292
f 3292/753/3286 3293/756/3287 3300/755/3294 3299/752/3293
f 3293/756/3287 3294/758/3288 3301/766/3295 3300/755/3294
f 3294/758/3288 3295/760/3289 3302/767/3296 3301/766/3295
f 3295/760/3289 3296/762/3290 3303/768/3297 3302/767/3296
f 3296/762/3290 3297/764/3291 3304/769/3298 3303/768/3297
f 39/283/39 616/751/616 3256/751/3250 672/772/672
f 616/751/616 615/753/615 3257/752/3251 3256/751/3250
f 615/753/615 614/756/614 3258/755/3252 3257/752/3251
f 614/756/614 613/766/613 3259/757/3253 3258/755/3252
f 613/766/613 612/770/612 3260/759/3254 3259/757/3253
f 612/770/612 611/768/611 3261/761/3255 3260/759/3254
f 611/768/611 610/771/610 3262/763/3256 3261/761/3255
f 610/771/610 38/723/38 659/727/659 3262/763/3256
f 3262/763/3256 659/727/659 660/725/660 3269/764/3263
f 3269/764/3263 660/725/660 661/723/661 3276/769/3270
f 3276/769/3270 661/723/661 662/723/662 3283/771/3277
f 3283/771/3277 662/723/662 663/727/663 3290/763/3284
f 3290/763/3284 663/727/663 664/725/664 3297/764/3291
f 3297/764/3291 664/725/664 665/723/665 3304/769/3298
f 3304/769/3298 665/723/665 43/723/43 638/771/638
f 3303/768/3297 3304/769/3298 638/771/638 639/768/639
f 3302/767/3296 3303/768/3297 639/768/639 640/770/640
f 3301/766/3295 3302/767/3296 640/770/640 641/766/641
f 3300/755/3294 3301/766/3295 641/766/641 642/756/642
f 3299/752/3293 3300/755/3294 642/756/642 643/753/643
f 3298/751/3292 3299/752/3293 643/753/643 644/751/644
f 666/773/666 3298/751/3292 644/751/644 44/283/44
f 667/772/667 3291/751/3285 3298/751/3292 666/773/666
f 668/772/668 3284/765/3278 3291/751/3285 667/772/667
f 669/772/669 3277/754/3271 3284/765/3278 668/772/668
f 670/772/670 3270/765/3264 3277/754/3271 669/772/669
f 671/772/671 3263/754/3257 3270/765/3264 670/772/670
f 672/772/672 3256/751/3250 3263/754/3257 671/772/671
f 3305/728/3299 3306/729/3300 3313/730/3307 3312/731/3306
f 3306/729/3300 3307/732/3301 3314/733/3308 3313/730/3307
f 3307/732/3301 3308/734/3302 3315/735/3309 3314/733/3308
f 3308/734/3302 3309/736/3303 3316/737/3310 3315/735/3309
f 3309/736/3303 3310/738/3304 3317/738/3311 3316/737/3310
f 3310/738/3304 3311/739/3305 3318/740/3312 3317/738/3311
f 3312/731/3306 3313/730/3307 3320/741/3314 3319/742/3313
f 3313/730/3307 3314/733/3308 3321/743/3315 3320/741/3314
f 3314/733/3308 3315/735/3309 3322/734/3316 3321/743/3315
f 3315/735/3309 3316/737/3310 3323/736/3317 3322/734/3316
f 3316/737/3310 3317/738/3311 3324/744/3318 3323/736/3317
f 3317/738/3311 3318/740/3312 3325/745/3319 3324/744/3318
f 3319/742/3313 3320/741/3314 3327/746/3321 3326/747/3320
f 3320/741/3314 3321/743/3315 3328/743/3322 3327/746/3321
f 3321/743/3315 3322/734/3316 3329/735/3323 3328/743/3322
f 3322/734/3316 3323/736/3317 3330/737/3324 3329/735/3323
f 3323/736/3317 3324/744/3318 3331/738/3325 3330/737/3324
f 3324/744/3318 3325/745/3319 3332/740/3326 3331/738/3325
f 3326/747/3320 3327/746/3321 3334/729/3328 3333/728/3327
f 3327/746/3321 3328/743/3322 3335/732/3329 3334/729/3328
f 3328/743/3322 3329/735/3323 3336/734/3330 3335/732/3329
f 3329/735/3323 3330/737/3324 3337/736/3331 3336/734/3330
f 3330/737/3324 3331/738/3325 3338/744/3332 3337/736/3331
f 3331/738/3325 3332/740/3326 3339/745/3333 3338/744/3332
f 3333/728/3327 3334/729/3328 3341/730/3335 3340/731/3334
f 3334/729/3328 3335/732/3329 3342/733/3336 3341/730/3335
f 3335/732/3329 3336/734/3330 3343/735/3337 3342/733/3336
f 3336/734/3330 3337/736/3331 3344/737/3338 3343/735/3337
f 3337/736/3331 3338/744/3332 3345/738/3339 3344/737/3338
f 3338/744/3332 3339/745/3333 3346/739/3340 3345/738/3339
f 3340/731/3334 3341/730/3335 3348/741/3342 3347/742/3341
f 3341/730/3335 3342/733/3336 3349/743/3343 3348/741/3342
f 3342/733/3336 3343/735/3337 3350/734/3344 3349/743/3343
f 3343/735/3337 3344/737/3338 3351/736/3345 3350/734/3344
f 3344/737/3338 3345/738/3339 3352/738/3346 3351/736/3345
f 3345/738/3339 3346/739/3340 3353/748/3347 3352/738/3346
f 41/417/41 651/747/651 3305/728/3299 728/419/728
f 651/747/651 650/746/650 3306/729/3300 3305/728/3299
f 650/746/650 649/743/649 3307/732/3301 3306/729/3300
f 649/743/649 648/735/648 3308/734/3302 3307/732/3301
f 648/735/648 647/737/647 3309/736/3303 3308/734/3302
f 647/737/647 646/738/646 3310/738/3304 3309/736/3303
f 646/738/646 645/749/645 3311/739/3305 3310/738/3304
f 645/749/645 44/59/44 715/750/715 3311/739/3305
f 3311/739/3305 715/750/715 716/750/716 3318/740/3312
f 3318/740/3312 716/750/716 717/750/717 3325/745/3319
f 3325/745/3319 717/750/717 718/750/718 3332/740/3326
f 3332/740/3326 718/750/718 719/750/719 3339/745/3333
f 3339/745/3333 719/750/719 720/750/720 3346/739/3340
f 3346/739/3340 720/750/720 721/750/721 3353/748/3347
f 3353/748/3347 721/750/721 48/59/48 701/749/701
f 3352/738/3346 3353/748/3347 701/749/701 702/738/702
f 3351/736/3345 3352/738/3346 702/738/702 703/737/703
f 3350/734/3344 3351/736/3345 703/737/703 704/735/704
f 3349/743/3343 3350/734/3344 704/735/704 705/743/705
f 3348/741/3342 3349/743/3343 705/743/705 706/746/706
f 3347/742/3341 3348/741/3342 706/746/706 707/747/707
f 722/418/722 3347/742/3341 707/747/707 45/417/45
f 723/420/723 3340/731/3334 3347/742/3341 722/418/722
f 724/419/724 3333/728/3327 3340/731/3334 723/420/723
f 725/417/725 3326/747/3320 3333/728/3327 724/419/724
f 726/418/726 3319/742/3313 3326/747/3320 725/417/725
f 727/420/727 3312/731/3306 3319/742/3313 726/418/726
f 728/419/728 3305/728/3299 3312/731/3306 727/420/727
f 3354/728/3348 3355/729/3349 3362/730/3356 3361/731/3355
f 3355/729/3349 3356/732/3350 3363/733/3357 3362/730/3356
f 3356/732/3350 3357/734/3351 3364/735/3358 3363/733/3357
f 3357/734/3351 3358/736/3352 3365/737/3359 3364/735/3358
f 3358/736/3352 3359/738/3353 3366/738/3360 3365/737/3359
f 3359/738/3353 3360/739/3354 3367/740/3361 3366/738/3360
f 3361/731/3355 3362/730/3356 3369/741/3363 3368/742/3362
f 3362/730/3356 3363/733/3357 3370/743/3364 3369/741/3363
f 3363/733/3357 3364/735/3358 3371/734/3365 3370/743/3364
f 3364/735/3358 3365/737/3359 3372/736/3366 3371/734/3365
f 3365/737/3359 3366/738/3360 3373/744/3367 3372/736/3366
f 3366/738/3360 3367/740/3361 3374/745/3368 3373/744/3367
f 3368/742/3362 3369/741/3363 3376/746/3370 3375/747/3369
f 3369/741/3363 3370/743/3364 3377/743/3371 3376/746/3370
f 3370/743/3364 3371/734/3365 3378/735/3372 3377/743/3371
f 3371/734/3365 3372/736/3366 3379/737/3373 3378/735/3372
f 3372/736/3366 3373/744/3367 3380/738/3374 3379/737/3373
f 3373/744/3367 3374/745/3368 3381/740/3375 3380/738/3374
f 3375/747/3369 3376/746/3370 3383/729/3377 3382/728/3376
f 3376/746/3370 3377/743/3371 3384/732/3378 3383/729/3377
f 3377/743/3371 3378/735/3372 3385/734/3379 3384/732/3378
f 3378/735/3372 3379/737/3373 3386/736/3380 3385/734/3379
f 3379/737/3373 3380/738/3374 3387/744/3381 3386/736/3380
f 3380/738/3374 3381/740/3375 3388/745/3382 3387/744/3381
f 3382/728/3376 3383/729/3377 3390/730/3384 3389/731/3383
f 3383/729/3377 3384/732/3378 3391/733/3385 3390/730/3384
f 3384/732/3378 3385/734/3379 3392/735/3386 3391/733/3385
f 3385/734/3379 3386/736/3380 3393/737/3387 3392/735/3386
f 3386/736/3380 3387/744/3381 3394/738/3388 3393/737/3387
f 3387/744/3381 3388/745/3382 3395/739/3389 3394/738/3388
f 3389/731/3383 3390/730/3384 3397/741/3391 3396/742/3390
f 3390/730/3384 3391/733/3385 3398/743/3392 3397/741/3391
f 3391/733/3385 3392/735/3386 3399/734/3393 3398/743/3392
f 3392/735/3386 3393/737/3387 3400/736/3394 3399/734/3393
f 3393/737/3387 3394/738/3388 3401/738/3395 3400/736/3394
f 3394/738/3388 3395/739/3389 3402/748/3396 3401/738/3395
f 40/417/40 623/747/623 3354/728/3348 679/419/679
f 623/747/623 622/746/622 3355/729/3349 3354/728/3348
f 622/746/622 621/743/621 3356/732/3350 3355/729/3349
f 621/743/621 620/735/620 3357/734/3351 3356/732/3350
f 620/735/620 619/737/619 3358/736/3352 3357/734/3351
f 619/737/619 618/738/618 3359/738/3353 3358/736/3352
f 618/738/618 617/749/617 3360/739/3354 3359/738/3353
f 617/749/617 39/59/39 672/750/672 3360/739/3354
f 3360/739/3354 672/750/672 671/750/671 3367/740/3361
f 3367/740/3361 671/750/671 670/750/670 3374/745/3368
f 3374/745/3368 670/750/670 669/750/669 3381/740/3375
f 3381/740/3375 669/750/669 668/750/668 3388/745/3382
f 3388/745/3382 668/750/668 667/750/667 3395/739/3389
f 3395/739/3389 667/750/667 666/750/666 3402/748/3396
f 3402/748/3396 666/750/666 44/59/44 645/749/645
f 3401/738/3395 3402/748/3396 645/749/645 646/738/646
f 3400/736/3394 3401/738/3395 646/738/646 647/737/647
f 3399/734/3393 3400/736/3394 647/737/647 648/735/648
f 3398/743/3392 3399/734/3393 648/735/648 649/743/649
f 3397/741/3391 3398/743/3392 649/743/649 650/746/650
f 3396/742/3390 3397/741/3391 650/746/650 651/747/651
f 673/418/673 3396/742/3390 651/747/651 41/417/41
f 674/420/674 3389/731/3383 3396/742/3390 673/418/673
f 675/419/675 3382/728/3376 3389/731/3383 674/420/674
f 676/417/676 3375/747/3369 3382/728/3376 675/419/675
f 677/418/677 3368/742/3362 3375/747/3369 676/417/676
f 678/420/678 3361/731/3355 3368/742/3362 677/418/677
f 679/419/679 3354/728/3348 3361/731/3355 678/420/678
f 3403/379/3397 3404/380/3398 3411/381/3405 3410/382/3404
f 3404/380/3398 3405/383/3399 3412/384/3406 3411/381/3405
f 3405/383/3399 3406/385/3400 3413/386/3407 3412/384/3406
f 3406/385/3400 3407/387/3401 3414/388/3408 3413/386/3407
f 3407/387/3401 3408/389/3402 3415/390/3409 3414/388/3408
f 3408/389/3402 3409/391/3403 3416/392/3410 3415/390/3409
f 3410/382/3404 3411/381/3405 3418/393/3412 3417/394/3411
f 3411/381/3405 3412/384/3406 3419/395/3413 3418/393/3412
f 3412/384/3406 3413/386/3407 3420/396/3414 3419/395/3413
f 3413/386/3407 3414/388/3408 3421/397/3415 3420/396/3414
f 3414/388/3408 3415/390/3409 3422/398/3416 3421/397/3415
f 3415/390/3409 3416/392/3410 3423/391/3417 3422/398/3416
f 3417/394/3411 3418/393/3412 3425/399/3419 3424/400/3418
f 3418/393/3412 3419/395/3413 3426/383/3420 3425/399/3419
f 3419/395/3413 3420/396/3414 3427/385/3421 3426/383/3420
f 3420/396/3414 3421/397/3415 3428/401/3422 3427/385/3421
f 3421/397/3415 3422/398/3416 3429/389/3423 3428/401/3422
f 3422/398/3416 3423/391/3417 3430/402/3424 3429/389/3423
f 3424/400/3418 3425/399/3419 3432/403/3426 3431/382/3425
f 3425/399/3419 3426/383/3420 3433/404/3427 3432/403/3426
f 3426/383/3420 3427/385/3421 3434/396/3428 3433/404/3427
f 3427/385/3421 3428/401/3422 3435/405/3429 3434/396/3428
f 3428/401/3422 3429/389/3423 3436/390/3430 3435/405/3429
f 3429/389/3423 3430/402/3424 3437/392/3431 3436/390/3430
f 3431/382/3425 3432/403/3426 3439/406/3433 3438/407/3432
f 3432/403/3426 3433/404/3427 3440/404/3434 3439/406/3433
f 3433/404/3427 3434/396/3428 3441/396/3435 3440/404/3434
f 3434/396/3428 3435/405/3429 3442/408/3436 3441/396/3435
f 3435/405/3429 3436/390/3430 3443/398/3437 3442/408/3436
f 3436/390/3430 3437/392/3431 3444/391/3438 3443/398/3437
f 3438/407/3432 3439/406/3433 3446/399/3440 3445/407/3439
f 3439/406/3433 3440/404/3434 3447/395/3441 3446/399/3440
f 3440/404/3434 3441/396/3435 3448/409/3442 3447/395/3441
f 3441/396/3435 3442/408/3436 3449/401/3443 3448/409/3442
f 3442/408/3436 3443/398/3437 3450/410/3444 3449/401/3443
f 3443/398/3437 3444/391/3438 3451/411/3445 3450/410/3444
f 37/412/37 609/413/609 3403/379/3397 686/414/686
f 609/413/609 608/415/608 3404/380/3398 3403/379/3397
f 608/415/608 607/395/607 3405/383/3399 3404/380/3398
f 607/395/607 606/416/606 3406/385/3400 3405/383/3399
f 606/416/606 605/397/605 3407/387/3401 3406/385/3400
f 605/397/605 604/398/604 3408/389/3402 3407/387/3401
f 604/398/604 603/391/603 3409/391/3403 3408/389/3402
f 603/391/603 40/417/40 679/419/679 3409/391/3403
f 3409/391/3403 679/419/679 678/420/678 3416/392/3410
f 3416/392/3410 678/420/678 677/418/677 3423/391/3417
f 3423/391/3417 677/418/677 676/417/676 3430/402/3424
f 3430/402/3424 676/417/676 675/419/675 3437/392/3431
f 3437/392/3431 675/419/675 674/420/674 3444/391/3438
f 3444/391/3438 674/420/674 673/418/673 3451/411/3445
f 3451/411/3445 673/418/673 41/417/41 631/391/631
f 3450/410/3444 3451/411/3445 631/391/631 632/398/632
f 3449/401/3443 3450/410/3444 632/398/632 633/397/633
f 3448/409/3442 3449/401/3443 633/397/633 634/416/634
f 3447/395/3441 3448/409/3442 634/416/634 635/395/635
f 3446/399/3440 3447/395/3441 635/395/635 636/415/636
f 3445/407/3439 3446/399/3440 636/415/636 637/413/637
f 680/412/680 3445/407/3439 637/413/637 42/412/42
f 681/421/681 3438/407/3432 3445/407/3439 680/412/680
f 682/422/682 3431/382/3425 3438/407/3432 681/421/681
f 683/423/683 3424/400/3418 3431/382/3425 682/422/682
f 684/424/684 3417/394/3411 3424/400/3418 683/423/683
f 685/422/685 3410/382/3404 3417/394/3411 684/424/684
f 686/414/686 3403/379/3397 3410/382/3404 685/422/685
f 3452/689/3446 3453/690/3447 3460/691/3454 3459/692/3453
f 3453/690/3447 3454/693/3448 3461/694/3455 3460/691/3454
f 3454/693/3448 3455/695/3449 3462/696/3456 3461/694/3455
f 3455/695/3449 3456/697/3450 3463/698/3457 3462/696/3456
f 3456/697/3450 3457/699/3451 3464/700/3458 3463/698/3457
f 3457/699/3451 3458/701/3452 3465/702/3459 3464/700/3458
f 3459/692/3453 3460/691/3454 3467/690/3461 3466/703/3460
f 3460/691/3454 3461/694/3455 3468/704/3462 3467/690/3461
f 3461/694/3455 3462/696/3456 3469/705/3463 3468/704/3462
f 3462/696/3456 3463/698/3457 3470/697/3464 3469/705/3463
f 3463/698/3457 3464/700/3458 3471/706/3465 3470/697/3464
f 3464/700/3458 3465/702/3459 3472/707/3466 3471/706/3465
f 3466/703/3460 3467/690/3461 3474/690/3468 3473/689/3467
f 3467/690/3461 3468/704/3462 3475/708/3469 3474/690/3468
f 3468/704/3462 3469/705/3463 3476/695/3470 3475/708/3469
f 3469/705/3463 3470/697/3464 3477/709/3471 3476/695/3470
f 3470/697/3464 3471/706/3465 3478/699/3472 3477/709/3471
f 3471/706/3465 3472/707/3466 3479/710/3473 3478/699/3472
f 3473/689/3467 3474/690/3468 3481/691/3475 3480/692/3474
f 3474/690/3468 3475/708/3469 3482/711/3476 3481/691/3475
f 3475/708/3469 3476/695/3470 3483/712/3477 3482/711/3476
f 3476/695/3470 3477/709/3471 3484/713/3478 3483/712/3477
f 3477/709/3471 3478/699/3472 3485/714/3479 3484/713/3478
f 3478/699/3472 3479/710/3473 3486/702/3480 3485/714/3479
f 3480/692/3474 3481/691/3475 3488/715/3482 3487/703/3481
f 3481/691/3475 3482/711/3476 3489/694/3483 3488/715/3482
f 3482/711/3476 3483/712/3477 3490/712/3484 3489/694/3483
f 3483/712/3477 3484/713/3478 3491/716/3485 3490/712/3484
f 3484/713/3478 3485/714/3479 3492/706/3486 3491/716/3485
f 3485/714/3479 3486/702/3480 3493/701/3487 3492/706/3486
f 3487/703/3481 3488/715/3482 3495/690/3489 3494/717/3488
f 3488/715/3482 3489/694/3483 3496/704/3490 3495/690/3489
f 3489/694/3483 3490/712/3484 3497/718/3491 3496/704/3490
f 3490/712/3484 3491/716/3485 3498/697/3492 3497/718/3491
f 3491/716/3485 3492/706/3486 3499/719/3493 3498/697/3492
f 3492/706/3486 3493/701/3487 3500/701/3494 3499/719/3493
f 38/723/38 630/703/630 3452/689/3446 659/727/659
f 630/703/630 629/722/629 3453/690/3447 3452/689/3446
f 629/722/629 628/704/628 3454/693/3448 3453/690/3447
f 628/704/628 627/712/627 3455/695/3449 3454/693/3448
f 627/712/627 626/697/626 3456/697/3450 3455/695/3449
f 626/697/626 625/719/625 3457/699/3451 3456/697/3450
f 625/719/625 624/707/624 3458/701/3452 3457/699/3451
f 624/707/624 37/412/37 686/414/686 3458/701/3452
f 3458/701/3452 686/414/686 685/422/685 3465/702/3459
f 3465/702/3459 685/422/685 684/424/684 3472/707/3466
f 3472/707/3466 684/424/684 683/423/683 3479/710/3473
f 3479/710/3473 683/423/683 682/422/682 3486/702/3480
f 3486/702/3480 682/422/682 681/421/681 3493/701/3487
f 3493/701/3487 681/421/681 680/412/680 3500/701/3494
f 3500/701/3494 680/412/680 42/412/42 652/707/652
f 3499/719/3493 3500/701/3494 652/707/652 653/719/653
f 3498/697/3492 3499/719/3493 653/719/653 654/697/654
f 3497/718/3491 3498/697/3492 654/697/654 655/712/655
f 3496/704/3490 3497/718/3491 655/712/655 656/704/656
f 3495/690/3489 3496/704/3490 656/704/656 657/722/657
f 3494/717/3488 3495/690/3489 657/722/657 658/703/658
f 665/723/665 3494/717/3488 658/703/658 43/723/43
f 664/725/664 3487/703/3481 3494/717/3488 665/723/665
f 663/727/663 3480/692/3474 3487/703/3481 664/725/664
f 662/723/662 3473/689/3467 3480/692/3474 663/727/663
f 661/723/661 3466/703/3460 3473/689/3467 662/723/662
f 660/725/660 3459/692/3453 3466/703/3460 661/723/661
f 659/727/659 3452/689/3446 3459/692/3453 660/725/660
f 3501/379/3495 3502/380/3496 3509/381/3503 3508/382/3502
f 3502/380/3496 3503/383/3497 3510/384/3504 3509/381/3503
f 3503/383/3497 3504/385/3498 3511/386/3505 3510/384/3504
f 3504/385/3498 3505/387/3499 3512/388/3506 3511/386/3505
f 3505/387/3499 3506/389/3500 3513/390/3507 3512/388/3506
f 3506/389/3500 3507/391/3501 3514/392/3508 3513/390/3507
f 3508/382/3502 3509/381/3503 3516/393/3510 3515/394/3509
f 3509/381/3503 3510/384/3504 3517/395/3511 3516/393/3510
f 3510/384/3504 3511/386/3505 3518/396/3512 3517/395/3511
f 3511/386/3505 3512/388/3506 3519/397/3513 3518/396/3512
f 3512/388/3506 3513/390/3507 3520/398/3514 3519/397/3513
f 3513/390/3507 3514/392/3508 3521/391/3515 3520/398/3514
f 3515/394/3509 3516/393/3510 3523/399/3517 3522/400/3516
f 3516/393/3510 3517/395/3511 3524/383/3518 3523/399/3517
f 3517/395/3511 3518/396/3512 3525/385/3519 3524/383/3518
f 3518/396/3512 3519/397/3513 3526/401/3520 3525/385/3519
f 3519/397/3513 3520/398/3514 3527/389/3521 3526/401/3520
f 3520/398/3514 3521/391/3515 3528/402/3522 3527/389/3521
f 3522/400/3516 3523/399/3517 3530/403/3524 3529/382/3523
f 3523/399/3517 3524/383/3518 3531/404/3525 3530/403/3524
f 3524/383/3518 3525/385/3519 3532/396/3526 3531/404/3525
f 3525/385/3519 3526/401/3520 3533/405/3527 3532/396/3526
f 3526/401/3520 3527/389/3521 3534/390/3528 3533/405/3527
f 3527/389/3521 3528/402/3522 3535/392/3529 3534/390/3528
f 3529/382/3523 3530/403/3524 3537/406/3531 3536/407/3530
f 3530/403/3524 3531/404/3525 3538/404/3532 3537/406/3531
f 3531/404/3525 3532/396/3526 3539/396/3533 3538/404/3532
f 3532/396/3526 3533/405/3527 3540/408/3534 3539/396/3533
f 3533/405/3527 3534/390/3528 3541/398/3535 3540/408/3534
f 3534/390/3528 3535/392/3529 3542/391/3536 3541/398/3535
f 3536/407/3530 3537/406/3531 3544/399/3538 3543/407/3537
f 3537/406/3531 3538/404/3532 3545/395/3539 3544/399/3538
f 3538/404/3532 3539/396/3533 3546/409/3540 3545/395/3539
f 3539/396/3533 3540/408/3534 3547/401/3541 3546/409/3540
f 3540/408/3534 3541/398/3535 3548/410/3542 3547/401/3541
f 3541/398/3535 3542/391/3536 3549/411/3543 3548/410/3542
f 46/412/46 693/413/693 3501/379/3495 784/414/784
f 693/413/693 692/415/692 3502/380/3496 3501/379/3495
f 692/415/692 691/395/691 3503/383/3497 3502/380/3496
f 691/395/691 690/416/690 3504/385/3498 3503/383/3497
f 690/416/690 689/397/689 3505/387/3499 3504/385/3498
f 689/397/689 688/398/688 3506/389/3500 3505/387/3499
f 688/398/688 687/391/687 3507/391/3501 3506/389/3500
f 687/391/687 45/417/45 771/418/771 3507/391/3501
f 3507/391/3501 771/418/771 772/419/772 3514/392/3508
f 3514/392/3508 772/419/772 773/419/773 3521/391/3515
f 3521/391/3515 773/419/773 774/420/774 3528/402/3522
f 3528/402/3522 774/420/774 775/419/775 3535/392/3529
f 3535/392/3529 775/419/775 776/417/776 3542/391/3536
f 3542/391/3536 776/417/776 777/418/777 3549/411/3543
f 3549/411/3543 777/418/777 49/417/49 743/391/743
f 3548/410/3542 3549/411/3543 743/391/743 744/398/744
f 3547/401/3541 3548/410/3542 744/398/744 745/397/745
f 3546/409/3540 3547/401/3541 745/397/745 746/416/746
f 3545/395/3539 3546/409/3540 746/416/746 747/395/747
f 3544/399/3538 3545/395/3539 747/395/747 748/415/748
f 3543/407/3537 3544/399/3538 748/415/748 749/413/749
f 778/412/778 3543/407/3537 749/413/749 50/412/50
f 779/421/779 3536/407/3530 3543/407/3537 778/412/778
f 780/422/780 3529/382/3523 3536/407/3530 779/421/779
f 781/423/781 3522/400/3516 3529/382/3523 780/422/780
f 782/424/782 3515/394/3509 3522/400/3516 781/423/781
f 783/422/783 3508/382/3502 3515/394/3509 782/424/782
f 784/414/784 3501/379/3495 3508/382/3502 783/422/783
f 3550/379/3544 3551/380/3545 3558/381/3552 3557/382/3551
f 3551/380/3545 3552/383/3546 3559/384/3553 3558/381/3552
f 3552/383/3546 3553/385/3547 3560/386/3554 3559/384/3553
f 3553/385/3547 3554/387/3548 3561/388/3555 3560/386/3554
f 3554/387/3548 3555/389/3549 3562/390/3556 3561/388/3555
f 3555/389/3549 3556/391/3550 3563/392/3557 3562/390/3556
f 3557/382/3551 3558/381/3552 3565/393/3559 3564/394/3558
f 3558/381/3552 3559/384/3553 3566/395/3560 3565/393/3559
f 3559/384/3553 3560/386/3554 3567/396/3561 3566/395/3560
f 3560/386/3554 3561/388/3555 3568/397/3562 3567/396/3561
f 3561/388/3555 3562/390/3556 3569/398/3563 3568/397/3562
f 3562/390/3556 3563/392/3557 3570/391/3564 3569/398/3563
f 3564/394/3558 3565/393/3559 3572/399/3566 3571/400/3565
f 3565/393/3559 3566/395/3560 3573/383/3567 3572/399/3566
f 3566/395/3560 3567/396/3561 3574/385/3568 3573/383/3567
f 3567/396/3561 3568/397/3562 3575/401/3569 3574/385/3568
f 3568/397/3562 3569/398/3563 3576/389/3570 3575/401/3569
f 3569/398/3563 3570/391/3564 3577/402/3571 3576/389/3570
f 3571/400/3565 3572/399/3566 3579/403/3573 3578/382/3572
f 3572/399/3566 3573/383/3567 3580/404/3574 3579/403/3573
f 3573/383/3567 3574/385/3568 3581/396/3575 3580/404/3574
f 3574/385/3568 3575/401/3569 3582/405/3576 3581/396/3575
f 3575/401/3569 3576/389/3570 3583/390/3577 3582/405/3576
f 3576/389/3570 3577/402/3571 3584/392/3578 3583/390/3577
f 3578/382/3572 3579/403/3573 3586/406/3580 3585/407/3579
f 3579/403/3573 3580/404/3574 3587/404/3581 3586/406/3580
f 3580/404/3574 3581/396/3575 3588/396/3582 3587/404/3581
f 3581/396/3575 3582/405/3576 3589/408/3583 3588/396/3582
f 3582/405/3576 3583/390/3577 3590/398/3584 3589/408/3583
f 3583/390/3577 3584/392/3578 3591/391/3585 3590/398/3584
f 3585/407/3579 3586/406/3580 3593/399/3587 3592/407/3586
f 3586/406/3580 3587/404/3581 3594/395/3588 3593/399/3587
f 3587/404/3581 3588/396/3582 3595/409/3589 3594/395/3588
f 3588/396/3582 3589/408/3583 3596/401/3590 3595/409/3589
f 3589/408/3583 3590/398/3584 3597/410/3591 3596/401/3590
f 3590/398/3584 3591/391/3585 3598/411/3592 3597/410/3591
f 42/412/42 637/413/637 3550/379/3544 735/414/735
f 637/413/637 636/415/636 3551/380/3545 3550/379/3544
f 636/415/636 635/395/635 3552/383/3546 3551/380/3545
f 635/395/635 634/416/634 3553/385/3547 3552/383/3546
f 634/416/634 633/397/633 3554/387/3548 3553/385/3547
f 633/397/633 632/398/632 3555/389/3549 3554/387/3548
f 632/398/632 631/391/631 3556/391/3550 3555/389/3549
f 631/391/631 41/417/41 728/419/728 3556/391/3550
f 3556/391/3550 728/419/728 727/420/727 3563/392/3557
f 3563/392/3557 727/420/727 726/418/726 3570/391/3564
f 3570/391/3564 726/418/726 725/417/725 3577/402/3571
f 3577/402/3571 725/417/725 724/419/724 3584/392/3578
f 3584/392/3578 724/419/724 723/420/723 3591/391/3585
f 3591/391/3585 723/420/723 722/418/722 3598/411/3592
f 3598/411/3592 722/418/722 45/417/45 687/391/687
f 3597/410/3591 3598/411/3592 687/391/687 688/398/688
f 3596/401/3590 3597/410/3591 688/398/688 689/397/689
f 3595/409/3589 3596/401/3590 689/397/689 690/416/690
f 3594/395/3588 3595/409/3589 690/416/690 691/395/691
f 3593/399/3587 3594/395/3588 691/395/691 692/415/692
f 3592/407/3586 3593/399/3587 692/415/692 693/413/693
f 729/412/729 3592/407/3586 693/413/693 46/412/46
f 730/421/730 3585/407/3579 3592/407/3586 729/412/729
f 731/422/731 3578/382/3572 3585/407/3579 730/421/730
f 732/423/732 3571/400/3565 3578/382/3572 731/422/731
f 733/424/733 3564/394/3558 3571/400/3565 732/423/732
f 734/422/734 3557/382/3551 3564/394/3558 733/424/733
f 735/414/735 3550/379/3544 3557/382/3551 734/422/734
f 3599/689/3593 3600/690/3594 3607/691/3601 3606/692/3600
f 3600/690/3594 3601/693/3595 3608/694/3602 3607/691/3601
f 3601/693/3595 3602/695/3596 3609/696/3603 3608/694/3602
f 3602/695/3596 3603/697/3597 3610/698/3604 3609/696/3603
f 3603/697/3597 3604/699/3598 3611/700/3605 3610/698/3604
f 3604/699/3598 3605/701/3599 3612/702/3606 3611/700/3605
f 3606/692/3600 3607/691/3601 3614/690/3608 3613/703/3607
f 3607/691/3601 3608/694/3602 3615/704/3609 3614/690/3608
f 3608/694/3602 3609/696/3603 3616/705/3610 3615/704/3609
f 3609/696/3603 3610/698/3604 3617/697/3611 3616/705/3610
f 3610/698/3604 3611/700/3605 3618/706/3612 3617/697/3611
f 3611/700/3605 3612/702/3606 3619/707/3613 3618/706/3612
f 3613/703/3607 3614/690/3608 3621/690/3615 3620/689/3614
f 3614/690/3608 3615/704/3609 3622/708/3616 3621/690/3615
f 3615/704/3609 3616/705/3610 3623/695/3617 3622/708/3616
f 3616/705/3610 3617/697/3611 3624/709/3618 3623/695/3617
f 3617/697/3611 3618/706/3612 3625/699/3619 3624/709/3618
f 3618/706/3612 3619/707/3613 3626/710/3620 3625/699/3619
f 3620/689/3614 3621/690/3615 3628/691/3622 3627/692/3621
f 3621/690/3615 3622/708/3616 3629/711/3623 3628/691/3622
f 3622/708/3616 3623/695/3617 3630/712/3624 3629/711/3623
f 3623/695/3617 3624/709/3618 3631/713/3625 3630/712/3624
f 3624/709/3618 3625/699/3619 3632/714/3626 3631/713/3625
f 3625/699/3619 3626/710/3620 3633/702/3627 3632/714/3626
f 3627/692/3621 3628/691/3622 3635/715/3629 3634/703/3628
f 3628/691/3622 3629/711/3623 3636/694/3630 3635/715/3629
f 3629/711/3623 3630/712/3624 3637/712/3631 3636/694/3630
f 3630/712/3624 3631/713/3625 3638/716/3632 3637/712/3631
f 3631/713/3625 3632/714/3626 3639/706/3633 3638/716/3632
f 3632/714/3626 3633/702/3627 3640/701/3634 3639/706/3633
f 3634/703/3628 3635/715/3629 3642/690/3636 3641/717/3635
f 3635/715/3629 3636/694/3630 3643/704/3637 3642/690/3636
f 3636/694/3630 3637/712/3631 3644/718/3638 3643/704/3637
f 3637/712/3631 3638/716/3632 3645/697/3639 3644/718/3638
f 3638/716/3632 3639/706/3633 3646/719/3640 3645/697/3639
f 3639/706/3633 3640/701/3634 3647/701/3641 3646/719/3640
f 43/723/43 658/703/658 3599/689/3593 742/721/742
f 658/703/658 657/722/657 3600/690/3594 3599/689/3593
f 657/722/657 656/704/656 3601/693/3595 3600/690/3594
f 656/704/656 655/712/655 3602/695/3596 3601/693/3595
f 655/712/655 654/697/654 3603/697/3597 3602/695/3596
f 654/697/654 653/719/653 3604/699/3598 3603/697/3597
f 653/719/653 652/707/652 3605/701/3599 3604/699/3598
f 652/707/652 42/412/42 735/414/735 3605/701/3599
f 3605/701/3599 735/414/735 734/422/734 3612/702/3606
f 3612/702/3606 734/422/734 733/424/733 3619/707/3613
f 3619/707/3613 733/424/733 732/423/732 3626/710/3620
f 3626/710/3620 732/423/732 731/422/731 3633/702/3627
f 3633/702/3627 731/422/731 730/421/730 3640/701/3634
f 3640/701/3634 730/421/730 729/412/729 3647/701/3641
f 3647/701/3641 729/412/729 46/412/46 708/707/708
f 3646/719/3640 3647/701/3641 708/707/708 709/719/709
f 3645/697/3639 3646/719/3640 709/719/709 710/697/710
f 3644/718/3638 3645/697/3639 710/697/710 711/712/711
f 3643/704/3637 3644/718/3638 711/712/711 712/704/712
f 3642/690/3636 3643/704/3637 712/704/712 713/722/713
f 3641/717/3635 3642/690/3636 713/722/713 714/703/714
f 736/723/736 3641/717/3635 714/703/714 47/720/47
f 737/723/737 3634/703/3628 3641/717/3635 736/723/736
f 738/724/738 3627/692/3621 3634/703/3628 737/723/737
f 739/725/739 3620/689/3614 3627/692/3621 738/724/738
f 740/726/740 3613/703/3607 3620/689/3614 739/725/739
f 741/727/741 3606/692/3600 3613/703/3607 740/726/740
f 742/721/742 3599/689/3593 3606/692/3600 741/727/741
f 3648/751/3642 3649/752/3643 3656/753/3650 3655/754/3649
f 3649/752/3643 3650/755/3644 3657/756/3651 3656/753/3650
f 3650/755/3644 3651/757/3645 3658/758/3652 3657/756/3651
f 3651/757/3645 3652/759/3646 3659/760/3653 3658/758/3652
f 3652/759/3646 3653/761/3647 3660/762/3654 3659/760/3653
f 3653/761/3647 3654/763/3648 3661/764/3655 3660/762/3654
f 3655/754/3649 3656/753/3650 3663/752/3657 3662/765/3656
f 3656/753/3650 3657/756/3651 3664/755/3658 3663/752/3657
f 3657/756/3651 3658/758/3652 3665/766/3659 3664/755/3658
f 3658/758/3652 3659/760/3653 3666/767/3660 3665/766/3659
f 3659/760/3653 3660/762/3654 3667/768/3661 3666/767/3660
f 3660/762/3654 3661/764/3655 3668/769/3662 3667/768/3661
f 3662/765/3656 3663/752/3657 3670/753/3664 3669/754/3663
f 3663/752/3657 3664/755/3658 3671/756/3665 3670/753/3664
f 3664/755/3658 3665/766/3659 3672/766/3666 3671/756/3665
f 3665/766/3659 3666/767/3660 3673/770/3667 3672/766/3666
f 3666/767/3660 3667/768/3661 3674/768/3668 3673/770/3667
f 3667/768/3661 3668/769/3662 3675/771/3669 3674/768/3668
f 3669/754/3663 3670/753/3664 3677/752/3671 3676/765/3670
f 3670/753/3664 3671/756/3665 3678/755/3672 3677/752/3671
f 3671/756/3665 3672/766/3666 3679/757/3673 3678/755/3672
f 3672/766/3666 3673/770/3667 3680/759/3674 3679/757/3673
f 3673/770/3667 3674/768/3668 3681/761/3675 3680/759/3674
f 3674/768/3668 3675/771/3669 3682/763/3676 3681/761/3675
f 3676/765/3670 3677/752/3671 3684/753/3678 3683/751/3677
f 3677/752/3671 3678/755/3672 3685/756/3679 3684/753/3678
f 3678/755/3672 3679/757/3673 3686/758/3680 3685/756/3679
f 3679/757/3673 3680/759/3674 3687/760/3681 3686/758/3680
f 3680/759/3674 3681/761/3675 3688/762/3682 3687/760/3681
f 3681/761/3675 3682/763/3676 3689/764/3683 3688/762/3682
f 3683/751/3677 3684/753/3678 3691/752/3685 3690/751/3684
f 3684/753/3678 3685/756/3679 3692/755/3686 3691/752/3685
f 3685/756/3679 3686/758/3680 3693/766/3687 3692/755/3686
f 3686/758/3680 3687/760/3681 3694/767/3688 3693/766/3687
f 3687/760/3681 3688/762/3682 3695/768/3689 3694/767/3688
f 3688/762/3682 3689/764/3683 3696/769/3690 3695/768/3689
f 44/283/44 644/751/644 3648/751/3642 715/772/715
f 644/751/644 643/753/643 3649/752/3643 3648/751/3642
f 643/753/643 642/756/642 3650/755/3644 3649/752/3643
f 642/756/642 641/766/641 3651/757/3645 3650/755/3644
f 641/766/641 640/770/640 3652/759/3646 3651/757/3645
f 640/770/640 639/768/639 3653/761/3647 3652/759/3646
f 639/768/639 638/771/638 3654/763/3648 3653/761/3647
f 638/771/638 43/723/43 742/721/742 3654/763/3648
f 3654/763/3648 742/721/742 741/727/741 3661/764/3655
f 3661/764/3655 741/727/741 740/726/740 3668/769/3662
f 3668/769/3662 740/726/740 739/725/739 3675/771/3669
f 3675/771/3669 739/725/739 738/724/738 3682/763/3676
f 3682/763/3676 738/724/738 737/723/737 3689/764/3683
f 3689/764/3683 737/723/737 736/723/736 3696/769/3690
f 3696/769/3690 736/723/736 47/720/47 694/771/694
f 3695/768/3689 3696/769/3690 694/771/694 695/768/695
f 3694/767/3688 3695/768/3689 695/768/695 696/770/696
f 3693/766/3687 3694/767/3688 696/770/696 697/766/697
f 3692/755/3686 3693/766/3687 697/766/697 698/756/698
f 3691/752/3685 3692/755/3686 698/756/698 699/753/699
f 3690/751/3684 3691/752/3685 699/753/699 700/751/700
f 721/773/721 3690/751/3684 700/751/700 48/283/48
f 720/772/720 3683/751/3677 3690/751/3684 721/773/721
f 719/772/719 3676/765/3670 3683/751/3677 720/772/720
f 718/772/718 3669/754/3663 3676/765/3670 719/772/719
f 717/772/717 3662/765/3656 3669/754/3663 718/772/718
f 716/772/716 3655/754/3649 3662/765/3656 717/772/717
f 715/772/715 3648/751/3642 3655/754/3649 716/772/716
f 3697/689/3691 3698/690/3692 3705/691/3699 3704/692/3698
f 3698/690/3692 3699/693/3693 3706/694/3700 3705/691/3699
f 3699/693/3693 3700/695/3694 3707/696/3701 3706/694/3700
f 3700/695/3694 3701/697/3695 3708/698/3702 3707/696/3701
f 3701/697/3695 3702/699/3696 3709/700/3703 3708/698/3702
f 3702/699/3696 3703/701/3697 3710/702/3704 3709/700/3703
f 3704/692/3698 3705/691/3699 3712/690/3706 3711/703/3705
f 3705/691/3699 3706/694/3700 3713/704/3707 3712/690/3706
f 3706/694/3700 3707/696/3701 3714/705/3708 3713/704/3707
f 3707/696/3701 3708/698/3702 3715/697/3709 3714/705/3708
f 3708/698/3702 3709/700/3703 3716/706/3710 3715/697/3709
f 3709/700/3703 3710/702/3704 3717/707/3711 3716/706/3710
f 3711/703/3705 3712/690/3706 3719/690/3713 3718/689/3712
f 3712/690/3706 3713/704/3707 3720/708/3714 3719/690/3713
f 3713/704/3707 3714/705/3708 3721/695/3715 3720/708/3714
f 3714/705/3708 3715/697/3709 3722/709/3716 3721/695/3715
f 3715/697/3709 3716/706/3710 3723/699/3717 3722/709/3716
f 3716/706/3710 3717/707/3711 3724/710/3718 3723/699/3717
f 3718/689/3712 3719/690/3713 3726/691/3720 3725/692/3719
f 3719/690/3713 3720/708/3714 3727/711/3721 3726/691/3720
f 3720/708/3714 3721/695/3715 3728/712/3722 3727/711/3721
f 3721/695/3715 3722/709/3716 3729/713/3723 3728/712/3722
f 3722/709/3716 3723/699/3717 3730/714/3724 3729/713/3723
f 3723/699/3717 3724/710/3718 3731/702/3725 3730/714/3724
f 3725/692/3719 3726/691/3720 3733/715/3727 3732/703/3726
f 3726/691/3720 3727/711/3721 3734/694/3728 3733/715/3727
f 3727/711/3721 3728/712/3722 3735/712/3729 3734/694/3728
f 3728/712/3722 3729/713/3723 3736/716/3730 3735/712/3729
f 3729/713/3723 3730/714/3724 3737/706/3731 3736/716/3730
f 3730/714/3724 3731/702/3725 3738/701/3732 3737/706/3731
f 3732/703/3726 3733/715/3727 3740/690/3734 3739/717/3733
f 3733/715/3727 3734/694/3728 3741/704/3735 3740/690/3734
f 3734/694/3728 3735/712/3729 3742/718/3736 3741/704/3735
f 3735/712/3729 3736/716/3730 3743/697/3737 3742/718/3736
f 3736/716/3730 3737/706/3731 3744/719/3738 3743/697/3737
f 3737/706/3731 3738/701/3732 3745/701/3739 3744/719/3738
f 51/720/51 770/703/770 3697/689/3691 840/721/840
f 770/703/770 769/722/769 3698/690/3692 3697/689/3691
f 769/722/769 768/704/768 3699/693/3693 3698/690/3692
f 768/704/768 767/712/767 3700/695/3694 3699/693/3693
f 767/712/767 766/697/766 3701/697/3695 3700/695/3694
f 766/697/766 765/719/765 3702/699/3696 3701/697/3695
f 765/719/765 764/707/764 3703/701/3697 3702/699/3696
f 764/707/764 50/412/50 827/414/827 3703/701/3697
f 3703/701/3697 827/414/827 828/422/828 3710/702/3704
f 3710/702/3704 828/422/828 829/424/829 3717/707/3711
f 3717/707/3711 829/424/829 830/423/830 3724/710/3718
f 3724/710/3718 830/423/830 831/422/831 3731/702/3725
f 3731/702/3725 831/422/831 832/421/832 3738/701/3732
f 3738/701/3732 832/421/832 833/412/833 3745/701/3739
f 3745/701/3739 833/412/833 54/412/54 820/707/820
f 3744/719/3738 3745/701/3739 820/707/820 821/719/821
f 3743/697/3737 3744/719/3738 821/719/821 822/697/822
f 3742/718/3736 3743/697/3737 822/697/822 823/712/823
f 3741/704/3735 3742/718/3736 823/712/823 824/704/824
f 3740/690/3734 3741/704/3735 824/704/824 825/722/825
f 3739/717/3733 3740/690/3734 825/722/825 826/703/826
f 834/723/834 3739/717/3733 826/703/826 55/720/55
f 835/723/835 3732/703/3726 3739/717/3733 834/723/834
f 836/724/836 3725/692/3719 3732/703/3726 835/723/835
f 837/725/837 3718/689/3712 3725/692/3719 836/724/836
f 838/726/838 3711/703/3705 3718/689/3712 837/725/837
f 839/727/839 3704/692/3698 3711/703/3705 838/726/838
f 840/721/840 3697/689/3691 3704/692/3698 839/727/839
f 3746/689/3740 3747/690/3741 3754/691/3748 3753/692/3747
f 3747/690/3741 3748/693/3742 3755/694/3749 3754/691/3748
f 3748/693/3742 3749/695/3743 3756/696/3750 3755/694/3749
f 3749/695/3743 3750/697/3744 3757/698/3751 3756/696/3750
f 3750/697/3744 3751/699/3745 3758/700/3752 3757/698/3751
f 3751/699/3745 3752/701/3746 3759/702/3753 3758/700/3752
f 3753/692/3747 3754/691/3748 3761/690/3755 3760/703/3754
f 3754/691/3748 3755/694/3749 3762/704/3756 3761/690/3755
f 3755/694/3749 3756/696/3750 3763/705/3757 3762/704/3756
f 3756/696/3750 3757/698/3751 3764/697/3758 3763/705/3757
f 3757/698/3751 3758/700/3752 3765/706/3759 3764/697/3758
f 3758/700/3752 3759/702/3753 3766/707/3760 3765/706/3759
f 3760/703/3754 3761/690/3755 3768/690/3762 3767/689/3761
f 3761/690/3755 3762/704/3756 3769/708/3763 3768/690/3762
f 3762/704/3756 3763/705/3757 3770/695/3764 3769/708/3763
f 3763/705/3757 3764/697/3758 3771/709/3765 3770/695/3764
f 3764/697/3758 3765/706/3759 3772/699/3766 3771/709/3765
f 3765/706/3759 3766/707/3760 3773/710/3767 3772/699/3766
f 3767/689/3761 3768/690/3762 3775/691/3769 3774/692/3768
f 3768/690/3762 3769/708/3763 3776/711/3770 3775/691/3769
f 3769/708/3763 3770/695/3764 3777/712/3771 3776/711/3770
f 3770/695/3764 3771/709/3765 3778/713/3772 3777/712/3771
f 3771/709/3765 3772/699/3766 3779/714/3773 3778/713/3772
f 3772/699/3766 3773/710/3767 3780/702/3774 3779/714/3773
f 3774/692/3768 3775/691/3769 3782/715/3776 3781/703/3775
f 3775/691/3769 3776/711/3770 3783/694/3777 3782/715/3776
f 3776/711/3770 3777/712/3771 3784/712/3778 3783/694/3777
f 3777/712/3771 3778/713/3772 3785/716/3779 3784/712/3778
f 3778/713/3772 3779/714/3773 3786/706/3780 3785/716/3779
f 3779/714/3773 3780/702/3774 3787/701/3781 3786/706/3780
f 3781/703/3775 3782/715/3776 3789/690/3783 3788/717/3782
f 3782/715/3776 3783/694/3777 3790/704/3784 3789/690/3783
f 3783/694/3777 3784/712/3778 3791/718/3785 3790/704/3784
f 3784/712/3778 3785/716/3779 3792/697/3786 3791/718/3785
f 3785/716/3779 3786/706/3780 3793/719/3787 3792/697/3786
f 3786/706/3780 3787/701/3781 3794/701/3788 3793/719/3787
f 47/720/47 714/703/714 3746/689/3740 791/721/791
f 714/703/714 713/722/713 3747/690/3741 3746/689/3740
f 713/722/713 712/704/712 3748/693/3742 3747/690/3741
f 712/704/712 711/712/711 3749/695/3743 3748/693/3742
f 711/712/711 710/697/710 3750/697/3744 3749/695/3743
f 710/697/710 709/719/709 3751/699/3745 3750/697/3744
f 709/719/709 708/707/708 3752/701/3746 3751/699/3745
f 708/707/708 46/412/46 784/414/784 3752/701/3746
f 3752/701/3746 784/414/784 783/422/783 3759/702/3753
f 3759/702/3753 783/422/783 782/424/782 3766/707/3760
f 3766/707/3760 782/424/782 781/423/781 3773/710/3767
f 3773/710/3767 781/423/781 780/422/780 3780/702/3774
f 3780/702/3774 780/422/780 779/421/779 3787/701/3781
f 3787/701/3781 779/421/779 778/412/778 3794/701/3788
f 3794/701/3788 778/412/778 50/412/50 764/707/764
f 3793/719/3787 3794/701/3788 764/707/764 765/719/765
f 3792/697/3786 3793/719/3787 765/719/765 766/697/766
f 3791/718/3785 3792/697/3786 766/697/766 767/712/767
f 3790/704/3784 3791/718/3785 767/712/767 768/704/768
f 3789/690/3783 3790/704/3784 768/704/768 769/722/769
f 3788/717/3782 3789/690/3783 769/722/769 770/703/770
f 785/723/785 3788/717/3782 770/703/770 51/720/51
f 786/723/786 3781/703/3775 3788/717/3782 785/723/785
f 787/724/787 3774/692/3768 3781/703/3775 786/723/786
f 788/725/788 3767/689/3761 3774/692/3768 787/724/787
f 789/726/789 3760/703/3754 3767/689/3761 788/725/788
f 790/727/790 3753/692/3747 3760/703/3754 789/726/789
f 791/721/791 3746/689/3740 3753/692/3747 790/727/790
f 3795/751/3789 3796/752/3790 3803/753/3797 3802/754/3796
f 3796/752/3790 3797/755/3791 3804/756/3798 3803/753/3797
f 3797/755/3791 3798/757/3792 3805/758/3799 3804/756/3798
f 3798/757/3792 3799/759/3793 3806/760/3800 3805/758/3799
f 3799/759/3793 3800/761/3794 3807/762/3801 3806/760/3800
f 3800/761/3794 3801/763/3795 3808/764/3802 3807/762/3801
f 3802/754/3796 3803/753/3797 3810/752/3804 3809/765/3803
f 3803/753/3797 3804/756/3798 3811/755/3805 3810/752/3804
f 3804/756/3798 3805/758/3799 3812/766/3806 3811/755/3805
f 3805/758/3799 3806/760/3800 3813/767/3807 3812/766/3806
f 3806/760/3800 3807/762/3801 3814/768/3808 3813/767/3807
f 3807/762/3801 3808/764/3802 3815/769/3809 3814/768/3808
f 3809/765/3803 3810/752/3804 3817/753/3811 3816/754/3810
f 3810/752/3804 3811/755/3805 3818/756/3812 3817/753/3811
f 3811/755/3805 3812/766/3806 3819/766/3813 3818/756/3812
f 3812/766/3806 3813/767/3807 3820/770/3814 3819/766/3813
f 3813/767/3807 3814/768/3808 3821/768/3815 3820/770/3814
f 3814/768/3808 3815/769/3809 3822/771/3816 3821/768/3815
f 3816/754/3810 3817/753/3811 3824/752/3818 3823/765/3817
f 3817/753/3811 3818/756/3812 3825/755/3819 3824/752/3818
f 3818/756/3812 3819/766/3813 3826/757/3820 3825/755/3819
f 3819/766/3813 3820/770/3814 3827/759/3821 3826/757/3820
f 3820/770/3814 3821/768/3815 3828/761/3822 3827/759/3821
f 3821/768/3815 3822/771/3816 3829/763/3823 3828/761/3822
f 3823/765/3817 3824/752/3818 3831/753/3825 3830/751/3824
f 3824/752/3818 3825/755/3819 3832/756/3826 3831/753/3825
f 3825/755/3819 3826/757/3820 3833/758/3827 3832/756/3826
f 3826/757/3820 3827/759/3821 3834/760/3828 3833/758/3827
f 3827/759/3821 3828/761/3822 3835/762/3829 3834/760/3828
f 3828/761/3822 3829/763/3823 3836/764/3830 3835/762/3829
f 3830/751/3824 3831/753/3825 3838/752/3832 3837/751/3831
f 3831/753/3825 3832/756/3826 3839/755/3833 3838/752/3832
f 3832/756/3826 3833/758/3827 3840/766/3834 3839/755/3833
f 3833/758/3827 3834/760/3828 3841/767/3835 3840/766/3834
f 3834/760/3828 3835/762/3829 3842/768/3836 3841/767/3835
f 3835/762/3829 3836/764/3830 3843/769/3837 3842/768/3836
f 48/283/48 700/751/700 3795/751/3789 798/772/798
f 700/751/700 699/753/699 3796/752/3790 3795/751/3789
f 699/753/699 698/756/698 3797/755/3791 3796/752/3790
f 698/756/698 697/766/697 3798/757/3792 3797/755/3791
f 697/766/697 696/770/696 3799/759/3793 3798/757/3792
f 696/770/696 695/768/695 3800/761/3794 3799/759/3793
f 695/768/695 694/771/694 3801/763/3795 3800/761/3794
f 694/771/694 47/720/47 791/721/791 3801/763/3795
f 3801/763/3795 791/721/791 790/727/790 3808/764/3802
f 3808/764/3802 790/727/790 789/726/789 3815/769/3809
f 3815/769/3809 789/726/789 788/725/788 3822/771/3816
f 3822/771/3816 788/725/788 787/724/787 3829/763/3823
f 3829/763/3823 787/724/787 786/723/786 3836/764/3830
f 3836/764/3830 786/723/786 785/723/785 3843/769/3837
f 3843/769/3837 785/723/785 51/720/51 750/771/750
f 3842/768/3836 3843/769/3837 750/771/750 751/768/751
f 3841/767/3835 3842/768/3836 751/768/751 752/770/752
f 3840/766/3834 3841/767/3835 752/770/752 753/766/753
f 3839/755/3833 3840/766/3834 753/766/753 754/756/754
f 3838/752/3832 3839/755/3833 754/756/754 755/753/755
f 3837/751/3831 3838/752/3832 755/753/755 756/751/756
f 792/773/792 3837/751/3831 756/751/756 52/283/52
f 793/772/793 3830/751/3824 3837/751/3831 792/773/792
f 794/772/794 3823/765/3817 3830/751/3824 793/772/793
f 795/772/795 3816/754/3810 3823/765/3817 794/772/794
f 796/772/796 3809/765/3803 3816/754/3810 795/772/795
f 797/772/797 3802/754/3796 3809/765/3803 796/772/796
f 798/772/798 3795/751/3789 3802/754/3796 797/772/797
f 3844/728/3838 3845/729/3839 3852/730/3846 3851/731/3845
f 3845/729/3839 3846/732/3840 3853/733/3847 3852/730/3846
f 3846/732/3840 3847/734/3841 3854/735/3848 3853/733/3847
f 3847/734/3841 3848/736/3842 3855/737/3849 3854/735/3848
f 3848/736/3842 3849/738/3843 3856/738/3850 3855/737/3849
f 3849/738/3843 3850/739/3844 3857/740/3851 3856/738/3850
f 3851/731/3845 3852/730/3846 3859/741/3853 3858/742/3852
f 3852/730/3846 3853/733/3847 3860/743/3854 3859/741/3853
f 3853/733/3847 3854/735/3848 3861/734/3855 3860/743/3854
f 3854/735/3848 3855/737/3849 3862/736/3856 3861/734/3855
f 3855/737/3849 3856/738/3850 3863/744/3857 3862/736/3856
f 3856/738/3850 3857/740/3851 3864/745/3858 3863/744/3857
f 3858/742/3852 3859/741/3853 3866/746/3860 3865/747/3859
f 3859/741/3853 3860/743/3854 3867/743/3861 3866/746/3860
f 3860/743/3854 3861/734/3855 3868/735/3862 3867/743/3861
f 3861/734/3855 3862/736/3856 3869/737/3863 3868/735/3862
f 3862/736/3856 3863/744/3857 3870/738/3864 3869/737/3863
f 3863/744/3857 3864/745/3858 3871/740/3865 3870/738/3864
f 3865/747/3859 3866/746/3860 3873/729/3867 3872/728/3866
f 3866/746/3860 3867/743/3861 3874/732/3868 3873/729/3867
f 3867/743/3861 3868/735/3862 3875/734/3869 3874/732/3868
f 3868/735/3862 3869/737/3863 3876/736/3870 3875/734/3869
f 3869/737/3863 3870/738/3864 3877/744/3871 3876/736/3870
f 3870/738/3864 3871/740/3865 3878/745/3872 3877/744/3871
f 3872/728/3866 3873/729/3867 3880/730/3874 3879/731/3873
f 3873/729/3867 3874/732/3868 3881/733/3875 3880/730/3874
f 3874/732/3868 3875/734/3869 3882/735/3876 3881/733/3875
f 3875/734/3869 3876/736/3870 3883/737/3877 3882/735/3876
f 3876/736/3870 3877/744/3871 3884/738/3878 3883/737/3877
f 3877/744/3871 3878/745/3872 3885/739/3879 3884/738/3878
f 3879/731/3873 3880/730/3874 3887/741/3881 3886/742/3880
f 3880/730/3874 3881/733/3875 3888/743/3882 3887/741/3881
f 3881/733/3875 3882/735/3876 3889/734/3883 3888/743/3882
f 3882/735/3876 3883/737/3877 3890/736/3884 3889/734/3883
f 3883/737/3877 3884/738/3878 3891/738/3885 3890/736/3884
f 3884/738/3878 3885/739/3879 3892/748/3886 3891/738/3885
f 45/417/45 707/747/707 3844/728/3838 771/418/771
f 707/747/707 706/746/706 3845/729/3839 3844/728/3838
f 706/746/706 705/743/705 3846/732/3840 3845/729/3839
f 705/743/705 704/735/704 3847/734/3841 3846/732/3840
f 704/735/704 703/737/703 3848/736/3842 3847/734/3841
f 703/737/703 702/738/702 3849/738/3843 3848/736/3842
f 702/738/702 701/749/701 3850/739/3844 3849/738/3843
f 701/749/701 48/59/48 798/750/798 3850/739/3844
f 3850/739/3844 798/750/798 797/750/797 3857/740/3851
f 3857/740/3851 797/750/797 796/750/796 3864/745/3858
f 3864/745/3858 796/750/796 795/750/795 3871/740/3865
f 3871/740/3865 795/750/795 794/750/794 3878/745/3872
f 3878/745/3872 794/750/794 793/750/793 3885/739/3879
f 3885/739/3879 793/750/793 792/750/792 3892/748/3886
f 3892/748/3886 792/750/792 52/59/52 757/749/757
f 3891/738/3885 3892/748/3886 757/749/757 758/738/758
f 3890/736/3884 3891/738/3885 758/738/758 759/737/759
f 3889/734/3883 3890/736/3884 759/737/759 760/735/760
f 3888/743/3882 3889/734/3883 760/735/760 761/743/761
f 3887/741/3881 3888/743/3882 761/743/761 762/746/762
f 3886/742/3880 3887/741/3881 762/746/762 763/747/763
f 777/418/777 3886/742/3880 763/747/763 49/417/49
f 776/417/776 3879/731/3873 3886/742/3880 777/418/777
f 775/419/775 3872/728/3866 3879/731/3873 776/417/776
f 774/420/774 3865/747/3859 3872/728/3866 775/419/775
f 773/419/773 3858/742/3852 3865/747/3859 774/420/774
f 772/419/772 3851/731/3845 3858/742/3852 773/419/773
f 771/418/771 3844/728/3838 3851/731/3845 772/419/772
f 3893/728/3887 3894/729/3888 3901/730/3895 3900/731/3894
f 3894/729/3888 3895/732/3889 3902/733/3896 3901/730/3895
f 3895/732/3889 3896/734/3890 3903/735/3897 3902/733/3896
f 3896/734/3890 3897/736/3891 3904/737/3898 3903/735/3897
f 3897/736/3891 3898/738/3892 3905/738/3899 3904/737/3898
f 3898/738/3892 3899/739/3893 3906/740/3900 3905/738/3899
f 3900/731/3894 3901/730/3895 3908/741/3902 3907/742/3901
f 3901/730/3895 3902/733/3896 3909/743/3903 3908/741/3902
f 3902/733/3896 3903/735/3897 3910/734/3904 3909/743/3903
f 3903/735/3897 3904/737/3898 3911/736/3905 3910/734/3904
f 3904/737/3898 3905/738/3899 3912/744/3906 3911/736/3905
f 3905/738/3899 3906/740/3900 3913/745/3907 3912/744/3906
f 3907/742/3901 3908/741/3902 3915/746/3909 3914/747/3908
f 3908/741/3902 3909/743/3903 3916/743/3910 3915/746/3909
f 3909/743/3903 3910/734/3904 3917/735/3911 3916/743/3910
f 3910/734/3904 3911/736/3905 3918/737/3912 3917/735/3911
f 3911/736/3905 3912/744/3906 3919/738/3913 3918/737/3912
f 3912/744/3906 3913/745/3907 3920/740/3914 3919/738/3913
f 3914/747/3908 3915/746/3909 3922/729/3916 3921/728/3915
f 3915/746/3909 3916/743/3910 3923/732/3917 3922/729/3916
f 3916/743/3910 3917/735/3911 3924/734/3918 3923/732/3917
f 3917/735/3911 3918/737/3912 3925/736/3919 3924/734/3918
f 3918/737/3912 3919/738/3913 3926/744/3920 3925/736/3919
f 3919/738/3913 3920/740/3914 3927/745/3921 3926/744/3920
f 3921/728/3915 3922/729/3916 3929/730/3923 3928/731/3922
f 3922/729/3916 3923/732/3917 3930/733/3924 3929/730/3923
f 3923/732/3917 3924/734/3918 3931/735/3925 3930/733/3924
f 3924/734/3918 3925/736/3919 3932/737/3926 3931/735/3925
f 3925/736/3919 3926/744/3920 3933/738/3927 3932/737/3926
f 3926/744/3920 3927/745/3921 3934/739/3928 3933/738/3927
f 3928/731/3922 3929/730/3923 3936/741/3930 3935/742/3929
f 3929/730/3923 3930/733/3924 3937/743/3931 3936/741/3930
f 3930/733/3924 3931/735/3925 3938/734/3932 3937/743/3931
f 3931/735/3925 3932/737/3926 3939/736/3933 3938/734/3932
f 3932/737/3926 3933/738/3927 3940/738/3934 3939/736/3933
f 3933/738/3927 3934/739/3928 3941/748/3935 3940/738/3934
f 53/417/53 819/747/819 3893/728/3887 896/419/896
f 819/747/819 818/746/818 3894/729/3888 3893/728/3887
f 818/746/818 817/743/817 3895/732/3889 3894/729/3888
f 817/743/817 816/735/816 3896/734/3890 3895/732/3889
f 816/735/816 815/737/815 3897/736/3891 3896/734/3890
f 815/737/815 814/738/814 3898/738/3892 3897/736/3891
f 814/738/814 813/749/813 3899/739/3893 3898/738/3892
f 813/749/813 56/59/56 883/750/883 3899/739/3893
f 3899/739/3893 883/750/883 884/750/884 3906/740/3900
f 3906/740/3900 884/750/884 885/750/885 3913/745/3907
f 3913/745/3907 885/750/885 886/750/886 3920/740/3914
f 3920/740/3914 886/750/886 887/750/887 3927/745/3921
f 3927/745/3921 887/750/887 888/750/888 3934/739/3928
f 3934/739/3928 888/750/888 889/750/889 3941/748/3935
f 3941/748/3935 889/750/889 60/59/60 869/749/869
f 3940/738/3934 3941/748/3935 869/749/869 870/738/870
f 3939/736/3933 3940/738/3934 870/738/870 871/737/871
f 3938/734/3932 3939/736/3933 871/737/871 872/735/872
f 3937/743/3931 3938/734/3932 872/735/872 873/743/873
f 3936/741/3930 3937/743/3931 873/743/873 874/746/874
f 3935/742/3929 3936/741/3930 874/746/874 875/747/875
f 890/418/890 3935/742/3929 875/747/875 57/417/57
f 891/420/891 3928/731/3922 3935/742/3929 890/418/890
f 892/419/892 3921/728/3915 3928/731/3922 891/420/891
f 893/417/893 3914/747/3908 3921/728/3915 892/419/892
f 894/418/894 3907/742/3901 3914/747/3908 893/417/893
f 895/420/895 3900/731/3894 3907/742/3901 894/418/894
f 896/419/896 3893/728/3887 3900/731/3894 895/420/895
f 3942/751/3936 3943/752/3937 3950/753/3944 3949/754/3943
f 3943/752/3937 3944/755/3938 3951/756/3945 3950/753/3944
f 3944/755/3938 3945/757/3939 3952/758/3946 3951/756/3945
f 3945/757/3939 3946/759/3940 3953/760/3947 3952/758/3946
f 3946/759/3940 3947/761/3941 3954/762/3948 3953/760/3947
f 3947/761/3941 3948/763/3942 3955/764/3949 3954/762/3948
f 3949/754/3943 3950/753/3944 3957/752/3951 3956/765/3950
f 3950/753/3944 3951/756/3945 3958/755/3952 3957/752/3951
f 3951/756/3945 3952/758/3946 3959/766/3953 3958/755/3952
f 3952/758/3946 3953/760/3947 3960/767/3954 3959/766/3953
f 3953/760/3947 3954/762/3948 3961/768/3955 3960/767/3954
f 3954/762/3948 3955/764/3949 3962/769/3956 3961/768/3955
f 3956/765/3950 3957/752/3951 3964/753/3958 3963/754/3957
f 3957/752/3951 3958/755/3952 3965/756/3959 3964/753/3958
f 3958/755/3952 3959/766/3953 3966/766/3960 3965/756/3959
f 3959/766/3953 3960/767/3954 3967/770/3961 3966/766/3960
f 3960/767/3954 3961/768/3955 3968/768/3962 3967/770/3961
f 3961/768/3955 3962/769/3956 3969/771/3963 3968/768/3962
f 3963/754/3957 3964/753/3958 3971/752/3965 3970/765/3964
f 3964/753/3958 3965/756/3959 3972/755/3966 3971/752/3965
f 3965/756/3959 3966/766/3960 3973/757/3967 3972/755/3966
f 3966/766/3960 3967/770/3961 3974/759/3968 3973/757/3967
f 3967/770/3961 3968/768/3962 3975/761/3969 3974/759/3968
f 3968/768/3962 3969/771/3963 3976/763/3970 3975/761/3969
f 3970/765/3964 3971/752/3965 3978/753/3972 3977/751/3971
f 3971/752/3965 3972/755/3966 3979/756/3973 3978/753/3972
f 3972/755/3966 3973/757/3967 3980/758/3974 3979/756/3973
f 3973/757/3967 3974/759/3968 3981/760/3975 3980/758/3974
f 3974/759/3968 3975/761/3969 3982/762/3976 3981/760/3975
f 3975/761/3969 3976/763/3970 3983/764/3977 3982/762/3976
f 3977/751/3971 3978/753/3972 3985/752/3979 3984/751/3978
f 3978/753/3972 3979/756/3973 3986/755/3980 3985/752/3979
f 3979/756/3973 3980/758/3974 3987/766/3981 3986/755/3980
f 3980/758/3974 3981/760/3975 3988/767/3982 3987/766/3981
f 3981/760/3975 3982/762/3976 3989/768/3983 3988/767/3982
f 3982/762/3976 3983/764/3977 3990/769/3984 3989/768/3983
f 52/283/52 756/751/756 3942/751/3936 847/772/847
f 756/751/756 755/753/755 3943/752/3937 3942/751/3936
f 755/753/755 754/756/754 3944/755/3938 3943/752/3937
f 754/756/754 753/766/753 3945/757/3939 3944/755/3938
f 753/766/753 752/770/752 3946/759/3940 3945/757/3939
f 752/770/752 751/768/751 3947/761/3941 3946/759/3940
f 751/768/751 750/771/750 3948/763/3942 3947/761/3941
f 750/771/750 51/720/51 840/721/840 3948/763/3942
f 3948/763/3942 840/721/840 839/727/839 3955/764/3949
f 3955/764/3949 839/727/839 838/726/838 3962/769/3956
f 3962/769/3956 838/726/838 837/725/837 3969/771/3963
f 3969/771/3963 837/725/837 836/724/836 3976/763/3970
f 3976/763/3970 836/724/836 835/723/835 3983/764/3977
f 3983/764/3977 835/723/835 834/723/834 3990/769/3984
f 3990/769/3984 834/723/834 55/720/55 806/771/806
f 3989/768/3983 3990/769/3984 806/771/806 807/768/807
f 3988/767/3982 3989/768/3983 807/768/807 808/770/808
f 3987/766/3981 3988/767/3982 808/770/808 809/766/809
f 3986/755/3980 3987/766/3981 809/766/809 810/756/810
f 3985/752/3979 3986/755/3980 810/756/810 811/753/811
f 3984/751/3978 3985/752/3979 811/753/811 812/751/812
f 841/773/841 3984/751/3978 812/751/812 56/283/56
f 842/772/842 3977/751/3971 3984/751/3978 841/773/841
f 843/772/843 3970/765/3964 3977/751/3971 842/772/842
f 844/772/844 3963/754/3957 3970/765/3964 843/772/843
f 845/772/845 3956/765/3950 3963/754/3957 844/772/844
f 846/772/846 3949/754/3943 3956/765/3950 845/772/845
f 847/772/847 3942/751/3936 3949/754/3943 846/772/846
f 3991/728/3985 3992/729/3986 3999/730/3993 3998/731/3992
f 3992/729/3986 3993/732/3987 4000/733/3994 3999/730/3993
f 3993/732/3987 3994/734/3988 4001/735/3995 4000/733/3994
f 3994/734/3988 3995/736/3989 4002/737/3996 4001/735/3995
f 3995/736/3989 3996/738/3990 4003/738/3997 4002/737/3996
f 3996/738/3990 3997/739/3991 4004/740/3998 4003/738/3997
f 3998/731/3992 3999/730/3993 4006/741/4000 4005/742/3999
f 3999/730/3993 4000/733/3994 4007/743/4001 4006/741/4000
f 4000/733/3994 4001/735/3995 4008/734/4002 4007/743/4001
f 4001/735/3995 4002/737/3996 4009/736/4003 4008/734/4002
f 4002/737/3996 4003/738/3997 4010/744/4004 4009/736/4003
f 4003/738/3997 4004/740/3998 4011/745/4005 4010/744/4004
f 4005/742/3999 4006/741/4000 4013/746/4007 4012/747/4006
f 4006/741/4000 4007/743/4001 4014/743/4008 4013/746/4007
f 4007/743/4001 4008/734/4002 4015/735/4009 4014/743/4008
f 4008/734/4002 4009/736/4003 4016/737/4010 4015/735/4009
f 4009/736/4003 4010/744/4004 4017/738/4011 4016/737/4010
f 4010/744/4004 4011/745/4005 4018/740/4012 4017/738/4011
f 4012/747/4006 4013/746/4007 4020/729/4014 4019/728/4013
f 4013/746/4007 4014/743/4008 4021/732/4015 4020/729/4014
f 4014/743/4008 4015/735/4009 4022/734/4016 4021/732/4015
f 4015/735/4009 4016/737/4010 4023/736/4017 4022/734/4016
f 4016/737/4010 4017/738/4011 4024/744/4018 4023/736/4017
f 4017/738/4011 4018/740/4012 4025/745/4019 4024/744/4018
f 4019/728/4013 4020/729/4014 4027/730/4021 4026/731/4020
f 4020/729/4014 4021/732/4015 4028/733/4022 4027/730/4021
f 4021/732/4015 4022/734/4016 4029/735/4023 4028/733/4022
f 4022/734/4016 4023/736/4017 4030/737/4024 4029/735/4023
f 4023/736/4017 4024/744/4018 4031/738/4025 4030/737/4024
f 4024/744/4018 4025/745/4019 4032/739/4026 4031/738/4025
f 4026/731/4020 4027/730/4021 4034/741/4028 4033/742/4027
f 4027/730/4021 4028/733/4022 4035/743/4029 4034/741/4028
f 4028/733/4022 4029/735/4023 4036/734/4030 4035/743/4029
f 4029/735/4023 4030/737/4024 4037/736/4031 4036/734/4030
f 4030/737/4024 4031/738/4025 4038/738/4032 4037/736/4031
f 4031/738/4025 4032/739/4026 4039/748/4033 4038/738/4032
f 49/417/49 763/747/763 3991/728/3985 854/419/854
f 763/747/763 762/746/762 3992/729/3986 3991/728/3985
f 762/746/762 761/743/761 3993/732/3987 3992/729/3986
f 761/743/761 760/735/760 3994/734/3988 3993/732/3987
f 760/735/760 759/737/759 3995/736/3989 3994/734/3988
f 759/737/759 758/738/758 3996/738/3990 3995/736/3989
f 758/738/758 757/749/757 3997/739/3991 3996/738/3990
f 757/749/757 52/59/52 847/750/847 3997/739/3991
f 3997/739/3991 847/750/847 846/750/846 4004/740/3998
f 4004/740/3998 846/750/846 845/750/845 4011/745/4005
f 4011/745/4005 845/750/845 844/750/844 4018/740/4012
f 4018/740/4012 844/750/844 843/750/843 4025/745/4019
f 4025/745/4019 843/750/843 842/750/842 4032/739/4026
f 4032/739/4026 842/750/842 841/750/841 4039/748/4033
f 4039/748/4033 841/750/841 56/59/56 813/749/813
f 4038/738/4032 4039/748/4033 813/749/813 814/738/814
f 4037/736/4031 4038/738/4032 814/738/814 815/737/815
f 4036/734/4030 4037/736/4031 815/737/815 816/735/816
f 4035/743/4029 4036/734/4030 816/735/816 817/743/817
f 4034/741/4028 4035/743/4029 817/743/817 818/746/818
f 4033/742/4027 4034/741/4028 818/746/818 819/747/819
f 848/418/848 4033/742/4027 819/747/819 53/417/53
f 849/420/849 4026/731/4020 4033/742/4027 848/418/848
f 850/419/850 4019/728/4013 4026/731/4020 849/420/849
f 851/417/851 4012/747/4006 4019/728/4013 850/419/850
f 852/418/852 4005/742/3999 4012/747/4006 851/417/851
f 853/420/853 3998/731/3992 4005/742/3999 852/418/852
f 854/419/854 3991/728/3985 3998/731/3992 853/420/853
f 4040/379/4034 4041/380/4035 4048/381/4042 4047/382/4041
f 4041/380/4035 4042/383/4036 4049/384/4043 4048/381/4042
f 4042/383/4036 4043/385/4037 4050/386/4044 4049/384/4043
f 4043/385/4037 4044/387/4038 4051/388/4045 4050/386/4044
f 4044/387/4038 4045/389/4039 4052/390/4046 4051/388/4045
f 4045/389/4039 4046/391/4040 4053/392/4047 4052/390/4046
f 4047/382/4041 4048/381/4042 4055/393/4049 4054/394/4048
f 4048/381/4042 4049/384/4043 4056/395/4050 4055/393/4049
f 4049/384/4043 4050/386/4044 4057/396/4051 4056/395/4050
f 4050/386/4044 4051/388/4045 4058/397/4052 4057/396/4051
f 4051/388/4045 4052/390/4046 4059/398/4053 4058/397/4052
f 4052/390/4046 4053/392/4047 4060/391/4054 4059/398/4053
f 4054/394/4048 4055/393/4049 4062/399/4056 4061/400/4055
f 4055/393/4049 4056/395/4050 4063/383/4057 4062/399/4056
f 4056/395/4050 4057/396/4051 4064/385/4058 4063/383/4057
f 4057/396/4051 4058/397/4052 4065/401/4059 4064/385/4058
f 4058/397/4052 4059/398/4053 4066/389/4060 4065/401/4059
f 4059/398/4053 4060/391/4054 4067/402/4061 4066/389/4060
f 4061/400/4055 4062/399/4056 4069/403/4063 4068/382/4062
f 4062/399/4056 4063/383/4057 4070/404/4064 4069/403/4063
f 4063/383/4057 4064/385/4058 4071/396/4065 4070/404/4064
f 4064/385/4058 4065/401/4059 4072/405/4066 4071/396/4065
f 4065/401/4059 4066/389/4060 4073/390/4067 4072/405/4066
f 4066/389/4060 4067/402/4061 4074/392/4068 4073/390/4067
f 4068/382/4062 4069/403/4063 4076/406/4070 4075/407/4069
f 4069/403/4063 4070/404/4064 4077/404/4071 4076/406/4070
f 4070/404/4064 4071/396/4065 4078/396/4072 4077/404/4071
f 4071/396/4065 4072/405/4066 4079/408/4073 4078/396/4072
f 4072/405/4066 4073/390/4067 4080/398/4074 4079/408/4073
f 4073/390/4067 4074/392/4068 4081/391/4075 4080/398/4074
f 4075/407/4069 4076/406/4070 4083/399/4077 4082/407/4076
f 4076/406/4070 4077/404/4071 4084/395/4078 4083/399/4077
f 4077/404/4071 4078/396/4072 4085/409/4079 4084/395/4078
f 4078/396/4072 4079/408/4073 4086/401/4080 4085/409/4079
f 4079/408/4073 4080/398/4074 4087/410/4081 4086/401/4080
f 4080/398/4074 4081/391/4075 4088/411/4082 4087/410/4081
f 50/412/50 749/413/749 4040/379/4034 827/414/827
f 749/413/749 748/415/748 4041/380/4035 4040/379/4034
f 748/415/748 747/395/747 4042/383/4036 4041/380/4035
f 747/395/747 746/416/746 4043/385/4037 4042/383/4036
f 746/416/746 745/397/745 4044/387/4038 4043/385/4037
f 745/397/745 744/398/744 4045/389/4039 4044/387/4038
f 744/398/744 743/391/743 4046/391/4040 4045/389/4039
f 743/391/743 49/417/49 854/419/854 4046/391/4040
f 4046/391/4040 854/419/854 853/420/853 4053/392/4047
f 4053/392/4047 853/420/853 852/418/852 4060/391/4054
f 4060/391/4054 852/418/852 851/417/851 4067/402/4061
f 4067/402/4061 851/417/851 850/419/850 4074/392/4068
f 4074/392/4068 850/419/850 849/420/849 4081/391/4075
f 4081/391/4075 849/420/849 848/418/848 4088/411/4082
f 4088/411/4082 848/418/848 53/417/53 799/391/799
f 4087/410/4081 4088/411/4082 799/391/799 800/398/800
f 4086/401/4080 4087/410/4081 800/398/800 801/397/801
f 4085/409/4079 4086/401/4080 801/397/801 802/416/802
f 4084/395/4078 4085/409/4079 802/416/802 803/395/803
f 4083/399/4077 4084/395/4078 803/395/803 804/415/804
f 4082/407/4076 4083/399/4077 804/415/804 805/413/805
f 833/412/833 4082/407/4076 805/413/805 54/412/54
f 832/421/832 4075/407/4069 4082/407/4076 833/412/833
f 831/422/831 4068/382/4062 4075/407/4069 832/421/832
f 830/423/830 4061/400/4055 4068/382/4062 831/422/831
f 829/424/829 4054/394/4048 4061/400/4055 830/423/830
f 828/422/828 4047/382/4041 4054/394/4048 829/424/829
f 827/414/827 4040/379/4034 4047/382/4041 828/422/828
f 4089/689/4083 4090/690/4084 4097/691/4091 4096/692/4090
f 4090/690/4084 4091/693/4085 4098/694/4092 4097/691/4091
f 4091/693/4085 4092/695/4086 4099/696/4093 4098/694/4092
f 4092/695/4086 4093/697/4087 4100/698/4094 4099/696/4093
f 4093/697/4087 4094/699/4088 4101/700/4095 4100/698/4094
f 4094/699/4088 4095/701/4089 4102/702/4096 4101/700/4095
f 4096/692/4090 4097/691/4091 4104/690/4098 4103/703/4097
f 4097/691/4091 4098/694/4092 4105/704/4099 4104/690/4098
f 4098/694/4092 4099/696/4093 4106/705/4100 4105/704/4099
f 4099/696/4093 4100/698/4094 4107/697/4101 4106/705/4100
f 4100/698/4094 4101/700/4095 4108/706/4102 4107/697/4101
f 4101/700/4095 4102/702/4096 4109/707/4103 4108/706/4102
f 4103/703/4097 4104/690/4098 4111/690/4105 4110/689/4104
f 4104/690/4098 4105/704/4099 4112/708/4106 4111/690/4105
f 4105/704/4099 4106/705/4100 4113/695/4107 4112/708/4106
f 4106/705/4100 4107/697/4101 4114/709/4108 4113/695/4107
f 4107/697/4101 4108/706/4102 4115/699/4109 4114/709/4108
f 4108/706/4102 4109/707/4103 4116/710/4110 4115/699/4109
f 4110/689/4104 4111/690/4105 4118/691/4112 4117/692/4111
f 4111/690/4105 4112/708/4106 4119/711/4113 4118/691/4112
f 4112/708/4106 4113/695/4107 4120/712/4114 4119/711/4113
f 4113/695/4107 4114/709/4108 4121/713/4115 4120/712/4114
f 4114/709/4108 4115/699/4109 4122/714/4116 4121/713/4115
f 4115/699/4109 4116/710/4110 4123/702/4117 4122/714/4116
f 4117/692/4111 4118/691/4112 4125/715/4119 4124/703/4118
f 4118/691/4112 4119/711/4113 4126/694/4120 4125/715/4119
f 4119/711/4113 4120/712/4114 4127/712/4121 4126/694/4120
f 4120/712/4114 4121/713/4115 4128/716/4122 4127/712/4121
f 4121/713/4115 4122/714/4116 4129/706/4123 4128/716/4122
f 4122/714/4116 4123/702/4117 4130/701/4124 4129/706/4123
f 4124/703/4118 4125/715/4119 4132/690/4126 4131/717/4125
f 4125/715/4119 4126/694/4120 4133/704/4127 4132/690/4126
f 4126/694/4120 4127/712/4121 4134/718/4128 4133/704/4127
f 4127/712/4121 4128/716/4122 4135/697/4129 4134/718/4128
f 4128/716/4122 4129/706/4123 4136/719/4130 4135/697/4129
f 4129/706/4123 4130/701/4124 4137/701/4131 4136/719/4130
f 59/720/59 882/703/882 4089/689/4083 952/721/952
f 882/703/882 881/722/881 4090/690/4084 4089/689/4083
f 881/722/881 880/704/880 4091/693/4085 4090/690/4084
f 880/704/880 879/712/879 4092/695/4086 4091/693/4085
f 879/712/879 878/697/878 4093/697/4087 4092/695/4086
f 878/697/878 877/719/877 4094/699/4088 4093/697/4087
f 877/719/877 876/707/876 4095/701/4089 4094/699/4088
f 876/707/876 58/412/58 939/414/939 4095/701/4089
f 4095/701/4089 939/414/939 940/422/940 4102/702/4096
f 4102/702/4096 940/422/940 941/424/941 4109/707/4103
f 4109/707/4103 941/424/941 942/423/942 4116/710/4110
f 4116/710/4110 942/423/942 943/422/943 4123/702/4117
f 4123/702/4117 943/422/943 944/421/944 4130/701/4124
f 4130/701/4124 944/421/944 945/412/945 4137/701/4131
f 4137/701/4131 945/412/945 62/412/62 932/707/932
f 4136/719/4130 4137/701/4131 932/707/932 933/719/933
f 4135/697/4129 4136/719/4130 933/719/933 934/697/934
f 4134/718/4128 4135/697/4129 934/697/934 935/712/935
f 4133/704/4127 4134/718/4128 935/712/935 936/704/936
f 4132/690/4126 4133/704/4127 936/704/936 937/722/937
f 4131/717/4125 4132/690/4126 937/722/937 938/703/938
f 946/723/946 4131/717/4125 938/703/938 63/720/63
f 947/723/947 4124/703/4118 4131/717/4125 946/723/946
f 948/724/948 4117/692/4111 4124/703/4118 947/723/947
f 949/725/949 4110/689/4104 4117/692/4111 948/724/948
f 950/726/950 4103/703/4097 4110/689/4104 949/725/949
f 951/727/951 4096/692/4090 4103/703/4097 950/726/950
f 952/721/952 4089/689/4083 4096/692/4090 951/727/951
f 4138/379/4132 4139/380/4133 4146/381/4140 4145/382/4139
f 4139/380/4133 4140/383/4134 4147/384/4141 4146/381/4140
f 4140/383/4134 4141/385/4135 4148/386/4142 4147/384/4141
f 4141/385/4135 4142/387/4136 4149/388/4143 4148/386/4142
f 4142/387/4136 4143/389/4137 4150/390/4144 4149/388/4143
f 4143/389/4137 4144/391/4138 4151/392/4145 4150/390/4144
f 4145/382/4139 4146/381/4140 4153/393/4147 4152/394/4146
f 4146/381/4140 4147/384/4141 4154/395/4148 4153/393/4147
f 4147/384/4141 4148/386/4142 4155/396/4149 4154/395/4148
f 4148/386/4142 4149/388/4143 4156/397/4150 4155/396/4149
f 4149/388/4143 4150/390/4144 4157/398/4151 4156/397/4150
f 4150/390/4144 4151/392/4145 4158/391/4152 4157/398/4151
f 4152/394/4146 4153/393/4147 4160/399/4154 4159/400/4153
f 4153/393/4147 4154/395/4148 4161/383/4155 4160/399/4154
f 4154/395/4148 4155/396/4149 4162/385/4156 4161/383/4155
f 4155/396/4149 4156/397/4150 4163/401/4157 4162/385/4156
f 4156/397/4150 4157/398/4151 4164/389/4158 4163/401/4157
f 4157/398/4151 4158/391/4152 4165/402/4159 4164/389/4158
f 4159/400/4153 4160/399/4154 4167/403/4161 4166/382/4160
f 4160/399/4154 4161/383/4155 4168/404/4162 4167/403/4161
f 4161/383/4155 4162/385/4156 4169/396/4163 4168/404/4162
f 4162/385/4156 4163/401/4157 4170/405/4164 4169/396/4163
f 4163/401/4157 4164/389/4158 4171/390/4165 4170/405/4164
f 4164/389/4158 4165/402/4159 4172/392/4166 4171/390/4165
f 4166/382/4160 4167/403/4161 4174/406/4168 4173/407/4167
f 4167/403/4161 4168/404/4162 4175/404/4169 4174/406/4168
f 4168/404/4162 4169/396/4163 4176/396/4170 4175/404/4169
f 4169/396/4163 4170/405/4164 4177/408/4171 4176/396/4170
f 4170/405/4164 4171/390/4165 4178/398/4172 4177/408/4171
f 4171/390/4165 4172/392/4166 4179/391/4173 4178/398/4172
f 4173/407/4167 4174/406/4168 4181/399/4175 4180/407/4174
f 4174/406/4168 4175/404/4169 4182/395/4176 4181/399/4175
f 4175/404/4169 4176/396/4170 4183/409/4177 4182/395/4176
f 4176/396/4170 4177/408/4171 4184/401/4178 4183/409/4177
f 4177/408/4171 4178/398/4172 4185/410/4179 4184/401/4178
f 4178/398/4172 4179/391/4173 4186/411/4180 4185/410/4179
f 54/412/54 805/413/805 4138/379/4132 903/414/903
f 805/413/805 804/415/804 4139/380/4133 4138/379/4132
f 804/415/804 803/395/803 4140/383/4134 4139/380/4133
f 803/395/803 802/416/802 4141/385/4135 4140/383/4134
f 802/416/802 801/397/801 4142/387/4136 4141/385/4135
f 801/397/801 800/398/800 4143/389/4137 4142/387/4136
f 800/398/800 799/391/799 4144/391/4138 4143/389/4137
f 799/391/799 53/417/53 896/419/896 4144/391/4138
f 4144/391/4138 896/419/896 895/420/895 4151/392/4145
f 4151/392/4145 895/420/895 894/418/894 4158/391/4152
f 4158/391/4152 894/418/894 893/417/893 4165/402/4159
f 4165/402/4159 893/417/893 892/419/892 4172/392/4166
f 4172/392/4166 892/419/892 891/420/891 4179/391/4173
f 4179/391/4173 891/420/891 890/418/890 4186/411/4180
f 4186/411/4180 890/418/890 57/417/57 855/391/855
f 4185/410/4179 4186/411/4180 855/391/855 856/398/856
f 4184/401/4178 4185/410/4179 856/398/856 857/397/857
f 4183/409/4177 4184/401/4178 857/397/857 858/416/858
f 4182/395/4176 4183/409/4177 858/416/858 859/395/859
f 4181/399/4175 4182/395/4176 859/395/859 860/415/860
f 4180/407/4174 4181/399/4175 860/415/860 861/413/861
f 897/412/897 4180/407/4174 861/413/861 58/412/58
f 898/421/898 4173/407/4167 4180/407/4174 897/412/897
f 899/422/899 4166/382/4160 4173/407/4167 898/421/898
f 900/423/900 4159/400/4153 4166/382/4160 899/422/899
f 901/424/901 4152/394/4146 4159/400/4153 900/423/900
f 902/422/902 4145/382/4139 4152/394/4146 901/424/901
f 903/414/903 4138/379/4132 4145/382/4139 902/422/902
f 4187/689/4181 4188/690/4182 4195/691/4189 4194/692/4188
f 4188/690/4182 4189/693/4183 4196/694/4190 4195/691/4189
f 4189/693/4183 4190/695/4184 4197/696/4191 4196/694/4190
f 4190/695/4184 4191/697/4185 4198/698/4192 4197/696/4191
f 4191/697/4185 4192/699/4186 4199/700/4193 4198/698/4192
f 4192/699/4186 4193/701/4187 4200/702/4194 4199/700/4193
f 4194/692/4188 4195/691/4189 4202/690/4196 4201/703/4195
f 4195/691/4189 4196/694/4190 4203/704/4197 4202/690/4196
f 4196/694/4190 4197/696/4191 4204/705/4198 4203/704/4197
f 4197/696/4191 4198/698/4192 4205/697/4199 4204/705/4198
f 4198/698/4192 4199/700/4193 4206/706/4200 4205/697/4199
f 4199/700/4193 4200/702/4194 4207/707/4201 4206/706/4200
f 4201/703/4195 4202/690/4196 4209/690/4203 4208/689/4202
f 4202/690/4196 4203/704/4197 4210/708/4204 4209/690/4203
f 4203/704/4197 4204/705/4198 4211/695/4205 4210/708/4204
f 4204/705/4198 4205/697/4199 4212/709/4206 4211/695/4205
f 4205/697/4199 4206/706/4200 4213/699/4207 4212/709/4206
f 4206/706/4200 4207/707/4201 4214/710/4208 4213/699/4207
f 4208/689/4202 4209/690/4203 4216/691/4210 4215/692/4209
f 4209/690/4203 4210/708/4204 4217/711/4211 4216/691/4210
f 4210/708/4204 4211/695/4205 4218/712/4212 4217/711/4211
f 4211/695/4205 4212/709/4206 4219/713/4213 4218/712/4212
f 4212/709/4206 4213/699/4207 4220/714/4214 4219/713/4213
f 4213/699/4207 4214/710/4208 4221/702/4215 4220/714/4214
f 4215/692/4209 4216/691/4210 4223/715/4217 4222/703/4216
f 4216/691/4210 4217/711/4211 4224/694/4218 4223/715/4217
f 4217/711/4211 4218/712/4212 4225/712/4219 4224/694/4218
f 4218/712/4212 4219/713/4213 4226/716/4220 4225/712/4219
f 4219/713/4213 4220/714/4214 4227/706/4221 4226/716/4220
f 4220/714/4214 4221/702/4215 4228/701/4222 4227/706/4221
f 4222/703/4216 4223/715/4217 4230/690/4224 4229/717/4223
f 4223/715/4217 4224/694/4218 4231/704/4225 4230/690/4224
f 4224/694/4218 4225/712/4219 4232/718/4226 4231/704/4225
f 4225/712/4219 4226/716/4220 4233/697/4227 4232/718/4226
f 4226/716/4220 4227/706/4221 4234/719/4228 4233/697/4227
f 4227/706/4221 4228/701/4222 4235/701/4229 4234/719/4228
f 55/720/55 826/703/826 4187/689/4181 910/721/910
f 826/703/826 825/722/825 4188/690/4182 4187/689/4181
f 825/722/825 824/704/824 4189/693/4183 4188/690/4182
f 824/704/824 823/712/823 4190/695/4184 4189/693/4183
f 823/712/823 822/697/822 4191/697/4185 4190/695/4184
f 822/697/822 821/719/821 4192/699/4186 4191/697/4185
f 821/719/821 820/707/820 4193/701/4187 4192/699/4186
f 820/707/820 54/412/54 903/414/903 4193/701/4187
f 4193/701/4187 903/414/903 902/422/902 4200/702/4194
f 4200/702/4194 902/422/902 901/424/901 4207/707/4201
f 4207/707/4201 901/424/901 900/423/900 4214/710/4208
f 4214/710/4208 900/423/900 899/422/899 4221/702/4215
f 4221/702/4215 899/422/899 898/421/898 4228/701/4222
f 4228/701/4222 898/421/898 897/412/897 4235/701/4229
f 4235/701/4229 897/412/897 58/412/58 876/707/876
f 4234/719/4228 4235/701/4229 876/707/876 877/719/877
f 4233/697/4227 4234/719/4228 877/719/877 878/697/878
f 4232/718/4226 4233/697/4227 878/697/878 879/712/879
f 4231/704/4225 4232/718/4226 879/712/879 880/704/880
f 4230/690/4224 4231/704/4225 880/704/880 881/722/881
f 4229/717/4223 4230/690/4224 881/722/881 882/703/882
f 904/723/904 4229/717/4223 882/703/882 59/720/59
f 905/723/905 4222/703/4216 4229/717/4223 904/723/904
f 906/724/906 4215/692/4209 4222/703/4216 905/723/905
f 907/725/907 4208/689/4202 4215/692/4209 906/724/906
f 908/726/908 4201/703/4195 4208/689/4202 907/725/907
f 909/727/909 4194/692/4188 4201/703/4195 908/726/908
f 910/721/910 4187/689/4181 4194/692/4188 909/727/909
f 4236/751/4230 4237/752/4231 4244/753/4238 4243/754/4237
f 4237/752/4231 4238/755/4232 4245/756/4239 4244/753/4238
f 4238/755/4232 4239/757/4233 4246/758/4240 4245/756/4239
f 4239/757/4233 4240/759/4234 4247/760/4241 4246/758/4240
f 4240/759/4234 4241/761/4235 4248/762/4242 4247/760/4241
f 4241/761/4235 4242/763/4236 4249/764/4243 4248/762/4242
f 4243/754/4237 4244/753/4238 4251/752/4245 4250/765/4244
f 4244/753/4238 4245/756/4239 4252/755/4246 4251/752/4245
f 4245/756/4239 4246/758/4240 4253/766/4247 4252/755/4246
f 4246/758/4240 4247/760/4241 4254/767/4248 4253/766/4247
f 4247/760/4241 4248/762/4242 4255/768/4249 4254/767/4248
f 4248/762/4242 4249/764/4243 4256/769/4250 4255/768/4249
f 4250/765/4244 4251/752/4245 4258/753/4252 4257/754/4251
f 4251/752/4245 4252/755/4246 4259/756/4253 4258/753/4252
f 4252/755/4246 4253/766/4247 4260/766/4254 4259/756/4253
f 4253/766/4247 4254/767/4248 4261/770/4255 4260/766/4254
f 4254/767/4248 4255/768/4249 4262/768/4256 4261/770/4255
f 4255/768/4249 4256/769/4250 4263/771/4257 4262/768/4256
f 4257/754/4251 4258/753/4252 4265/752/4259 4264/765/4258
f 4258/753/4252 4259/756/4253 4266/755/4260 4265/752/4259
f 4259/756/4253 4260/766/4254 4267/757/4261 4266/755/4260
f 4260/766/4254 4261/770/4255 4268/759/4262 4267/757/4261
f 4261/770/4255 4262/768/4256 4269/761/4263 4268/759/4262
f 4262/768/4256 4263/771/4257 4270/763/4264 4269/761/4263
f 4264/765/4258 4265/752/4259 4272/753/4266 4271/751/4265
f 4265/752/4259 4266/755/4260 4273/756/4267 4272/753/4266
f 4266/755/4260 4267/757/4261 4274/758/4268 4273/756/4267
f 4267/757/4261 4268/759/4262 4275/760/4269 4274/758/4268
f 4268/759/4262 4269/761/4263 4276/762/4270 4275/760/4269
f 4269/761/4263 4270/763/4264 4277/764/4271 4276/762/4270
f 4271/751/4265 4272/753/4266 4279/752/4273 4278/751/4272
f 4272/753/4266 4273/756/4267 4280/755/4274 4279/752/4273
f 4273/756/4267 4274/758/4268 4281/766/4275 4280/755/4274
f 4274/758/4268 4275/760/4269 4282/767/4276 4281/766/4275
f 4275/760/4269 4276/762/4270 4283/768/4277 4282/767/4276
f 4276/762/4270 4277/764/4271 4284/769/4278 4283/768/4277
f 56/283/56 812/751/812 4236/751/4230 883/772/883
f 812/751/812 811/753/811 4237/752/4231 4236/751/4230
f 811/753/811 810/756/810 4238/755/4232 4237/752/4231
f 810/756/810 809/766/809 4239/757/4233 4238/755/4232
f 809/766/809 808/770/808 4240/759/4234 4239/757/4233
f 808/770/808 807/768/807 4241/761/4235 4240/759/4234
f 807/768/807 806/771/806 4242/763/4236 4241/761/4235
f 806/771/806 55/720/55 910/721/910 4242/763/4236
f 4242/763/4236 910/721/910 909/727/909 4249/764/4243
f 4249/764/4243 909/727/909 908/726/908 4256/769/4250
f 4256/769/4250 908/726/908 907/725/907 4263/771/4257
f 4263/771/4257 907/725/907 906/724/906 4270/763/4264
f 4270/763/4264 906/724/906 905/723/905 4277/764/4271
f 4277/764/4271 905/723/905 904/723/904 4284/769/4278
f 4284/769/4278 904/723/904 59/720/59 862/771/862
f 4283/768/4277 4284/769/4278 862/771/862 863/768/863
f 4282/767/4276 4283/768/4277 863/768/863 864/770/864
f 4281/766/4275 4282/767/4276 864/770/864 865/766/865
f 4280/755/4274 4281/766/4275 865/766/865 866/756/866
f 4279/752/4273 4280/755/4274 866/756/866 867/753/867
f 4278/751/4272 4279/752/4273 867/753/867 868/751/868
f 889/773/889 4278/751/4272 868/751/868 60/283/60
f 888/772/888 4271/751/4265 4278/751/4272 889/773/889
f 887/772/887 4264/765/4258 4271/751/4265 888/772/888
f 886/772/886 4257/754/4251 4264/765/4258 887/772/887
f 885/772/885 4250/765/4244 4257/754/4251 886/772/886
f 884/772/884 4243/754/4237 4250/765/4244 885/772/885
f 883/772/883 4236/751/4230 4243/754/4237 884/772/884
f 4285/751/4279 4286/752/4280 4293/753/4287 4292/754/4286
f 4286/752/4280 4287/755/4281 4294/756/4288 4293/753/4287
f 4287/755/4281 4288/757/4282 4295/758/4289 4294/756/4288
f 4288/757/4282 4289/759/4283 4296/760/4290 4295/758/4289
f 4289/759/4283 4290/761/4284 4297/762/4291 4296/760/4290
f 4290/761/4284 4291/763/4285 4298/764/4292 4297/762/4291
f 4292/754/4286 4293/753/4287 4300/752/4294 4299/765/4293
f 4293/753/4287 4294/756/4288 4301/755/4295 4300/752/4294
f 4294/756/4288 4295/758/4289 4302/766/4296 4301/755/4295
f 4295/758/4289 4296/760/4290 4303/767/4297 4302/766/4296
f 4296/760/4290 4297/762/4291 4304/768/4298 4303/767/4297
f 4297/762/4291 4298/764/4292 4305/769/4299 4304/768/4298
f 4299/765/4293 4300/752/4294 4307/753/4301 4306/754/4300
f 4300/752/4294 4301/755/4295 4308/756/4302 4307/753/4301
f 4301/755/4295 4302/766/4296 4309/766/4303 4308/756/4302
f 4302/766/4296 4303/767/4297 4310/770/4304 4309/766/4303
f 4303/767/4297 4304/768/4298 4311/768/4305 4310/770/4304
f 4304/768/4298 4305/769/4299 4312/771/4306 4311/768/4305
f 4306/754/4300 4307/753/4301 4314/752/4308 4313/765/4307
f 4307/753/4301 4308/756/4302 4315/755/4309 4314/752/4308
f 4308/756/4302 4309/766/4303 4316/757/4310 4315/755/4309
f 4309/766/4303 4310/770/4304 4317/759/4311 4316/757/4310
f 4310/770/4304 4311/768/4305 4318/761/4312 4317/759/4311
f 4311/768/4305 4312/771/4306 4319/763/4313 4318/761/4312
f 4313/765/4307 4314/752/4308 4321/753/4315 4320/751/4314
f 4314/752/4308 4315/755/4309 4322/756/4316 4321/753/4315
f 4315/755/4309 4316/757/4310 4323/758/4317 4322/756/4316
f 4316/757/4310 4317/759/4311 4324/760/4318 4323/758/4317
f 4317/759/4311 4318/761/4312 4325/762/4319 4324/760/4318
f 4318/761/4312 4319/763/4313 4326/764/4320 4325/762/4319
f 4320/751/4314 4321/753/4315 4328/752/4322 4327/751/4321
f 4321/753/4315 4322/756/4316 4329/755/4323 4328/752/4322
f 4322/756/4316 4323/758/4317 4330/766/4324 4329/755/4323
f 4323/758/4317 4324/760/4318 4331/767/4325 4330/766/4324
f 4324/760/4318 4325/762/4319 4332/768/4326 4331/767/4325
f 4325/762/4319 4326/764/4320 4333/769/4327 4332/768/4326
f 64/283/64 924/751/924 4285/751/4279 1008/772/1008
f 924/751/924 923/753/923 4286/752/4280 4285/751/4279
f 923/753/923 922/756/922 4287/755/4281 4286/752/4280
f 922/756/922 921/766/921 4288/757/4282 4287/755/4281
f 921/766/921 920/770/920 4289/759/4283 4288/757/4282
f 920/770/920 919/768/919 4290/761/4284 4289/759/4283
f 919/768/919 918/771/918 4291/763/4285 4290/761/4284
f 918/771/918 63/720/63 995/727/995 4291/763/4285
f 4291/763/4285 995/727/995 996/725/996 4298/764/4292
f 4298/764/4292 996/725/996 997/723/997 4305/769/4299
f 4305/769/4299 997/723/997 998/723/998 4312/771/4306
f 4312/771/4306 998/723/998 999/727/999 4319/763/4313
f 4319/763/4313 999/727/999 1000/725/1000 4326/764/4320
f 4326/764/4320 1000/725/1000 1001/723/1001 4333/769/4327
f 4333/769/4327 1001/723/1001 67/723/67 974/771/974
f 4332/768/4326 4333/769/4327 974/771/974 975/768/975
f 4331/767/4325 4332/768/4326 975/768/975 976/770/976
f 4330/766/4324 4331/767/4325 976/770/976 977/766/977
f 4329/755/4323 4330/766/4324 977/766/977 978/756/978
f 4328/752/4322 4329/755/4323 978/756/978 979/753/979
f 4327/751/4321 4328/752/4322 979/753/979 980/751/980
f 1002/773/1002 4327/751/4321 980/751/980 68/283/68
f 1003/772/1003 4320/751/4314 4327/751/4321 1002/773/1002
f 1004/772/1004 4313/765/4307 4320/751/4314 1003/772/1003
f 1005/772/1005 4306/754/4300 4313/765/4307 1004/772/1004
f 1006/772/1006 4299/765/4293 4306/754/4300 1005/772/1005
f 1007/772/1007 4292/754/4286 4299/765/4293 1006/772/1006
f 1008/772/1008 4285/751/4279 4292/754/4286 1007/772/1007
f 4334/751/4328 4335/752/4329 4342/753/4336 4341/754/4335
f 4335/752/4329 4336/755/4330 4343/756/4337 4342/753/4336
f 4336/755/4330 4337/757/4331 4344/758/4338 4343/756/4337
f 4337/757/4331 4338/759/4332 4345/760/4339 4344/758/4338
f 4338/759/4332 4339/761/4333 4346/762/4340 4345/760/4339
f 4339/761/4333 4340/763/4334 4347/764/4341 4346/762/4340
f 4341/754/4335 4342/753/4336 4349/752/4343 4348/765/4342
f 4342/753/4336 4343/756/4337 4350/755/4344 4349/752/4343
f 4343/756/4337 4344/758/4338 4351/766/4345 4350/755/4344
f 4344/758/4338 4345/760/4339 4352/767/4346 4351/766/4345
f 4345/760/4339 4346/762/4340 4353/768/4347 4352/767/4346
f 4346/762/4340 4347/764/4341 4354/769/4348 4353/768/4347
f 4348/765/4342 4349/752/4343 4356/753/4350 4355/754/4349
f 4349/752/4343 4350/755/4344 4357/756/4351 4356/753/4350
f 4350/755/4344 4351/766/4345 4358/766/4352 4357/756/4351
f 4351/766/4345 4352/767/4346 4359/770/4353 4358/766/4352
f 4352/767/4346 4353/768/4347 4360/768/4354 4359/770/4353
f 4353/768/4347 4354/769/4348 4361/771/4355 4360/768/4354
f 4355/754/4349 4356/753/4350 4363/752/4357 4362/765/4356
f 4356/753/4350 4357/756/4351 4364/755/4358 4363/752/4357
f 4357/756/4351 4358/766/4352 4365/757/4359 4364/755/4358
f 4358/766/4352 4359/770/4353 4366/759/4360 4365/757/4359
f 4359/770/4353 4360/768/4354 4367/761/4361 4366/759/4360
f 4360/768/4354 4361/771/4355 4368/763/4362 4367/761/4361
f 4362/765/4356 4363/752/4357 4370/753/4364 4369/751/4363
f 4363/752/4357 4364/755/4358 4371/756/4365 4370/753/4364
f 4364/755/4358 4365/757/4359 4372/758/4366 4371/756/4365
f 4365/757/4359 4366/759/4360 4373/760/4367 4372/758/4366
f 4366/759/4360 4367/761/4361 4374/762/4368 4373/760/4367
f 4367/761/4361 4368/763/4362 4375/764/4369 4374/762/4368
f 4369/751/4363 4370/753/4364 4377/752/4371 4376/751/4370
f 4370/753/4364 4371/756/4365 4378/755/4372 4377/752/4371
f 4371/756/4365 4372/758/4366 4379/766/4373 4378/755/4372
f 4372/758/4366 4373/760/4367 4380/767/4374 4379/766/4373
f 4373/760/4367 4374/762/4368 4381/768/4375 4380/767/4374
f 4374/762/4368 4375/764/4369 4382/769/4376 4381/768/4375
f 60/283/60 868/751/868 4334/751/4328 959/772/959
f 868/751/868 867/753/867 4335/752/4329 4334/751/4328
f 867/753/867 866/756/866 4336/755/4330 4335/752/4329
f 866/756/866 865/766/865 4337/757/4331 4336/755/4330
f 865/766/865 864/770/864 4338/759/4332 4337/757/4331
f 864/770/864 863/768/863 4339/761/4333 4338/759/4332
f 863/768/863 862/771/862 4340/763/4334 4339/761/4333
f 862/771/862 59/720/59 952/721/952 4340/763/4334
f 4340/763/4334 952/721/952 951/727/951 4347/764/4341
f 4347/764/4341 951/727/951 950/726/950 4354/769/4348
f 4354/769/4348 950/726/950 949/725/949 4361/771/4355
f 4361/771/4355 949/725/949 948/724/948 4368/763/4362
f 4368/763/4362 948/724/948 947/723/947 4375/764/4369
f 4375/764/4369 947/723/947 946/723/946 4382/769/4376
f 4382/769/4376 946/723/946 63/720/63 918/771/918
f 4381/768/4375 4382/769/4376 918/771/918 919/768/919
f 4380/767/4374 4381/768/4375 919/768/919 920/770/920
f 4379/766/4373 4380/767/4374 920/770/920 921/766/921
f 4378/755/4372 4379/766/4373 921/766/921 922/756/922
f 4377/752/4371 4378/755/4372 922/756/922 923/753/923
f 4376/751/4370 4377/752/4371 923/753/923 924/751/924
f 953/773/953 4376/751/4370 924/751/924 64/283/64
f 954/772/954 4369/751/4363 4376/751/4370 953/773/953
f 955/772/955 4362/765/4356 4369/751/4363 954/772/954
f 956/772/956 4355/754/4349 4362/765/4356 955/772/955
f 957/772/957 4348/765/4342 4355/754/4349 956/772/956
f 958/772/958 4341/754/4335 4348/765/4342 957/772/957
f 959/772/959 4334/751/4328 4341/754/4335 958/772/958
f 4383/728/4377 4384/729/4378 4391/730/4385 4390/731/4384
f 4384/729/4378 4385/732/4379 4392/733/4386 4391/730/4385
f 4385/732/4379 4386/734/4380 4393/735/4387 4392/733/4386
f 4386/734/4380 4387/736/4381 4394/737/4388 4393/735/4387
f 4387/736/4381 4388/738/4382 4395/738/4389 4394/737/4388
f 4388/738/4382 4389/739/4383 4396/740/4390 4395/738/4389
f 4390/731/4384 4391/730/4385 4398/741/4392 4397/742/4391
f 4391/730/4385 4392/733/4386 4399/743/4393 4398/741/4392
f 4392/733/4386 4393/735/4387 4400/734/4394 4399/743/4393
f 4393/735/4387 4394/737/4388 4401/736/4395 4400/734/4394
f 4394/737/4388 4395/738/4389 4402/744/4396 4401/736/4395
f 4395/738/4389 4396/740/4390 4403/745/4397 4402/744/4396
f 4397/742/4391 4398/741/4392 4405/746/4399 4404/747/4398
f 4398/741/4392 4399/743/4393 4406/743/4400 4405/746/4399
f 4399/743/4393 4400/734/4394 4407/735/4401 4406/743/4400
f 4400/734/4394 4401/736/4395 4408/737/4402 4407/735/4401
f 4401/736/4395 4402/744/4396 4409/738/4403 4408/737/4402
f 4402/744/4396 4403/745/4397 4410/740/4404 4409/738/4403
f 4404/747/4398 4405/746/4399 4412/729/4406 4411/728/4405
f 4405/746/4399 4406/743/4400 4413/732/4407 4412/729/4406
f 4406/743/4400 4407/735/4401 4414/734/4408 4413/732/4407
f 4407/735/4401 4408/737/4402 4415/736/4409 4414/734/4408
f 4408/737/4402 4409/738/4403 4416/744/4410 4415/736/4409
f 4409/738/4403 4410/740/4404 4417/745/4411 4416/744/4410
f 4411/728/4405 4412/729/4406 4419/730/4413 4418/731/4412
f 4412/729/4406 4413/732/4407 4420/733/4414 4419/730/4413
f 4413/732/4407 4414/734/4408 4421/735/4415 4420/733/4414
f 4414/734/4408 4415/736/4409 4422/737/4416 4421/735/4415
f 4415/736/4409 4416/744/4410 4423/738/4417 4422/737/4416
f 4416/744/4410 4417/745/4411 4424/739/4418 4423/738/4417
f 4418/731/4412 4419/730/4413 4426/741/4420 4425/742/4419
f 4419/730/4413 4420/733/4414 4427/743/4421 4426/741/4420
f 4420/733/4414 4421/735/4415 4428/734/4422 4427/743/4421
f 4421/735/4415 4422/737/4416 4429/736/4423 4428/734/4422
f 4422/737/4416 4423/738/4417 4430/738/4424 4429/736/4423
f 4423/738/4417 4424/739/4418 4431/748/4425 4430/738/4424
f 57/417/57 875/747/875 4383/728/4377 966/419/966
f 875/747/875 874/746/874 4384/729/4378 4383/728/4377
f 874/746/874 873/743/873 4385/732/4379 4384/729/4378
f 873/743/873 872/735/872 4386/734/4380 4385/732/4379
f 872/735/872 871/737/871 4387/736/4381 4386/734/4380
f 871/737/871 870/738/870 4388/738/4382 4387/736/4381
f 870/738/870 869/749/869 4389/739/4383 4388/738/4382
f 869/749/869 60/59/60 959/750/959 4389/739/4383
f 4389/739/4383 959/750/959 958/750/958 4396/740/4390
f 4396/740/4390 958/750/958 957/750/957 4403/745/4397
f 4403/745/4397 957/750/957 956/750/956 4410/740/4404
f 4410/740/4404 956/750/956 955/750/955 4417/745/4411
f 4417/745/4411 955/750/955 954/750/954 4424/739/4418
f 4424/739/4418 954/750/954 953/750/953 4431/748/4425
f 4431/748/4425 953/750/953 64/59/64 925/749/925
f 4430/738/4424 4431/748/4425 925/749/925 926/738/926
f 4429/736/4423 4430/738/4424 926/738/926 927/737/927
f 4428/734/4422 4429/736/4423 927/737/927 928/735/928
f 4427/743/4421 4428/734/4422 928/735/928 929/743/929
f 4426/741/4420 4427/743/4421 929/743/929 930/746/930
f 4425/742/4419 4426/741/4420 930/746/930 931/747/931
f 960/418/960 4425/742/4419 931/747/931 61/417/61
f 961/420/961 4418/731/4412 4425/742/4419 960/418/960
f 962/419/962 4411/728/4405 4418/731/4412 961/420/961
f 963/417/963 4404/747/4398 4411/728/4405 962/419/962
f 964/418/964 4397/742/4391 4404/747/4398 963/417/963
f 965/420/965 4390/731/4384 4397/742/4391 964/418/964
f 966/419/966 4383/728/4377 4390/731/4384 965/420/965
f 4432/379/4426 4433/380/4427 4440/381/4434 4439/382/4433
f 4433/380/4427 4434/383/4428 4441/384/4435 4440/381/4434
f 4434/383/4428 4435/385/4429 4442/386/4436 4441/384/4435
f 4435/385/4429 4436/387/4430 4443/388/4437 4442/386/4436
f 4436/387/4430 4437/389/4431 4444/390/4438 4443/388/4437
f 4437/389/4431 4438/391/4432 4445/392/4439 4444/390/4438
f 4439/382/4433 4440/381/4434 4447/393/4441 4446/394/4440
f 4440/381/4434 4441/384/4435 4448/395/4442 4447/393/4441
f 4441/384/4435 4442/386/4436 4449/396/4443 4448/395/4442
f 4442/386/4436 4443/388/4437 4450/397/4444 4449/396/4443
f 4443/388/4437 4444/390/4438 4451/398/4445 4450/397/4444
f 4444/390/4438 4445/392/4439 4452/391/4446 4451/398/4445
f 4446/394/4440 4447/393/4441 4454/399/4448 4453/400/4447
f 4447/393/4441 4448/395/4442 4455/383/4449 4454/399/4448
f 4448/395/4442 4449/396/4443 4456/385/4450 4455/383/4449
f 4449/396/4443 4450/397/4444 4457/401/4451 4456/385/4450
f 4450/397/4444 4451/398/4445 4458/389/4452 4457/401/4451
f 4451/398/4445 4452/391/4446 4459/402/4453 4458/389/4452
f 4453/400/4447 4454/399/4448 4461/403/4455 4460/382/4454
f 4454/399/4448 4455/383/4449 4462/404/4456 4461/403/4455
f 4455/383/4449 4456/385/4450 4463/396/4457 4462/404/4456
f 4456/385/4450 4457/401/4451 4464/405/4458 4463/396/4457
f 4457/401/4451 4458/389/4452 4465/390/4459 4464/405/4458
f 4458/389/4452 4459/402/4453 4466/392/4460 4465/390/4459
f 4460/382/4454 4461/403/4455 4468/406/4462 4467/407/4461
f 4461/403/4455 4462/404/4456 4469/404/4463 4468/406/4462
f 4462/404/4456 4463/396/4457 4470/396/4464 4469/404/4463
f 4463/396/4457 4464/405/4458 4471/408/4465 4470/396/4464
f 4464/405/4458 4465/390/4459 4472/398/4466 4471/408/4465
f 4465/390/4459 4466/392/4460 4473/391/4467 4472/398/4466
f 4467/407/4461 4468/406/4462 4475/399/4469 4474/407/4468
f 4468/406/4462 4469/404/4463 4476/395/4470 4475/399/4469
f 4469/404/4463 4470/396/4464 4477/409/4471 4476/395/4470
f 4470/396/4464 4471/408/4465 4478/401/4472 4477/409/4471
f 4471/408/4465 4472/398/4466 4479/410/4473 4478/401/4472
f 4472/398/4466 4473/391/4467 4480/411/4474 4479/410/4473
f 58/412/58 861/413/861 4432/379/4426 939/414/939
f 861/413/861 860/415/860 4433/380/4427 4432/379/4426
f 860/415/860 859/395/859 4434/383/4428 4433/380/4427
f 859/395/859 858/416/858 4435/385/4429 4434/383/4428
f 858/416/858 857/397/857 4436/387/4430 4435/385/4429
f 857/397/857 856/398/856 4437/389/4431 4436/387/4430
f 856/398/856 855/391/855 4438/391/4432 4437/389/4431
f 855/391/855 57/417/57 966/419/966 4438/391/4432
f 4438/391/4432 966/419/966 965/420/965 4445/392/4439
f 4445/392/4439 965/420/965 964/418/964 4452/391/4446
f 4452/391/4446 964/418/964 963/417/963 4459/402/4453
f 4459/402/4453 963/417/963 962/419/962 4466/392/4460
f 4466/392/4460 962/419/962 961/420/961 4473/391/4467
f 4473/391/4467 961/420/961 960/418/960 4480/411/4474
f 4480/411/4474 960/418/960 61/417/61 911/391/911
f 4479/410/4473 4480/411/4474 911/391/911 912/398/912
f 4478/401/4472 4479/410/4473 912/398/912 913/397/913
f 4477/409/4471 4478/401/4472 913/397/913 914/416/914
f 4476/395/4470 4477/409/4471 914/416/914 915/395/915
f 4475/399/4469 4476/395/4470 915/395/915 916/415/916
f 4474/407/4468 4475/399/4469 916/415/916 917/413/917
f 945/412/945 4474/407/4468 917/413/917 62/412/62
f 944/421/944 4467/407/4461 4474/407/4468 945/412/945
f 943/422/943 4460/382/4454 4467/407/4461 944/421/944
f 942/423/942 4453/400/4447 4460/382/4454 943/422/943
f 941/424/941 4446/394/4440 4453/400/4447 942/423/942
f 940/422/940 4439/382/4433 4446/394/4440 941/424/941
f 939/414/939 4432/379/4426 4439/382/4433 940/422/940
f 4481/728/4475 4482/729/4476 4489/730/4483 4488/731/4482
f 4482/729/4476 4483/732/4477 4490/733/4484 4489/730/4483
f 4483/732/4477 4484/734/4478 4491/735/4485 4490/733/4484
f 4484/734/4478 4485/736/4479 4492/737/4486 4491/735/4485
f 4485/736/4479 4486/738/4480 4493/738/4487 4492/737/4486
f 4486/738/4480 4487/739/4481 4494/740/4488 4493/738/4487
f 4488/731/4482 4489/730/4483 4496/741/4490 4495/742/4489
f 4489/730/4483 4490/733/4484 4497/743/4491 4496/741/4490
f 4490/733/4484 4491/735/4485 4498/734/4492 4497/743/4491
f 4491/735/4485 4492/737/4486 4499/736/4493 4498/734/4492
f 4492/737/4486 4493/738/4487 4500/744/4494 4499/736/4493
f 4493/738/4487 4494/740/4488 4501/745/4495 4500/744/4494
f 4495/742/4489 4496/741/4490 4503/998/4497 4502/731/4496
f 4496/741/4490 4497/743/4491 4504/743/4498 4503/998/4497
f 4497/743/4491 4498/734/4492 4505/735/4499 4504/743/4498
f 4498/734/4492 4499/736/4493 4506/737/4500 4505/735/4499
f 4499/736/4493 4500/744/4494 4507/738/4501 4506/737/4500
f 4500/744/4494 4501/745/4495 4508/740/4502 4507/738/4501
f 4502/731/4496 4503/998/4497 4510/997/4504 4509/1279/4503
f 4503/998/4497 4504/743/4498 4511/1002/4505 4510/997/4504
f 4504/743/4498 4505/735/4499 4512/734/4506 4511/1002/4505
f 4505/735/4499 4506/737/4500 4513/736/4507 4512/734/4506
f 4506/737/4500 4507/738/4501 4514/744/4508 4513/736/4507
f 4507/738/4501 4508/740/4502 4515/745/4509 4514/744/4508
f 4509/1279/4503 4510/997/4504 4517/998/4511 4516/1280/4510
f 4510/997/4504 4511/1002/4505 4518/743/4512 4517/998/4511
f 4511/1002/4505 4512/734/4506 4519/735/4513 4518/743/4512
f 4512/734/4506 4513/736/4507 4520/737/4514 4519/735/4513
f 4513/736/4507 4514/744/4508 4521/738/4515 4520/737/4514
f 4514/744/4508 4515/745/4509 4522/739/4516 4521/738/4515
f 4516/1280/4510 4517/998/4511 4524/746/4518 4523/1281/4517
f 4517/998/4511 4518/743/4512 4525/732/4519 4524/746/4518
f 4518/743/4512 4519/735/4513 4526/735/4520 4525/732/4519
f 4519/735/4513 4520/737/4514 4527/1004/4521 4526/735/4520
f 4520/737/4514 4521/738/4515 4528/738/4522 4527/1004/4521
f 4521/738/4515 4522/739/4516 4529/739/4523 4528/738/4522
f 65/417/65 987/747/987 4481/728/4475 1064/419/1064
f 987/747/987 986/746/986 4482/729/4476 4481/728/4475
f 986/746/986 985/743/985 4483/732/4477 4482/729/4476
f 985/743/985 984/735/984 4484/734/4478 4483/732/4477
f 984/735/984 983/737/983 4485/736/4479 4484/734/4478
f 983/737/983 982/738/982 4486/738/4480 4485/736/4479
f 982/738/982 981/749/981 4487/739/4481 4486/738/4480
f 981/749/981 68/59/68 1051/750/1051 4487/739/4481
f 4487/739/4481 1051/750/1051 1052/750/1052 4494/740/4488
f 4494/740/4488 1052/750/1052 1053/750/1053 4501/745/4495
f 4501/745/4495 1053/750/1053 1054/750/1054 4508/740/4502
f 4508/740/4502 1054/750/1054 1055/750/1055 4515/745/4509
f 4515/745/4509 1055/750/1055 1056/750/1056 4522/739/4516
f 4522/739/4516 1056/750/1056 1057/750/1057 4529/739/4523
f 4529/739/4523 1057/750/1057 72/750/72 1037/739/1037
f 4528/738/4522 4529/739/4523 1037/739/1037 1038/738/1038
f 4527/1004/4521 4528/738/4522 1038/738/1038 1039/880/1039
f 4526/735/4520 4527/1004/4521 1039/880/1039 1040/735/1040
f 4525/732/4519 4526/735/4520 1040/735/1040 1041/743/1041
f 4524/746/4518 4525/732/4519 1041/743/1041 1042/741/1042
f 4523/1281/4517 4524/746/4518 1042/741/1042 1043/881/1043
f 1058/1282/1058 4523/1281/4517 1043/881/1043 69/883/69
f 1059/1283/1059 4516/1280/4510 4523/1281/4517 1058/1282/1058
f 1060/1284/1060 4509/1279/4503 4516/1280/4510 1059/1283/1059
f 1061/418/1061 4502/731/4496 4509/1279/4503 1060/1284/1060
f 1062/418/1062 4495/742/4489 4502/731/4496 1061/418/1061
f 1063/420/1063 4488/731/4482 4495/742/4489 1062/418/1062
f 1064/419/1064 4481/728/4475 4488/731/4482 1063/420/1063
f 4530/728/4524 4531/729/4525 4538/730/4532 4537/731/4531
f 4531/729/4525 4532/732/4526 4539/733/4533 4538/730/4532
f 4532/732/4526 4533/734/4527 4540/735/4534 4539/733/4533
f 4533/734/4527 4534/736/4528 4541/737/4535 4540/735/4534
f 4534/736/4528 4535/738/4529 4542/738/4536 4541/737/4535
f 4535/738/4529 4536/739/4530 4543/740/4537 4542/738/4536
f 4537/731/4531 4538/730/4532 4545/741/4539 4544/742/4538
f 4538/730/4532 4539/733/4533 4546/743/4540 4545/741/4539
f 4539/733/4533 4540/735/4534 4547/734/4541 4546/743/4540
f 4540/735/4534 4541/737/4535 4548/736/4542 4547/734/4541
f 4541/737/4535 4542/738/4536 4549/744/4543 4548/736/4542
f 4542/738/4536 4543/740/4537 4550/745/4544 4549/744/4543
f 4544/742/4538 4545/741/4539 4552/746/4546 4551/747/4545
f 4545/741/4539 4546/743/4540 4553/743/4547 4552/746/4546
f 4546/743/4540 4547/734/4541 4554/735/4548 4553/743/4547
f 4547/734/4541 4548/736/4542 4555/737/4549 4554/735/4548
f 4548/736/4542 4549/744/4543 4556/738/4550 4555/737/4549
f 4549/744/4543 4550/745/4544 4557/740/4551 4556/738/4550
f 4551/747/4545 4552/746/4546 4559/729/4553 4558/728/4552
f 4552/746/4546 4553/743/4547 4560/732/4554 4559/729/4553
f 4553/743/4547 4554/735/4548 4561/734/4555 4560/732/4554
f 4554/735/4548 4555/737/4549 4562/736/4556 4561/734/4555
f 4555/737/4549 4556/738/4550 4563/744/4557 4562/736/4556
f 4556/738/4550 4557/740/4551 4564/745/4558 4563/744/4557
f 4558/728/4552 4559/729/4553 4566/730/4560 4565/731/4559
f 4559/729/4553 4560/732/4554 4567/733/4561 4566/730/4560
f 4560/732/4554 4561/734/4555 4568/735/4562 4567/733/4561
f 4561/734/4555 4562/736/4556 4569/737/4563 4568/735/4562
f 4562/736/4556 4563/744/4557 4570/738/4564 4569/737/4563
f 4563/744/4557 4564/745/4558 4571/739/4565 4570/738/4564
f 4565/731/4559 4566/730/4560 4573/741/4567 4572/742/4566
f 4566/730/4560 4567/733/4561 4574/743/4568 4573/741/4567
f 4567/733/4561 4568/735/4562 4575/734/4569 4574/743/4568
f 4568/735/4562 4569/737/4563 4576/736/4570 4575/734/4569
f 4569/737/4563 4570/738/4564 4577/738/4571 4576/736/4570
f 4570/738/4564 4571/739/4565 4578/748/4572 4577/738/4571
f 61/417/61 931/747/931 4530/728/4524 1015/419/1015
f 931/747/931 930/746/930 4531/729/4525 4530/728/4524
f 930/746/930 929/743/929 4532/732/4526 4531/729/4525
f 929/743/929 928/735/928 4533/734/4527 4532/732/4526
f 928/735/928 927/737/927 4534/736/4528 4533/734/4527
f 927/737/927 926/738/926 4535/738/4529 4534/736/4528
f 926/738/926 925/749/925 4536/739/4530 4535/738/4529
f 925/749/925 64/59/64 1008/750/1008 4536/739/4530
f 4536/739/4530 1008/750/1008 1007/750/1007 4543/740/4537
f 4543/740/4537 1007/750/1007 1006/750/1006 4550/745/4544
f 4550/745/4544 1006/750/1006 1005/750/1005 4557/740/4551
f 4557/740/4551 1005/750/1005 1004/750/1004 4564/745/4558
f 4564/745/4558 1004/750/1004 1003/750/1003 4571/739/4565
f 4571/739/4565 1003/750/1003 1002/750/1002 4578/748/4572
f 4578/748/4572 1002/750/1002 68/59/68 981/749/981
f 4577/738/4571 4578/748/4572 981/749/981 982/738/982
f 4576/736/4570 4577/738/4571 982/738/982 983/737/983
f 4575/734/4569 4576/736/4570 983/737/983 984/735/984
f 4574/743/4568 4575/734/4569 984/735/984 985/743/985
f 4573/741/4567 4574/743/4568 985/743/985 986/746/986
f 4572/742/4566 4573/741/4567 986/746/986 987/747/987
f 1009/418/1009 4572/742/4566 987/747/987 65/417/65
f 1010/420/1010 4565/731/4559 4572/742/4566 1009/418/1009
f 1011/419/1011 4558/728/4552 4565/731/4559 1010/420/1010
f 1012/417/1012 4551/747/4545 4558/728/4552 1011/419/1011
f 1013/418/1013 4544/742/4538 4551/747/4545 1012/417/1012
f 1014/420/1014 4537/731/4531 4544/742/4538 1013/418/1013
f 1015/419/1015 4530/728/4524 4537/731/4531 1014/420/1014
f 4579/379/4573 4580/380/4574 4587/381/4581 4586/382/4580
f 4580/380/4574 4581/383/4575 4588/384/4582 4587/381/4581
f 4581/383/4575 4582/385/4576 4589/386/4583 4588/384/4582
f 4582/385/4576 4583/387/4577 4590/388/4584 4589/386/4583
f 4583/387/4577 4584/389/4578 4591/390/4585 4590/388/4584
f 4584/389/4578 4585/391/4579 4592/392/4586 4591/390/4585
f 4586/382/4580 4587/381/4581 4594/393/4588 4593/394/4587
f 4587/381/4581 4588/384/4582 4595/395/4589 4594/393/4588
f 4588/384/4582 4589/386/4583 4596/396/4590 4595/395/4589
f 4589/386/4583 4590/388/4584 4597/397/4591 4596/396/4590
f 4590/388/4584 4591/390/4585 4598/398/4592 4597/397/4591
f 4591/390/4585 4592/392/4586 4599/391/4593 4598/398/4592
f 4593/394/4587 4594/393/4588 4601/399/4595 4600/400/4594
f 4594/393/4588 4595/395/4589 4602/383/4596 4601/399/4595
f 4595/395/4589 4596/396/4590 4603/385/4597 4602/383/4596
f 4596/396/4590 4597/397/4591 4604/401/4598 4603/385/4597
f 4597/397/4591 4598/398/4592 4605/389/4599 4604/401/4598
f 4598/398/4592 4599/391/4593 4606/402/4600 4605/389/4599
f 4600/400/4594 4601/399/4595 4608/403/4602 4607/382/4601
f 4601/399/4595 4602/383/4596 4609/404/4603 4608/403/4602
f 4602/383/4596 4603/385/4597 4610/396/4604 4609/404/4603
f 4603/385/4597 4604/401/4598 4611/405/4605 4610/396/4604
f 4604/401/4598 4605/389/4599 4612/390/4606 4611/405/4605
f 4605/389/4599 4606/402/4600 4613/392/4607 4612/390/4606
f 4607/382/4601 4608/403/4602 4615/406/4609 4614/407/4608
f 4608/403/4602 4609/404/4603 4616/404/4610 4615/406/4609
f 4609/404/4603 4610/396/4604 4617/396/4611 4616/404/4610
f 4610/396/4604 4611/405/4605 4618/408/4612 4617/396/4611
f 4611/405/4605 4612/390/4606 4619/398/4613 4618/408/4612
f 4612/390/4606 4613/392/4607 4620/391/4614 4619/398/4613
f 4614/407/4608 4615/406/4609 4622/399/4616 4621/407/4615
f 4615/406/4609 4616/404/4610 4623/395/4617 4622/399/4616
f 4616/404/4610 4617/396/4611 4624/409/4618 4623/395/4617
f 4617/396/4611 4618/408/4612 4625/401/4619 4624/409/4618
f 4618/408/4612 4619/398/4613 4626/410/4620 4625/401/4619
f 4619/398/4613 4620/391/4614 4627/411/4621 4626/410/4620
f 62/412/62 917/413/917 4579/379/4573 1022/414/1022
f 917/413/917 916/415/916 4580/380/4574 4579/379/4573
f 916/415/916 915/395/915 4581/383/4575 4580/380/4574
f 915/395/915 914/416/914 4582/385/4576 4581/383/4575
f 914/416/914 913/397/913 4583/387/4577 4582/385/4576
f 913/397/913 912/398/912 4584/389/4578 4583/387/4577
f 912/398/912 911/391/911 4585/391/4579 4584/389/4578
f 911/391/911 61/417/61 1015/419/1015 4585/391/4579
f 4585/391/4579 1015/419/1015 1014/420/1014 4592/392/4586
f 4592/392/4586 1014/420/1014 1013/418/1013 4599/391/4593
f 4599/391/4593 1013/418/1013 1012/417/1012 4606/402/4600
f 4606/402/4600 1012/417/1012 1011/419/1011 4613/392/4607
f 4613/392/4607 1011/419/1011 1010/420/1010 4620/391/4614
f 4620/391/4614 1010/420/1010 1009/418/1009 4627/411/4621
f 4627/411/4621 1009/418/1009 65/417/65 967/391/967
f 4626/410/4620 4627/411/4621 967/391/967 968/398/968
f 4625/401/4619 4626/410/4620 968/398/968 969/397/969
f 4624/409/4618 4625/401/4619 969/397/969 970/416/970
f 4623/395/4617 4624/409/4618 970/416/970 971/395/971
f 4622/399/4616 4623/395/4617 971/395/971 972/415/972
f 4621/407/4615 4622/399/4616 972/415/972 973/413/973
f 1016/412/1016 4621/407/4615 973/413/973 66/412/66
f 1017/421/1017 4614/407/4608 4621/407/4615 1016/412/1016
f 1018/422/1018 4607/382/4601 4614/407/4608 1017/421/1017
f 1019/423/1019 4600/400/4594 4607/382/4601 1018/422/1018
f 1020/424/1020 4593/394/4587 4600/400/4594 1019/423/1019
f 1021/422/1021 4586/382/4580 4593/394/4587 1020/424/1020
f 1022/414/1022 4579/379/4573 4586/382/4580 1021/422/1021
f 4628/689/4622 4629/690/4623 4636/691/4630 4635/692/4629
f 4629/690/4623 4630/693/4624 4637/694/4631 4636/691/4630
f 4630/693/4624 4631/695/4625 4638/696/4632 4637/694/4631
f 4631/695/4625 4632/697/4626 4639/698/4633 4638/696/4632
f 4632/697/4626 4633/699/4627 4640/700/4634 4639/698/4633
f 4633/699/4627 4634/701/4628 4641/702/4635 4640/700/4634
f 4635/692/4629 4636/691/4630 4643/690/4637 4642/703/4636
f 4636/691/4630 4637/694/4631 4644/704/4638 4643/690/4637
f 4637/694/4631 4638/696/4632 4645/705/4639 4644/704/4638
f 4638/696/4632 4639/698/4633 4646/697/4640 4645/705/4639
f 4639/698/4633 4640/700/4634 4647/706/4641 4646/697/4640
f 4640/700/4634 4641/702/4635 4648/707/4642 4647/706/4641
f 4642/703/4636 4643/690/4637 4650/690/4644 4649/689/4643
f 4643/690/4637 4644/704/4638 4651/708/4645 4650/690/4644
f 4644/704/4638 4645/705/4639 4652/695/4646 4651/708/4645
f 4645/705/4639 4646/697/4640 4653/709/4647 4652/695/4646
f 4646/697/4640 4647/706/4641 4654/699/4648 4653/709/4647
f 4647/706/4641 4648/707/4642 4655/710/4649 4654/699/4648
f 4649/689/4643 4650/690/4644 4657/691/4651 4656/692/4650
f 4650/690/4644 4651/708/4645 4658/711/4652 4657/691/4651
f 4651/708/4645 4652/695/4646 4659/712/4653 4658/711/4652
f 4652/695/4646 4653/709/4647 4660/713/4654 4659/712/4653
f 4653/709/4647 4654/699/4648 4661/714/4655 4660/713/4654
f 4654/699/4648 4655/710/4649 4662/702/4656 4661/714/4655
f 4656/692/4650 4657/691/4651 4664/715/4658 4663/703/4657
f 4657/691/4651 4658/711/4652 4665/694/4659 4664/715/4658
f 4658/711/4652 4659/712/4653 4666/712/4660 4665/694/4659
f 4659/712/4653 4660/713/4654 4667/716/4661 4666/712/4660
f 4660/713/4654 4661/714/4655 4668/706/4662 4667/716/4661
f 4661/714/4655 4662/702/4656 4669/701/4663 4668/706/4662
f 4663/703/4657 4664/715/4658 4671/690/4665 4670/717/4664
f 4664/715/4658 4665/694/4659 4672/704/4666 4671/690/4665
f 4665/694/4659 4666/712/4660 4673/718/4667 4672/704/4666
f 4666/712/4660 4667/716/4661 4674/697/4668 4673/718/4667
f 4667/716/4661 4668/706/4662 4675/719/4669 4674/697/4668
f 4668/706/4662 4669/701/4663 4676/701/4670 4675/719/4669
f 63/720/63 938/703/938 4628/689/4622 995/727/995
f 938/703/938 937/722/937 4629/690/4623 4628/689/4622
f 937/722/937 936/704/936 4630/693/4624 4629/690/4623
f 936/704/936 935/712/935 4631/695/4625 4630/693/4624
f 935/712/935 934/697/934 4632/697/4626 4631/695/4625
f 934/697/934 933/719/933 4633/699/4627 4632/697/4626
f 933/719/933 932/707/932 4634/701/4628 4633/699/4627
f 932/707/932 62/412/62 1022/414/1022 4634/701/4628
f 4634/701/4628 1022/414/1022 1021/422/1021 4641/702/4635
f 4641/702/4635 1021/422/1021 1020/424/1020 4648/707/4642
f 4648/707/4642 1020/424/1020 1019/423/1019 4655/710/4649
f 4655/710/4649 1019/423/1019 1018/422/1018 4662/702/4656
f 4662/702/4656 1018/422/1018 1017/421/1017 4669/701/4663
f 4669/701/4663 1017/421/1017 1016/412/1016 4676/701/4670
f 4676/701/4670 1016/412/1016 66/412/66 988/707/988
f 4675/719/4669 4676/701/4670 988/707/988 989/719/989
f 4674/697/4668 4675/719/4669 989/719/989 990/697/990
f 4673/718/4667 4674/697/4668 990/697/990 991/712/991
f 4672/704/4666 4673/718/4667 991/712/991 992/704/992
f 4671/690/4665 4672/704/4666 992/704/992 993/722/993
f 4670/717/4664 4671/690/4665 993/722/993 994/703/994
f 1001/723/1001 4670/717/4664 994/703/994 67/723/67
f 1000/725/1000 4663/703/4657 4670/717/4664 1001/723/1001
f 999/727/999 4656/692/4650 4663/703/4657 1000/725/1000
f 998/723/998 4649/689/4643 4656/692/4650 999/727/999
f 997/723/997 4642/703/4636 4649/689/4643 998/723/998
f 996/725/996 4635/692/4629 4642/703/4636 997/723/997
f 995/727/995 4628/689/4622 4635/692/4629 996/725/996
f 4677/689/4671 4678/690/4672 4685/691/4679 4684/692/4678
f 4678/690/4672 4679/693/4673 4686/694/4680 4685/691/4679
f 4679/693/4673 4680/695/4674 4687/696/4681 4686/694/4680
f 4680/695/4674 4681/697/4675 4688/698/4682 4687/696/4681
f 4681/697/4675 4682/699/4676 4689/700/4683 4688/698/4682
f 4682/699/4676 4683/701/4677 4690/702/4684 4689/700/4683
f 4684/692/4678 4685/691/4679 4692/690/4686 4691/703/4685
f 4685/691/4679 4686/694/4680 4693/704/4687 4692/690/4686
f 4686/694/4680 4687/696/4681 4694/705/4688 4693/704/4687
f 4687/696/4681 4688/698/4682 4695/697/4689 4694/705/4688
f 4688/698/4682 4689/700/4683 4696/706/4690 4695/697/4689
f 4689/700/4683 4690/702/4684 4697/707/4691 4696/706/4690
f 4691/703/4685 4692/690/4686 4699/690/4693 4698/689/4692
f 4692/690/4686 4693/704/4687 4700/708/4694 4699/690/4693
f 4693/704/4687 4694/705/4688 4701/695/4695 4700/708/4694
f 4694/705/4688 4695/697/4689 4702/709/4696 4701/695/4695
f 4695/697/4689 4696/706/4690 4703/699/4697 4702/709/4696
f 4696/706/4690 4697/707/4691 4704/710/4698 4703/699/4697
f 4698/689/4692 4699/690/4693 4706/691/4700 4705/692/4699
f 4699/690/4693 4700/708/4694 4707/711/4701 4706/691/4700
f 4700/708/4694 4701/695/4695 4708/712/4702 4707/711/4701
f 4701/695/4695 4702/709/4696 4709/713/4703 4708/712/4702
f 4702/709/4696 4703/699/4697 4710/714/4704 4709/713/4703
f 4703/699/4697 4704/710/4698 4711/702/4705 4710/714/4704
f 4705/692/4699 4706/691/4700 4713/715/4707 4712/703/4706
f 4706/691/4700 4707/711/4701 4714/694/4708 4713/715/4707
f 4707/711/4701 4708/712/4702 4715/712/4709 4714/694/4708
f 4708/712/4702 4709/713/4703 4716/716/4710 4715/712/4709
f 4709/713/4703 4710/714/4704 4717/706/4711 4716/716/4710
f 4710/714/4704 4711/702/4705 4718/701/4712 4717/706/4711
f 4712/703/4706 4713/715/4707 4720/690/4714 4719/717/4713
f 4713/715/4707 4714/694/4708 4721/704/4715 4720/690/4714
f 4714/694/4708 4715/712/4709 4722/718/4716 4721/704/4715
f 4715/712/4709 4716/716/4710 4723/697/4717 4722/718/4716
f 4716/716/4710 4717/706/4711 4724/719/4718 4723/697/4717
f 4717/706/4711 4718/701/4712 4725/701/4719 4724/719/4718
f 71/720/71 1050/703/1050 4677/689/4671 1120/721/1120
f 1050/703/1050 1049/722/1049 4678/690/4672 4677/689/4671
f 1049/722/1049 1048/704/1048 4679/693/4673 4678/690/4672
f 1048/704/1048 1047/712/1047 4680/695/4674 4679/693/4673
f 1047/712/1047 1046/697/1046 4681/697/4675 4680/695/4674
f 1046/697/1046 1045/719/1045 4682/699/4676 4681/697/4675
f 1045/719/1045 1044/707/1044 4683/701/4677 4682/699/4676
f 1044/707/1044 70/412/70 1107/414/1107 4683/701/4677
f 4683/701/4677 1107/414/1107 1108/422/1108 4690/702/4684
f 4690/702/4684 1108/422/1108 1109/424/1109 4697/707/4691
f 4697/707/4691 1109/424/1109 1110/423/1110 4704/710/4698
f 4704/710/4698 1110/423/1110 1111/422/1111 4711/702/4705
f 4711/702/4705 1111/422/1111 1112/421/1112 4718/701/4712
f 4718/701/4712 1112/421/1112 1113/412/1113 4725/701/4719
f 4725/701/4719 1113/412/1113 74/412/74 1100/707/1100
f 4724/719/4718 4725/701/4719 1100/707/1100 1101/719/1101
f 4723/697/4717 4724/719/4718 1101/719/1101 1102/697/1102
f 4722/718/4716 4723/697/4717 1102/697/1102 1103/712/1103
f 4721/704/4715 4722/718/4716 1103/712/1103 1104/704/1104
f 4720/690/4714 4721/704/4715 1104/704/1104 1105/722/1105
f 4719/717/4713 4720/690/4714 1105/722/1105 1106/703/1106
f 1114/723/1114 4719/717/4713 1106/703/1106 75/720/75
f 1115/723/1115 4712/703/4706 4719/717/4713 1114/723/1114
f 1116/724/1116 4705/692/4699 4712/703/4706 1115/723/1115
f 1117/725/1117 4698/689/4692 4705/692/4699 1116/724/1116
f 1118/726/1118 4691/703/4685 4698/689/4692 1117/725/1117
f 1119/727/1119 4684/692/4678 4691/703/4685 1118/726/1118
f 1120/721/1120 4677/689/4671 4684/692/4678 1119/727/1119
f 4726/1007/4720 4727/1008/4721 4734/1009/4728 4733/394/4727
f 4727/1008/4721 4728/384/4722 4735/1010/4729 4734/1009/4728
f 4728/384/4722 4729/1276/4723 4736/1011/4730 4735/1010/4729
f 4729/1276/4723 4730/1277/4724 4737/408/4731 4736/1011/4730
f 4730/1277/4724 4731/390/4725 4738/1278/4732 4737/408/4731
f 4731/390/4725 4732/392/4726 4739/994/4733 4738/1278/4732
f 4733/394/4727 4734/1009/4728 4741/393/4735 4740/407/4734
f 4734/1009/4728 4735/1010/4729 4742/995/4736 4741/393/4735
f 4735/1010/4729 4736/1011/4730 4743/416/4737 4742/995/4736
f 4736/1011/4730 4737/408/4731 4744/401/4738 4743/416/4737
f 4737/408/4731 4738/1278/4732 4745/398/4739 4744/401/4738
f 4738/1278/4732 4739/994/4733 4746/391/4740 4745/398/4739
f 4740/407/4734 4741/393/4735 4748/399/4742 4747/996/4741
f 4741/393/4735 4742/995/4736 4749/995/4743 4748/399/4742
f 4742/995/4736 4743/416/4737 4750/416/4744 4749/995/4743
f 4743/416/4737 4744/401/4738 4751/387/4745 4750/416/4744
f 4744/401/4738 4745/398/4739 4752/398/4746 4751/387/4745
f 4745/398/4739 4746/391/4740 4753/391/4747 4752/398/4746
f 4747/996/4741 4748/399/4742 4755/1285/4749 4754/1286/4748
f 4748/399/4742 4749/995/4743 4756/1287/4750 4755/1285/4749
f 4749/995/4743 4750/416/4744 4757/1288/4751 4756/1287/4750
f 4750/416/4744 4751/387/4745 4758/1289/4752 4757/1288/4751
f 4751/387/4745 4752/398/4746 4759/1290/4753 4758/1289/4752
f 4752/398/4746 4753/391/4747 4760/1291/4754 4759/1290/4753
f 4754/1286/4748 4755/1285/4749 4762/1292/4756 4761/1293/4755
f 4755/1285/4749 4756/1287/4750 4763/1294/4757 4762/1292/4756
f 4756/1287/4750 4757/1288/4751 4764/1295/4758 4763/1294/4757
f 4757/1288/4751 4758/1289/4752 4765/1296/4759 4764/1295/4758
f 4758/1289/4752 4759/1290/4753 4766/1297/4760 4765/1296/4759
f 4759/1290/4753 4760/1291/4754 4767/1298/4761 4766/1297/4760
f 4761/1293/4755 4762/1292/4756 4769/1299/4763 4768/1300/4762
f 4762/1292/4756 4763/1294/4757 4770/1301/4764 4769/1299/4763
f 4763/1294/4757 4764/1295/4758 4771/1302/4765 4770/1301/4764
f 4764/1295/4758 4765/1296/4759 4772/1303/4766 4771/1302/4765
f 4765/1296/4759 4766/1297/4760 4773/1304/4767 4772/1303/4766
f 4766/1297/4760 4767/1298/4761 4774/1305/4768 4773/1304/4767
f 66/412/66 973/413/973 4726/1007/4720 1071/1306/1071
f 973/413/973 972/415/972 4727/1008/4721 4726/1007/4720
f 972/415/972 971/395/971 4728/384/4722 4727/1008/4721
f 971/395/971 970/416/970 4729/1276/4723 4728/384/4722
f 970/416/970 969/397/969 4730/1277/4724 4729/1276/4723
f 969/397/969 968/398/968 4731/390/4725 4730/1277/4724
f 968/398/968 967/391/967 4732/392/4726 4731/390/4725
f 967/391/967 65/417/65 1064/419/1064 4732/392/4726
f 4732/392/4726 1064/419/1064 1063/420/1063 4739/994/4733
f 4739/994/4733 1063/420/1063 1062/418/1062 4746/391/4740
f 4746/391/4740 1062/418/1062 1061/418/1061 4753/391/4747
f 4753/391/4747 1061/418/1061 1060/1284/1060 4760/1291/4754
f 4760/1291/4754 1060/1284/1060 1059/1283/1059 4767/1298/4761
f 4767/1298/4761 1059/1283/1059 1058/1282/1058 4774/1305/4768
f 4774/1305/4768 1058/1282/1058 69/883/69 1023/1307/1023
f 4773/1304/4767 4774/1305/4768 1023/1307/1023 1024/1308/1024
f 4772/1303/4766 4773/1304/4767 1024/1308/1024 1025/1309/1025
f 4771/1302/4765 4772/1303/4766 1025/1309/1025 1026/1310/1026
f 4770/1301/4764 4771/1302/4765 1026/1310/1026 1027/1311/1027
f 4769/1299/4763 4770/1301/4764 1027/1311/1027 1028/1312/1028
f 4768/1300/4762 4769/1299/4763 1028/1312/1028 1029/1313/1029
f 1065/421/1065 4768/1300/4762 1029/1313/1029 70/412/70
f 1066/423/1066 4761/1293/4755 4768/1300/4762 1065/421/1065
f 1067/1306/1067 4754/1286/4748 4761/1293/4755 1066/423/1066
f 1068/421/1068 4747/996/4741 4754/1286/4748 1067/1306/1067
f 1069/421/1069 4740/407/4734 4747/996/4741 1068/421/1068
f 1070/423/1070 4733/394/4727 4740/407/4734 1069/421/1069
f 1071/1306/1071 4726/1007/4720 4733/394/4727 1070/423/1070
f 4775/689/4769 4776/690/4770 4783/691/4777 4782/692/4776
f 4776/690/4770 4777/693/4771 4784/694/4778 4783/691/4777
f 4777/693/4771 4778/695/4772 4785/696/4779 4784/694/4778
f 4778/695/4772 4779/697/4773 4786/698/4780 4785/696/4779
f 4779/697/4773 4780/699/4774 4787/700/4781 4786/698/4780
f 4780/699/4774 4781/701/4775 4788/702/4782 4787/700/4781
f 4782/692/4776 4783/691/4777 4790/690/4784 4789/703/4783
f 4783/691/4777 4784/694/4778 4791/704/4785 4790/690/4784
f 4784/694/4778 4785/696/4779 4792/705/4786 4791/704/4785
f 4785/696/4779 4786/698/4780 4793/697/4787 4792/705/4786
f 4786/698/4780 4787/700/4781 4794/706/4788 4793/697/4787
f 4787/700/4781 4788/702/4782 4795/707/4789 4794/706/4788
f 4789/703/4783 4790/690/4784 4797/690/4791 4796/689/4790
f 4790/690/4784 4791/704/4785 4798/708/4792 4797/690/4791
f 4791/704/4785 4792/705/4786 4799/695/4793 4798/708/4792
f 4792/705/4786 4793/697/4787 4800/709/4794 4799/695/4793
f 4793/697/4787 4794/706/4788 4801/699/4795 4800/709/4794
f 4794/706/4788 4795/707/4789 4802/710/4796 4801/699/4795
f 4796/689/4790 4797/690/4791 4804/691/4798 4803/692/4797
f 4797/690/4791 4798/708/4792 4805/711/4799 4804/691/4798
f 4798/708/4792 4799/695/4793 4806/712/4800 4805/711/4799
f 4799/695/4793 4800/709/4794 4807/713/4801 4806/712/4800
f 4800/709/4794 4801/699/4795 4808/714/4802 4807/713/4801
f 4801/699/4795 4802/710/4796 4809/702/4803 4808/714/4802
f 4803/692/4797 4804/691/4798 4811/715/4805 4810/703/4804
f 4804/691/4798 4805/711/4799 4812/694/4806 4811/715/4805
f 4805/711/4799 4806/712/4800 4813/712/4807 4812/694/4806
f 4806/712/4800 4807/713/4801 4814/716/4808 4813/712/4807
f 4807/713/4801 4808/714/4802 4815/706/4809 4814/716/4808
f 4808/714/4802 4809/702/4803 4816/701/4810 4815/706/4809
f 4810/703/4804 4811/715/4805 4818/690/4812 4817/717/4811
f 4811/715/4805 4812/694/4806 4819/704/4813 4818/690/4812
f 4812/694/4806 4813/712/4807 4820/718/4814 4819/704/4813
f 4813/712/4807 4814/716/4808 4821/697/4815 4820/718/4814
f 4814/716/4808 4815/706/4809 4822/719/4816 4821/697/4815
f 4815/706/4809 4816/701/4810 4823/701/4817 4822/719/4816
f 67/723/67 994/703/994 4775/689/4769 1078/721/1078
f 994/703/994 993/722/993 4776/690/4770 4775/689/4769
f 993/722/993 992/704/992 4777/693/4771 4776/690/4770
f 992/704/992 991/712/991 4778/695/4772 4777/693/4771
f 991/712/991 990/697/990 4779/697/4773 4778/695/4772
f 990/697/990 989/719/989 4780/699/4774 4779/697/4773
f 989/719/989 988/707/988 4781/701/4775 4780/699/4774
f 988/707/988 66/412/66 1071/1306/1071 4781/701/4775
f 4781/701/4775 1071/1306/1071 1070/423/1070 4788/702/4782
f 4788/702/4782 1070/423/1070 1069/421/1069 4795/707/4789
f 4795/707/4789 1069/421/1069 1068/421/1068 4802/710/4796
f 4802/710/4796 1068/421/1068 1067/1306/1067 4809/702/4803
f 4809/702/4803 1067/1306/1067 1066/423/1066 4816/701/4810
f 4816/701/4810 1066/423/1066 1065/421/1065 4823/701/4817
f 4823/701/4817 1065/421/1065 70/412/70 1044/707/1044
f 4822/719/4816 4823/701/4817 1044/707/1044 1045/719/1045
f 4821/697/4815 4822/719/4816 1045/719/1045 1046/697/1046
f 4820/718/4814 4821/697/4815 1046/697/1046 1047/712/1047
f 4819/704/4813 4820/718/4814 1047/712/1047 1048/704/1048
f 4818/690/4812 4819/704/4813 1048/704/1048 1049/722/1049
f 4817/717/4811 4818/690/4812 1049/722/1049 1050/703/1050
f 1072/723/1072 4817/717/4811 1050/703/1050 71/720/71
f 1073/723/1073 4810/703/4804 4817/717/4811 1072/723/1072
f 1074/724/1074 4803/692/4797 4810/703/4804 1073/723/1073
f 1075/725/1075 4796/689/4790 4803/692/4797 1074/724/1074
f 1076/726/1076 4789/703/4783 4796/689/4790 1075/725/1075
f 1077/727/1077 4782/692/4776 4789/703/4783 1076/726/1076
f 1078/721/1078 4775/689/4769 4782/692/4776 1077/727/1077
f 4824/751/4818 4825/752/4819 4832/753/4826 4831/754/4825
f 4825/752/4819 4826/755/4820 4833/756/4827 4832/753/4826
f 4826/755/4820 4827/757/4821 4834/758/4828 4833/756/4827
f 4827/757/4821 4828/759/4822 4835/760/4829 4834/758/4828
f 4828/759/4822 4829/761/4823 4836/762/4830 4835/760/4829
f 4829/761/4823 4830/763/4824 4837/764/4831 4836/762/4830
f 4831/754/4825 4832/753/4826 4839/752/4833 4838/765/4832
f 4832/753/4826 4833/756/4827 4840/755/4834 4839/752/4833
f 4833/756/4827 4834/758/4828 4841/766/4835 4840/755/4834
f 4834/758/4828 4835/760/4829 4842/767/4836 4841/766/4835
f 4835/760/4829 4836/762/4830 4843/768/4837 4842/767/4836
f 4836/762/4830 4837/764/4831 4844/769/4838 4843/768/4837
f 4838/765/4832 4839/752/4833 4846/753/4840 4845/754/4839
f 4839/752/4833 4840/755/4834 4847/756/4841 4846/753/4840
f 4840/755/4834 4841/766/4835 4848/766/4842 4847/756/4841
f 4841/766/4835 4842/767/4836 4849/770/4843 4848/766/4842
f 4842/767/4836 4843/768/4837 4850/768/4844 4849/770/4843
f 4843/768/4837 4844/769/4838 4851/771/4845 4850/768/4844
f 4845/754/4839 4846/753/4840 4853/1314/4847 4852/1315/4846
f 4846/753/4840 4847/756/4841 4854/1316/4848 4853/1314/4847
f 4847/756/4841 4848/766/4842 4855/1317/4849 4854/1316/4848
f 4848/766/4842 4849/770/4843 4856/1318/4850 4855/1317/4849
f 4849/770/4843 4850/768/4844 4857/1319/4851 4856/1318/4850
f 4850/768/4844 4851/771/4845 4858/1320/4852 4857/1319/4851
f 4852/1315/4846 4853/1314/4847 4860/1321/4854 4859/1322/4853
f 4853/1314/4847 4854/1316/4848 4861/1323/4855 4860/1321/4854
f 4854/1316/4848 4855/1317/4849 4862/1324/4856 4861/1323/4855
f 4855/1317/4849 4856/1318/4850 4863/1325/4857 4862/1324/4856
f 4856/1318/4850 4857/1319/4851 4864/1326/4858 4863/1325/4857
f 4857/1319/4851 4858/1320/4852 4865/1327/4859 4864/1326/4858
f 4859/1322/4853 4860/1321/4854 4867/1328/4861 4866/1329/4860
f 4860/1321/4854 4861/1323/4855 4868/1330/4862 4867/1328/4861
f 4861/1323/4855 4862/1324/4856 4869/1331/4863 4868/1330/4862
f 4862/1324/4856 4863/1325/4857 4870/1332/4864 4869/1331/4863
f 4863/1325/4857 4864/1326/4858 4871/1333/4865 4870/1332/4864
f 4864/1326/4858 4865/1327/4859 4872/1334/4866 4871/1333/4865
f 68/283/68 980/751/980 4824/751/4818 1051/772/1051
f 980/751/980 979/753/979 4825/752/4819 4824/751/4818
f 979/753/979 978/756/978 4826/755/4820 4825/752/4819
f 978/756/978 977/766/977 4827/757/4821 4826/755/4820
f 977/766/977 976/770/976 4828/759/4822 4827/757/4821
f 976/770/976 975/768/975 4829/761/4823 4828/759/4822
f 975/768/975 974/771/974 4830/763/4824 4829/761/4823
f 974/771/974 67/723/67 1078/721/1078 4830/763/4824
f 4830/763/4824 1078/721/1078 1077/727/1077 4837/764/4831
f 4837/764/4831 1077/727/1077 1076/726/1076 4844/769/4838
f 4844/769/4838 1076/726/1076 1075/725/1075 4851/771/4845
f 4851/771/4845 1075/725/1075 1074/724/1074 4858/1320/4852
f 4858/1320/4852 1074/724/1074 1073/723/1073 4865/1327/4859
f 4865/1327/4859 1073/723/1073 1072/723/1072 4872/1334/4866
f 4872/1334/4866 1072/723/1072 71/720/71 1030/1335/1030
f 4871/1333/4865 4872/1334/4866 1030/1335/1030 1031/1336/1031
f 4870/1332/4864 4871/1333/4865 1031/1336/1031 1032/1337/1032
f 4869/1331/4863 4870/1332/4864 1032/1337/1032 1033/1338/1033
f 4868/1330/4862 4869/1331/4863 1033/1338/1033 1034/1339/1034
f 4867/1328/4861 4868/1330/4862 1034/1339/1034 1035/1340/1035
f 4866/1329/4860 4867/1328/4861 1035/1340/1035 1036/1341/1036
f 1057/773/1057 4866/1329/4860 1036/1341/1036 72/283/72
f 1056/772/1056 4859/1322/4853 4866/1329/4860 1057/773/1057
f 1055/772/1055 4852/1315/4846 4859/1322/4853 1056/772/1056
f 1054/772/1054 4845/754/4839 4852/1315/4846 1055/772/1055
f 1053/772/1053 4838/765/4832 4845/754/4839 1054/772/1054
f 1052/772/1052 4831/754/4825 4838/765/4832 1053/772/1053
f 1051/772/1051 4824/751/4818 4831/754/4825 1052/772/1052
f 4873/773/4867 4874/1342/4868 4881/773/4875 4880/1342/4874
f 4874/1342/4868 4875/1342/4869 4882/772/4876 4881/773/4875
f 4875/1342/4869 4876/1343/4870 4883/1342/4877 4882/772/4876
f 4876/1343/4870 4877/1343/4871 4884/772/4878 4883/1342/4877
f 4877/1343/4871 4878/1343/4872 4885/1342/4879 4884/772/4878
f 4878/1343/4872 4879/283/4873 4886/1344/4880 4885/1342/4879
f 4880/1342/4874 4881/773/4875 4888/1342/4882 4887/1343/4881
f 4881/773/4875 4882/772/4876 4889/1342/4883 4888/1342/4882
f 4882/772/4876 4883/1342/4877 4890/773/4884 4889/1342/4883
f 4883/1342/4877 4884/772/4878 4891/772/4885 4890/773/4884
f 4884/772/4878 4885/1342/4879 4892/772/4886 4891/772/4885
f 4885/1342/4879 4886/1344/4880 4893/772/4887 4892/772/4886
f 4887/1343/4881 4888/1342/4882 4895/773/4889 4894/1342/4888
f 4888/1342/4882 4889/1342/4883 4896/772/4890 4895/773/4889
f 4889/1342/4883 4890/773/4884 4897/773/4891 4896/772/4890
f 4890/773/4884 4891/772/4885 4898/772/4892 4897/773/4891
f 4891/772/4885 4892/772/4886 4899/773/4893 4898/772/4892
f 4892/772/4886 4893/772/4887 4900/772/4894 4899/773/4893
f 4894/1342/4888 4895/773/4889 4902/1342/4896 4901/1343/4895
f 4895/773/4889 4896/772/4890 4903/1342/4897 4902/1342/4896
f 4896/772/4890 4897/773/4891 4904/1342/4898 4903/1342/4897
f 4897/773/4891 4898/772/4892 4905/1342/4899 4904/1342/4898
f 4898/772/4892 4899/773/4893 4906/1342/4900 4905/1342/4899
f 4899/773/4893 4900/772/4894 4907/1342/4901 4906/1342/4900
f 4901/1343/4895 4902/1342/4896 4909/773/4903 4908/773/4902
f 4902/1342/4896 4903/1342/4897 4910/772/4904 4909/773/4903
f 4903/1342/4897 4904/1342/4898 4911/773/4905 4910/772/4904
f 4904/1342/4898 4905/1342/4899 4912/772/4906 4911/773/4905
f 4905/1342/4899 4906/1342/4900 4913/773/4907 4912/772/4906
f 4906/1342/4900 4907/1342/4901 4914/773/4908 4913/773/4907
f 4908/773/4902 4909/773/4903 4916/772/4910 4915/773/4909
f 4909/773/4903 4910/772/4904 4917/283/4911 4916/772/4910
f 4910/772/4904 4911/773/4905 4918/772/4912 4917/283/4911
f 4911/773/4905 4912/772/4906 4919/283/4913 4918/772/4912
f 4912/772/4906 4913/773/4907 4920/773/4914 4919/283/4913
f 4913/773/4907 4914/773/4908 4921/1345/4915 4920/773/4914
f 98/283/98 1442/773/1442 4873/773/4867 1400/772/1400
f 1442/773/1442 1441/773/1441 4874/1342/4868 4873/773/4867
f 1441/773/1441 1440/772/1440 4875/1342/4869 4874/1342/4868
f 1440/772/1440 1439/773/1439 4876/1343/4870 4875/1342/4869
f 1439/773/1439 1438/1345/1438 4877/1343/4871 4876/1343/4870
f 1438/1345/1438 1437/772/1437 4878/1343/4872 4877/1343/4871
f 1437/772/1437 1436/773/1436 4879/283/4873 4878/1343/4872
f 1436/773/1436 94/773/94 1247/1343/1247 4879/283/4873
f 4879/283/4873 1247/1343/1247 1248/1342/1248 4886/1344/4880
f 4886/1344/4880 1248/1342/1248 1249/773/1249 4893/772/4887
f 4893/772/4887 1249/773/1249 1250/773/1250 4900/772/4894
f 4900/772/4894 1250/773/1250 1251/1342/1251 4907/1342/4901
f 4907/1342/4901 1251/1342/1251 1252/773/1252 4914/773/4908
f 4914/773/4908 1252/773/1252 1253/1342/1253 4921/1345/4915
f 4921/1345/4915 1253/1342/1253 83/283/83 1205/773/1205
f 4920/773/4914 4921/1345/4915 1205/773/1205 1206/772/1206
f 4919/283/4913 4920/773/4914 1206/772/1206 1207/772/1207
f 4918/772/4912 4919/283/4913 1207/772/1207 1208/772/1208
f 4917/283/4911 4918/772/4912 1208/772/1208 1209/772/1209
f 4916/772/4910 4917/283/4911 1209/772/1209 1210/772/1210
f 4915/773/4909 4916/772/4910 1210/772/1210 1211/772/1211
f 1394/772/1394 4915/773/4909 1211/772/1211 81/772/81
f 1395/772/1395 4908/773/4902 4915/773/4909 1394/772/1394
f 1396/772/1396 4901/1343/4895 4908/773/4902 1395/772/1395
f 1397/772/1397 4894/1342/4888 4901/1343/4895 1396/772/1396
f 1398/772/1398 4887/1343/4881 4894/1342/4888 1397/772/1397
f 1399/772/1399 4880/1342/4874 4887/1343/4881 1398/772/1398
f 1400/772/1400 4873/773/4867 4880/1342/4874 1399/772/1399
f 4922/1346/4916 4923/1347/4917 4930/1348/4924 4929/1349/4923
f 4923/1347/4917 4924/1350/4918 4931/1351/4925 4930/1348/4924
f 4924/1350/4918 4925/1352/4919 4932/1353/4926 4931/1351/4925
f 4925/1352/4919 4926/1354/4920 4933/1355/4927 4932/1353/4926
f 4926/1354/4920 4927/1356/4921 4934/1357/4928 4933/1355/4927
f 4927/1356/4921 4928/1358/4922 4935/1359/4929 4934/1357/4928
f 4929/1349/4923 4930/1348/4924 4937/1360/4931 4936/1361/4930
f 4930/1348/4924 4931/1351/4925 4938/1362/4932 4937/1360/4931
f 4931/1351/4925 4932/1353/4926 4939/1363/4933 4938/1362/4932
f 4932/1353/4926 4933/1355/4927 4940/1364/4934 4939/1363/4933
f 4933/1355/4927 4934/1357/4928 4941/1365/4935 4940/1364/4934
f 4934/1357/4928 4935/1359/4929 4942/1366/4936 4941/1365/4935
f 4936/1361/4930 4937/1360/4931 4944/1367/4938 4943/1368/4937
f 4937/1360/4931 4938/1362/4932 4945/1369/4939 4944/1367/4938
f 4938/1362/4932 4939/1363/4933 4946/1370/4940 4945/1369/4939
f 4939/1363/4933 4940/1364/4934 4947/1371/4941 4946/1370/4940
f 4940/1364/4934 4941/1365/4935 4948/1372/4942 4947/1371/4941
f 4941/1365/4935 4942/1366/4936 4949/1373/4943 4948/1372/4942
f 4943/1368/4937 4944/1367/4938 4951/1374/4945 4950/1375/4944
f 4944/1367/4938 4945/1369/4939 4952/1376/4946 4951/1374/4945
f 4945/1369/4939 4946/1370/4940 4953/1377/4947 4952/1376/4946
f 4946/1370/4940 4947/1371/4941 4954/1378/4948 4953/1377/4947
f 4947/1371/4941 4948/1372/4942 4955/1379/4949 4954/1378/4948
f 4948/1372/4942 4949/1373/4943 4956/1380/4950 4955/1379/4949
f 4950/1375/4944 4951/1374/4945 4958/1381/4952 4957/1382/4951
f 4951/1374/4945 4952/1376/4946 4959/1383/4953 4958/1381/4952
f 4952/1376/4946 4953/1377/4947 4960/1384/4954 4959/1383/4953
f 4953/1377/4947 4954/1378/4948 4961/1385/4955 4960/1384/4954
f 4954/1378/4948 4955/1379/4949 4962/1386/4956 4961/1385/4955
f 4955/1379/4949 4956/1380/4950 4963/1387/4957 4962/1386/4956
f 4957/1382/4951 4958/1381/4952 4965/1388/4959 4964/1389/4958
f 4958/1381/4952 4959/1383/4953 4966/1390/4960 4965/1388/4959
f 4959/1383/4953 4960/1384/4954 4967/1391/4961 4966/1390/4960
f 4960/1384/4954 4961/1385/4955 4968/1392/4962 4967/1391/4961
f 4961/1385/4955 4962/1386/4956 4969/1393/4963 4968/1392/4962
f 4962/1386/4956 4963/1387/4957 4970/1394/4964 4969/1393/4963
f 72/283/72 1036/1341/1036 4922/1346/4916 1127/1395/1127
f 1036/1341/1036 1035/1340/1035 4923/1347/4917 4922/1346/4916
f 1035/1340/1035 1034/1339/1034 4924/1350/4918 4923/1347/4917
f 1034/1339/1034 1033/1338/1033 4925/1352/4919 4924/1350/4918
f 1033/1338/1033 1032/1337/1032 4926/1354/4920 4925/1352/4919
f 1032/1337/1032 1031/1336/1031 4927/1356/4921 4926/1354/4920
f 1031/1336/1031 1030/1335/1030 4928/1358/4922 4927/1356/4921
f 1030/1335/1030 71/720/71 1120/721/1120 4928/1358/4922
f 4928/1358/4922 1120/721/1120 1119/727/1119 4935/1359/4929
f 4935/1359/4929 1119/727/1119 1118/726/1118 4942/1366/4936
f 4942/1366/4936 1118/726/1118 1117/725/1117 4949/1373/4943
f 4949/1373/4943 1117/725/1117 1116/724/1116 4956/1380/4950
f 4956/1380/4950 1116/724/1116 1115/723/1115 4963/1387/4957
f 4963/1387/4957 1115/723/1115 1114/723/1114 4970/1394/4964
f 4970/1394/4964 1114/723/1114 75/720/75 1086/1396/1086
f 4969/1393/4963 4970/1394/4964 1086/1396/1086 1087/1397/1087
f 4968/1392/4962 4969/1393/4963 1087/1397/1087 1088/1398/1088
f 4967/1391/4961 4968/1392/4962 1088/1398/1088 1089/1399/1089
f 4966/1390/4960 4967/1391/4961 1089/1399/1089 1090/1400/1090
f 4965/1388/4959 4966/1390/4960 1090/1400/1090 1091/1401/1091
f 4964/1389/4958 4965/1388/4959 1091/1401/1091 1092/1402/1092
f 1121/1403/1121 4964/1389/4958 1092/1402/1092 76/1404/76
f 1122/1405/1122 4957/1382/4951 4964/1389/4958 1121/1403/1121
f 1123/1406/1123 4950/1375/4944 4957/1382/4951 1122/1405/1122
f 1124/1407/1124 4943/1368/4937 4950/1375/4944 1123/1406/1123
f 1125/1408/1125 4936/1361/4930 4943/1368/4937 1124/1407/1124
f 1126/1409/1126 4929/1349/4923 4936/1361/4930 1125/1408/1125
f 1127/1395/1127 4922/1346/4916 4929/1349/4923 1126/1409/1126
f 4971/1410/4965 4972/1411/4966 4979/1412/4973 4978/1413/4972
f 4972/1411/4966 4973/1414/4967 4980/1415/4974 4979/1412/4973
f 4973/1414/4967 4974/1416/4968 4981/1417/4975 4980/1415/4974
f 4974/1416/4968 4975/1418/4969 4982/1419/4976 4981/1417/4975
f 4975/1418/4969 4976/1420/4970 4983/1421/4977 4982/1419/4976
f 4976/1420/4970 4977/1422/4971 4984/1423/4978 4983/1421/4977
f 4978/1413/4972 4979/1412/4973 4986/1424/4980 4985/1425/4979
f 4979/1412/4973 4980/1415/4974 4987/1426/4981 4986/1424/4980
f 4980/1415/4974 4981/1417/4975 4988/1427/4982 4987/1426/4981
f 4981/1417/4975 4982/1419/4976 4989/1428/4983 4988/1427/4982
f 4982/1419/4976 4983/1421/4977 4990/1429/4984 4989/1428/4983
f 4983/1421/4977 4984/1423/4978 4991/1430/4985 4990/1429/4984
f 4985/1425/4979 4986/1424/4980 4993/1431/4987 4992/1432/4986
f 4986/1424/4980 4987/1426/4981 4994/1433/4988 4993/1431/4987
f 4987/1426/4981 4988/1427/4982 4995/1434/4989 4994/1433/4988
f 4988/1427/4982 4989/1428/4983 4996/1435/4990 4995/1434/4989
f 4989/1428/4983 4990/1429/4984 4997/1436/4991 4996/1435/4990
f 4990/1429/4984 4991/1430/4985 4998/1437/4992 4997/1436/4991
f 4992/1432/4986 4993/1431/4987 5000/1438/4994 4999/1439/4993
f 4993/1431/4987 4994/1433/4988 5001/1440/4995 5000/1438/4994
f 4994/1433/4988 4995/1434/4989 5002/1441/4996 5001/1440/4995
f 4995/1434/4989 4996/1435/4990 5003/1442/4997 5002/1441/4996
f 4996/1435/4990 4997/1436/4991 5004/1443/4998 5003/1442/4997
f 4997/1436/4991 4998/1437/4992 5005/1444/4999 5004/1443/4998
f 4999/1439/4993 5000/1438/4994 5007/1445/5001 5006/1446/5000
f 5000/1438/4994 5001/1440/4995 5008/1447/5002 5007/1445/5001
f 5001/1440/4995 5002/1441/4996 5009/1448/5003 5008/1447/5002
f 5002/1441/4996 5003/1442/4997 5010/1449/5004 5009/1448/5003
f 5003/1442/4997 5004/1443/4998 5011/1450/5005 5010/1449/5004
f 5004/1443/4998 5005/1444/4999 5012/1451/5006 5011/1450/5005
f 5006/1446/5000 5007/1445/5001 5014/1452/5008 5013/1453/5007
f 5007/1445/5001 5008/1447/5002 5015/1454/5009 5014/1452/5008
f 5008/1447/5002 5009/1448/5003 5016/1455/5010 5015/1454/5009
f 5009/1448/5003 5010/1449/5004 5017/1456/5011 5016/1455/5010
f 5010/1449/5004 5011/1450/5005 5018/1457/5012 5017/1456/5011
f 5011/1450/5005 5012/1451/5006 5019/1458/5013 5018/1457/5012
f 97/750/97 1435/739/1435 4971/1410/4965 1393/750/1393
f 1435/739/1435 1434/738/1434 4972/1411/4966 4971/1410/4965
f 1434/738/1434 1433/737/1433 4973/1414/4967 4972/1411/4966
f 1433/737/1433 1432/735/1432 4974/1416/4968 4973/1414/4967
f 1432/735/1432 1431/743/1431 4975/1418/4969 4974/1416/4968
f 1431/743/1431 1430/741/1430 4976/1420/4970 4975/1418/4969
f 1430/741/1430 1429/881/1429 4977/1422/4971 4976/1420/4970
f 1429/881/1429 93/883/93 1093/1459/1093 4977/1422/4971
f 4977/1422/4971 1093/1459/1093 1094/1460/1094 4984/1423/4978
f 4984/1423/4978 1094/1460/1094 1095/1461/1095 4991/1430/4985
f 4991/1430/4985 1095/1461/1095 1096/1462/1096 4998/1437/4992
f 4998/1437/4992 1096/1462/1096 1097/1463/1097 5005/1444/4999
f 5005/1444/4999 1097/1463/1097 1098/1464/1098 5012/1451/5006
f 5012/1451/5006 1098/1464/1098 1099/1465/1099 5019/1458/5013
f 5019/1458/5013 1099/1465/1099 86/741/86 1225/1466/1225
f 5018/1457/5012 5019/1458/5013 1225/1466/1225 1224/1467/1224
f 5017/1456/5011 5018/1457/5012 1224/1467/1224 1223/1468/1223
f 5016/1455/5010 5017/1456/5011 1223/1468/1223 1222/1469/1222
f 5015/1454/5009 5016/1455/5010 1222/1469/1222 1221/1470/1221
f 5014/1452/5008 5015/1454/5009 1221/1470/1221 1220/1471/1220
f 5013/1453/5007 5014/1452/5008 1220/1471/1220 1219/1472/1219
f 1387/750/1387 5013/1453/5007 1219/1472/1219 85/59/85
f 1388/750/1388 5006/1446/5000 5013/1453/5007 1387/750/1387
f 1389/750/1389 4999/1439/4993 5006/1446/5000 1388/750/1388
f 1390/750/1390 4992/1432/4986 4999/1439/4993 1389/750/1389
f 1391/750/1391 4985/1425/4979 4992/1432/4986 1390/750/1390
f 1392/750/1392 4978/1413/4972 4985/1425/4979 1391/750/1391
f 1393/750/1393 4971/1410/4965 4978/1413/4972 1392/750/1392
f 5020/1473/5014 5021/1474/5015 5028/1475/5022 5027/1476/5021
f 5021/1474/5015 5022/1477/5016 5029/1478/5023 5028/1475/5022
f 5022/1477/5016 5023/1479/5017 5030/1480/5024 5029/1478/5023
f 5023/1479/5017 5024/1481/5018 5031/1482/5025 5030/1480/5024
f 5024/1481/5018 5025/1483/5019 5032/1484/5026 5031/1482/5025
f 5025/1483/5019 5026/1485/5020 5033/1486/5027 5032/1484/5026
f 5027/1476/5021 5028/1475/5022 5035/1487/5029 5034/1488/5028
f 5028/1475/5022 5029/1478/5023 5036/1489/5030 5035/1487/5029
f 5029/1478/5023 5030/1480/5024 5037/1490/5031 5036/1489/5030
f 5030/1480/5024 5031/1482/5025 5038/1491/5032 5037/1490/5031
f 5031/1482/5025 5032/1484/5026 5039/1492/5033 5038/1491/5032
f 5032/1484/5026 5033/1486/5027 5040/1493/5034 5039/1492/5033
f 5034/1488/5028 5035/1487/5029 5042/1494/5036 5041/1495/5035
f 5035/1487/5029 5036/1489/5030 5043/1496/5037 5042/1494/5036
f 5036/1489/5030 5037/1490/5031 5044/1497/5038 5043/1496/5037
f 5037/1490/5031 5038/1491/5032 5045/1498/5039 5044/1497/5038
f 5038/1491/5032 5039/1492/5033 5046/1499/5040 5045/1498/5039
f 5039/1492/5033 5040/1493/5034 5047/1500/5041 5046/1499/5040
f 5041/1495/5035 5042/1494/5036 5049/1501/5043 5048/1502/5042
f 5042/1494/5036 5043/1496/5037 5050/1503/5044 5049/1501/5043
f 5043/1496/5037 5044/1497/5038 5051/1504/5045 5050/1503/5044
f 5044/1497/5038 5045/1498/5039 5052/1505/5046 5051/1504/5045
f 5045/1498/5039 5046/1499/5040 5053/1506/5047 5052/1505/5046
f 5046/1499/5040 5047/1500/5041 5054/1507/5048 5053/1506/5047
f 5048/1502/5042 5049/1501/5043 5056/1508/5050 5055/1509/5049
f 5049/1501/5043 5050/1503/5044 5057/1510/5051 5056/1508/5050
f 5050/1503/5044 5051/1504/5045 5058/1511/5052 5057/1510/5051
f 5051/1504/5045 5052/1505/5046 5059/1512/5053 5058/1511/5052
f 5052/1505/5046 5053/1506/5047 5060/1513/5054 5059/1512/5053
f 5053/1506/5047 5054/1507/5048 5061/1514/5055 5060/1513/5054
f 5055/1509/5049 5056/1508/5050 5063/1515/5057 5062/1516/5056
f 5056/1508/5050 5057/1510/5051 5064/1517/5058 5063/1515/5057
f 5057/1510/5051 5058/1511/5052 5065/1518/5059 5064/1517/5058
f 5058/1511/5052 5059/1512/5053 5066/1519/5060 5065/1518/5059
f 5059/1512/5053 5060/1513/5054 5067/1520/5061 5066/1519/5060
f 5060/1513/5054 5061/1514/5055 5068/1521/5062 5067/1520/5061
f 70/412/70 1029/1313/1029 5020/1473/5014 1107/414/1107
f 1029/1313/1029 1028/1312/1028 5021/1474/5015 5020/1473/5014
f 1028/1312/1028 1027/1311/1027 5022/1477/5016 5021/1474/5015
f 1027/1311/1027 1026/1310/1026 5023/1479/5017 5022/1477/5016
f 1026/1310/1026 1025/1309/1025 5024/1481/5018 5023/1479/5017
f 1025/1309/1025 1024/1308/1024 5025/1483/5019 5024/1481/5018
f 1024/1308/1024 1023/1307/1023 5026/1485/5020 5025/1483/5019
f 1023/1307/1023 69/883/69 1134/1522/1134 5026/1485/5020
f 5026/1485/5020 1134/1522/1134 1133/1523/1133 5033/1486/5027
f 5033/1486/5027 1133/1523/1133 1132/1524/1132 5040/1493/5034
f 5040/1493/5034 1132/1524/1132 1131/1525/1131 5047/1500/5041
f 5047/1500/5041 1131/1525/1131 1130/1526/1130 5054/1507/5048
f 5054/1507/5048 1130/1526/1130 1129/1527/1129 5061/1514/5055
f 5061/1514/5055 1129/1527/1129 1128/1528/1128 5068/1521/5062
f 5068/1521/5062 1128/1528/1128 73/1529/73 1079/1530/1079
f 5067/1520/5061 5068/1521/5062 1079/1530/1079 1080/1531/1080
f 5066/1519/5060 5067/1520/5061 1080/1531/1080 1081/1532/1081
f 5065/1518/5059 5066/1519/5060 1081/1532/1081 1082/1533/1082
f 5064/1517/5058 5065/1518/5059 1082/1533/1082 1083/1534/1083
f 5063/1515/5057 5064/1517/5058 1083/1534/1083 1084/1535/1084
f 5062/1516/5056 5063/1515/5057 1084/1535/1084 1085/1536/1085
f 1113/412/1113 5062/1516/5056 1085/1536/1085 74/412/74
f 1112/421/1112 5055/1509/5049 5062/1516/5056 1113/412/1113
f 1111/422/1111 5048/1502/5042 5055/1509/5049 1112/421/1112
f 1110/423/1110 5041/1495/5035 5048/1502/5042 1111/422/1111
f 1109/424/1109 5034/1488/5028 5041/1495/5035 1110/423/1110
f 1108/422/1108 5027/1476/5021 5034/1488/5028 1109/424/1109
f 1107/414/1107 5020/1473/5014 5027/1476/5021 1108/422/1108
f 5069/1537/5063 5070/1538/5064 5077/1539/5071 5076/1540/5070
f 5070/1538/5064 5071/1541/5065 5078/1542/5072 5077/1539/5071
f 5071/1541/5065 5072/1543/5066 5079/1544/5073 5078/1542/5072
f 5072/1543/5066 5073/1545/5067 5080/1546/5074 5079/1544/5073
f 5073/1545/5067 5074/1547/5068 5081/1548/5075 5080/1546/5074
f 5074/1547/5068 5075/1549/5069 5082/1550/5076 5081/1548/5075
f 5076/1540/5070 5077/1539/5071 5084/1551/5078 5083/1552/5077
f 5077/1539/5071 5078/1542/5072 5085/1553/5079 5084/1551/5078
f 5078/1542/5072 5079/1544/5073 5086/1554/5080 5085/1553/5079
f 5079/1544/5073 5080/1546/5074 5087/1555/5081 5086/1554/5080
f 5080/1546/5074 5081/1548/5075 5088/1556/5082 5087/1555/5081
f 5081/1548/5075 5082/1550/5076 5089/1557/5083 5088/1556/5082
f 5083/1552/5077 5084/1551/5078 5091/1558/5085 5090/1559/5084
f 5084/1551/5078 5085/1553/5079 5092/1560/5086 5091/1558/5085
f 5085/1553/5079 5086/1554/5080 5093/1561/5087 5092/1560/5086
f 5086/1554/5080 5087/1555/5081 5094/1562/5088 5093/1561/5087
f 5087/1555/5081 5088/1556/5082 5095/1563/5089 5094/1562/5088
f 5088/1556/5082 5089/1557/5083 5096/1564/5090 5095/1563/5089
f 5090/1559/5084 5091/1558/5085 5098/1565/5092 5097/1566/5091
f 5091/1558/5085 5092/1560/5086 5099/1567/5093 5098/1565/5092
f 5092/1560/5086 5093/1561/5087 5100/1568/5094 5099/1567/5093
f 5093/1561/5087 5094/1562/5088 5101/1569/5095 5100/1568/5094
f 5094/1562/5088 5095/1563/5089 5102/1570/5096 5101/1569/5095
f 5095/1563/5089 5096/1564/5090 5103/1571/5097 5102/1570/5096
f 5097/1566/5091 5098/1565/5092 5105/1572/5099 5104/1573/5098
f 5098/1565/5092 5099/1567/5093 5106/1574/5100 5105/1572/5099
f 5099/1567/5093 5100/1568/5094 5107/1575/5101 5106/1574/5100
f 5100/1568/5094 5101/1569/5095 5108/1576/5102 5107/1575/5101
f 5101/1569/5095 5102/1570/5096 5109/1577/5103 5108/1576/5102
f 5102/1570/5096 5103/1571/5097 5110/1578/5104 5109/1577/5103
f 5104/1573/5098 5105/1572/5099 5112/1579/5106 5111/1580/5105
f 5105/1572/5099 5106/1574/5100 5113/1581/5107 5112/1579/5106
f 5106/1574/5100 5107/1575/5101 5114/1582/5108 5113/1581/5107
f 5107/1575/5101 5108/1576/5102 5115/1583/5109 5114/1582/5108
f 5108/1576/5102 5109/1577/5103 5116/1584/5110 5115/1583/5109
f 5109/1577/5103 5110/1578/5104 5117/1585/5111 5116/1584/5110
f 77/1586/77 1155/1587/1155 5069/1537/5063 1135/1588/1135
f 1155/1587/1155 1154/1589/1154 5070/1538/5064 5069/1537/5063
f 1154/1589/1154 1153/1590/1153 5071/1541/5065 5070/1538/5064
f 1153/1590/1153 1152/1591/1152 5072/1543/5066 5071/1541/5065
f 1152/1591/1152 1151/1592/1151 5073/1545/5067 5072/1543/5066
f 1151/1592/1151 1150/1593/1150 5074/1547/5068 5073/1545/5067
f 1150/1593/1150 1149/1594/1149 5075/1549/5069 5074/1547/5068
f 1149/1594/1149 80/59/80 1148/880/1148 5075/1549/5069
f 5075/1549/5069 1148/880/1148 1147/741/1147 5082/1550/5076
f 5082/1550/5076 1147/741/1147 1146/391/1146 5089/1557/5083
f 5089/1557/5083 1146/391/1146 1145/396/1145 5096/1564/5090
f 5096/1564/5090 1145/396/1145 1144/394/1144 5103/1571/5097
f 5103/1571/5097 1144/394/1144 1143/706/1143 5110/1578/5104
f 5110/1578/5104 1143/706/1143 1142/704/1142 5117/1585/5111
f 5117/1585/5111 1142/704/1142 79/727/79 1162/1595/1162
f 5116/1584/5110 5117/1585/5111 1162/1595/1162 1161/1596/1161
f 5115/1583/5109 5116/1584/5110 1161/1596/1161 1160/1597/1160
f 5114/1582/5108 5115/1583/5109 1160/1597/1160 1159/1598/1159
f 5113/1581/5107 5114/1582/5108 1159/1598/1159 1158/1599/1158
f 5112/1579/5106 5113/1581/5107 1158/1599/1158 1157/1600/1157
f 5111/1580/5105 5112/1579/5106 1157/1600/1157 1156/1601/1156
f 1141/1602/1141 5111/1580/5105 1156/1601/1156 78/1603/78
f 1140/1604/1140 5104/1573/5098 5111/1580/5105 1141/1602/1141
f 1139/1605/1139 5097/1566/5091 5104/1573/5098 1140/1604/1140
f 1138/1606/1138 5090/1559/5084 5097/1566/5091 1139/1605/1139
f 1137/1607/1137 5083/1552/5077 5090/1559/5084 1138/1606/1138
f 1136/1608/1136 5076/1540/5070 5083/1552/5077 1137/1607/1137
f 1135/1588/1135 5069/1537/5063 5076/1540/5070 1136/1608/1136
f 5118/1609/5112 5119/1610/5113 5126/1611/5120 5125/1612/5119
f 5119/1610/5113 5120/1613/5114 5127/1614/5121 5126/1611/5120
f 5120/1613/5114 5121/1615/5115 5128/1616/5122 5127/1614/5121
f 5121/1615/5115 5122/1617/5116 5129/1618/5123 5128/1616/5122
f 5122/1617/5116 5123/1619/5117 5130/1620/5124 5129/1618/5123
f 5123/1619/5117 5124/1621/5118 5131/1622/5125 5130/1620/5124
f 5125/1612/5119 5126/1611/5120 5133/1623/5127 5132/1624/5126
f 5126/1611/5120 5127/1614/5121 5134/1625/5128 5133/1623/5127
f 5127/1614/5121 5128/1616/5122 5135/1626/5129 5134/1625/5128
f 5128/1616/5122 5129/1618/5123 5136/1627/5130 5135/1626/5129
f 5129/1618/5123 5130/1620/5124 5137/1628/5131 5136/1627/5130
f 5130/1620/5124 5131/1622/5125 5138/1629/5132 5137/1628/5131
f 5132/1624/5126 5133/1623/5127 5140/1630/5134 5139/1631/5133
f 5133/1623/5127 5134/1625/5128 5141/1632/5135 5140/1630/5134
f 5134/1625/5128 5135/1626/5129 5142/1633/5136 5141/1632/5135
f 5135/1626/5129 5136/1627/5130 5143/1634/5137 5142/1633/5136
f 5136/1627/5130 5137/1628/5131 5144/1635/5138 5143/1634/5137
f 5137/1628/5131 5138/1629/5132 5145/1636/5139 5144/1635/5138
f 5139/1631/5133 5140/1630/5134 5147/1637/5141 5146/1638/5140
f 5140/1630/5134 5141/1632/5135 5148/1639/5142 5147/1637/5141
f 5141/1632/5135 5142/1633/5136 5149/1640/5143 5148/1639/5142
f 5142/1633/5136 5143/1634/5137 5150/1641/5144 5149/1640/5143
f 5143/1634/5137 5144/1635/5138 5151/1642/5145 5150/1641/5144
f 5144/1635/5138 5145/1636/5139 5152/1643/5146 5151/1642/5145
f 5146/1638/5140 5147/1637/5141 5154/1644/5148 5153/1645/5147
f 5147/1637/5141 5148/1639/5142 5155/1646/5149 5154/1644/5148
f 5148/1639/5142 5149/1640/5143 5156/1647/5150 5155/1646/5149
f 5149/1640/5143 5150/1641/5144 5157/1648/5151 5156/1647/5150
f 5150/1641/5144 5151/1642/5145 5158/1649/5152 5157/1648/5151
f 5151/1642/5145 5152/1643/5146 5159/1650/5153 5158/1649/5152
f 5153/1645/5147 5154/1644/5148 5161/1651/5155 5160/1652/5154
f 5154/1644/5148 5155/1646/5149 5162/1653/5156 5161/1651/5155
f 5155/1646/5149 5156/1647/5150 5163/1654/5157 5162/1653/5156
f 5156/1647/5150 5157/1648/5151 5164/1655/5158 5163/1654/5157
f 5157/1648/5151 5158/1649/5152 5165/1656/5159 5164/1655/5158
f 5158/1649/5152 5159/1650/5153 5166/1657/5160 5165/1656/5159
f 74/412/74 1085/1536/1085 5118/1609/5112 1183/1658/1183
f 1085/1536/1085 1084/1535/1084 5119/1610/5113 5118/1609/5112
f 1084/1535/1084 1083/1534/1083 5120/1613/5114 5119/1610/5113
f 1083/1534/1083 1082/1533/1082 5121/1615/5115 5120/1613/5114
f 1082/1533/1082 1081/1532/1081 5122/1617/5116 5121/1615/5115
f 1081/1532/1081 1080/1531/1080 5123/1619/5117 5122/1617/5116
f 1080/1531/1080 1079/1530/1079 5124/1621/5118 5123/1619/5117
f 1079/1530/1079 73/1529/73 1176/1659/1176 5124/1621/5118
f 5124/1621/5118 1176/1659/1176 1175/1527/1175 5131/1622/5125
f 5131/1622/5125 1175/1527/1175 1174/1660/1174 5138/1629/5132
f 5138/1629/5132 1174/1660/1174 1173/1525/1173 5145/1636/5139
f 5145/1636/5139 1173/1525/1173 1172/1661/1172 5152/1643/5146
f 5152/1643/5146 1172/1661/1172 1171/1662/1171 5159/1650/5153
f 5159/1650/5153 1171/1662/1171 1170/1663/1170 5166/1657/5160
f 5166/1657/5160 1170/1663/1170 77/1586/77 1135/1588/1135
f 5165/1656/5159 5166/1657/5160 1135/1588/1135 1136/1608/1136
f 5164/1655/5158 5165/1656/5159 1136/1608/1136 1137/1607/1137
f 5163/1654/5157 5164/1655/5158 1137/1607/1137 1138/1606/1138
f 5162/1653/5156 5163/1654/5157 1138/1606/1138 1139/1605/1139
f 5161/1651/5155 5162/1653/5156 1139/1605/1139 1140/1604/1140
f 5160/1652/5154 5161/1651/5155 1140/1604/1140 1141/1602/1141
f 1177/1664/1177 5160/1652/5154 1141/1602/1141 78/1603/78
f 1178/1665/1178 5153/1645/5147 5160/1652/5154 1177/1664/1177
f 1179/1666/1179 5146/1638/5140 5153/1645/5147 1178/1665/1178
f 1180/1667/1180 5139/1631/5133 5146/1638/5140 1179/1666/1179
f 1181/1668/1181 5132/1624/5126 5139/1631/5133 1180/1667/1180
f 1182/1669/1182 5125/1612/5119 5132/1624/5126 1181/1668/1181
f 1183/1658/1183 5118/1609/5112 5125/1612/5119 1182/1669/1182
f 5167/1670/5161 5168/1671/5162 5175/1672/5169 5174/1673/5168
f 5168/1671/5162 5169/1674/5163 5176/1675/5170 5175/1672/5169
f 5169/1674/5163 5170/1676/5164 5177/1677/5171 5176/1675/5170
f 5170/1676/5164 5171/1678/5165 5178/1679/5172 5177/1677/5171
f 5171/1678/5165 5172/1680/5166 5179/1681/5173 5178/1679/5172
f 5172/1680/5166 5173/1682/5167 5180/1683/5174 5179/1681/5173
f 5174/1673/5168 5175/1672/5169 5182/1684/5176 5181/1685/5175
f 5175/1672/5169 5176/1675/5170 5183/1686/5177 5182/1684/5176
f 5176/1675/5170 5177/1677/5171 5184/1687/5178 5183/1686/5177
f 5177/1677/5171 5178/1679/5172 5185/1688/5179 5184/1687/5178
f 5178/1679/5172 5179/1681/5173 5186/1689/5180 5185/1688/5179
f 5179/1681/5173 5180/1683/5174 5187/1690/5181 5186/1689/5180
f 5181/1685/5175 5182/1684/5176 5189/1691/5183 5188/1692/5182
f 5182/1684/5176 5183/1686/5177 5190/1693/5184 5189/1691/5183
f 5183/1686/5177 5184/1687/5178 5191/1694/5185 5190/1693/5184
f 5184/1687/5178 5185/1688/5179 5192/1695/5186 5191/1694/5185
f 5185/1688/5179 5186/1689/5180 5193/1696/5187 5192/1695/5186
f 5186/1689/5180 5187/1690/5181 5194/1697/5188 5193/1696/5187
f 5188/1692/5182 5189/1691/5183 5196/1698/5190 5195/1699/5189
f 5189/1691/5183 5190/1693/5184 5197/1700/5191 5196/1698/5190
f 5190/1693/5184 5191/1694/5185 5198/1701/5192 5197/1700/5191
f 5191/1694/5185 5192/1695/5186 5199/1702/5193 5198/1701/5192
f 5192/1695/5186 5193/1696/5187 5200/1703/5194 5199/1702/5193
f 5193/1696/5187 5194/1697/5188 5201/1704/5195 5200/1703/5194
f 5195/1699/5189 5196/1698/5190 5203/1705/5197 5202/1706/5196
f 5196/1698/5190 5197/1700/5191 5204/1707/5198 5203/1705/5197
f 5197/1700/5191 5198/1701/5192 5205/1708/5199 5204/1707/5198
f 5198/1701/5192 5199/1702/5193 5206/1709/5200 5205/1708/5199
f 5199/1702/5193 5200/1703/5194 5207/1710/5201 5206/1709/5200
f 5200/1703/5194 5201/1704/5195 5208/1711/5202 5207/1710/5201
f 5202/1706/5196 5203/1705/5197 5210/1712/5204 5209/1713/5203
f 5203/1705/5197 5204/1707/5198 5211/1714/5205 5210/1712/5204
f 5204/1707/5198 5205/1708/5199 5212/1715/5206 5211/1714/5205
f 5205/1708/5199 5206/1709/5200 5213/1716/5207 5212/1715/5206
f 5206/1709/5200 5207/1710/5201 5214/1717/5208 5213/1716/5207
f 5207/1710/5201 5208/1711/5202 5215/1718/5209 5214/1717/5208
f 75/720/75 1106/703/1106 5167/1670/5161 1190/1719/1190
f 1106/703/1106 1105/722/1105 5168/1671/5162 5167/1670/5161
f 1105/722/1105 1104/704/1104 5169/1674/5163 5168/1671/5162
f 1104/704/1104 1103/712/1103 5170/1676/5164 5169/1674/5163
f 1103/712/1103 1102/697/1102 5171/1678/5165 5170/1676/5164
f 1102/697/1102 1101/719/1101 5172/1680/5166 5171/1678/5165
f 1101/719/1101 1100/707/1100 5173/1682/5167 5172/1680/5166
f 1100/707/1100 74/412/74 1183/1658/1183 5173/1682/5167
f 5173/1682/5167 1183/1658/1183 1182/1669/1182 5180/1683/5174
f 5180/1683/5174 1182/1669/1182 1181/1668/1181 5187/1690/5181
f 5187/1690/5181 1181/1668/1181 1180/1667/1180 5194/1697/5188
f 5194/1697/5188 1180/1667/1180 1179/1666/1179 5201/1704/5195
f 5201/1704/5195 1179/1666/1179 1178/1665/1178 5208/1711/5202
f 5208/1711/5202 1178/1665/1178 1177/1664/1177 5215/1718/5209
f 5215/1718/5209 1177/1664/1177 78/1603/78 1156/1601/1156
f 5214/1717/5208 5215/1718/5209 1156/1601/1156 1157/1600/1157
f 5213/1716/5207 5214/1717/5208 1157/1600/1157 1158/1599/1158
f 5212/1715/5206 5213/1716/5207 1158/1599/1158 1159/1598/1159
f 5211/1714/5205 5212/1715/5206 1159/1598/1159 1160/1597/1160
f 5210/1712/5204 5211/1714/5205 1160/1597/1160 1161/1596/1161
f 5209/1713/5203 5210/1712/5204 1161/1596/1161 1162/1595/1162
f 1184/1720/1184 5209/1713/5203 1162/1595/1162 79/727/79
f 1185/1721/1185 5202/1706/5196 5209/1713/5203 1184/1720/1184
f 1186/1722/1186 5195/1699/5189 5202/1706/5196 1185/1721/1185
f 1187/1723/1187 5188/1692/5182 5195/1699/5189 1186/1722/1186
f 1188/1724/1188 5181/1685/5175 5188/1692/5182 1187/1723/1187
f 1189/1725/1189 5174/1673/5168 5181/1685/5175 1188/1724/1188
f 1190/1719/1190 5167/1670/5161 5174/1673/5168 1189/1725/1189
f 5216/1726/5210 5217/1727/5211 5224/1381/5218 5223/1382/5217
f 5217/1727/5211 5218/1728/5212 5225/1383/5219 5224/1381/5218
f 5218/1728/5212 5219/1729/5213 5226/1384/5220 5225/1383/5219
f 5219/1729/5213 5220/1730/5214 5227/1731/5221 5226/1384/5220
f 5220/1730/5214 5221/1732/5215 5228/1733/5222 5227/1731/5221
f 5221/1732/5215 5222/1734/5216 5229/1735/5223 5228/1733/5222
f 5223/1382/5217 5224/1381/5218 5231/1736/5225 5230/1737/5224
f 5224/1381/5218 5225/1383/5219 5232/1738/5226 5231/1736/5225
f 5225/1383/5219 5226/1384/5220 5233/1739/5227 5232/1738/5226
f 5226/1384/5220 5227/1731/5221 5234/1740/5228 5233/1739/5227
f 5227/1731/5221 5228/1733/5222 5235/1741/5229 5234/1740/5228
f 5228/1733/5222 5229/1735/5223 5236/1742/5230 5235/1741/5229
f 5230/1737/5224 5231/1736/5225 5238/1743/5232 5237/1744/5231
f 5231/1736/5225 5232/1738/5226 5239/1745/5233 5238/1743/5232
f 5232/1738/5226 5233/1739/5227 5240/1746/5234 5239/1745/5233
f 5233/1739/5227 5234/1740/5228 5241/1747/5235 5240/1746/5234
f 5234/1740/5228 5235/1741/5229 5242/1748/5236 5241/1747/5235
f 5235/1741/5229 5236/1742/5230 5243/1749/5237 5242/1748/5236
f 5237/1744/5231 5238/1743/5232 5245/1750/5239 5244/1751/5238
f 5238/1743/5232 5239/1745/5233 5246/1752/5240 5245/1750/5239
f 5239/1745/5233 5240/1746/5234 5247/1753/5241 5246/1752/5240
f 5240/1746/5234 5241/1747/5235 5248/1754/5242 5247/1753/5241
f 5241/1747/5235 5242/1748/5236 5249/1755/5243 5248/1754/5242
f 5242/1748/5236 5243/1749/5237 5250/1756/5244 5249/1755/5243
f 5244/1751/5238 5245/1750/5239 5252/1757/5246 5251/1758/5245
f 5245/1750/5239 5246/1752/5240 5253/1759/5247 5252/1757/5246
f 5246/1752/5240 5247/1753/5241 5254/1760/5248 5253/1759/5247
f 5247/1753/5241 5248/1754/5242 5255/1761/5249 5254/1760/5248
f 5248/1754/5242 5249/1755/5243 5256/1762/5250 5255/1761/5249
f 5249/1755/5243 5250/1756/5244 5257/1763/5251 5256/1762/5250
f 5251/1758/5245 5252/1757/5246 5259/1764/5253 5258/1765/5252
f 5252/1757/5246 5253/1759/5247 5260/1766/5254 5259/1764/5253
f 5253/1759/5247 5254/1760/5248 5261/1767/5255 5260/1766/5254
f 5254/1760/5248 5255/1761/5249 5262/1768/5256 5261/1767/5255
f 5255/1761/5249 5256/1762/5250 5263/1769/5257 5262/1768/5256
f 5256/1762/5250 5257/1763/5251 5264/1770/5258 5263/1769/5257
f 76/1404/76 1092/1402/1092 5216/1726/5210 1163/1771/1163
f 1092/1402/1092 1091/1401/1091 5217/1727/5211 5216/1726/5210
f 1091/1401/1091 1090/1400/1090 5218/1728/5212 5217/1727/5211
f 1090/1400/1090 1089/1399/1089 5219/1729/5213 5218/1728/5212
f 1089/1399/1089 1088/1398/1088 5220/1730/5214 5219/1729/5213
f 1088/1398/1088 1087/1397/1087 5221/1732/5215 5220/1730/5214
f 1087/1397/1087 1086/1396/1086 5222/1734/5216 5221/1732/5215
f 1086/1396/1086 75/720/75 1190/1719/1190 5222/1734/5216
f 5222/1734/5216 1190/1719/1190 1189/1725/1189 5229/1735/5223
f 5229/1735/5223 1189/1725/1189 1188/1724/1188 5236/1742/5230
f 5236/1742/5230 1188/1724/1188 1187/1723/1187 5243/1749/5237
f 5243/1749/5237 1187/1723/1187 1186/1722/1186 5250/1756/5244
f 5250/1756/5244 1186/1722/1186 1185/1721/1185 5257/1763/5251
f 5257/1763/5251 1185/1721/1185 1184/1720/1184 5264/1770/5258
f 5264/1770/5258 1184/1720/1184 79/727/79 1142/771/1142
f 5263/1769/5257 5264/1770/5258 1142/771/1142 1143/1772/1143
f 5262/1768/5256 5263/1769/5257 1143/1772/1143 1144/1773/1144
f 5261/1767/5255 5262/1768/5256 1144/1773/1144 1145/766/1145
f 5260/1766/5254 5261/1767/5255 1145/766/1145 1146/756/1146
f 5259/1764/5253 5260/1766/5254 1146/756/1146 1147/1774/1147
f 5258/1765/5252 5259/1764/5253 1147/1774/1147 1148/751/1148
f 1169/1775/1169 5258/1765/5252 1148/751/1148 80/283/80
f 1168/1776/1168 5251/1758/5245 5258/1765/5252 1169/1775/1169
f 1167/1777/1167 5244/1751/5238 5251/1758/5245 1168/1776/1168
f 1166/1407/1166 5237/1744/5231 5244/1751/5238 1167/1777/1167
f 1165/1778/1165 5230/1737/5224 5237/1744/5231 1166/1407/1166
f 1164/1405/1164 5223/1382/5217 5230/1737/5224 1165/1778/1165
f 1163/1771/1163 5216/1726/5210 5223/1382/5217 1164/1405/1164
f 5265/1779/5259 5266/1780/5260 5273/1781/5267 5272/1782/5266
f 5266/1780/5260 5267/1783/5261 5274/1784/5268 5273/1781/5267
f 5267/1783/5261 5268/1785/5262 5275/1786/5269 5274/1784/5268
f 5268/1785/5262 5269/1787/5263 5276/1788/5270 5275/1786/5269
f 5269/1787/5263 5270/1789/5264 5277/1790/5271 5276/1788/5270
f 5270/1789/5264 5271/1791/5265 5278/1792/5272 5277/1790/5271
f 5272/1782/5266 5273/1781/5267 5280/1793/5274 5279/1794/5273
f 5273/1781/5267 5274/1784/5268 5281/1795/5275 5280/1793/5274
f 5274/1784/5268 5275/1786/5269 5282/1796/5276 5281/1795/5275
f 5275/1786/5269 5276/1788/5270 5283/1797/5277 5282/1796/5276
f 5276/1788/5270 5277/1790/5271 5284/1798/5278 5283/1797/5277
f 5277/1790/5271 5278/1792/5272 5285/1799/5279 5284/1798/5278
f 5279/1794/5273 5280/1793/5274 5287/1800/5281 5286/1801/5280
f 5280/1793/5274 5281/1795/5275 5288/1802/5282 5287/1800/5281
f 5281/1795/5275 5282/1796/5276 5289/1803/5283 5288/1802/5282
f 5282/1796/5276 5283/1797/5277 5290/1804/5284 5289/1803/5283
f 5283/1797/5277 5284/1798/5278 5291/1805/5285 5290/1804/5284
f 5284/1798/5278 5285/1799/5279 5292/1806/5286 5291/1805/5285
f 5286/1801/5280 5287/1800/5281 5294/1807/5288 5293/1808/5287
f 5287/1800/5281 5288/1802/5282 5295/1809/5289 5294/1807/5288
f 5288/1802/5282 5289/1803/5283 5296/1810/5290 5295/1809/5289
f 5289/1803/5283 5290/1804/5284 5297/1811/5291 5296/1810/5290
f 5290/1804/5284 5291/1805/5285 5298/1812/5292 5297/1811/5291
f 5291/1805/5285 5292/1806/5286 5299/1813/5293 5298/1812/5292
f 5293/1808/5287 5294/1807/5288 5301/1814/5295 5300/1815/5294
f 5294/1807/5288 5295/1809/5289 5302/1816/5296 5301/1814/5295
f 5295/1809/5289 5296/1810/5290 5303/1817/5297 5302/1816/5296
f 5296/1810/5290 5297/1811/5291 5304/1818/5298 5303/1817/5297
f 5297/1811/5291 5298/1812/5292 5305/1819/5299 5304/1818/5298
f 5298/1812/5292 5299/1813/5293 5306/1820/5300 5305/1819/5299
f 5300/1815/5294 5301/1814/5295 5308/1821/5302 5307/1822/5301
f 5301/1814/5295 5302/1816/5296 5309/1823/5303 5308/1821/5302
f 5302/1816/5296 5303/1817/5297 5310/1824/5304 5309/1823/5303
f 5303/1817/5297 5304/1818/5298 5311/1825/5305 5310/1824/5304
f 5304/1818/5298 5305/1819/5299 5312/1826/5306 5311/1825/5305
f 5305/1819/5299 5306/1820/5300 5313/1827/5307 5312/1826/5306
f 84/1828/84 1204/1829/1204 5265/1779/5259 1239/1830/1239
f 1204/1829/1204 1203/1831/1203 5266/1780/5260 5265/1779/5259
f 1203/1831/1203 1202/1832/1202 5267/1783/5261 5266/1780/5260
f 1202/1832/1202 1201/1833/1201 5268/1785/5262 5267/1783/5261
f 1201/1833/1201 1200/1834/1200 5269/1787/5263 5268/1785/5262
f 1200/1834/1200 1199/1835/1199 5270/1789/5264 5269/1787/5263
f 1199/1835/1199 1198/1836/1198 5271/1791/5265 5270/1789/5264
f 1198/1836/1198 83/59/83 1226/750/1226 5271/1791/5265
f 5271/1791/5265 1226/750/1226 1227/750/1227 5278/1792/5272
f 5278/1792/5272 1227/750/1227 1228/750/1228 5285/1799/5279
f 5285/1799/5279 1228/750/1228 1229/750/1229 5292/1806/5286
f 5292/1806/5286 1229/750/1229 1230/750/1230 5299/1813/5293
f 5299/1813/5293 1230/750/1230 1231/750/1231 5306/1820/5300
f 5306/1820/5300 1231/750/1231 1232/750/1232 5313/1827/5307
f 5313/1827/5307 1232/750/1232 85/59/85 1219/1472/1219
f 5312/1826/5306 5313/1827/5307 1219/1472/1219 1220/1471/1220
f 5311/1825/5305 5312/1826/5306 1220/1471/1220 1221/1470/1221
f 5310/1824/5304 5311/1825/5305 1221/1470/1221 1222/1469/1222
f 5309/1823/5303 5310/1824/5304 1222/1469/1222 1223/1468/1223
f 5308/1821/5302 5309/1823/5303 1223/1468/1223 1224/1467/1224
f 5307/1822/5301 5308/1821/5302 1224/1467/1224 1225/1466/1225
f 1233/1837/1233 5307/1822/5301 1225/1466/1225 86/741/86
f 1234/1838/1234 5300/1815/5294 5307/1822/5301 1233/1837/1233
f 1235/1839/1235 5293/1808/5287 5300/1815/5294 1234/1838/1234
f 1236/1840/1236 5286/1801/5280 5293/1808/5287 1235/1839/1235
f 1237/1841/1237 5279/1794/5273 5286/1801/5280 1236/1840/1236
f 1238/1842/1238 5272/1782/5266 5279/1794/5273 1237/1841/1237
f 1239/1830/1239 5265/1779/5259 5272/1782/5266 1238/1842/1238
f 5314/1843/5308 5315/1844/5309 5322/1814/5316 5321/1845/5315
f 5315/1844/5309 5316/1846/5310 5323/1847/5317 5322/1814/5316
f 5316/1846/5310 5317/1824/5311 5324/1848/5318 5323/1847/5317
f 5317/1824/5311 5318/1849/5312 5325/1850/5319 5324/1848/5318
f 5318/1849/5312 5319/1851/5313 5326/1852/5320 5325/1850/5319
f 5319/1851/5313 5320/1853/5314 5327/1854/5321 5326/1852/5320
f 5321/1845/5315 5322/1814/5316 5329/1855/5323 5328/1856/5322
f 5322/1814/5316 5323/1847/5317 5330/1857/5324 5329/1855/5323
f 5323/1847/5317 5324/1848/5318 5331/1810/5325 5330/1857/5324
f 5324/1848/5318 5325/1850/5319 5332/1811/5326 5331/1810/5325
f 5325/1850/5319 5326/1852/5320 5333/1858/5327 5332/1811/5326
f 5326/1852/5320 5327/1854/5321 5334/1859/5328 5333/1858/5327
f 5328/1856/5322 5329/1855/5323 5336/1800/5330 5335/1860/5329
f 5329/1855/5323 5330/1857/5324 5337/1802/5331 5336/1800/5330
f 5330/1857/5324 5331/1810/5325 5338/1861/5332 5337/1802/5331
f 5331/1810/5325 5332/1811/5326 5339/1862/5333 5338/1861/5332
f 5332/1811/5326 5333/1858/5327 5340/1863/5334 5339/1862/5333
f 5333/1858/5327 5334/1859/5328 5341/1806/5335 5340/1863/5334
f 5335/1860/5329 5336/1800/5330 5343/1864/5337 5342/1865/5336
f 5336/1800/5330 5337/1802/5331 5344/1866/5338 5343/1864/5337
f 5337/1802/5331 5338/1861/5332 5345/1796/5339 5344/1866/5338
f 5338/1861/5332 5339/1862/5333 5346/1797/5340 5345/1796/5339
f 5339/1862/5333 5340/1863/5334 5347/1798/5341 5346/1797/5340
f 5340/1863/5334 5341/1806/5335 5348/1799/5342 5347/1798/5341
f 5342/1865/5336 5343/1864/5337 5350/1781/5344 5349/1782/5343
f 5343/1864/5337 5344/1866/5338 5351/1867/5345 5350/1781/5344
f 5344/1866/5338 5345/1796/5339 5352/1868/5346 5351/1867/5345
f 5345/1796/5339 5346/1797/5340 5353/1788/5347 5352/1868/5346
f 5346/1797/5340 5347/1798/5341 5354/1869/5348 5353/1788/5347
f 5347/1798/5341 5348/1799/5342 5355/1792/5349 5354/1869/5348
f 5349/1782/5343 5350/1781/5344 5357/1870/5351 5356/1871/5350
f 5350/1781/5344 5351/1867/5345 5358/1872/5352 5357/1870/5351
f 5351/1867/5345 5352/1868/5346 5359/1785/5353 5358/1872/5352
f 5352/1868/5346 5353/1788/5347 5360/1873/5354 5359/1785/5353
f 5353/1788/5347 5354/1869/5348 5361/1789/5355 5360/1873/5354
f 5354/1869/5348 5355/1792/5349 5362/1874/5356 5361/1789/5355
f 82/1875/82 1197/1876/1197 5314/1843/5308 1218/1877/1218
f 1197/1876/1197 1196/1878/1196 5315/1844/5309 5314/1843/5308
f 1196/1878/1196 1195/1879/1195 5316/1846/5310 5315/1844/5309
f 1195/1879/1195 1194/1880/1194 5317/1824/5311 5316/1846/5310
f 1194/1880/1194 1193/1470/1193 5318/1849/5312 5317/1824/5311
f 1193/1470/1193 1192/1881/1192 5319/1851/5313 5318/1849/5312
f 1192/1881/1192 1191/1882/1191 5320/1853/5314 5319/1851/5313
f 1191/1882/1191 81/59/81 1211/750/1211 5320/1853/5314
f 5320/1853/5314 1211/750/1211 1210/750/1210 5327/1854/5321
f 5327/1854/5321 1210/750/1210 1209/750/1209 5334/1859/5328
f 5334/1859/5328 1209/750/1209 1208/750/1208 5341/1806/5335
f 5341/1806/5335 1208/750/1208 1207/750/1207 5348/1799/5342
f 5348/1799/5342 1207/750/1207 1206/750/1206 5355/1792/5349
f 5355/1792/5349 1206/750/1206 1205/750/1205 5362/1874/5356
f 5362/1874/5356 1205/750/1205 83/59/83 1198/1836/1198
f 5361/1789/5355 5362/1874/5356 1198/1836/1198 1199/1835/1199
f 5360/1873/5354 5361/1789/5355 1199/1835/1199 1200/1834/1200
f 5359/1785/5353 5360/1873/5354 1200/1834/1200 1201/1833/1201
f 5358/1872/5352 5359/1785/5353 1201/1833/1201 1202/1832/1202
f 5357/1870/5351 5358/1872/5352 1202/1832/1202 1203/1831/1203
f 5356/1871/5350 5357/1870/5351 1203/1831/1203 1204/1829/1204
f 1212/1883/1212 5356/1871/5350 1204/1829/1204 84/1828/84
f 1213/1884/1213 5349/1782/5343 5356/1871/5350 1212/1883/1212
f 1214/1885/1214 5342/1865/5336 5349/1782/5343 1213/1884/1213
f 1215/1840/1215 5335/1860/5329 5342/1865/5336 1214/1885/1214
f 1216/1839/1216 5328/1856/5322 5335/1860/5329 1215/1840/1215
f 1217/1838/1217 5321/1845/5315 5328/1856/5322 1216/1839/1216
f 1218/1877/1218 5314/1843/5308 5321/1845/5315 1217/1838/1217
f 5363/1886/5357 5364/1887/5358 5371/1888/5365 5370/1889/5364
f 5364/1887/5358 5365/1890/5359 5372/1891/5366 5371/1888/5365
f 5365/1890/5359 5366/1892/5360 5373/1893/5367 5372/1891/5366
f 5366/1892/5360 5367/1894/5361 5374/1895/5368 5373/1893/5367
f 5367/1894/5361 5368/1896/5362 5375/1897/5369 5374/1895/5368
f 5368/1896/5362 5369/1898/5363 5376/1899/5370 5375/1897/5369
f 5370/1889/5364 5371/1888/5365 5378/1900/5372 5377/1901/5371
f 5371/1888/5365 5372/1891/5366 5379/1902/5373 5378/1900/5372
f 5372/1891/5366 5373/1893/5367 5380/1903/5374 5379/1902/5373
f 5373/1893/5367 5374/1895/5368 5381/1904/5375 5380/1903/5374
f 5374/1895/5368 5375/1897/5369 5382/1905/5376 5381/1904/5375
f 5375/1897/5369 5376/1899/5370 5383/1906/5377 5382/1905/5376
f 5377/1901/5371 5378/1900/5372 5385/1907/5379 5384/1908/5378
f 5378/1900/5372 5379/1902/5373 5386/1909/5380 5385/1907/5379
f 5379/1902/5373 5380/1903/5374 5387/1910/5381 5386/1909/5380
f 5380/1903/5374 5381/1904/5375 5388/1911/5382 5387/1910/5381
f 5381/1904/5375 5382/1905/5376 5389/1912/5383 5388/1911/5382
f 5382/1905/5376 5383/1906/5377 5390/1913/5384 5389/1912/5383
f 5384/1908/5378 5385/1907/5379 5392/1914/5386 5391/1915/5385
f 5385/1907/5379 5386/1909/5380 5393/1916/5387 5392/1914/5386
f 5386/1909/5380 5387/1910/5381 5394/1917/5388 5393/1916/5387
f 5387/1910/5381 5388/1911/5382 5395/1918/5389 5394/1917/5388
f 5388/1911/5382 5389/1912/5383 5396/1919/5390 5395/1918/5389
f 5389/1912/5383 5390/1913/5384 5397/1920/5391 5396/1919/5390
f 5391/1915/5385 5392/1914/5386 5399/1921/5393 5398/1922/5392
f 5392/1914/5386 5393/1916/5387 5400/1923/5394 5399/1921/5393
f 5393/1916/5387 5394/1917/5388 5401/1924/5395 5400/1923/5394
f 5394/1917/5388 5395/1918/5389 5402/1925/5396 5401/1924/5395
f 5395/1918/5389 5396/1919/5390 5403/1926/5397 5402/1925/5396
f 5396/1919/5390 5397/1920/5391 5404/1927/5398 5403/1926/5397
f 5398/1922/5392 5399/1921/5393 5406/1928/5400 5405/1929/5399
f 5399/1921/5393 5400/1923/5394 5407/1930/5401 5406/1928/5400
f 5400/1923/5394 5401/1924/5395 5408/1931/5402 5407/1930/5401
f 5401/1924/5395 5402/1925/5396 5409/1932/5403 5408/1931/5402
f 5402/1925/5396 5403/1926/5397 5410/1933/5404 5409/1932/5403
f 5403/1926/5397 5404/1927/5398 5411/1934/5405 5410/1933/5404
f 93/883/93 1428/1935/1428 5363/1886/5357 1093/1459/1093
f 1428/1935/1428 1427/1936/1427 5364/1887/5358 5363/1886/5357
f 1427/1936/1427 1426/1937/1426 5365/1890/5359 5364/1887/5358
f 1426/1937/1426 1425/1938/1425 5366/1892/5360 5365/1890/5359
f 1425/1938/1425 1424/1939/1424 5367/1894/5361 5366/1892/5360
f 1424/1939/1424 1423/1940/1423 5368/1896/5362 5367/1894/5361
f 1423/1940/1423 1422/1941/1422 5369/1898/5363 5368/1896/5362
f 1422/1941/1422 95/418/95 1261/1942/1261 5369/1898/5363
f 5369/1898/5363 1261/1942/1261 1262/1943/1262 5376/1899/5370
f 5376/1899/5370 1262/1943/1262 1263/1944/1263 5383/1906/5377
f 5383/1906/5377 1263/1944/1263 1264/1945/1264 5390/1913/5384
f 5390/1913/5384 1264/1945/1264 1265/1946/1265 5397/1920/5391
f 5397/1920/5391 1265/1946/1265 1266/1947/1266 5404/1927/5398
f 5404/1927/5398 1266/1947/1266 1267/1948/1267 5411/1934/5405
f 5411/1934/5405 1267/1948/1267 84/1828/84 1239/1830/1239
f 5410/1933/5404 5411/1934/5405 1239/1830/1239 1238/1842/1238
f 5409/1932/5403 5410/1933/5404 1238/1842/1238 1237/1841/1237
f 5408/1931/5402 5409/1932/5403 1237/1841/1237 1236/1840/1236
f 5407/1930/5401 5408/1931/5402 1236/1840/1236 1235/1839/1235
f 5406/1928/5400 5407/1930/5401 1235/1839/1235 1234/1838/1234
f 5405/1929/5399 5406/1928/5400 1234/1838/1234 1233/1837/1233
f 1099/1465/1099 5405/1929/5399 1233/1837/1233 86/741/86
f 1098/1464/1098 5398/1922/5392 5405/1929/5399 1099/1465/1099
f 1097/1463/1097 5391/1915/5385 5398/1922/5392 1098/1464/1098
f 1096/1462/1096 5384/1908/5378 5391/1915/5385 1097/1463/1097
f 1095/1461/1095 5377/1901/5371 5384/1908/5378 1096/1462/1096
f 1094/1460/1094 5370/1889/5364 5377/1901/5371 1095/1461/1095
f 1093/1459/1093 5363/1886/5357 5370/1889/5364 1094/1460/1094
f 5412/1949/5406 5413/1950/5407 5420/1951/5414 5419/1952/5413
f 5413/1950/5407 5414/1894/5408 5421/1953/5415 5420/1951/5414
f 5414/1894/5408 5415/1954/5409 5422/1955/5416 5421/1953/5415
f 5415/1954/5409 5416/1890/5410 5423/1956/5417 5422/1955/5416
f 5416/1890/5410 5417/1957/5411 5424/1888/5418 5423/1956/5417
f 5417/1957/5411 5418/1958/5412 5425/1959/5419 5424/1888/5418
f 5419/1952/5413 5420/1951/5414 5427/1905/5421 5426/1960/5420
f 5420/1951/5414 5421/1953/5415 5428/1904/5422 5427/1905/5421
f 5421/1953/5415 5422/1955/5416 5429/1961/5423 5428/1904/5422
f 5422/1955/5416 5423/1956/5417 5430/1962/5424 5429/1961/5423
f 5423/1956/5417 5424/1888/5418 5431/1900/5425 5430/1962/5424
f 5424/1888/5418 5425/1959/5419 5432/1963/5426 5431/1900/5425
f 5426/1960/5420 5427/1905/5421 5434/1964/5428 5433/1965/5427
f 5427/1905/5421 5428/1904/5422 5435/1966/5429 5434/1964/5428
f 5428/1904/5422 5429/1961/5423 5436/1967/5430 5435/1966/5429
f 5429/1961/5423 5430/1962/5424 5437/1968/5431 5436/1967/5430
f 5430/1962/5424 5431/1900/5425 5438/1907/5432 5437/1968/5431
f 5431/1900/5425 5432/1963/5426 5439/1969/5433 5438/1907/5432
f 5433/1965/5427 5434/1964/5428 5441/1919/5435 5440/1970/5434
f 5434/1964/5428 5435/1966/5429 5442/1971/5436 5441/1919/5435
f 5435/1966/5429 5436/1967/5430 5443/1972/5437 5442/1971/5436
f 5436/1967/5430 5437/1968/5431 5444/1973/5438 5443/1972/5437
f 5437/1968/5431 5438/1907/5432 5445/1914/5439 5444/1973/5438
f 5438/1907/5432 5439/1969/5433 5446/1915/5440 5445/1914/5439
f 5440/1970/5434 5441/1919/5435 5448/1926/5442 5447/1974/5441
f 5441/1919/5435 5442/1971/5436 5449/1975/5443 5448/1926/5442
f 5442/1971/5436 5443/1972/5437 5450/1976/5444 5449/1975/5443
f 5443/1972/5437 5444/1973/5438 5451/1977/5445 5450/1976/5444
f 5444/1973/5438 5445/1914/5439 5452/1978/5446 5451/1977/5445
f 5445/1914/5439 5446/1915/5440 5453/1922/5447 5452/1978/5446
f 5447/1974/5441 5448/1926/5442 5455/1933/5449 5454/1934/5448
f 5448/1926/5442 5449/1975/5443 5456/1979/5450 5455/1933/5449
f 5449/1975/5443 5450/1976/5444 5457/1980/5451 5456/1979/5450
f 5450/1976/5444 5451/1977/5445 5458/1981/5452 5457/1980/5451
f 5451/1977/5445 5452/1978/5446 5459/1982/5453 5458/1981/5452
f 5452/1978/5446 5453/1922/5447 5460/1983/5454 5459/1982/5453
f 95/418/95 1421/1984/1421 5412/1949/5406 1261/1942/1261
f 1421/1984/1421 1420/1985/1420 5413/1950/5407 5412/1949/5406
f 1420/1985/1420 1419/1986/1419 5414/1894/5408 5413/1950/5407
f 1419/1986/1419 1418/1987/1418 5415/1954/5409 5414/1894/5408
f 1418/1987/1418 1417/1937/1417 5416/1890/5410 5415/1954/5409
f 1417/1937/1417 1416/1988/1416 5417/1957/5411 5416/1890/5410
f 1416/1988/1416 1415/1989/1415 5418/1958/5412 5417/1957/5411
f 1415/1989/1415 96/883/96 1268/1990/1268 5418/1958/5412
f 5418/1958/5412 1268/1990/1268 1269/1991/1269 5425/1959/5419
f 5425/1959/5419 1269/1991/1269 1270/1461/1270 5432/1963/5426
f 5432/1963/5426 1270/1461/1270 1271/1992/1271 5439/1969/5433
f 5439/1969/5433 1271/1992/1271 1272/1993/1272 5446/1915/5440
f 5446/1915/5440 1272/1993/1272 1273/1994/1273 5453/1922/5447
f 5453/1922/5447 1273/1994/1273 1274/1995/1274 5460/1983/5454
f 5460/1983/5454 1274/1995/1274 82/1875/82 1218/1877/1218
f 5459/1982/5453 5460/1983/5454 1218/1877/1218 1217/1838/1217
f 5458/1981/5452 5459/1982/5453 1217/1838/1217 1216/1839/1216
f 5457/1980/5451 5458/1981/5452 1216/1839/1216 1215/1840/1215
f 5456/1979/5450 5457/1980/5451 1215/1840/1215 1214/1885/1214
f 5455/1933/5449 5456/1979/5450 1214/1885/1214 1213/1884/1213
f 5454/1934/5448 5455/1933/5449 1213/1884/1213 1212/1883/1212
f 1267/1948/1267 5454/1934/5448 1212/1883/1212 84/1828/84
f 1266/1947/1266 5447/1974/5441 5454/1934/5448 1267/1948/1267
f 1265/1946/1265 5440/1970/5434 5447/1974/5441 1266/1947/1266
f 1264/1945/1264 5433/1965/5427 5440/1970/5434 1265/1946/1265
f 1263/1944/1263 5426/1960/5420 5433/1965/5427 1264/1945/1264
f 1262/1943/1262 5419/1952/5413 5426/1960/5420 1263/1944/1263
f 1261/1942/1261 5412/1949/5406 5419/1952/5413 1262/1943/1262
f 5461/1996/5455 5462/1997/5456 5469/1998/5463 5468/1999/5462
f 5462/1997/5456 5463/2000/5457 5470/2001/5464 5469/1998/5463
f 5463/2000/5457 5464/1416/5458 5471/1417/5465 5470/2001/5464
f 5464/1416/5458 5465/2002/5459 5472/2003/5466 5471/1417/5465
f 5465/2002/5459 5466/2004/5460 5473/2005/5467 5472/2003/5466
f 5466/2004/5460 5467/2006/5461 5474/2007/5468 5473/2005/5467
f 5468/1999/5462 5469/1998/5463 5476/2008/5470 5475/2009/5469
f 5469/1998/5463 5470/2001/5464 5477/1428/5471 5476/2008/5470
f 5470/2001/5464 5471/1417/5465 5478/1427/5472 5477/1428/5471
f 5471/1417/5465 5472/2003/5466 5479/2010/5473 5478/1427/5472
f 5472/2003/5466 5473/2005/5467 5480/2011/5474 5479/2010/5473
f 5473/2005/5467 5474/2007/5468 5481/1425/5475 5480/2011/5474
f 5475/2009/5469 5476/2008/5470 5483/1436/5477 5482/2012/5476
f 5476/2008/5470 5477/1428/5471 5484/2013/5478 5483/1436/5477
f 5477/1428/5471 5478/1427/5472 5485/2014/5479 5484/2013/5478
f 5478/1427/5472 5479/2010/5473 5486/2015/5480 5485/2014/5479
f 5479/2010/5473 5480/2011/5474 5487/1431/5481 5486/2015/5480
f 5480/2011/5474 5481/1425/5475 5488/2016/5482 5487/1431/5481
f 5482/2012/5476 5483/1436/5477 5490/1443/5484 5489/2017/5483
f 5483/1436/5477 5484/2013/5478 5491/2018/5485 5490/1443/5484
f 5484/2013/5478 5485/2014/5479 5492/2019/5486 5491/2018/5485
f 5485/2014/5479 5486/2015/5480 5493/1440/5487 5492/2019/5486
f 5486/2015/5480 5487/1431/5481 5494/2020/5488 5493/1440/5487
f 5487/1431/5481 5488/2016/5482 5495/2021/5489 5494/2020/5488
f 5489/2017/5483 5490/1443/5484 5497/2022/5491 5496/2023/5490
f 5490/1443/5484 5491/2018/5485 5498/2024/5492 5497/2022/5491
f 5491/2018/5485 5492/2019/5486 5499/1448/5493 5498/2024/5492
f 5492/2019/5486 5493/1440/5487 5500/2025/5494 5499/1448/5493
f 5493/1440/5487 5494/2020/5488 5501/1445/5495 5500/2025/5494
f 5494/2020/5488 5495/2021/5489 5502/2026/5496 5501/1445/5495
f 5496/2023/5490 5497/2022/5491 5504/2027/5498 5503/2028/5497
f 5497/2022/5491 5498/2024/5492 5505/1456/5499 5504/2027/5498
f 5498/2024/5492 5499/1448/5493 5506/1455/5500 5505/1456/5499
f 5499/1448/5493 5500/2025/5494 5507/2029/5501 5506/1455/5500
f 5500/2025/5494 5501/1445/5495 5508/2030/5502 5507/2029/5501
f 5501/1445/5495 5502/2026/5496 5509/1453/5503 5508/2030/5502
f 96/883/96 1414/881/1414 5461/1996/5455 1268/1990/1268
f 1414/881/1414 1413/741/1413 5462/1997/5456 5461/1996/5455
f 1413/741/1413 1412/743/1412 5463/2000/5457 5462/1997/5456
f 1412/743/1412 1411/735/1411 5464/1416/5458 5463/2000/5457
f 1411/735/1411 1410/1006/1410 5465/2002/5459 5464/1416/5458
f 1410/1006/1410 1409/738/1409 5466/2004/5460 5465/2002/5459
f 1409/738/1409 1408/739/1408 5467/2006/5461 5466/2004/5460
f 1408/739/1408 98/59/98 1400/750/1400 5467/2006/5461
f 5467/2006/5461 1400/750/1400 1399/750/1399 5474/2007/5468
f 5474/2007/5468 1399/750/1399 1398/59/1398 5481/1425/5475
f 5481/1425/5475 1398/59/1398 1397/750/1397 5488/2016/5482
f 5488/2016/5482 1397/750/1397 1396/750/1396 5495/2021/5489
f 5495/2021/5489 1396/750/1396 1395/750/1395 5502/2026/5496
f 5502/2026/5496 1395/750/1395 1394/750/1394 5509/1453/5503
f 5509/1453/5503 1394/750/1394 81/59/81 1191/1882/1191
f 5508/2030/5502 5509/1453/5503 1191/1882/1191 1192/1881/1192
f 5507/2029/5501 5508/2030/5502 1192/1881/1192 1193/1470/1193
f 5506/1455/5500 5507/2029/5501 1193/1470/1193 1194/1880/1194
f 5505/1456/5499 5506/1455/5500 1194/1880/1194 1195/1879/1195
f 5504/2027/5498 5505/1456/5499 1195/1879/1195 1196/1878/1196
f 5503/2028/5497 5504/2027/5498 1196/1878/1196 1197/1876/1197
f 1274/1995/1274 5503/2028/5497 1197/1876/1197 82/1875/82
f 1273/1994/1273 5496/2023/5490 5503/2028/5497 1274/1995/1274
f 1272/1993/1272 5489/2017/5483 5496/2023/5490 1273/1994/1273
f 1271/1992/1271 5482/2012/5476 5489/2017/5483 1272/1993/1272
f 1270/1461/1270 5475/2009/5469 5482/2012/5476 1271/1992/1271
f 1269/1991/1269 5468/1999/5462 5475/2009/5469 1270/1461/1270
f 1268/1990/1268 5461/1996/5455 5468/1999/5462 1269/1991/1269
f 5510/1343/5504 5511/1343/5505 5518/1342/5512 5517/772/5511
f 5511/1343/5505 5512/283/5506 5519/1344/5513 5518/1342/5512
f 5512/283/5506 5513/1342/5507 5520/773/5514 5519/1344/5513
f 5513/1342/5507 5514/1342/5508 5521/772/5515 5520/773/5514
f 5514/1342/5508 5515/773/5509 5522/773/5516 5521/772/5515
f 5515/773/5509 5516/773/5510 5523/772/5517 5522/773/5516
f 5517/772/5511 5518/1342/5512 5525/772/5519 5524/772/5518
f 5518/1342/5512 5519/1344/5513 5526/772/5520 5525/772/5519
f 5519/1344/5513 5520/773/5514 5527/1342/5521 5526/772/5520
f 5520/773/5514 5521/772/5515 5528/1342/5522 5527/1342/5521
f 5521/772/5515 5522/773/5516 5529/1342/5523 5528/1342/5522
f 5522/773/5516 5523/772/5517 5530/1343/5524 5529/1342/5523
f 5524/772/5518 5525/772/5519 5532/773/5526 5531/772/5525
f 5525/772/5519 5526/772/5520 5533/772/5527 5532/773/5526
f 5526/772/5520 5527/1342/5521 5534/773/5528 5533/772/5527
f 5527/1342/5521 5528/1342/5522 5535/772/5529 5534/773/5528
f 5528/1342/5522 5529/1342/5523 5536/773/5530 5535/772/5529
f 5529/1342/5523 5530/1343/5524 5537/772/5531 5536/773/5530
f 5531/772/5525 5532/773/5526 5539/1342/5533 5538/1342/5532
f 5532/773/5526 5533/772/5527 5540/1342/5534 5539/1342/5533
f 5533/772/5527 5534/773/5528 5541/1342/5535 5540/1342/5534
f 5534/773/5528 5535/772/5529 5542/1342/5536 5541/1342/5535
f 5535/772/5529 5536/773/5530 5543/1342/5537 5542/1342/5536
f 5536/773/5530 5537/772/5531 5544/1343/5538 5543/1342/5537
f 5538/1342/5532 5539/1342/5533 5546/773/5540 5545/773/5539
f 5539/1342/5533 5540/1342/5534 5547/772/5541 5546/773/5540
f 5540/1342/5534 5541/1342/5535 5548/773/5542 5547/772/5541
f 5541/1342/5535 5542/1342/5536 5549/772/5543 5548/773/5542
f 5542/1342/5536 5543/1342/5537 5550/773/5544 5549/772/5543
f 5543/1342/5537 5544/1343/5538 5551/773/5545 5550/773/5544
f 5545/773/5539 5546/773/5540 5553/772/5547 5552/773/5546
f 5546/773/5540 5547/772/5541 5554/283/5548 5553/772/5547
f 5547/772/5541 5548/773/5542 5555/772/5549 5554/283/5548
f 5548/773/5542 5549/772/5543 5556/283/5550 5555/772/5549
f 5549/772/5543 5550/773/5544 5557/773/5551 5556/283/5550
f 5550/773/5544 5551/773/5545 5558/773/5552 5557/773/5551
f 94/773/94 1407/1345/1407 5510/1343/5504 1247/1343/1247
f 1407/1345/1407 1406/772/1406 5511/1343/5505 5510/1343/5504
f 1406/772/1406 1405/773/1405 5512/283/5506 5511/1343/5505
f 1405/773/1405 1404/773/1404 5513/1342/5507 5512/283/5506
f 1404/773/1404 1403/772/1403 5514/1342/5508 5513/1342/5507
f 1403/772/1403 1402/773/1402 5515/773/5509 5514/1342/5508
f 1402/773/1402 1401/1342/1401 5516/773/5510 5515/773/5509
f 1401/1342/1401 97/283/97 1393/772/1393 5516/773/5510
f 5516/773/5510 1393/772/1393 1392/772/1392 5523/772/5517
f 5523/772/5517 1392/772/1392 1391/772/1391 5530/1343/5524
f 5530/1343/5524 1391/772/1391 1390/772/1390 5537/772/5531
f 5537/772/5531 1390/772/1390 1389/772/1389 5544/1343/5538
f 5544/1343/5538 1389/772/1389 1388/772/1388 5551/773/5545
f 5551/773/5545 1388/772/1388 1387/772/1387 5558/773/5552
f 5558/773/5552 1387/772/1387 85/772/85 1232/772/1232
f 5557/773/5551 5558/773/5552 1232/772/1232 1231/772/1231
f 5556/283/5550 5557/773/5551 1231/772/1231 1230/772/1230
f 5555/772/5549 5556/283/5550 1230/772/1230 1229/772/1229
f 5554/283/5548 5555/772/5549 1229/772/1229 1228/772/1228
f 5553/772/5547 5554/283/5548 1228/772/1228 1227/772/1227
f 5552/773/5546 5553/772/5547 1227/772/1227 1226/772/1226
f 1253/1342/1253 5552/773/5546 1226/772/1226 83/283/83
f 1252/773/1252 5545/773/5539 5552/773/5546 1253/1342/1253
f 1251/1342/1251 5538/1342/5532 5545/773/5539 1252/773/1252
f 1250/773/1250 5531/772/5525 5538/1342/5532 1251/1342/1251
f 1249/773/1249 5524/772/5518 5531/772/5525 1250/773/1250
f 1248/1342/1248 5517/772/5511 5524/772/5518 1249/773/1249
f 1247/1343/1247 5510/1343/5504 5517/772/5511 1248/1342/1248
f 5559/2031/5553 5560/2032/5554 5567/2033/5561 5566/2034/5560
f 5560/2032/5554 5561/2035/5555 5568/2036/5562 5567/2033/5561
f 5561/2035/5555 5562/2037/5556 5569/2038/5563 5568/2036/5562
f 5562/2037/5556 5563/2039/5557 5570/2040/5564 5569/2038/5563
f 5563/2039/5557 5564/2041/5558 5571/2042/5565 5570/2040/5564
f 5564/2041/5558 5565/2043/5559 5572/2044/5566 5571/2042/5565
f 5566/2034/5560 5567/2033/5561 5574/2045/5568 5573/2046/5567
f 5567/2033/5561 5568/2036/5562 5575/2047/5569 5574/2045/5568
f 5568/2036/5562 5569/2038/5563 5576/2048/5570 5575/2047/5569
f 5569/2038/5563 5570/2040/5564 5577/2049/5571 5576/2048/5570
f 5570/2040/5564 5571/2042/5565 5578/2050/5572 5577/2049/5571
f 5571/2042/5565 5572/2044/5566 5579/2051/5573 5578/2050/5572
f 5573/2046/5567 5574/2045/5568 5581/2052/5575 5580/2053/5574
f 5574/2045/5568 5575/2047/5569 5582/2054/5576 5581/2052/5575
f 5575/2047/5569 5576/2048/5570 5583/2055/5577 5582/2054/5576
f 5576/2048/5570 5577/2049/5571 5584/2056/5578 5583/2055/5577
f 5577/2049/5571 5578/2050/5572 5585/2057/5579 5584/2056/5578
f 5578/2050/5572 5579/2051/5573 5586/2058/5580 5585/2057/5579
f 5580/2053/5574 5581/2052/5575 5588/2059/5582 5587/2060/5581
f 5581/2052/5575 5582/2054/5576 5589/2061/5583 5588/2059/5582
f 5582/2054/5576 5583/2055/5577 5590/2062/5584 5589/2061/5583
f 5583/2055/5577 5584/2056/5578 5591/2063/5585 5590/2062/5584
f 5584/2056/5578 5585/2057/5579 5592/2064/5586 5591/2063/5585
f 5585/2057/5579 5586/2058/5580 5593/2065/5587 5592/2064/5586
f 5587/2060/5581 5588/2059/5582 5595/2066/5589 5594/2067/5588
f 5588/2059/5582 5589/2061/5583 5596/2068/5590 5595/2066/5589
f 5589/2061/5583 5590/2062/5584 5597/2069/5591 5596/2068/5590
f 5590/2062/5584 5591/2063/5585 5598/2070/5592 5597/2069/5591
f 5591/2063/5585 5592/2064/5586 5599/2071/5593 5598/2070/5592
f 5592/2064/5586 5593/2065/5587 5600/2072/5594 5599/2071/5593
f 5594/2067/5588 5595/2066/5589 5602/2073/5596 5601/2074/5595
f 5595/2066/5589 5596/2068/5590 5603/2075/5597 5602/2073/5596
f 5596/2068/5590 5597/2069/5591 5604/2076/5598 5603/2075/5597
f 5597/2069/5591 5598/2070/5592 5605/2077/5599 5604/2076/5598
f 5598/2070/5592 5599/2071/5593 5606/2078/5600 5605/2077/5599
f 5599/2071/5593 5600/2072/5594 5607/2079/5601 5606/2078/5600
f 76/1404/76 1163/1771/1163 5559/2031/5553 1289/2080/1289
f 1163/1771/1163 1164/1405/1164 5560/2032/5554 5559/2031/5553
f 1164/1405/1164 1165/1778/1165 5561/2035/5555 5560/2032/5554
f 1165/1778/1165 1166/1407/1166 5562/2037/5556 5561/2035/5555
f 1166/1407/1166 1167/1777/1167 5563/2039/5557 5562/2037/5556
f 1167/1777/1167 1168/1776/1168 5564/2041/5558 5563/2039/5557
f 1168/1776/1168 1169/1775/1169 5565/2043/5559 5564/2041/5558
f 1169/1775/1169 80/283/80 1246/772/1246 5565/2043/5559
f 5565/2043/5559 1246/772/1246 1245/772/1245 5572/2044/5566
f 5572/2044/5566 1245/772/1245 1244/772/1244 5579/2051/5573
f 5579/2051/5573 1244/772/1244 1243/772/1243 5586/2058/5580
f 5586/2058/5580 1243/772/1243 1242/772/1242 5593/2065/5587
f 5593/2065/5587 1242/772/1242 1241/772/1241 5600/2072/5594
f 5600/2072/5594 1241/772/1241 1240/773/1240 5607/2079/5601
f 5607/2079/5601 1240/773/1240 88/283/88 1317/2081/1317
f 5606/2078/5600 5607/2079/5601 1317/2081/1317 1318/773/1318
f 5605/2077/5599 5606/2078/5600 1318/773/1318 1319/772/1319
f 5604/2076/5598 5605/2077/5599 1319/772/1319 1320/773/1320
f 5603/2075/5597 5604/2076/5598 1320/773/1320 1321/773/1321
f 5602/2073/5596 5603/2075/5597 1321/773/1321 1322/772/1322
f 5601/2074/5595 5602/2073/5596 1322/772/1322 1323/1345/1323
f 1295/2082/1295 5601/2074/5595 1323/1345/1323 89/773/89
f 1294/2083/1294 5594/2067/5588 5601/2074/5595 1295/2082/1295
f 1293/2084/1293 5587/2060/5581 5594/2067/5588 1294/2083/1294
f 1292/2085/1292 5580/2053/5574 5587/2060/5581 1293/2084/1293
f 1291/2086/1291 5573/2046/5567 5580/2053/5574 1292/2085/1292
f 1290/2087/1290 5566/2034/5560 5573/2046/5567 1291/2086/1291
f 1289/2080/1289 5559/2031/5553 5566/2034/5560 1290/2087/1290
f 5608/881/5602 5609/997/5603 5616/998/5610 5615/999/5609
f 5609/997/5603 5610/743/5604 5617/743/5611 5616/998/5610
f 5610/743/5604 5611/734/5605 5618/735/5612 5617/743/5611
f 5611/734/5605 5612/1000/5606 5619/737/5613 5618/735/5612
f 5612/1000/5606 5613/738/5607 5620/738/5614 5619/737/5613
f 5613/738/5607 5614/739/5608 5621/740/5615 5620/738/5614
f 5615/999/5609 5616/998/5610 5623/997/5617 5622/1001/5616
f 5616/998/5610 5617/743/5611 5624/1002/5618 5623/997/5617
f 5617/743/5611 5618/735/5612 5625/734/5619 5624/1002/5618
f 5618/735/5612 5619/737/5613 5626/736/5620 5625/734/5619
f 5619/737/5613 5620/738/5614 5627/744/5621 5626/736/5620
f 5620/738/5614 5621/740/5615 5628/745/5622 5627/744/5621
f 5622/1001/5616 5623/997/5617 5630/741/5624 5629/999/5623
f 5623/997/5617 5624/1002/5618 5631/743/5625 5630/741/5624
f 5624/1002/5618 5625/734/5619 5632/735/5626 5631/743/5625
f 5625/734/5619 5626/736/5620 5633/737/5627 5632/735/5626
f 5626/736/5620 5627/744/5621 5634/738/5628 5633/737/5627
f 5627/744/5621 5628/745/5622 5635/740/5629 5634/738/5628
f 5629/999/5623 5630/741/5624 5637/730/5631 5636/1001/5630
f 5630/741/5624 5631/743/5625 5638/2088/5632 5637/730/5631
f 5631/743/5625 5632/735/5626 5639/734/5633 5638/2088/5632
f 5632/735/5626 5633/737/5627 5640/2089/5634 5639/734/5633
f 5633/737/5627 5634/738/5628 5641/2090/5635 5640/2089/5634
f 5634/738/5628 5635/740/5629 5642/2091/5636 5641/2090/5635
f 5636/1001/5630 5637/730/5631 5644/746/5638 5643/731/5637
f 5637/730/5631 5638/2088/5632 5645/2092/5639 5644/746/5638
f 5638/2088/5632 5639/734/5633 5646/2093/5640 5645/2092/5639
f 5639/734/5633 5640/2089/5634 5647/1000/5641 5646/2093/5640
f 5640/2089/5634 5641/2090/5635 5648/2090/5642 5647/1000/5641
f 5641/2090/5635 5642/2091/5636 5649/1003/5643 5648/2090/5642
f 5643/731/5637 5644/746/5638 5651/2094/5645 5650/731/5644
f 5644/746/5638 5645/2092/5639 5652/2088/5646 5651/2094/5645
f 5645/2092/5639 5646/2093/5640 5653/734/5647 5652/2088/5646
f 5646/2093/5640 5647/1000/5641 5654/2089/5648 5653/734/5647
f 5647/1000/5641 5648/2090/5642 5655/2090/5649 5654/2089/5648
f 5648/2090/5642 5649/1003/5643 5656/2095/5650 5655/2090/5649
f 69/883/69 1043/881/1043 5608/881/5602 1310/417/1310
f 1043/881/1043 1042/741/1042 5609/997/5603 5608/881/5602
f 1042/741/1042 1041/743/1041 5610/743/5604 5609/997/5603
f 1041/743/1041 1040/735/1040 5611/734/5605 5610/743/5604
f 1040/735/1040 1039/880/1039 5612/1000/5606 5611/734/5605
f 1039/880/1039 1038/738/1038 5613/738/5607 5612/1000/5606
f 1038/738/1038 1037/739/1037 5614/739/5608 5613/738/5607
f 1037/739/1037 72/750/72 1260/750/1260 5614/739/5608
f 5614/739/5608 1260/750/1260 1259/750/1259 5621/740/5615
f 5621/740/5615 1259/750/1259 1258/750/1258 5628/745/5622
f 5628/745/5622 1258/750/1258 1257/750/1257 5635/740/5629
f 5635/740/5629 1257/750/1257 1256/59/1256 5642/2091/5636
f 5642/2091/5636 1256/59/1256 1255/750/1255 5649/1003/5643
f 5649/1003/5643 1255/750/1255 1254/59/1254 5656/2095/5650
f 5656/2095/5650 1254/59/1254 90/2096/90 1324/2091/1324
f 5655/2090/5649 5656/2095/5650 1324/2091/1324 1325/2097/1325
f 5654/2089/5648 5655/2090/5649 1325/2097/1325 1326/1000/1326
f 5653/734/5647 5654/2089/5648 1326/1000/1326 1327/2093/1327
f 5652/2088/5646 5653/734/5647 1327/2093/1327 1328/2092/1328
f 5651/2094/5645 5652/2088/5646 1328/2092/1328 1329/2098/1329
f 5650/731/5644 5651/2094/5645 1329/2098/1329 1330/731/1330
f 1316/418/1316 5650/731/5644 1330/731/1330 92/2099/92
f 1315/418/1315 5643/731/5637 5650/731/5644 1316/418/1316
f 1314/417/1314 5636/1001/5630 5643/731/5637 1315/418/1315
f 1313/417/1313 5629/999/5623 5636/1001/5630 1314/417/1314
f 1312/417/1312 5622/1001/5616 5629/999/5623 1313/417/1313
f 1311/417/1311 5615/999/5609 5622/1001/5616 1312/417/1312
f 1310/417/1310 5608/881/5602 5615/999/5609 1311/417/1311
f 5657/2100/5651 5658/2101/5652 5665/2102/5659 5664/2103/5658
f 5658/2101/5652 5659/2104/5653 5666/2105/5660 5665/2102/5659
f 5659/2104/5653 5660/2106/5654 5667/2107/5661 5666/2105/5660
f 5660/2106/5654 5661/2108/5655 5668/2109/5662 5667/2107/5661
f 5661/2108/5655 5662/2110/5656 5669/2111/5663 5668/2109/5662
f 5662/2110/5656 5663/2112/5657 5670/2113/5664 5669/2111/5663
f 5664/2103/5658 5665/2102/5659 5672/2114/5666 5671/2115/5665
f 5665/2102/5659 5666/2105/5660 5673/2116/5667 5672/2114/5666
f 5666/2105/5660 5667/2107/5661 5674/2117/5668 5673/2116/5667
f 5667/2107/5661 5668/2109/5662 5675/2118/5669 5674/2117/5668
f 5668/2109/5662 5669/2111/5663 5676/2119/5670 5675/2118/5669
f 5669/2111/5663 5670/2113/5664 5677/2120/5671 5676/2119/5670
f 5671/2115/5665 5672/2114/5666 5679/2121/5673 5678/2122/5672
f 5672/2114/5666 5673/2116/5667 5680/2123/5674 5679/2121/5673
f 5673/2116/5667 5674/2117/5668 5681/2124/5675 5680/2123/5674
f 5674/2117/5668 5675/2118/5669 5682/2125/5676 5681/2124/5675
f 5675/2118/5669 5676/2119/5670 5683/2126/5677 5682/2125/5676
f 5676/2119/5670 5677/2120/5671 5684/2127/5678 5683/2126/5677
f 5678/2122/5672 5679/2121/5673 5686/2128/5680 5685/2129/5679
f 5679/2121/5673 5680/2123/5674 5687/2130/5681 5686/2128/5680
f 5680/2123/5674 5681/2124/5675 5688/2131/5682 5687/2130/5681
f 5681/2124/5675 5682/2125/5676 5689/2132/5683 5688/2131/5682
f 5682/2125/5676 5683/2126/5677 5690/2133/5684 5689/2132/5683
f 5683/2126/5677 5684/2127/5678 5691/2134/5685 5690/2133/5684
f 5685/2129/5679 5686/2128/5680 5693/2135/5687 5692/2136/5686
f 5686/2128/5680 5687/2130/5681 5694/2137/5688 5693/2135/5687
f 5687/2130/5681 5688/2131/5682 5695/2138/5689 5694/2137/5688
f 5688/2131/5682 5689/2132/5683 5696/2139/5690 5695/2138/5689
f 5689/2132/5683 5690/2133/5684 5697/2140/5691 5696/2139/5690
f 5690/2133/5684 5691/2134/5685 5698/2141/5692 5697/2140/5691
f 5692/2136/5686 5693/2135/5687 5700/2142/5694 5699/2143/5693
f 5693/2135/5687 5694/2137/5688 5701/2144/5695 5700/2142/5694
f 5694/2137/5688 5695/2138/5689 5702/2145/5696 5701/2144/5695
f 5695/2138/5689 5696/2139/5690 5703/2146/5697 5702/2145/5696
f 5696/2139/5690 5697/2140/5691 5704/2147/5698 5703/2146/5697
f 5697/2140/5691 5698/2141/5692 5705/2148/5699 5704/2147/5698
f 73/1529/73 1128/1528/1128 5657/2100/5651 1303/2149/1303
f 1128/1528/1128 1129/1527/1129 5658/2101/5652 5657/2100/5651
f 1129/1527/1129 1130/1526/1130 5659/2104/5653 5658/2101/5652
f 1130/1526/1130 1131/1525/1131 5660/2106/5654 5659/2104/5653
f 1131/1525/1131 1132/1524/1132 5661/2108/5655 5660/2106/5654
f 1132/1524/1132 1133/1523/1133 5662/2110/5656 5661/2108/5655
f 1133/1523/1133 1134/1522/1134 5663/2112/5657 5662/2110/5656
f 1134/1522/1134 69/883/69 1310/417/1310 5663/2112/5657
f 5663/2112/5657 1310/417/1310 1311/417/1311 5670/2113/5664
f 5670/2113/5664 1311/417/1311 1312/417/1312 5677/2120/5671
f 5677/2120/5671 1312/417/1312 1313/417/1313 5684/2127/5678
f 5684/2127/5678 1313/417/1313 1314/417/1314 5691/2134/5685
f 5691/2134/5685 1314/417/1314 1315/418/1315 5698/2141/5692
f 5698/2141/5692 1315/418/1315 1316/418/1316 5705/2148/5699
f 5705/2148/5699 1316/418/1316 92/2099/92 1331/420/1331
f 5704/2147/5698 5705/2148/5699 1331/420/1331 1332/418/1332
f 5703/2146/5697 5704/2147/5698 1332/418/1332 1333/417/1333
f 5702/2145/5696 5703/2146/5697 1333/417/1333 1334/418/1334
f 5701/2144/5695 5702/2145/5696 1334/418/1334 1335/418/1335
f 5700/2142/5694 5701/2144/5695 1335/418/1335 1336/417/1336
f 5699/2143/5693 5700/2142/5694 1336/417/1336 1337/2150/1337
f 1309/2151/1309 5699/2143/5693 1337/2150/1337 91/418/91
f 1308/2152/1308 5692/2136/5686 5699/2143/5693 1309/2151/1309
f 1307/2153/1307 5685/2129/5679 5692/2136/5686 1308/2152/1308
f 1306/2154/1306 5678/2122/5672 5685/2129/5679 1307/2153/1307
f 1305/2155/1305 5671/2115/5665 5678/2122/5672 1306/2154/1306
f 1304/2156/1304 5664/2103/5658 5671/2115/5665 1305/2155/1305
f 1303/2149/1303 5657/2100/5651 5664/2103/5658 1304/2156/1304
f 5706/2157/5700 5707/2158/5701 5714/2159/5708 5713/2160/5707
f 5707/2158/5701 5708/2161/5702 5715/2162/5709 5714/2159/5708
f 5708/2161/5702 5709/2163/5703 5716/2164/5710 5715/2162/5709
f 5709/2163/5703 5710/2165/5704 5717/2166/5711 5716/2164/5710
f 5710/2165/5704 5711/2167/5705 5718/2168/5712 5717/2166/5711
f 5711/2167/5705 5712/2169/5706 5719/2170/5713 5718/2168/5712
f 5713/2160/5707 5714/2159/5708 5721/2171/5715 5720/2172/5714
f 5714/2159/5708 5715/2162/5709 5722/2173/5716 5721/2171/5715
f 5715/2162/5709 5716/2164/5710 5723/2174/5717 5722/2173/5716
f 5716/2164/5710 5717/2166/5711 5724/2175/5718 5723/2174/5717
f 5717/2166/5711 5718/2168/5712 5725/2176/5719 5724/2175/5718
f 5718/2168/5712 5719/2170/5713 5726/2177/5720 5725/2176/5719
f 5720/2172/5714 5721/2171/5715 5728/2178/5722 5727/2179/5721
f 5721/2171/5715 5722/2173/5716 5729/2180/5723 5728/2178/5722
f 5722/2173/5716 5723/2174/5717 5730/2181/5724 5729/2180/5723
f 5723/2174/5717 5724/2175/5718 5731/2182/5725 5730/2181/5724
f 5724/2175/5718 5725/2176/5719 5732/2183/5726 5731/2182/5725
f 5725/2176/5719 5726/2177/5720 5733/2184/5727 5732/2183/5726
f 5727/2179/5721 5728/2178/5722 5735/2185/5729 5734/2186/5728
f 5728/2178/5722 5729/2180/5723 5736/2187/5730 5735/2185/5729
f 5729/2180/5723 5730/2181/5724 5737/2188/5731 5736/2187/5730
f 5730/2181/5724 5731/2182/5725 5738/2189/5732 5737/2188/5731
f 5731/2182/5725 5732/2183/5726 5739/2190/5733 5738/2189/5732
f 5732/2183/5726 5733/2184/5727 5740/2191/5734 5739/2190/5733
f 5734/2186/5728 5735/2185/5729 5742/2192/5736 5741/2193/5735
f 5735/2185/5729 5736/2187/5730 5743/2194/5737 5742/2192/5736
f 5736/2187/5730 5737/2188/5731 5744/2195/5738 5743/2194/5737
f 5737/2188/5731 5738/2189/5732 5745/2196/5739 5744/2195/5738
f 5738/2189/5732 5739/2190/5733 5746/2197/5740 5745/2196/5739
f 5739/2190/5733 5740/2191/5734 5747/2198/5741 5746/2197/5740
f 5741/2193/5735 5742/2192/5736 5749/2199/5743 5748/2200/5742
f 5742/2192/5736 5743/2194/5737 5750/2201/5744 5749/2199/5743
f 5743/2194/5737 5744/2195/5738 5751/2202/5745 5750/2201/5744
f 5744/2195/5738 5745/2196/5739 5752/2203/5746 5751/2202/5745
f 5745/2196/5739 5746/2197/5740 5753/2204/5747 5752/2203/5746
f 5746/2197/5740 5747/2198/5741 5754/2205/5748 5753/2204/5747
f 77/1586/77 1170/1663/1170 5706/2157/5700 1275/2206/1275
f 1170/1663/1170 1171/1662/1171 5707/2158/5701 5706/2157/5700
f 1171/1662/1171 1172/1661/1172 5708/2161/5702 5707/2158/5701
f 1172/1661/1172 1173/1525/1173 5709/2163/5703 5708/2161/5702
f 1173/1525/1173 1174/1660/1174 5710/2165/5704 5709/2163/5703
f 1174/1660/1174 1175/1527/1175 5711/2167/5705 5710/2165/5704
f 1175/1527/1175 1176/1659/1176 5712/2169/5706 5711/2167/5705
f 1176/1659/1176 73/1529/73 1303/2149/1303 5712/2169/5706
f 5712/2169/5706 1303/2149/1303 1304/2156/1304 5719/2170/5713
f 5719/2170/5713 1304/2156/1304 1305/2155/1305 5726/2177/5720
f 5726/2177/5720 1305/2155/1305 1306/2154/1306 5733/2184/5727
f 5733/2184/5727 1306/2154/1306 1307/2153/1307 5740/2191/5734
f 5740/2191/5734 1307/2153/1307 1308/2152/1308 5747/2198/5741
f 5747/2198/5741 1308/2152/1308 1309/2151/1309 5754/2205/5748
f 5754/2205/5748 1309/2151/1309 91/418/91 1338/1941/1338
f 5753/2204/5747 5754/2205/5748 1338/1941/1338 1339/1940/1339
f 5752/2203/5746 5753/2204/5747 1339/1940/1339 1340/2207/1340
f 5751/2202/5745 5752/2203/5746 1340/2207/1340 1341/1938/1341
f 5750/2201/5744 5751/2202/5745 1341/1938/1341 1342/1937/1342
f 5749/2199/5743 5750/2201/5744 1342/1937/1342 1343/1988/1343
f 5748/2200/5742 5749/2199/5743 1343/1988/1343 1344/2208/1344
f 1281/2209/1281 5748/2200/5742 1344/2208/1344 87/883/87
f 1280/2210/1280 5741/2193/5735 5748/2200/5742 1281/2209/1281
f 1279/2211/1279 5734/2186/5728 5741/2193/5735 1280/2210/1280
f 1278/731/1278 5727/2179/5721 5734/2186/5728 1279/2211/1279
f 1277/2212/1277 5720/2172/5714 5727/2179/5721 1278/731/1278
f 1276/2213/1276 5713/2160/5707 5720/2172/5714 1277/2212/1277
f 1275/2206/1275 5706/2157/5700 5713/2160/5707 1276/2213/1276
f 5755/2214/5749 5756/2215/5750 5763/2216/5757 5762/2217/5756
f 5756/2215/5750 5757/2218/5751 5764/2219/5758 5763/2216/5757
f 5757/2218/5751 5758/2220/5752 5765/2221/5759 5764/2219/5758
f 5758/2220/5752 5759/2222/5753 5766/2223/5760 5765/2221/5759
f 5759/2222/5753 5760/2224/5754 5767/2225/5761 5766/2223/5760
f 5760/2224/5754 5761/2226/5755 5768/2227/5762 5767/2225/5761
f 5762/2217/5756 5763/2216/5757 5770/2228/5764 5769/2229/5763
f 5763/2216/5757 5764/2219/5758 5771/2230/5765 5770/2228/5764
f 5764/2219/5758 5765/2221/5759 5772/2231/5766 5771/2230/5765
f 5765/2221/5759 5766/2223/5760 5773/2232/5767 5772/2231/5766
f 5766/2223/5760 5767/2225/5761 5774/2233/5768 5773/2232/5767
f 5767/2225/5761 5768/2227/5762 5775/2234/5769 5774/2233/5768
f 5769/2229/5763 5770/2228/5764 5777/2235/5771 5776/2236/5770
f 5770/2228/5764 5771/2230/5765 5778/2237/5772 5777/2235/5771
f 5771/2230/5765 5772/2231/5766 5779/2238/5773 5778/2237/5772
f 5772/2231/5766 5773/2232/5767 5780/2239/5774 5779/2238/5773
f 5773/2232/5767 5774/2233/5768 5781/2240/5775 5780/2239/5774
f 5774/2233/5768 5775/2234/5769 5782/2241/5776 5781/2240/5775
f 5776/2236/5770 5777/2235/5771 5784/2242/5778 5783/2243/5777
f 5777/2235/5771 5778/2237/5772 5785/2244/5779 5784/2242/5778
f 5778/2237/5772 5779/2238/5773 5786/2245/5780 5785/2244/5779
f 5779/2238/5773 5780/2239/5774 5787/2246/5781 5786/2245/5780
f 5780/2239/5774 5781/2240/5775 5788/2247/5782 5787/2246/5781
f 5781/2240/5775 5782/2241/5776 5789/2248/5783 5788/2247/5782
f 5783/2243/5777 5784/2242/5778 5791/2249/5785 5790/2250/5784
f 5784/2242/5778 5785/2244/5779 5792/2251/5786 5791/2249/5785
f 5785/2244/5779 5786/2245/5780 5793/2252/5787 5792/2251/5786
f 5786/2245/5780 5787/2246/5781 5794/2253/5788 5793/2252/5787
f 5787/2246/5781 5788/2247/5782 5795/2254/5789 5794/2253/5788
f 5788/2247/5782 5789/2248/5783 5796/2255/5790 5795/2254/5789
f 5790/2250/5784 5791/2249/5785 5798/2256/5792 5797/2257/5791
f 5791/2249/5785 5792/2251/5786 5799/2258/5793 5798/2256/5792
f 5792/2251/5786 5793/2252/5787 5800/2259/5794 5799/2258/5793
f 5793/2252/5787 5794/2253/5788 5801/2260/5795 5800/2259/5794
f 5794/2253/5788 5795/2254/5789 5802/2261/5796 5801/2260/5795
f 5795/2254/5789 5796/2255/5790 5803/2262/5797 5802/2261/5796
f 80/59/80 1149/1594/1149 5755/2214/5749 1246/750/1246
f 1149/1594/1149 1150/1593/1150 5756/2215/5750 5755/2214/5749
f 1150/1593/1150 1151/1592/1151 5757/2218/5751 5756/2215/5750
f 1151/1592/1151 1152/1591/1152 5758/2220/5752 5757/2218/5751
f 1152/1591/1152 1153/1590/1153 5759/2222/5753 5758/2220/5752
f 1153/1590/1153 1154/1589/1154 5760/2224/5754 5759/2222/5753
f 1154/1589/1154 1155/1587/1155 5761/2226/5755 5760/2224/5754
f 1155/1587/1155 77/1586/77 1275/2206/1275 5761/2226/5755
f 5761/2226/5755 1275/2206/1275 1276/2213/1276 5768/2227/5762
f 5768/2227/5762 1276/2213/1276 1277/2212/1277 5775/2234/5769
f 5775/2234/5769 1277/2212/1277 1278/731/1278 5782/2241/5776
f 5782/2241/5776 1278/731/1278 1279/2211/1279 5789/2248/5783
f 5789/2248/5783 1279/2211/1279 1280/2210/1280 5796/2255/5790
f 5796/2255/5790 1280/2210/1280 1281/2209/1281 5803/2262/5797
f 5803/2262/5797 1281/2209/1281 87/883/87 1345/881/1345
f 5802/2261/5796 5803/2262/5797 1345/881/1345 1346/741/1346
f 5801/2260/5795 5802/2261/5796 1346/741/1346 1347/743/1347
f 5800/2259/5794 5801/2260/5795 1347/743/1347 1348/735/1348
f 5799/2258/5793 5800/2259/5794 1348/735/1348 1349/1004/1349
f 5798/2256/5792 5799/2258/5793 1349/1004/1349 1350/738/1350
f 5797/2257/5791 5798/2256/5792 1350/738/1350 1351/739/1351
f 1240/750/1240 5797/2257/5791 1351/739/1351 88/59/88
f 1241/750/1241 5790/2250/5784 5797/2257/5791 1240/750/1240
f 1242/59/1242 5783/2243/5777 5790/2250/5784 1241/750/1241
f 1243/750/1243 5776/2236/5770 5783/2243/5777 1242/59/1242
f 1244/750/1244 5769/2229/5763 5776/2236/5770 1243/750/1243
f 1245/750/1245 5762/2217/5756 5769/2229/5763 1244/750/1244
f 1246/750/1246 5755/2214/5749 5762/2217/5756 1245/750/1245
f 5804/2263/5798 5805/2264/5799 5812/2265/5806 5811/2266/5805
f 5805/2264/5799 5806/2267/5800 5813/2040/5807 5812/2265/5806
f 5806/2267/5800 5807/2268/5801 5814/2269/5808 5813/2040/5807
f 5807/2268/5801 5808/2035/5802 5815/2270/5809 5814/2269/5808
f 5808/2035/5802 5809/2271/5803 5816/2033/5810 5815/2270/5809
f 5809/2271/5803 5810/2031/5804 5817/2272/5811 5816/2033/5810
f 5811/2266/5805 5812/2265/5806 5819/2273/5813 5818/2274/5812
f 5812/2265/5806 5813/2040/5807 5820/2275/5814 5819/2273/5813
f 5813/2040/5807 5814/2269/5808 5821/2276/5815 5820/2275/5814
f 5814/2269/5808 5815/2270/5809 5822/2047/5816 5821/2276/5815
f 5815/2270/5809 5816/2033/5810 5823/2045/5817 5822/2047/5816
f 5816/2033/5810 5817/2272/5811 5824/2277/5818 5823/2045/5817
f 5818/2274/5812 5819/2273/5813 5826/2057/5820 5825/2278/5819
f 5819/2273/5813 5820/2275/5814 5827/2056/5821 5826/2057/5820
f 5820/2275/5814 5821/2276/5815 5828/2055/5822 5827/2056/5821
f 5821/2276/5815 5822/2047/5816 5829/2279/5823 5828/2055/5822
f 5822/2047/5816 5823/2045/5817 5830/2052/5824 5829/2279/5823
f 5823/2045/5817 5824/2277/5818 5831/2280/5825 5830/2052/5824
f 5825/2278/5819 5826/2057/5820 5833/2064/5827 5832/2065/5826
f 5826/2057/5820 5827/2056/5821 5834/2281/5828 5833/2064/5827
f 5827/2056/5821 5828/2055/5822 5835/2282/5829 5834/2281/5828
f 5828/2055/5822 5829/2279/5823 5836/2283/5830 5835/2282/5829
f 5829/2279/5823 5830/2052/5824 5837/2059/5831 5836/2283/5830
f 5830/2052/5824 5831/2280/5825 5838/2284/5832 5837/2059/5831
f 5832/2065/5826 5833/2064/5827 5840/2071/5834 5839/2072/5833
f 5833/2064/5827 5834/2281/5828 5841/2070/5835 5840/2071/5834
f 5834/2281/5828 5835/2282/5829 5842/2285/5836 5841/2070/5835
f 5835/2282/5829 5836/2283/5830 5843/2286/5837 5842/2285/5836
f 5836/2283/5830 5837/2059/5831 5844/2066/5838 5843/2286/5837
f 5837/2059/5831 5838/2284/5832 5845/2287/5839 5844/2066/5838
f 5839/2072/5833 5840/2071/5834 5847/2288/5841 5846/2289/5840
f 5840/2071/5834 5841/2070/5835 5848/2077/5842 5847/2288/5841
f 5841/2070/5835 5842/2285/5836 5849/2290/5843 5848/2077/5842
f 5842/2285/5836 5843/2286/5837 5850/2075/5844 5849/2290/5843
f 5843/2286/5837 5844/2066/5838 5851/2073/5845 5850/2075/5844
f 5844/2066/5838 5845/2287/5839 5852/2074/5846 5851/2073/5845
f 72/283/72 1127/1395/1127 5804/2263/5798 1260/772/1260
f 1127/1395/1127 1126/1409/1126 5805/2264/5799 5804/2263/5798
f 1126/1409/1126 1125/1408/1125 5806/2267/5800 5805/2264/5799
f 1125/1408/1125 1124/1407/1124 5807/2268/5801 5806/2267/5800
f 1124/1407/1124 1123/1406/1123 5808/2035/5802 5807/2268/5801
f 1123/1406/1123 1122/1405/1122 5809/2271/5803 5808/2035/5802
f 1122/1405/1122 1121/1403/1121 5810/2031/5804 5809/2271/5803
f 1121/1403/1121 76/1404/76 1289/2080/1289 5810/2031/5804
f 5810/2031/5804 1289/2080/1289 1290/2087/1290 5817/2272/5811
f 5817/2272/5811 1290/2087/1290 1291/2086/1291 5824/2277/5818
f 5824/2277/5818 1291/2086/1291 1292/2085/1292 5831/2280/5825
f 5831/2280/5825 1292/2085/1292 1293/2084/1293 5838/2284/5832
f 5838/2284/5832 1293/2084/1293 1294/2083/1294 5845/2287/5839
f 5845/2287/5839 1294/2083/1294 1295/2082/1295 5852/2074/5846
f 5852/2074/5846 1295/2082/1295 89/773/89 1352/773/1352
f 5851/2073/5845 5852/2074/5846 1352/773/1352 1353/772/1353
f 5850/2075/5844 5851/2073/5845 1353/772/1353 1354/1345/1354
f 5849/2290/5843 5850/2075/5844 1354/1345/1354 1355/773/1355
f 5848/2077/5842 5849/2290/5843 1355/773/1355 1356/772/1356
f 5847/2288/5841 5848/2077/5842 1356/772/1356 1357/773/1357
f 5846/2289/5840 5847/2288/5841 1357/773/1357 1358/773/1358
f 1254/773/1254 5846/2289/5840 1358/773/1358 90/283/90
f 1255/772/1255 5839/2072/5833 5846/2289/5840 1254/773/1254
f 1256/772/1256 5832/2065/5826 5839/2072/5833 1255/772/1255
f 1257/772/1257 5825/2278/5819 5832/2065/5826 1256/772/1256
f 1258/772/1258 5818/2274/5812 5825/2278/5819 1257/772/1257
f 1259/772/1259 5811/2266/5805 5818/2274/5812 1258/772/1258
f 1260/772/1260 5804/2263/5798 5811/2266/5805 1259/772/1259
f 5853/1343/5847 5854/1343/5848 5861/1342/5855 5860/772/5854
f 5854/1343/5848 5855/283/5849 5862/1344/5856 5861/1342/5855
f 5855/283/5849 5856/1342/5850 5863/773/5857 5862/1344/5856
f 5856/1342/5850 5857/1342/5851 5864/772/5858 5863/773/5857
f 5857/1342/5851 5858/773/5852 5865/773/5859 5864/772/5858
f 5858/773/5852 5859/773/5853 5866/772/5860 5865/773/5859
f 5860/772/5854 5861/1342/5855 5868/772/5862 5867/772/5861
f 5861/1342/5855 5862/1344/5856 5869/772/5863 5868/772/5862
f 5862/1344/5856 5863/773/5857 5870/1342/5864 5869/772/5863
f 5863/773/5857 5864/772/5858 5871/1342/5865 5870/1342/5864
f 5864/772/5858 5865/773/5859 5872/1342/5866 5871/1342/5865
f 5865/773/5859 5866/772/5860 5873/1343/5867 5872/1342/5866
f 5867/772/5861 5868/772/5862 5875/772/5869 5874/1345/5868
f 5868/772/5862 5869/772/5863 5876/773/5870 5875/772/5869
f 5869/772/5863 5870/1342/5864 5877/773/5871 5876/773/5870
f 5870/1342/5864 5871/1342/5865 5878/772/5872 5877/773/5871
f 5871/1342/5865 5872/1342/5866 5879/773/5873 5878/772/5872
f 5872/1342/5866 5873/1343/5867 5880/772/5874 5879/773/5873
f 5874/1345/5868 5875/772/5869 5882/1343/5876 5881/1343/5875
f 5875/772/5869 5876/773/5870 5883/283/5877 5882/1343/5876
f 5876/773/5870 5877/773/5871 5884/1342/5878 5883/283/5877
f 5877/773/5871 5878/772/5872 5885/1342/5879 5884/1342/5878
f 5878/772/5872 5879/773/5873 5886/1342/5880 5885/1342/5879
f 5879/773/5873 5880/772/5874 5887/1343/5881 5886/1342/5880
f 5881/1343/5875 5882/1343/5876 5889/1342/5883 5888/772/5882
f 5882/1343/5876 5883/283/5877 5890/1344/5884 5889/1342/5883
f 5883/283/5877 5884/1342/5878 5891/773/5885 5890/1344/5884
f 5884/1342/5878 5885/1342/5879 5892/772/5886 5891/773/5885
f 5885/1342/5879 5886/1342/5880 5893/773/5887 5892/772/5886
f 5886/1342/5880 5887/1343/5881 5894/773/5888 5893/773/5887
f 5888/772/5882 5889/1342/5883 5896/772/5890 5895/772/5889
f 5889/1342/5883 5890/1344/5884 5897/772/5891 5896/772/5890
f 5890/1344/5884 5891/773/5885 5898/1342/5892 5897/772/5891
f 5891/773/5885 5892/772/5886 5899/1342/5893 5898/1342/5892
f 5892/772/5886 5893/773/5887 5900/773/5894 5899/1342/5893
f 5893/773/5887 5894/773/5888 5901/1343/5895 5900/773/5894
f 89/773/89 1323/1345/1323 5853/1343/5847 1366/1343/1366
f 1323/1345/1323 1322/772/1322 5854/1343/5848 5853/1343/5847
f 1322/772/1322 1321/773/1321 5855/283/5849 5854/1343/5848
f 1321/773/1321 1320/773/1320 5856/1342/5850 5855/283/5849
f 1320/773/1320 1319/772/1319 5857/1342/5851 5856/1342/5850
f 1319/772/1319 1318/773/1318 5858/773/5852 5857/1342/5851
f 1318/773/1318 1317/2081/1317 5859/773/5853 5858/773/5852
f 1317/2081/1317 88/283/88 1288/772/1288 5859/773/5853
f 5859/773/5853 1288/772/1288 1287/772/1287 5866/772/5860
f 5866/772/5860 1287/772/1287 1286/772/1286 5873/1343/5867
f 5873/1343/5867 1286/772/1286 1285/772/1285 5880/772/5874
f 5880/772/5874 1285/772/1285 1284/772/1284 5887/1343/5881
f 5887/1343/5881 1284/772/1284 1283/772/1283 5894/773/5888
f 5894/773/5888 1283/772/1283 1282/773/1282 5901/1343/5895
f 5901/1343/5895 1282/773/1282 97/283/97 1401/1342/1401
f 5900/773/5894 5901/1343/5895 1401/1342/1401 1402/773/1402
f 5899/1342/5893 5900/773/5894 1402/773/1402 1403/772/1403
f 5898/1342/5892 5899/1342/5893 1403/772/1403 1404/773/1404
f 5897/772/5891 5898/1342/5892 1404/773/1404 1405/773/1405
f 5896/772/5890 5897/772/5891 1405/773/1405 1406/772/1406
f 5895/772/5889 5896/772/5890 1406/772/1406 1407/1345/1407
f 1372/773/1372 5895/772/5889 1407/1345/1407 94/773/94
f 1371/1342/1371 5888/772/5882 5895/772/5889 1372/773/1372
f 1370/1343/1370 5881/1343/5875 5888/772/5882 1371/1342/1371
f 1369/773/1369 5874/1345/5868 5881/1343/5875 1370/1343/1370
f 1368/773/1368 5867/772/5861 5874/1345/5868 1369/773/1369
f 1367/1342/1367 5860/772/5854 5867/772/5861 1368/773/1368
f 1366/1343/1366 5853/1343/5847 5860/772/5854 1367/1342/1367
f 5902/731/5896 5903/2094/5897 5910/746/5904 5909/1273/5903
f 5903/2094/5897 5904/2088/5898 5911/2092/5905 5910/746/5904
f 5904/2088/5898 5905/735/5899 5912/2291/5906 5911/2092/5905
f 5905/735/5899 5906/2089/5900 5913/1000/5907 5912/2291/5906
f 5906/2089/5900 5907/2292/5901 5914/1005/5908 5913/1000/5907
f 5907/2292/5901 5908/1003/5902 5915/740/5909 5914/1005/5908
f 5909/1273/5903 5910/746/5904 5917/730/5911 5916/2293/5910
f 5910/746/5904 5911/2092/5905 5918/1002/5912 5917/730/5911
f 5911/2092/5905 5912/2291/5906 5919/734/5913 5918/1002/5912
f 5912/2291/5906 5913/1000/5907 5920/2089/5914 5919/734/5913
f 5913/1000/5907 5914/1005/5908 5921/2292/5915 5920/2089/5914
f 5914/1005/5908 5915/740/5909 5922/745/5916 5921/2292/5915
f 5916/2293/5910 5917/730/5911 5924/746/5918 5923/1273/5917
f 5917/730/5911 5918/1002/5912 5925/743/5919 5924/746/5918
f 5918/1002/5912 5919/734/5913 5926/735/5920 5925/743/5919
f 5919/734/5913 5920/2089/5914 5927/737/5921 5926/735/5920
f 5920/2089/5914 5921/2292/5915 5928/1005/5922 5927/737/5921
f 5921/2292/5915 5922/745/5916 5929/740/5923 5928/1005/5922
f 5923/1273/5917 5924/746/5918 5931/997/5925 5930/1001/5924
f 5924/746/5918 5925/743/5919 5932/1002/5926 5931/997/5925
f 5925/743/5919 5926/735/5920 5933/735/5927 5932/1002/5926
f 5926/735/5920 5927/737/5921 5934/736/5928 5933/735/5927
f 5927/737/5921 5928/1005/5922 5935/738/5929 5934/736/5928
f 5928/1005/5922 5929/740/5923 5936/1003/5930 5935/738/5929
f 5930/1001/5924 5931/997/5925 5938/998/5932 5937/881/5931
f 5931/997/5925 5932/1002/5926 5939/743/5933 5938/998/5932
f 5932/1002/5926 5933/735/5927 5940/2294/5934 5939/743/5933
f 5933/735/5927 5934/736/5928 5941/737/5935 5940/2294/5934
f 5934/736/5928 5935/738/5929 5942/1005/5936 5941/737/5935
f 5935/738/5929 5936/1003/5930 5943/1003/5937 5942/1005/5936
f 5937/881/5931 5938/998/5932 5945/746/5939 5944/881/5938
f 5938/998/5932 5939/743/5933 5946/732/5940 5945/746/5939
f 5939/743/5933 5940/2294/5934 5947/735/5941 5946/732/5940
f 5940/2294/5934 5941/737/5935 5948/1004/5942 5947/735/5941
f 5941/737/5935 5942/1005/5936 5949/1005/5943 5948/1004/5942
f 5942/1005/5936 5943/1003/5937 5950/1003/5944 5949/1005/5943
f 92/2099/92 1330/731/1330 5902/731/5896 1380/418/1380
f 1330/731/1330 1329/2098/1329 5903/2094/5897 5902/731/5896
f 1329/2098/1329 1328/2092/1328 5904/2088/5898 5903/2094/5897
f 1328/2092/1328 1327/2093/1327 5905/735/5899 5904/2088/5898
f 1327/2093/1327 1326/1000/1326 5906/2089/5900 5905/735/5899
f 1326/1000/1326 1325/2097/1325 5907/2292/5901 5906/2089/5900
f 1325/2097/1325 1324/2091/1324 5908/1003/5902 5907/2292/5901
f 1324/2091/1324 90/2096/90 1302/750/1302 5908/1003/5902
f 5908/1003/5902 1302/750/1302 1301/750/1301 5915/740/5909
f 5915/740/5909 1301/750/1301 1300/2096/1300 5922/745/5916
f 5922/745/5916 1300/2096/1300 1299/750/1299 5929/740/5923
f 5929/740/5923 1299/750/1299 1298/2096/1298 5936/1003/5930
f 5936/1003/5930 1298/2096/1298 1297/750/1297 5943/1003/5937
f 5943/1003/5937 1297/750/1297 1296/750/1296 5950/1003/5944
f 5950/1003/5944 1296/750/1296 98/59/98 1408/739/1408
f 5949/1005/5943 5950/1003/5944 1408/739/1408 1409/738/1409
f 5948/1004/5942 5949/1005/5943 1409/738/1409 1410/1006/1410
f 5947/735/5941 5948/1004/5942 1410/1006/1410 1411/735/1411
f 5946/732/5940 5947/735/5941 1411/735/1411 1412/743/1412
f 5945/746/5939 5946/732/5940 1412/743/1412 1413/741/1413
f 5944/881/5938 5945/746/5939 1413/741/1413 1414/881/1414
f 1386/417/1386 5944/881/5938 1414/881/1414 96/883/96
f 1385/417/1385 5937/881/5931 5944/881/5938 1386/417/1386
f 1384/417/1384 5930/1001/5924 5937/881/5931 1385/417/1385
f 1383/417/1383 5923/1273/5917 5930/1001/5924 1384/417/1384
f 1382/417/1382 5916/2293/5910 5923/1273/5917 1383/417/1383
f 1381/418/1381 5909/1273/5903 5916/2293/5910 1382/417/1382
f 1380/418/1380 5902/731/5896 5909/1273/5903 1381/418/1381
f 5951/419/5945 5952/419/5946 5959/420/5953 5958/417/5952
f 5952/419/5946 5953/883/5947 5960/2295/5954 5959/420/5953
f 5953/883/5947 5954/420/5948 5961/418/5955 5960/2295/5954
f 5954/420/5948 5955/2295/5949 5962/417/5956 5961/418/5955
f 5955/2295/5949 5956/418/5950 5963/418/5957 5962/417/5956
f 5956/418/5950 5957/418/5951 5964/418/5958 5963/418/5957
f 5958/417/5952 5959/420/5953 5966/417/5960 5965/417/5959
f 5959/420/5953 5960/2295/5954 5967/417/5961 5966/417/5960
f 5960/2295/5954 5961/418/5955 5968/420/5962 5967/417/5961
f 5961/418/5955 5962/417/5956 5969/420/5963 5968/420/5962
f 5962/417/5956 5963/418/5957 5970/2295/5964 5969/420/5963
f 5963/418/5957 5964/418/5958 5971/419/5965 5970/2295/5964
f 5965/417/5959 5966/417/5960 5973/417/5967 5972/2150/5966
f 5966/417/5960 5967/417/5961 5974/418/5968 5973/417/5967
f 5967/417/5961 5968/420/5962 5975/418/5969 5974/418/5968
f 5968/420/5962 5969/420/5963 5976/417/5970 5975/418/5969
f 5969/420/5963 5970/2295/5964 5977/418/5971 5976/417/5970
f 5970/2295/5964 5971/419/5965 5978/417/5972 5977/418/5971
f 5972/2150/5966 5973/417/5967 5980/2296/5974 5979/2297/5973
f 5973/417/5967 5974/418/5968 5981/2298/5975 5980/2296/5974
f 5974/418/5968 5975/418/5969 5982/2299/5976 5981/2298/5975
f 5975/418/5969 5976/417/5970 5983/2300/5977 5982/2299/5976
f 5976/417/5970 5977/418/5971 5984/2301/5978 5983/2300/5977
f 5977/418/5971 5978/417/5972 5985/2302/5979 5984/2301/5978
f 5979/2297/5973 5980/2296/5974 5987/2303/5981 5986/2304/5980
f 5980/2296/5974 5981/2298/5975 5988/2305/5982 5987/2303/5981
f 5981/2298/5975 5982/2299/5976 5989/1940/5983 5988/2305/5982
f 5982/2299/5976 5983/2300/5977 5990/2306/5984 5989/1940/5983
f 5983/2300/5977 5984/2301/5978 5991/2307/5985 5990/2306/5984
f 5984/2301/5978 5985/2302/5979 5992/2308/5986 5991/2307/5985
f 5986/2304/5980 5987/2303/5981 5994/2309/5988 5993/2310/5987
f 5987/2303/5981 5988/2305/5982 5995/2311/5989 5994/2309/5988
f 5988/2305/5982 5989/1940/5983 5996/2312/5990 5995/2311/5989
f 5989/1940/5983 5990/2306/5984 5997/2313/5991 5996/2312/5990
f 5990/2306/5984 5991/2307/5985 5998/2314/5992 5997/2313/5991
f 5991/2307/5985 5992/2308/5986 5999/2315/5993 5998/2314/5992
f 91/418/91 1337/2150/1337 5951/419/5945 1373/419/1373
f 1337/2150/1337 1336/417/1336 5952/419/5946 5951/419/5945
f 1336/417/1336 1335/418/1335 5953/883/5947 5952/419/5946
f 1335/418/1335 1334/418/1334 5954/420/5948 5953/883/5947
f 1334/418/1334 1333/417/1333 5955/2295/5949 5954/420/5948
f 1333/417/1333 1332/418/1332 5956/418/5950 5955/2295/5949
f 1332/418/1332 1331/420/1331 5957/418/5951 5956/418/5950
f 1331/420/1331 92/2099/92 1380/418/1380 5957/418/5951
f 5957/418/5951 1380/418/1380 1381/418/1381 5964/418/5958
f 5964/418/5958 1381/418/1381 1382/417/1382 5971/419/5965
f 5971/419/5965 1382/417/1382 1383/417/1383 5978/417/5972
f 5978/417/5972 1383/417/1383 1384/417/1384 5985/2302/5979
f 5985/2302/5979 1384/417/1384 1385/417/1385 5992/2308/5986
f 5992/2308/5986 1385/417/1385 1386/417/1386 5999/2315/5993
f 5999/2315/5993 1386/417/1386 96/883/96 1415/1989/1415
f 5998/2314/5992 5999/2315/5993 1415/1989/1415 1416/1988/1416
f 5997/2313/5991 5998/2314/5992 1416/1988/1416 1417/1937/1417
f 5996/2312/5990 5997/2313/5991 1417/1937/1417 1418/1987/1418
f 5995/2311/5989 5996/2312/5990 1418/1987/1418 1419/1986/1419
f 5994/2309/5988 5995/2311/5989 1419/1986/1419 1420/1985/1420
f 5993/2310/5987 5994/2309/5988 1420/1985/1420 1421/1984/1421
f 1379/418/1379 5993/2310/5987 1421/1984/1421 95/418/95
f 1378/2295/1378 5986/2304/5980 5993/2310/5987 1379/418/1379
f 1377/419/1377 5979/2297/5973 5986/2304/5980 1378/2295/1378
f 1376/418/1376 5972/2150/5966 5979/2297/5973 1377/419/1377
f 1375/418/1375 5965/417/5959 5972/2150/5966 1376/418/1376
f 1374/420/1374 5958/417/5952 5965/417/5959 1375/418/1375
f 1373/419/1373 5951/419/5945 5958/417/5952 1374/420/1374
f 6000/2316/5994 6001/2317/5995 6008/2307/6002 6007/2318/6001
f 6001/2317/5995 6002/2319/5996 6009/2306/6003 6008/2307/6002
f 6002/2319/5996 6003/2320/5997 6010/2321/6004 6009/2306/6003
f 6003/2320/5997 6004/2322/5998 6011/2323/6005 6010/2321/6004
f 6004/2322/5998 6005/2324/5999 6012/2325/6006 6011/2323/6005
f 6005/2324/5999 6006/2298/6000 6013/2326/6007 6012/2325/6006
f 6007/2318/6001 6008/2307/6002 6015/2327/6009 6014/2302/6008
f 6008/2307/6002 6009/2306/6003 6016/2300/6010 6015/2327/6009
f 6009/2306/6003 6010/2321/6004 6017/1941/6011 6016/2300/6010
f 6010/2321/6004 6011/2323/6005 6018/2310/6012 6017/1941/6011
f 6011/2323/6005 6012/2325/6006 6019/2328/6013 6018/2310/6012
f 6012/2325/6006 6013/2326/6007 6020/2329/6014 6019/2328/6013
f 6014/2302/6008 6015/2327/6009 6022/418/6016 6021/420/6015
f 6015/2327/6009 6016/2300/6010 6023/417/6017 6022/418/6016
f 6016/2300/6010 6017/1941/6011 6024/418/6018 6023/417/6017
f 6017/1941/6011 6018/2310/6012 6025/2150/6019 6024/418/6018
f 6018/2310/6012 6019/2328/6013 6026/417/6020 6025/2150/6019
f 6019/2328/6013 6020/2329/6014 6027/418/6021 6026/417/6020
f 6021/420/6015 6022/418/6016 6029/2301/6023 6028/2330/6022
f 6022/418/6016 6023/417/6017 6030/2300/6024 6029/2301/6023
f 6023/417/6017 6024/418/6018 6031/2331/6025 6030/2300/6024
f 6024/418/6018 6025/2150/6019 6032/2332/6026 6031/2331/6025
f 6025/2150/6019 6026/417/6020 6033/2333/6027 6032/2332/6026
f 6026/417/6020 6027/418/6021 6034/2334/6028 6033/2333/6027
f 6028/2330/6022 6029/2301/6023 6036/2335/6030 6035/2308/6029
f 6029/2301/6023 6030/2300/6024 6037/2306/6031 6036/2335/6030
f 6030/2300/6024 6031/2331/6025 6038/2321/6032 6037/2306/6031
f 6031/2331/6025 6032/2332/6026 6039/2309/6033 6038/2321/6032
f 6032/2332/6026 6033/2333/6027 6040/2325/6034 6039/2309/6033
f 6033/2333/6027 6034/2334/6028 6041/2326/6035 6040/2325/6034
f 6035/2308/6029 6036/2335/6030 6043/2317/6037 6042/2336/6036
f 6036/2335/6030 6037/2306/6031 6044/2337/6038 6043/2317/6037
f 6037/2306/6031 6038/2321/6032 6045/1986/6039 6044/2337/6038
f 6038/2321/6032 6039/2309/6033 6046/2311/6040 6045/1986/6039
f 6039/2309/6033 6040/2325/6034 6047/2323/6041 6046/2311/6040
f 6040/2325/6034 6041/2326/6035 6048/2310/6042 6047/2323/6041
f 87/883/87 1344/2208/1344 6000/2316/5994 1359/417/1359
f 1344/2208/1344 1343/1988/1343 6001/2317/5995 6000/2316/5994
f 1343/1988/1343 1342/1937/1342 6002/2319/5996 6001/2317/5995
f 1342/1937/1342 1341/1938/1341 6003/2320/5997 6002/2319/5996
f 1341/1938/1341 1340/2207/1340 6004/2322/5998 6003/2320/5997
f 1340/2207/1340 1339/1940/1339 6005/2324/5999 6004/2322/5998
f 1339/1940/1339 1338/1941/1338 6006/2298/6000 6005/2324/5999
f 1338/1941/1338 91/418/91 1373/419/1373 6006/2298/6000
f 6006/2298/6000 1373/419/1373 1374/420/1374 6013/2326/6007
f 6013/2326/6007 1374/420/1374 1375/418/1375 6020/2329/6014
f 6020/2329/6014 1375/418/1375 1376/418/1376 6027/418/6021
f 6027/418/6021 1376/418/1376 1377/419/1377 6034/2334/6028
f 6034/2334/6028 1377/419/1377 1378/2295/1378 6041/2326/6035
f 6041/2326/6035 1378/2295/1378 1379/418/1379 6048/2310/6042
f 6048/2310/6042 1379/418/1379 95/418/95 1422/1941/1422
f 6047/2323/6041 6048/2310/6042 1422/1941/1422 1423/1940/1423
f 6046/2311/6040 6047/2323/6041 1423/1940/1423 1424/1939/1424
f 6045/1986/6039 6046/2311/6040 1424/1939/1424 1425/1938/1425
f 6044/2337/6038 6045/1986/6039 1425/1938/1425 1426/1937/1426
f 6043/2317/6037 6044/2337/6038 1426/1937/1426 1427/1936/1427
f 6042/2336/6036 6043/2317/6037 1427/1936/1427 1428/1935/1428
f 1365/418/1365 6042/2336/6036 1428/1935/1428 93/883/93
f 1364/417/1364 6035/2308/6029 6042/2336/6036 1365/418/1365
f 1363/417/1363 6028/2330/6022 6035/2308/6029 1364/417/1364
f 1362/417/1362 6021/420/6015 6028/2330/6022 1363/417/1363
f 1361/417/1361 6014/2302/6008 6021/420/6015 1362/417/1362
f 1360/417/1360 6007/2318/6001 6014/2302/6008 1361/417/1361
f 1359/417/1359 6000/2316/5994 6007/2318/6001 1360/417/1360
f 6049/2095/6043 6050/744/6044 6057/2090/6051 6056/739/6050
f 6050/744/6044 6051/1004/6045 6058/737/6052 6057/2090/6051
f 6051/1004/6045 6052/734/6046 6059/735/6053 6058/737/6052
f 6052/734/6046 6053/2092/6047 6060/743/6054 6059/735/6053
f 6053/2092/6047 6054/741/6048 6061/741/6055 6060/743/6054
f 6054/741/6048 6055/731/6049 6062/742/6056 6061/741/6055
f 6056/739/6050 6057/2090/6051 6064/744/6058 6063/745/6057
f 6057/2090/6051 6058/737/6052 6065/736/6059 6064/744/6058
f 6058/737/6052 6059/735/6053 6066/734/6060 6065/736/6059
f 6059/735/6053 6060/743/6054 6067/1002/6061 6066/734/6060
f 6060/743/6054 6061/741/6055 6068/730/6062 6067/1002/6061
f 6061/741/6055 6062/742/6056 6069/1001/6063 6068/730/6062
f 6063/745/6057 6064/744/6058 6071/2090/6065 6070/739/6064
f 6064/744/6058 6065/736/6059 6072/737/6066 6071/2090/6065
f 6065/736/6059 6066/734/6060 6073/735/6067 6072/737/6066
f 6066/734/6060 6067/1002/6061 6074/743/6068 6073/735/6067
f 6067/1002/6061 6068/730/6062 6075/741/6069 6074/743/6068
f 6068/730/6062 6069/1001/6063 6076/742/6070 6075/741/6069
f 6070/739/6064 6071/2090/6065 6078/744/6072 6077/745/6071
f 6071/2090/6065 6072/737/6066 6079/736/6073 6078/744/6072
f 6072/737/6066 6073/735/6067 6080/734/6074 6079/736/6073
f 6073/735/6067 6074/743/6068 6081/1002/6075 6080/734/6074
f 6074/743/6068 6075/741/6069 6082/730/6076 6081/1002/6075
f 6075/741/6069 6076/742/6070 6083/1001/6077 6082/730/6076
f 6077/745/6071 6078/744/6072 6085/2090/6079 6084/740/6078
f 6078/744/6072 6079/736/6073 6086/737/6080 6085/2090/6079
f 6079/736/6073 6080/734/6074 6087/735/6081 6086/737/6080
f 6080/734/6074 6081/1002/6075 6088/743/6082 6087/735/6081
f 6081/1002/6075 6082/730/6076 6089/741/6083 6088/743/6082
f 6082/730/6076 6083/1001/6077 6090/731/6084 6089/741/6083
f 6084/740/6078 6085/2090/6079 6092/738/6086 6091/740/6085
f 6085/2090/6079 6086/737/6080 6093/1004/6087 6092/738/6086
f 6086/737/6080 6087/735/6081 6094/735/6088 6093/1004/6087
f 6087/735/6081 6088/743/6082 6095/2338/6089 6094/735/6088
f 6088/743/6082 6089/741/6083 6096/741/6090 6095/2338/6089
f 6089/741/6083 6090/731/6084 6097/731/6091 6096/741/6090
f 88/59/88 1351/739/1351 6049/2095/6043 1288/750/1288
f 1351/739/1351 1350/738/1350 6050/744/6044 6049/2095/6043
f 1350/738/1350 1349/1004/1349 6051/1004/6045 6050/744/6044
f 1349/1004/1349 1348/735/1348 6052/734/6046 6051/1004/6045
f 1348/735/1348 1347/743/1347 6053/2092/6047 6052/734/6046
f 1347/743/1347 1346/741/1346 6054/741/6048 6053/2092/6047
f 1346/741/1346 1345/881/1345 6055/731/6049 6054/741/6048
f 1345/881/1345 87/883/87 1359/417/1359 6055/731/6049
f 6055/731/6049 1359/417/1359 1360/417/1360 6062/742/6056
f 6062/742/6056 1360/417/1360 1361/417/1361 6069/1001/6063
f 6069/1001/6063 1361/417/1361 1362/417/1362 6076/742/6070
f 6076/742/6070 1362/417/1362 1363/417/1363 6083/1001/6077
f 6083/1001/6077 1363/417/1363 1364/417/1364 6090/731/6084
f 6090/731/6084 1364/417/1364 1365/418/1365 6097/731/6091
f 6097/731/6091 1365/418/1365 93/883/93 1429/881/1429
f 6096/741/6090 6097/731/6091 1429/881/1429 1430/741/1430
f 6095/2338/6089 6096/741/6090 1430/741/1430 1431/743/1431
f 6094/735/6088 6095/2338/6089 1431/743/1431 1432/735/1432
f 6093/1004/6087 6094/735/6088 1432/735/1432 1433/737/1433
f 6092/738/6086 6093/1004/6087 1433/737/1433 1434/738/1434
f 6091/740/6085 6092/738/6086 1434/738/1434 1435/739/1435
f 1282/750/1282 6091/740/6085 1435/739/1435 97/750/97
f 1283/750/1283 6084/740/6078 6091/740/6085 1282/750/1282
f 1284/750/1284 6077/745/6071 6084/740/6078 1283/750/1283
f 1285/750/1285 6070/739/6064 6077/745/6071 1284/750/1284
f 1286/59/1286 6063/745/6057 6070/739/6064 1285/750/1285
f 1287/750/1287 6056/739/6050 6063/745/6057 1286/59/1286
f 1288/750/1288 6049/2095/6043 6056/739/6050 1287/750/1287
f 6098/773/6092 6099/1342/6093 6106/773/6100 6105/1342/6099
f 6099/1342/6093 6100/1342/6094 6107/772/6101 6106/773/6100
f 6100/1342/6094 6101/1343/6095 6108/1342/6102 6107/772/6101
f 6101/1343/6095 6102/1343/6096 6109/772/6103 6108/1342/6102
f 6102/1343/6096 6103/1343/6097 6110/1342/6104 6109/772/6103
f 6103/1343/6097 6104/283/6098 6111/1344/6105 6110/1342/6104
f 6105/1342/6099 6106/773/6100 6113/1342/6107 6112/1343/6106
f 6106/773/6100 6107/772/6101 6114/1342/6108 6113/1342/6107
f 6107/772/6101 6108/1342/6102 6115/773/6109 6114/1342/6108
f 6108/1342/6102 6109/772/6103 6116/772/6110 6115/773/6109
f 6109/772/6103 6110/1342/6104 6117/772/6111 6116/772/6110
f 6110/1342/6104 6111/1344/6105 6118/772/6112 6117/772/6111
f 6112/1343/6106 6113/1342/6107 6120/773/6114 6119/1342/6113
f 6113/1342/6107 6114/1342/6108 6121/772/6115 6120/773/6114
f 6114/1342/6108 6115/773/6109 6122/773/6116 6121/772/6115
f 6115/773/6109 6116/772/6110 6123/1345/6117 6122/773/6116
f 6116/772/6110 6117/772/6111 6124/772/6118 6123/1345/6117
f 6117/772/6111 6118/772/6112 6125/773/6119 6124/772/6118
f 6119/1342/6113 6120/773/6114 6127/1342/6121 6126/1343/6120
f 6120/773/6114 6121/772/6115 6128/1342/6122 6127/1342/6121
f 6121/772/6115 6122/773/6116 6129/1343/6123 6128/1342/6122
f 6122/773/6116 6123/1345/6117 6130/1343/6124 6129/1343/6123
f 6123/1345/6117 6124/772/6118 6131/1343/6125 6130/1343/6124
f 6124/772/6118 6125/773/6119 6132/283/6126 6131/1343/6125
f 6126/1343/6120 6127/1342/6121 6134/773/6128 6133/773/6127
f 6127/1342/6121 6128/1342/6122 6135/772/6129 6134/773/6128
f 6128/1342/6122 6129/1343/6123 6136/1342/6130 6135/772/6129
f 6129/1343/6123 6130/1343/6124 6137/772/6131 6136/1342/6130
f 6130/1343/6124 6131/1343/6125 6138/1342/6132 6137/772/6131
f 6131/1343/6125 6132/283/6126 6139/1344/6133 6138/1342/6132
f 6133/773/6127 6134/773/6128 6141/1342/6135 6140/773/6134
f 6134/773/6128 6135/772/6129 6142/1342/6136 6141/1342/6135
f 6135/772/6129 6136/1342/6130 6143/773/6137 6142/1342/6136
f 6136/1342/6130 6137/772/6131 6144/772/6138 6143/773/6137
f 6137/772/6131 6138/1342/6132 6145/772/6139 6144/772/6138
f 6138/1342/6132 6139/1344/6133 6146/772/6140 6145/772/6139
f 90/283/90 1358/773/1358 6098/773/6092 1302/772/1302
f 1358/773/1358 1357/773/1357 6099/1342/6093 6098/773/6092
f 1357/773/1357 1356/772/1356 6100/1342/6094 6099/1342/6093
f 1356/772/1356 1355/773/1355 6101/1343/6095 6100/1342/6094
f 1355/773/1355 1354/1345/1354 6102/1343/6096 6101/1343/6095
f 1354/1345/1354 1353/772/1353 6103/1343/6097 6102/1343/6096
f 1353/772/1353 1352/773/1352 6104/283/6098 6103/1343/6097
f 1352/773/1352 89/773/89 1366/1343/1366 6104/283/6098
f 6104/283/6098 1366/1343/1366 1367/1342/1367 6111/1344/6105
f 6111/1344/6105 1367/1342/1367 1368/773/1368 6118/772/6112
f 6118/772/6112 1368/773/1368 1369/773/1369 6125/773/6119
f 6125/773/6119 1369/773/1369 1370/1343/1370 6132/283/6126
f 6132/283/6126 1370/1343/1370 1371/1342/1371 6139/1344/6133
f 6139/1344/6133 1371/1342/1371 1372/773/1372 6146/772/6140
f 6146/772/6140 1372/773/1372 94/773/94 1436/773/1436
f 6145/772/6139 6146/772/6140 1436/773/1436 1437/772/1437
f 6144/772/6138 6145/772/6139 1437/772/1437 1438/1345/1438
f 6143/773/6137 6144/772/6138 1438/1345/1438 1439/773/1439
f 6142/1342/6136 6143/773/6137 1439/773/1439 1440/772/1440
f 6141/1342/6135 6142/1342/6136 1440/772/1440 1441/773/1441
f 6140/773/6134 6141/1342/6135 1441/773/1441 1442/773/1442
f 1296/773/1296 6140/773/6134 1442/773/1442 98/283/98
f 1297/772/1297 6133/773/6127 6140/773/6134 1296/773/1296
f 1298/772/1298 6126/1343/6120 6133/773/6127 1297/772/1297
f 1299/772/1299 6119/1342/6113 6126/1343/6120 1298/772/1298
f 1300/772/1300 6112/1343/6106 6119/1342/6113 1299/772/1299
f 1301/772/1301 6105/1342/6099 6112/1343/6106 1300/772/1300
f 1302/772/1302 6098/773/6092 6105/1342/6099 1301/772/1301
