# Blender 5.1.0
# www.blender.org
mtllib pawn.mtl
o pawn_exp
v -0.110807 0.008315 0.110807
v -0.084088 0.128510 0.084088
v -0.110807 0.008315 -0.110807
v -0.084088 0.128510 -0.084088
v 0.110807 0.008315 0.110807
v 0.084088 0.128510 0.084088
v 0.110807 0.008315 -0.110807
v 0.084088 0.128510 -0.084088
v -0.083105 -0.001024 -0.083105
v -0.083105 -0.001024 0.083105
v 0.083105 -0.001024 -0.083105
v 0.083105 -0.001024 0.083105
v -0.092123 0.053947 0.092123
v -0.092123 0.053947 -0.092123
v 0.092123 0.053947 -0.092123
v 0.092123 0.053947 0.092123
v -0.106872 0.076009 0.106872
v -0.106872 0.076009 -0.106872
v 0.106872 0.076009 -0.106872
v 0.106872 0.076009 0.106872
v -0.106837 0.033827 -0.106837
v 0.106837 0.033827 -0.106837
v 0.106837 0.033827 0.106837
v -0.106837 0.033827 0.106837
v -0.090959 0.046889 0.090959
v -0.090959 0.046889 -0.090959
v 0.090959 0.046889 -0.090959
v 0.090959 0.046889 0.090959
v -0.059206 0.143758 0.059206
v -0.059206 0.143758 -0.059206
v 0.059206 0.143758 -0.059206
v 0.059206 0.143758 0.059206
v -0.078260 0.170694 0.078260
v -0.078260 0.170694 -0.078260
v 0.078260 0.170694 -0.078260
v 0.078260 0.170694 0.078260
v -0.079476 0.177611 0.079476
v -0.079476 0.177611 -0.079476
v 0.079476 0.177611 -0.079476
v 0.079476 0.177611 0.079476
v -0.062919 0.187236 0.062919
v -0.062919 0.187236 -0.062919
v 0.062919 0.187236 -0.062919
v 0.062919 0.187236 0.062919
v -0.035067 0.273489 0.035067
v -0.035067 0.273489 -0.035067
v 0.035067 0.273489 -0.035067
v 0.035067 0.273489 0.035067
v 0.059046 0.166410 -0.059046
v 0.059046 0.166410 0.059046
v -0.059046 0.166410 0.059046
v -0.059046 0.166410 -0.059046
v 0.054337 0.154546 0.054337
v -0.054337 0.154546 -0.054337
v 0.054337 0.154546 -0.054337
v -0.054337 0.154546 0.054337
v 0.048526 0.201300 -0.048526
v 0.048526 0.201300 0.048526
v -0.048526 0.201300 0.048526
v -0.048526 0.201300 -0.048526
v 0.037934 0.227179 -0.037934
v -0.037934 0.227179 0.037934
v 0.037934 0.227179 0.037934
v -0.037934 0.227179 -0.037934
v -0.042063 0.291451 0.042063
v -0.042063 0.291451 -0.042063
v 0.042063 0.291451 -0.042063
v 0.042063 0.291451 0.042063
v -0.070865 0.303584 0.070865
v -0.070865 0.303584 -0.070865
v 0.070865 0.303584 -0.070865
v 0.070865 0.303584 0.070865
v -0.070251 0.327676 0.070251
v -0.070251 0.327676 -0.070251
v 0.070251 0.327676 -0.070251
v 0.070251 0.327676 0.070251
v -0.037769 0.335523 0.037769
v -0.037769 0.335523 -0.037769
v 0.037769 0.335523 -0.037769
v 0.037769 0.335523 0.037769
v -0.025057 0.336953 0.025057
v -0.025057 0.336953 -0.025058
v 0.025058 0.336953 -0.025058
v 0.025058 0.336953 0.025057
v -0.030642 0.344229 0.030642
v -0.030642 0.344229 -0.030642
v 0.030642 0.344229 -0.030642
v 0.030642 0.344229 0.030642
v -0.028088 0.521617 0.028088
v -0.028088 0.521617 -0.028088
v 0.028088 0.521617 -0.028088
v 0.028088 0.521617 0.028088
v 0.069357 0.431803 -0.069357
v 0.069357 0.431803 0.069357
v -0.069357 0.431803 0.069357
v -0.069357 0.431803 -0.069357
v 0.059044 0.489815 -0.059044
v -0.059044 0.489815 0.059044
v 0.059044 0.489815 0.059044
v -0.059044 0.489815 -0.059044
v 0.059044 0.374964 0.059044
v -0.059044 0.374964 -0.059044
v 0.059044 0.374964 -0.059044
v -0.059044 0.374964 0.059044
v -0.128986 0.008315 -0.087650
v -0.141972 0.008315 -0.060598
v -0.149763 0.008315 -0.030948
v -0.152360 0.008315 0.000000
v -0.149763 0.008315 0.030948
v -0.141972 0.008315 0.060598
v -0.128986 0.008315 0.087650
v -0.106138 0.081970 0.106138
v -0.104521 0.088635 0.104521
v -0.102159 0.095739 0.102159
v -0.099193 0.103014 0.099193
v -0.095763 0.110196 0.095763
v -0.092009 0.117016 0.092009
v -0.088071 0.123210 0.088071
v -0.097883 0.128510 0.066515
v -0.107737 0.128510 0.045985
v -0.113650 0.128510 0.023485
v -0.115620 0.128510 -0.000000
v -0.113650 0.128510 -0.023485
v -0.107737 0.128510 -0.045985
v -0.097883 0.128510 -0.066515
v -0.108148 0.030899 -0.108148
v -0.109132 0.027691 -0.109132
v -0.109838 0.024306 -0.109838
v -0.110311 0.020847 -0.110311
v -0.110598 0.017416 -0.110598
v -0.110745 0.014115 -0.110745
v -0.110799 0.011047 -0.110799
v 0.087650 0.008315 -0.128986
v 0.060598 0.008315 -0.141972
v 0.030948 0.008315 -0.149763
v 0.000000 0.008315 -0.152360
v -0.030948 0.008315 -0.149763
v -0.060598 0.008315 -0.141972
v -0.087650 0.008315 -0.128986
v -0.066515 0.128510 -0.097883
v -0.045985 0.128510 -0.107737
v -0.023485 0.128510 -0.113650
v -0.000000 0.128510 -0.115620
v 0.023485 0.128510 -0.113650
v 0.045985 0.128510 -0.107737
v 0.066515 0.128510 -0.097883
v 0.108148 0.030899 -0.108148
v 0.109132 0.027691 -0.109132
v 0.109838 0.024306 -0.109838
v 0.110311 0.020847 -0.110311
v 0.110598 0.017416 -0.110598
v 0.110745 0.014115 -0.110745
v 0.110799 0.011047 -0.110799
v 0.128986 0.008315 0.087650
v 0.141972 0.008315 0.060598
v 0.149763 0.008315 0.030948
v 0.152360 0.008315 0.000000
v 0.149763 0.008315 -0.030948
v 0.141972 0.008315 -0.060598
v 0.128986 0.008315 -0.087650
v 0.097883 0.128510 -0.066515
v 0.107737 0.128510 -0.045985
v 0.113650 0.128510 -0.023485
v 0.115620 0.128510 -0.000000
v 0.113650 0.128510 0.023485
v 0.107737 0.128510 0.045985
v 0.097883 0.128510 0.066515
v 0.108148 0.030899 0.108148
v 0.109132 0.027691 0.109132
v 0.109838 0.024306 0.109838
v 0.110311 0.020847 0.110311
v 0.110598 0.017416 0.110598
v 0.110745 0.014115 0.110745
v 0.110799 0.011047 0.110799
v -0.087650 0.008315 0.128986
v -0.060598 0.008315 0.141972
v -0.030948 0.008315 0.149763
v 0.000000 0.008315 0.152360
v 0.030948 0.008315 0.149763
v 0.060598 0.008315 0.141972
v 0.087650 0.008315 0.128986
v 0.066515 0.128510 0.097883
v 0.045985 0.128510 0.107737
v 0.023485 0.128510 0.113650
v -0.000000 0.128510 0.115620
v -0.023485 0.128510 0.113650
v -0.045985 0.128510 0.107737
v -0.066515 0.128510 0.097883
v -0.088942 -0.001133 -0.069617
v -0.095228 -0.001250 -0.049306
v -0.099666 -0.001333 -0.025497
v -0.101317 -0.001364 0.000000
v -0.099666 -0.001333 0.025497
v -0.095228 -0.001250 0.049306
v -0.088942 -0.001133 0.069617
v 0.069617 -0.001133 -0.088942
v 0.049306 -0.001250 -0.095228
v 0.025497 -0.001333 -0.099666
v -0.000000 -0.001364 -0.101317
v -0.025497 -0.001333 -0.099666
v -0.049306 -0.001250 -0.095228
v -0.069617 -0.001133 -0.088942
v 0.088942 -0.001133 0.069617
v 0.095228 -0.001250 0.049306
v 0.099666 -0.001333 0.025497
v 0.101317 -0.001364 -0.000000
v 0.099666 -0.001333 -0.025497
v 0.095228 -0.001250 -0.049306
v 0.088942 -0.001133 -0.069617
v -0.069617 -0.001133 0.088942
v -0.049306 -0.001250 0.095228
v -0.025497 -0.001333 0.099666
v -0.000000 -0.001364 0.101317
v 0.025497 -0.001333 0.099666
v 0.049306 -0.001250 0.095228
v 0.069617 -0.001133 0.088942
v 0.110733 0.005998 0.110733
v 0.110214 0.004083 0.110214
v 0.108805 0.002533 0.108805
v 0.106062 0.001313 0.106062
v 0.101668 0.000384 0.101668
v 0.095821 -0.000293 0.095821
v 0.089016 -0.000759 0.089016
v 0.089016 -0.000759 -0.089016
v 0.095821 -0.000293 -0.095821
v 0.101668 0.000384 -0.101668
v 0.106062 0.001313 -0.106062
v 0.108805 0.002533 -0.108805
v 0.110214 0.004083 -0.110214
v 0.110733 0.005998 -0.110733
v -0.110733 0.005998 0.110733
v -0.110214 0.004083 0.110214
v -0.108805 0.002533 0.108805
v -0.106062 0.001313 0.106062
v -0.101668 0.000384 0.101668
v -0.095821 -0.000293 0.095821
v -0.089016 -0.000759 0.089016
v -0.089016 -0.000759 -0.089016
v -0.095821 -0.000293 -0.095821
v -0.101668 0.000384 -0.101668
v -0.106062 0.001313 -0.106062
v -0.108805 0.002533 -0.108805
v -0.110214 0.004083 -0.110214
v -0.110733 0.005998 -0.110733
v -0.089658 0.047772 0.089658
v -0.088744 0.048603 0.088744
v -0.088229 0.049409 0.088229
v -0.088127 0.050214 0.088127
v -0.088452 0.051045 0.088452
v -0.089217 0.051927 0.089217
v -0.090436 0.052886 0.090436
v -0.106636 0.070959 -0.106636
v -0.105565 0.066774 -0.105565
v -0.103846 0.063349 -0.103846
v -0.101668 0.060580 -0.101668
v -0.099218 0.058361 -0.099218
v -0.096685 0.056586 -0.096685
v -0.094258 0.055150 -0.094258
v 0.106636 0.070959 -0.106636
v 0.105565 0.066774 -0.105565
v 0.103846 0.063349 -0.103846
v 0.101668 0.060580 -0.101668
v 0.099218 0.058361 -0.099218
v 0.096685 0.056586 -0.096685
v 0.094258 0.055150 -0.094258
v 0.106636 0.070959 0.106636
v 0.105565 0.066774 0.105565
v 0.103846 0.063349 0.103846
v 0.101668 0.060580 0.101668
v 0.099218 0.058361 0.099218
v 0.096685 0.056586 0.096685
v 0.094258 0.055150 0.094258
v 0.072871 0.053947 0.107237
v 0.050380 0.053947 0.118033
v 0.025730 0.053947 0.124510
v -0.000000 0.053947 0.126669
v -0.025730 0.053947 0.124510
v -0.050380 0.053947 0.118033
v -0.072871 0.053947 0.107237
v 0.107237 0.053947 -0.072871
v 0.118033 0.053947 -0.050380
v 0.124510 0.053947 -0.025730
v 0.126669 0.053947 -0.000000
v 0.124510 0.053947 0.025730
v 0.118033 0.053947 0.050380
v 0.107237 0.053947 0.072871
v -0.072871 0.053947 -0.107237
v -0.050380 0.053947 -0.118033
v -0.025730 0.053947 -0.124510
v -0.000000 0.053947 -0.126669
v 0.025730 0.053947 -0.124510
v 0.050380 0.053947 -0.118033
v 0.072871 0.053947 -0.107237
v -0.107237 0.053947 0.072871
v -0.118033 0.053947 0.050380
v -0.124510 0.053947 0.025730
v -0.126669 0.053947 -0.000000
v -0.124510 0.053947 -0.025730
v -0.118033 0.053947 -0.050380
v -0.107237 0.053947 -0.072871
v -0.094258 0.055150 0.094258
v -0.096685 0.056586 0.096685
v -0.099218 0.058361 0.099218
v -0.101668 0.060580 0.101668
v -0.103846 0.063349 0.103846
v -0.105565 0.066774 0.105565
v -0.106636 0.070959 0.106636
v -0.088071 0.123210 -0.088071
v -0.092009 0.117016 -0.092009
v -0.095763 0.110196 -0.095763
v -0.099193 0.103014 -0.099193
v -0.102159 0.095739 -0.102159
v -0.104521 0.088635 -0.104521
v -0.106138 0.081970 -0.106138
v 0.088071 0.123210 -0.088071
v 0.092009 0.117016 -0.092009
v 0.095763 0.110196 -0.095763
v 0.099193 0.103014 -0.099193
v 0.102159 0.095739 -0.102159
v 0.104521 0.088635 -0.104521
v 0.106138 0.081970 -0.106138
v 0.088071 0.123210 0.088071
v 0.092009 0.117016 0.092009
v 0.095763 0.110196 0.095763
v 0.099193 0.103014 0.099193
v 0.102159 0.095739 0.102159
v 0.104521 0.088635 0.104521
v 0.106138 0.081970 0.106138
v 0.084537 0.076009 0.124406
v 0.058446 0.076009 0.136930
v 0.029849 0.076009 0.144444
v -0.000000 0.076009 0.146949
v -0.029849 0.076009 0.144444
v -0.058446 0.076009 0.136930
v -0.084537 0.076009 0.124406
v 0.124406 0.076009 -0.084537
v 0.136930 0.076009 -0.058446
v 0.144444 0.076009 -0.029849
v 0.146949 0.076009 -0.000000
v 0.144444 0.076009 0.029849
v 0.136930 0.076009 0.058446
v 0.124406 0.076009 0.084537
v -0.084537 0.076009 -0.124406
v -0.058446 0.076009 -0.136930
v -0.029849 0.076009 -0.144444
v -0.000000 0.076009 -0.146949
v 0.029849 0.076009 -0.144444
v 0.058446 0.076009 -0.136930
v 0.084537 0.076009 -0.124406
v -0.124406 0.076009 0.084537
v -0.136930 0.076009 0.058446
v -0.144444 0.076009 0.029849
v -0.146949 0.076009 -0.000000
v -0.144444 0.076009 -0.029849
v -0.136930 0.076009 -0.058446
v -0.124406 0.076009 -0.084537
v -0.092618 0.045926 -0.092618
v -0.094556 0.044849 -0.094556
v -0.096681 0.043618 -0.096681
v -0.098898 0.042195 -0.098898
v -0.101115 0.040543 -0.101115
v -0.103240 0.038623 -0.103240
v -0.105178 0.036397 -0.105178
v 0.092618 0.045926 -0.092618
v 0.094556 0.044849 -0.094556
v 0.096681 0.043618 -0.096681
v 0.098898 0.042195 -0.098898
v 0.101115 0.040543 -0.101115
v 0.103240 0.038623 -0.103240
v 0.105178 0.036397 -0.105178
v 0.092618 0.045926 0.092618
v 0.094556 0.044849 0.094556
v 0.096681 0.043618 0.096681
v 0.098898 0.042195 0.098898
v 0.101115 0.040543 0.101115
v 0.103240 0.038623 0.103240
v 0.105178 0.036397 0.105178
v -0.110799 0.011047 0.110799
v -0.110745 0.014115 0.110745
v -0.110598 0.017416 0.110598
v -0.110311 0.020847 0.110311
v -0.109838 0.024306 0.109838
v -0.109132 0.027691 0.109132
v -0.108148 0.030899 0.108148
v -0.124365 0.033827 0.084510
v -0.136885 0.033827 0.058427
v -0.144397 0.033827 0.029839
v -0.146901 0.033827 -0.000000
v -0.144397 0.033827 -0.029839
v -0.136885 0.033827 -0.058427
v -0.124365 0.033827 -0.084510
v -0.084510 0.033827 -0.124365
v -0.058427 0.033827 -0.136885
v -0.029839 0.033827 -0.144397
v -0.000000 0.033827 -0.146901
v 0.029839 0.033827 -0.144397
v 0.058427 0.033827 -0.136885
v 0.084510 0.033827 -0.124365
v 0.124365 0.033827 -0.084510
v 0.136885 0.033827 -0.058427
v 0.144397 0.033827 -0.029839
v 0.146901 0.033827 -0.000000
v 0.144397 0.033827 0.029839
v 0.136885 0.033827 0.058427
v 0.124365 0.033827 0.084510
v 0.084510 0.033827 0.124365
v 0.058427 0.033827 0.136885
v 0.029839 0.033827 0.144397
v -0.000000 0.033827 0.146901
v -0.029839 0.033827 0.144397
v -0.058427 0.033827 0.136885
v -0.084510 0.033827 0.124365
v -0.105178 0.036397 0.105178
v -0.103240 0.038623 0.103240
v -0.101115 0.040543 0.101115
v -0.098898 0.042195 0.098898
v -0.096681 0.043618 0.096681
v -0.094556 0.044849 0.094556
v -0.092618 0.045926 0.092618
v -0.090436 0.052886 -0.090436
v -0.089217 0.051927 -0.089217
v -0.088452 0.051045 -0.088452
v -0.088127 0.050214 -0.088127
v -0.088229 0.049409 -0.088229
v -0.088744 0.048603 -0.088744
v -0.089658 0.047772 -0.089658
v 0.090436 0.052886 -0.090436
v 0.089217 0.051927 -0.089217
v 0.088452 0.051045 -0.088452
v 0.088127 0.050214 -0.088127
v 0.088229 0.049409 -0.088229
v 0.088744 0.048603 -0.088744
v 0.089658 0.047772 -0.089658
v 0.090436 0.052886 0.090436
v 0.089217 0.051927 0.089217
v 0.088452 0.051045 0.088452
v 0.088127 0.050214 0.088127
v 0.088229 0.049409 0.088229
v 0.088744 0.048603 0.088744
v 0.089658 0.047772 0.089658
v -0.105882 0.046889 0.071950
v -0.116541 0.046889 0.049743
v -0.122936 0.046889 0.025404
v -0.125068 0.046889 -0.000000
v -0.122936 0.046889 -0.025404
v -0.116541 0.046889 -0.049743
v -0.105882 0.046889 -0.071950
v -0.071950 0.046889 -0.105882
v -0.049743 0.046889 -0.116541
v -0.025404 0.046889 -0.122936
v -0.000000 0.046889 -0.125068
v 0.025404 0.046889 -0.122936
v 0.049743 0.046889 -0.116541
v 0.071950 0.046889 -0.105882
v 0.105881 0.046889 -0.071950
v 0.116541 0.046889 -0.049743
v 0.122936 0.046889 -0.025404
v 0.125068 0.046889 -0.000000
v 0.122936 0.046889 0.025404
v 0.116541 0.046889 0.049743
v 0.105882 0.046889 0.071950
v 0.071950 0.046889 0.105881
v 0.049743 0.046889 0.116541
v 0.025404 0.046889 0.122936
v -0.000000 0.046889 0.125068
v -0.025404 0.046889 0.122936
v -0.049743 0.046889 0.116541
v -0.071950 0.046889 0.105882
v -0.068919 0.143758 0.046833
v -0.075858 0.143758 0.032378
v -0.080020 0.143758 0.016536
v -0.081408 0.143758 -0.000000
v -0.080020 0.143758 -0.016536
v -0.075858 0.143758 -0.032378
v -0.068919 0.143758 -0.046833
v -0.046833 0.143758 -0.068919
v -0.032378 0.143758 -0.075858
v -0.016536 0.143758 -0.080020
v -0.000000 0.143758 -0.081408
v 0.016536 0.143758 -0.080020
v 0.032378 0.143758 -0.075858
v 0.046833 0.143758 -0.068919
v 0.068919 0.143758 -0.046833
v 0.075857 0.143758 -0.032378
v 0.080020 0.143758 -0.016536
v 0.081408 0.143758 -0.000000
v 0.080020 0.143758 0.016536
v 0.075857 0.143758 0.032378
v 0.068919 0.143758 0.046833
v 0.046833 0.143758 0.068919
v 0.032378 0.143758 0.075857
v 0.016536 0.143758 0.080020
v -0.000000 0.143758 0.081408
v -0.016536 0.143758 0.080020
v -0.032378 0.143758 0.075857
v -0.046833 0.143758 0.068919
v 0.080184 0.132721 -0.080184
v 0.076420 0.135940 -0.076420
v 0.072839 0.138333 -0.072839
v 0.069484 0.140067 -0.069484
v 0.066400 0.141310 -0.066400
v 0.063629 0.142228 -0.063629
v 0.061217 0.142988 -0.061217
v 0.061217 0.142988 0.061217
v 0.063629 0.142228 0.063629
v 0.066400 0.141310 0.066400
v 0.069484 0.140067 0.069484
v 0.072839 0.138333 0.072839
v 0.076420 0.135940 0.076420
v 0.080184 0.132721 0.080184
v -0.080184 0.132721 0.080184
v -0.076420 0.135940 0.076420
v -0.072839 0.138333 0.072839
v -0.069484 0.140067 0.069484
v -0.066400 0.141310 0.066400
v -0.063629 0.142228 0.063629
v -0.061217 0.142988 0.061217
v -0.061217 0.142988 -0.061217
v -0.063629 0.142228 -0.063629
v -0.066400 0.141310 -0.066400
v -0.069484 0.140067 -0.069484
v -0.072839 0.138333 -0.072839
v -0.076420 0.135940 -0.076420
v -0.080184 0.132721 -0.080184
v -0.091100 0.170694 0.061905
v -0.100271 0.170694 0.042798
v -0.105773 0.170694 0.021858
v -0.107608 0.170694 -0.000000
v -0.105773 0.170694 -0.021858
v -0.100271 0.170694 -0.042798
v -0.091100 0.170694 -0.061905
v -0.061905 0.170694 -0.091100
v -0.042798 0.170694 -0.100271
v -0.021858 0.170694 -0.105773
v 0.000000 0.170694 -0.107608
v 0.021858 0.170694 -0.105773
v 0.042798 0.170694 -0.100271
v 0.061905 0.170694 -0.091100
v 0.091100 0.170694 -0.061905
v 0.100271 0.170694 -0.042798
v 0.105773 0.170694 -0.021858
v 0.107608 0.170694 -0.000000
v 0.105773 0.170694 0.021858
v 0.100271 0.170694 0.042798
v 0.091100 0.170694 0.061905
v 0.061905 0.170694 0.091100
v 0.042798 0.170694 0.100271
v 0.021858 0.170694 0.105773
v -0.000000 0.170694 0.107608
v -0.021858 0.170694 0.105773
v -0.042798 0.170694 0.100271
v -0.061905 0.170694 0.091100
v 0.061049 0.167268 -0.061049
v 0.063392 0.167953 -0.063392
v 0.065962 0.168504 -0.065962
v 0.068645 0.168964 -0.068645
v 0.071330 0.169372 -0.071330
v 0.073903 0.169770 -0.073903
v 0.076250 0.170197 -0.076250
v 0.054362 0.152890 0.054361
v 0.054441 0.151286 0.054441
v 0.054633 0.149753 0.054633
v 0.054991 0.148307 0.054991
v 0.055572 0.146967 0.055572
v 0.056431 0.145750 0.056431
v 0.057623 0.144675 0.057623
v -0.061049 0.167268 0.061049
v -0.063392 0.167953 0.063392
v -0.065962 0.168504 0.065962
v -0.068645 0.168964 0.068645
v -0.071330 0.169372 0.071330
v -0.073903 0.169770 0.073903
v -0.076250 0.170197 0.076250
v -0.054362 0.152890 -0.054362
v -0.054441 0.151286 -0.054441
v -0.054633 0.149753 -0.054633
v -0.054991 0.148307 -0.054991
v -0.055572 0.146967 -0.055572
v -0.056431 0.145750 -0.056431
v -0.057623 0.144675 -0.057623
v -0.092515 0.177611 0.062867
v -0.101829 0.177611 0.043464
v -0.107417 0.177611 0.022197
v -0.109280 0.177611 -0.000000
v -0.107417 0.177611 -0.022197
v -0.101829 0.177611 -0.043464
v -0.092515 0.177611 -0.062867
v -0.062867 0.177611 -0.092515
v -0.043464 0.177611 -0.101829
v -0.022197 0.177611 -0.107417
v -0.000000 0.177611 -0.109280
v 0.022197 0.177611 -0.107417
v 0.043464 0.177611 -0.101829
v 0.062867 0.177611 -0.092515
v 0.092515 0.177611 -0.062867
v 0.101829 0.177611 -0.043464
v 0.107417 0.177611 -0.022197
v 0.109280 0.177611 -0.000000
v 0.107417 0.177611 0.022197
v 0.101829 0.177611 0.043464
v 0.092515 0.177611 0.062867
v 0.062867 0.177611 0.092515
v 0.043464 0.177611 0.101829
v 0.022197 0.177611 0.107417
v -0.000000 0.177611 0.109280
v -0.022197 0.177611 0.107417
v -0.043464 0.177611 0.101829
v -0.062867 0.177611 0.092515
v 0.079840 0.171294 0.079840
v 0.080984 0.171993 0.080984
v 0.081705 0.172780 0.081705
v 0.082019 0.173642 0.082019
v 0.081938 0.174568 0.081938
v 0.081478 0.175546 0.081478
v 0.080653 0.176565 0.080653
v -0.080653 0.176565 0.080653
v -0.081478 0.175546 0.081478
v -0.081938 0.174568 0.081938
v -0.082019 0.173642 0.082019
v -0.081705 0.172780 0.081705
v -0.080984 0.171993 0.080984
v -0.079840 0.171294 0.079840
v -0.079840 0.171294 -0.079840
v -0.080984 0.171993 -0.080984
v -0.081705 0.172780 -0.081705
v -0.082019 0.173642 -0.082019
v -0.081938 0.174568 -0.081938
v -0.081478 0.175546 -0.081478
v -0.080653 0.176565 -0.080653
v 0.080653 0.176565 -0.080653
v 0.081478 0.175546 -0.081478
v 0.081938 0.174568 -0.081938
v 0.082019 0.173642 -0.082019
v 0.081705 0.172780 -0.081705
v 0.080984 0.171993 -0.080984
v 0.079840 0.171294 -0.079840
v -0.073241 0.187236 0.049770
v -0.080615 0.187236 0.034409
v -0.085039 0.187236 0.017573
v -0.086513 0.187236 -0.000000
v -0.085039 0.187236 -0.017573
v -0.080615 0.187236 -0.034409
v -0.073241 0.187236 -0.049770
v -0.049770 0.187236 -0.073241
v -0.034409 0.187236 -0.080615
v -0.017573 0.187236 -0.085039
v -0.000000 0.187236 -0.086513
v 0.017573 0.187236 -0.085039
v 0.034409 0.187236 -0.080615
v 0.049770 0.187236 -0.073241
v 0.073241 0.187236 -0.049770
v 0.080615 0.187236 -0.034409
v 0.085039 0.187236 -0.017573
v 0.086513 0.187236 -0.000000
v 0.085039 0.187236 0.017573
v 0.080615 0.187236 0.034409
v 0.073241 0.187236 0.049770
v 0.049770 0.187236 0.073241
v 0.034409 0.187236 0.080615
v 0.017573 0.187236 0.085039
v -0.000000 0.187236 0.086513
v -0.017573 0.187236 0.085039
v -0.034409 0.187236 0.080615
v -0.049770 0.187236 0.073241
v -0.077970 0.178677 -0.077970
v -0.076186 0.179768 -0.076186
v -0.074183 0.180890 -0.074183
v -0.072018 0.182051 -0.072018
v -0.069750 0.183258 -0.069750
v -0.067439 0.184520 -0.067439
v -0.065142 0.185844 -0.065142
v 0.065142 0.185844 -0.065142
v 0.067439 0.184520 -0.067439
v 0.069750 0.183258 -0.069750
v 0.072018 0.182051 -0.072018
v 0.074183 0.180890 -0.074183
v 0.076186 0.179768 -0.076186
v 0.077970 0.178677 -0.077970
v 0.065142 0.185844 0.065142
v 0.067439 0.184520 0.067439
v 0.069750 0.183258 0.069750
v 0.072018 0.182051 0.072018
v 0.074183 0.180890 0.074183
v 0.076186 0.179768 0.076186
v 0.077970 0.178677 0.077970
v -0.077970 0.178677 0.077970
v -0.076186 0.179768 0.076186
v -0.074183 0.180890 0.074183
v -0.072018 0.182051 0.072018
v -0.069750 0.183258 0.069750
v -0.067439 0.184520 0.067439
v -0.065142 0.185844 0.065142
v -0.040820 0.273489 0.027738
v -0.044929 0.273489 0.019177
v -0.047395 0.273489 0.009794
v -0.048217 0.273489 -0.000000
v -0.047395 0.273489 -0.009794
v -0.044929 0.273489 -0.019177
v -0.040820 0.273489 -0.027738
v -0.027738 0.273489 -0.040820
v -0.019177 0.273489 -0.044929
v -0.009794 0.273489 -0.047395
v -0.000000 0.273489 -0.048217
v 0.009794 0.273489 -0.047395
v 0.019177 0.273489 -0.044929
v 0.027738 0.273489 -0.040820
v 0.040820 0.273489 -0.027738
v 0.044929 0.273489 -0.019177
v 0.047395 0.273489 -0.009794
v 0.048217 0.273489 -0.000000
v 0.047395 0.273489 0.009794
v 0.044929 0.273489 0.019177
v 0.040820 0.273489 0.027738
v 0.027738 0.273489 0.040820
v 0.019177 0.273489 0.044929
v 0.009794 0.273489 0.047395
v -0.000000 0.273489 0.048217
v -0.009794 0.273489 0.047395
v -0.019177 0.273489 0.044929
v -0.027738 0.273489 0.040820
v 0.037172 0.232600 -0.037172
v 0.036563 0.238496 -0.036564
v 0.036090 0.244683 -0.036090
v 0.035731 0.250975 -0.035732
v 0.035469 0.257187 -0.035469
v 0.035284 0.263134 -0.035284
v 0.035156 0.268629 -0.035156
v 0.050124 0.199239 0.050124
v 0.051750 0.197268 0.051750
v 0.053418 0.195387 0.053418
v 0.055144 0.193591 0.055144
v 0.056942 0.191880 0.056942
v 0.058827 0.190252 0.058827
v 0.060815 0.188705 0.060815
v -0.037172 0.232600 0.037172
v -0.036564 0.238496 0.036563
v -0.036090 0.244683 0.036090
v -0.035732 0.250975 0.035732
v -0.035469 0.257187 0.035469
v -0.035284 0.263134 0.035284
v -0.035156 0.268629 0.035156
v -0.050124 0.199239 -0.050124
v -0.051750 0.197268 -0.051750
v -0.053418 0.195387 -0.053418
v -0.055144 0.193591 -0.055144
v -0.056942 0.191880 -0.056942
v -0.058827 0.190252 -0.058827
v -0.060815 0.188705 -0.060815
v 0.054332 0.156235 -0.054332
v 0.054383 0.157926 -0.054383
v 0.054547 0.159591 -0.054547
v 0.054881 0.161196 -0.054881
v 0.055441 0.162712 -0.055441
v 0.056284 0.164107 -0.056284
v 0.057467 0.165350 -0.057467
v 0.076250 0.170197 0.076250
v 0.073903 0.169770 0.073903
v 0.071330 0.169372 0.071330
v 0.068645 0.168964 0.068645
v 0.065962 0.168504 0.065962
v 0.063392 0.167953 0.063392
v 0.061049 0.167268 0.061049
v -0.054332 0.156235 0.054332
v -0.054383 0.157926 0.054383
v -0.054547 0.159591 0.054547
v -0.054881 0.161196 0.054881
v -0.055441 0.162712 0.055441
v -0.056284 0.164107 0.056284
v -0.057467 0.165350 0.057467
v -0.076250 0.170197 -0.076250
v -0.073903 0.169770 -0.073903
v -0.071330 0.169372 -0.071330
v -0.068645 0.168964 -0.068645
v -0.065962 0.168504 -0.065962
v -0.063392 0.167953 -0.063392
v -0.061049 0.167268 -0.061049
v -0.046706 0.166410 -0.068733
v -0.032291 0.166410 -0.075652
v -0.016491 0.166410 -0.079804
v -0.000000 0.166410 -0.081188
v 0.016491 0.166410 -0.079804
v 0.032291 0.166410 -0.075652
v 0.046706 0.166410 -0.068733
v 0.046706 0.166410 0.068733
v 0.032291 0.166410 0.075652
v 0.016491 0.166410 0.079804
v -0.000000 0.166410 0.081188
v -0.016491 0.166410 0.079804
v -0.032291 0.166410 0.075652
v -0.046706 0.166410 0.068733
v -0.068733 0.166410 0.046706
v -0.075652 0.166410 0.032291
v -0.079804 0.166410 0.016491
v -0.081188 0.166410 -0.000000
v -0.079804 0.166410 -0.016491
v -0.075652 0.166410 -0.032291
v -0.068733 0.166410 -0.046706
v 0.068733 0.166410 -0.046706
v 0.075652 0.166410 -0.032291
v 0.079804 0.166410 -0.016491
v 0.081188 0.166410 -0.000000
v 0.079804 0.166410 0.016491
v 0.075652 0.166410 0.032291
v 0.068733 0.166410 0.046706
v 0.057467 0.165350 0.057467
v 0.056284 0.164107 0.056284
v 0.055441 0.162712 0.055441
v 0.054881 0.161196 0.054881
v 0.054547 0.159591 0.054547
v 0.054383 0.157926 0.054383
v 0.054332 0.156235 0.054332
v -0.057467 0.165350 -0.057467
v -0.056284 0.164107 -0.056284
v -0.055441 0.162712 -0.055441
v -0.054881 0.161196 -0.054881
v -0.054547 0.159591 -0.054547
v -0.054383 0.157926 -0.054383
v -0.054332 0.156235 -0.054332
v 0.057623 0.144675 -0.057623
v 0.056431 0.145750 -0.056431
v 0.055572 0.146967 -0.055572
v 0.054991 0.148307 -0.054991
v 0.054633 0.149753 -0.054633
v 0.054441 0.151286 -0.054441
v 0.054361 0.152890 -0.054362
v -0.057623 0.144675 0.057623
v -0.056431 0.145750 0.056431
v -0.055572 0.146967 0.055572
v -0.054991 0.148307 0.054991
v -0.054633 0.149753 0.054633
v -0.054441 0.151286 0.054441
v -0.054362 0.152890 0.054361
v 0.063252 0.154546 -0.042982
v 0.069620 0.154546 -0.029716
v 0.073440 0.154546 -0.015176
v 0.074714 0.154546 -0.000000
v 0.073440 0.154546 0.015176
v 0.069620 0.154546 0.029716
v 0.063252 0.154546 0.042982
v -0.063252 0.154546 0.042982
v -0.069620 0.154546 0.029716
v -0.073440 0.154546 0.015176
v -0.074714 0.154546 -0.000000
v -0.073440 0.154546 -0.015176
v -0.069620 0.154546 -0.029716
v -0.063252 0.154546 -0.042982
v 0.042982 0.154546 0.063252
v 0.029716 0.154546 0.069620
v 0.015176 0.154546 0.073440
v -0.000000 0.154546 0.074714
v -0.015176 0.154546 0.073440
v -0.029716 0.154546 0.069620
v -0.042982 0.154546 0.063252
v -0.042982 0.154546 -0.063252
v -0.029716 0.154546 -0.069620
v -0.015176 0.154546 -0.073440
v -0.000000 0.154546 -0.074714
v 0.015176 0.154546 -0.073440
v 0.029716 0.154546 -0.069620
v 0.042982 0.154546 -0.063252
v 0.060815 0.188705 -0.060815
v 0.058827 0.190252 -0.058827
v 0.056942 0.191880 -0.056942
v 0.055144 0.193591 -0.055144
v 0.053418 0.195387 -0.053418
v 0.051750 0.197268 -0.051750
v 0.050124 0.199239 -0.050124
v 0.038862 0.222377 0.038862
v 0.039944 0.218164 0.039944
v 0.041159 0.214471 0.041159
v 0.042486 0.211225 0.042486
v 0.043907 0.208356 0.043907
v 0.045400 0.205793 0.045400
v 0.046947 0.203465 0.046947
v -0.060815 0.188705 0.060815
v -0.058827 0.190252 0.058827
v -0.056942 0.191880 0.056942
v -0.055144 0.193591 0.055144
v -0.053418 0.195387 0.053418
v -0.051750 0.197268 0.051750
v -0.050124 0.199239 0.050124
v -0.038862 0.222377 -0.038862
v -0.039944 0.218164 -0.039944
v -0.041159 0.214471 -0.041159
v -0.042486 0.211225 -0.042486
v -0.043907 0.208356 -0.043907
v -0.045400 0.205793 -0.045400
v -0.046947 0.203465 -0.046947
v -0.038385 0.201300 -0.056488
v -0.026538 0.201300 -0.062174
v -0.013553 0.201300 -0.065586
v -0.000000 0.201300 -0.066724
v 0.013553 0.201300 -0.065586
v 0.026538 0.201300 -0.062174
v 0.038385 0.201300 -0.056488
v 0.038385 0.201300 0.056488
v 0.026538 0.201300 0.062174
v 0.013553 0.201300 0.065586
v -0.000000 0.201300 0.066724
v -0.013553 0.201300 0.065586
v -0.026538 0.201300 0.062174
v -0.038385 0.201300 0.056488
v -0.056488 0.201300 0.038385
v -0.062174 0.201300 0.026538
v -0.065586 0.201300 0.013553
v -0.066724 0.201300 -0.000000
v -0.065586 0.201300 -0.013553
v -0.062174 0.201300 -0.026538
v -0.056488 0.201300 -0.038385
v 0.056488 0.201300 -0.038385
v 0.062174 0.201300 -0.026538
v 0.065586 0.201300 -0.013553
v 0.066724 0.201300 -0.000000
v 0.065586 0.201300 0.013553
v 0.062174 0.201300 0.026538
v 0.056488 0.201300 0.038385
v 0.046947 0.203465 -0.046947
v 0.045400 0.205793 -0.045400
v 0.043907 0.208356 -0.043907
v 0.042486 0.211225 -0.042486
v 0.041159 0.214471 -0.041159
v 0.039944 0.218164 -0.039944
v 0.038862 0.222377 -0.038862
v -0.046947 0.203465 0.046947
v -0.045400 0.205793 0.045400
v -0.043907 0.208356 0.043907
v -0.042486 0.211225 0.042486
v -0.041159 0.214471 0.041159
v -0.039944 0.218164 0.039944
v -0.038862 0.222377 0.038862
v 0.035156 0.268629 0.035156
v 0.035284 0.263134 0.035284
v 0.035469 0.257187 0.035469
v 0.035731 0.250975 0.035732
v 0.036090 0.244683 0.036090
v 0.036563 0.238496 0.036563
v 0.037172 0.232600 0.037172
v -0.035156 0.268629 -0.035156
v -0.035284 0.263134 -0.035284
v -0.035469 0.257187 -0.035469
v -0.035732 0.250975 -0.035732
v -0.036090 0.244683 -0.036090
v -0.036564 0.238496 -0.036564
v -0.037172 0.232600 -0.037172
v -0.030006 0.227179 -0.044157
v -0.020745 0.227179 -0.048603
v -0.010595 0.227179 -0.051270
v -0.000000 0.227179 -0.052159
v 0.010595 0.227179 -0.051270
v 0.020745 0.227179 -0.048603
v 0.030006 0.227179 -0.044157
v 0.030006 0.227179 0.044157
v 0.020745 0.227179 0.048603
v 0.010595 0.227179 0.051270
v -0.000000 0.227179 0.052159
v -0.010595 0.227179 0.051270
v -0.020745 0.227179 0.048603
v -0.030006 0.227179 0.044157
v -0.044157 0.227179 0.030006
v -0.048603 0.227179 0.020745
v -0.051270 0.227179 0.010595
v -0.052159 0.227179 -0.000000
v -0.051270 0.227179 -0.010595
v -0.048603 0.227179 -0.020745
v -0.044157 0.227179 -0.030006
v 0.044157 0.227179 -0.030006
v 0.048603 0.227179 -0.020745
v 0.051270 0.227179 -0.010595
v 0.052159 0.227179 -0.000000
v 0.051270 0.227179 0.010595
v 0.048603 0.227179 0.020745
v 0.044157 0.227179 0.030006
v -0.048964 0.291451 0.033273
v -0.053893 0.291451 0.023003
v -0.056851 0.291451 0.011748
v -0.057837 0.291451 -0.000000
v -0.056851 0.291451 -0.011748
v -0.053893 0.291451 -0.023003
v -0.048964 0.291451 -0.033273
v -0.033273 0.291451 -0.048964
v -0.023003 0.291451 -0.053893
v -0.011748 0.291451 -0.056851
v -0.000000 0.291451 -0.057837
v 0.011748 0.291451 -0.056851
v 0.023003 0.291451 -0.053893
v 0.033273 0.291451 -0.048964
v 0.048964 0.291451 -0.033273
v 0.053893 0.291451 -0.023003
v 0.056851 0.291451 -0.011748
v 0.057837 0.291451 -0.000000
v 0.056851 0.291451 0.011748
v 0.053893 0.291451 0.023003
v 0.048964 0.291451 0.033273
v 0.033273 0.291451 0.048964
v 0.023003 0.291451 0.053893
v 0.011748 0.291451 0.056851
v -0.000000 0.291451 0.057837
v -0.011748 0.291451 0.056851
v -0.023003 0.291451 0.053893
v -0.033273 0.291451 0.048964
v 0.035013 0.277574 0.035013
v 0.035061 0.280937 0.035061
v 0.035292 0.283675 0.035292
v 0.035788 0.285887 0.035788
v 0.036631 0.287673 0.036631
v 0.037904 0.289129 0.037904
v 0.039687 0.290356 0.039687
v -0.039687 0.290356 0.039687
v -0.037904 0.289129 0.037904
v -0.036631 0.287673 0.036631
v -0.035788 0.285887 0.035788
v -0.035292 0.283675 0.035292
v -0.035061 0.280937 0.035061
v -0.035014 0.277574 0.035013
v -0.035014 0.277574 -0.035014
v -0.035061 0.280937 -0.035061
v -0.035292 0.283675 -0.035292
v -0.035788 0.285887 -0.035788
v -0.036631 0.287673 -0.036631
v -0.037904 0.289129 -0.037904
v -0.039687 0.290356 -0.039687
v 0.039687 0.290356 -0.039687
v 0.037904 0.289129 -0.037904
v 0.036631 0.287673 -0.036631
v 0.035788 0.285887 -0.035788
v 0.035292 0.283675 -0.035292
v 0.035061 0.280937 -0.035061
v 0.035013 0.277574 -0.035014
v -0.082491 0.303584 0.056055
v -0.090796 0.303584 0.038754
v -0.095778 0.303584 0.019792
v -0.097439 0.303584 -0.000000
v -0.095778 0.303584 -0.019792
v -0.090796 0.303584 -0.038754
v -0.082491 0.303584 -0.056055
v -0.056055 0.303584 -0.082491
v -0.038754 0.303584 -0.090796
v -0.019792 0.303584 -0.095778
v 0.000000 0.303584 -0.097439
v 0.019792 0.303584 -0.095778
v 0.038754 0.303584 -0.090796
v 0.056055 0.303584 -0.082491
v 0.082491 0.303584 -0.056055
v 0.090796 0.303584 -0.038754
v 0.095778 0.303584 -0.019792
v 0.097439 0.303584 -0.000000
v 0.095778 0.303584 0.019792
v 0.090796 0.303584 0.038754
v 0.082491 0.303584 0.056055
v 0.056055 0.303584 0.082491
v 0.038754 0.303584 0.090796
v 0.019792 0.303584 0.095778
v 0.000000 0.303584 0.097439
v -0.019792 0.303584 0.095778
v -0.038754 0.303584 0.090796
v -0.056055 0.303584 0.082491
v 0.045073 0.292506 0.045073
v 0.048588 0.293584 0.048588
v 0.052442 0.294738 0.052442
v 0.056464 0.296024 0.056464
v 0.060486 0.297496 0.060486
v 0.064339 0.299211 0.064339
v 0.067855 0.301221 0.067855
v -0.067855 0.301221 0.067855
v -0.064339 0.299211 0.064339
v -0.060486 0.297496 0.060486
v -0.056464 0.296024 0.056464
v -0.052442 0.294738 0.052442
v -0.048588 0.293584 0.048588
v -0.045073 0.292506 0.045073
v -0.045073 0.292506 -0.045073
v -0.048588 0.293584 -0.048588
v -0.052442 0.294738 -0.052442
v -0.056464 0.296024 -0.056464
v -0.060486 0.297496 -0.060486
v -0.064339 0.299211 -0.064339
v -0.067855 0.301221 -0.067855
v 0.067855 0.301221 -0.067855
v 0.064339 0.299211 -0.064339
v 0.060486 0.297496 -0.060486
v 0.056464 0.296024 -0.056464
v 0.052442 0.294738 -0.052442
v 0.048588 0.293584 -0.048588
v 0.045073 0.292506 -0.045073
v -0.081776 0.327676 0.055570
v -0.090009 0.327676 0.038418
v -0.094949 0.327676 0.019621
v -0.096595 0.327676 -0.000000
v -0.094949 0.327676 -0.019621
v -0.090009 0.327676 -0.038419
v -0.081776 0.327676 -0.055570
v -0.055570 0.327676 -0.081777
v -0.038418 0.327676 -0.090009
v -0.019621 0.327676 -0.094949
v 0.000000 0.327676 -0.096595
v 0.019621 0.327676 -0.094949
v 0.038419 0.327676 -0.090009
v 0.055570 0.327676 -0.081777
v 0.081777 0.327676 -0.055570
v 0.090009 0.327676 -0.038419
v 0.094949 0.327676 -0.019621
v 0.096595 0.327676 -0.000000
v 0.094949 0.327676 0.019621
v 0.090009 0.327676 0.038418
v 0.081777 0.327676 0.055570
v 0.055570 0.327676 0.081776
v 0.038419 0.327676 0.090009
v 0.019621 0.327676 0.094949
v 0.000000 0.327676 0.096595
v -0.019621 0.327676 0.094949
v -0.038418 0.327676 0.090009
v -0.055570 0.327676 0.081776
v 0.073226 0.306325 -0.073226
v 0.074906 0.309363 -0.074906
v 0.075895 0.312588 -0.075895
v 0.076188 0.315890 -0.076188
v 0.075778 0.319159 -0.075778
v 0.074656 0.322286 -0.074656
v 0.072816 0.325162 -0.072816
v 0.072816 0.325162 0.072816
v 0.074656 0.322286 0.074656
v 0.075778 0.319159 0.075778
v 0.076188 0.315890 0.076188
v 0.075895 0.312588 0.075895
v 0.074906 0.309363 0.074905
v 0.073226 0.306325 0.073226
v -0.073226 0.306325 0.073226
v -0.074905 0.309363 0.074905
v -0.075895 0.312588 0.075895
v -0.076188 0.315890 0.076188
v -0.075778 0.319159 0.075778
v -0.074656 0.322286 0.074656
v -0.072816 0.325162 0.072816
v -0.072816 0.325162 -0.072816
v -0.074656 0.322286 -0.074656
v -0.075778 0.319159 -0.075778
v -0.076188 0.315890 -0.076188
v -0.075895 0.312588 -0.075895
v -0.074905 0.309363 -0.074906
v -0.073226 0.306325 -0.073226
v -0.043966 0.335523 0.029876
v -0.048392 0.335523 0.020655
v -0.051048 0.335523 0.010549
v -0.051933 0.335523 -0.000000
v -0.051048 0.335523 -0.010549
v -0.048392 0.335523 -0.020655
v -0.043966 0.335523 -0.029876
v -0.029876 0.335523 -0.043966
v -0.020655 0.335523 -0.048392
v -0.010549 0.335523 -0.051048
v 0.000000 0.335523 -0.051933
v 0.010549 0.335523 -0.051048
v 0.020655 0.335523 -0.048392
v 0.029876 0.335523 -0.043966
v 0.043966 0.335523 -0.029876
v 0.048392 0.335523 -0.020655
v 0.051048 0.335523 -0.010549
v 0.051933 0.335523 -0.000000
v 0.051048 0.335523 0.010549
v 0.048392 0.335523 0.020655
v 0.043966 0.335523 0.029876
v 0.029876 0.335523 0.043966
v 0.020655 0.335523 0.048392
v 0.010549 0.335523 0.051048
v 0.000000 0.335523 0.051933
v -0.010549 0.335523 0.051048
v -0.020655 0.335523 0.048392
v -0.029876 0.335523 0.043966
v 0.066982 0.329745 -0.066982
v 0.063150 0.331397 -0.063150
v 0.058923 0.332684 -0.058923
v 0.054469 0.333660 -0.054469
v 0.049958 0.334379 -0.049958
v 0.045559 0.334893 -0.045559
v 0.041440 0.335257 -0.041440
v 0.041440 0.335257 0.041440
v 0.045559 0.334893 0.045559
v 0.049958 0.334379 0.049958
v 0.054469 0.333660 0.054469
v 0.058923 0.332684 0.058923
v 0.063150 0.331397 0.063150
v 0.066982 0.329745 0.066982
v -0.066982 0.329745 0.066982
v -0.063150 0.331397 0.063150
v -0.058923 0.332684 0.058923
v -0.054469 0.333660 0.054469
v -0.049958 0.334379 0.049958
v -0.045559 0.334893 0.045559
v -0.041440 0.335257 0.041440
v -0.041440 0.335257 -0.041440
v -0.045559 0.334893 -0.045559
v -0.049958 0.334379 -0.049958
v -0.054469 0.333660 -0.054469
v -0.058923 0.332684 -0.058923
v -0.063150 0.331397 -0.063150
v -0.066982 0.329745 -0.066982
v -0.029168 0.336953 0.019821
v -0.032105 0.336953 0.013703
v -0.033867 0.336953 0.006998
v -0.034454 0.336953 -0.000000
v -0.033867 0.336953 -0.006999
v -0.032105 0.336953 -0.013703
v -0.029168 0.336953 -0.019821
v -0.019821 0.336953 -0.029169
v -0.013703 0.336953 -0.032105
v -0.006998 0.336953 -0.033867
v 0.000000 0.336953 -0.034454
v 0.006999 0.336953 -0.033867
v 0.013703 0.336953 -0.032105
v 0.019821 0.336953 -0.029169
v 0.029169 0.336953 -0.019821
v 0.032105 0.336953 -0.013703
v 0.033867 0.336953 -0.006999
v 0.034454 0.336953 -0.000000
v 0.033867 0.336953 0.006998
v 0.032105 0.336953 0.013703
v 0.029169 0.336953 0.019821
v 0.019821 0.336953 0.029168
v 0.013703 0.336953 0.032105
v 0.006999 0.336953 0.033867
v 0.000000 0.336953 0.034454
v -0.006998 0.336953 0.033867
v -0.013703 0.336953 0.032105
v -0.019821 0.336953 0.029168
v 0.034678 0.335739 0.034678
v 0.032142 0.335921 0.032142
v 0.030098 0.336082 0.030098
v 0.028483 0.336233 0.028483
v 0.027234 0.336384 0.027234
v 0.026289 0.336547 0.026289
v 0.025585 0.336733 0.025584
v -0.025584 0.336733 0.025584
v -0.026289 0.336547 0.026289
v -0.027234 0.336384 0.027234
v -0.028483 0.336233 0.028483
v -0.030098 0.336082 0.030098
v -0.032142 0.335921 0.032142
v -0.034678 0.335739 0.034678
v -0.034678 0.335739 -0.034678
v -0.032142 0.335921 -0.032142
v -0.030098 0.336082 -0.030098
v -0.028483 0.336233 -0.028483
v -0.027234 0.336384 -0.027234
v -0.026289 0.336547 -0.026289
v -0.025584 0.336733 -0.025585
v 0.025585 0.336733 -0.025585
v 0.026289 0.336547 -0.026289
v 0.027234 0.336384 -0.027234
v 0.028483 0.336233 -0.028483
v 0.030098 0.336082 -0.030098
v 0.032142 0.335921 -0.032142
v 0.034678 0.335739 -0.034678
v -0.035669 0.344229 0.024238
v -0.039260 0.344229 0.016757
v -0.041414 0.344229 0.008558
v -0.042132 0.344229 -0.000000
v -0.041414 0.344229 -0.008558
v -0.039260 0.344229 -0.016757
v -0.035669 0.344229 -0.024238
v -0.024238 0.344229 -0.035669
v -0.016757 0.344229 -0.039260
v -0.008558 0.344229 -0.041414
v 0.000000 0.344229 -0.042132
v 0.008558 0.344229 -0.041414
v 0.016757 0.344229 -0.039260
v 0.024238 0.344229 -0.035669
v 0.035669 0.344229 -0.024238
v 0.039260 0.344229 -0.016757
v 0.041414 0.344229 -0.008558
v 0.042132 0.344229 -0.000000
v 0.041414 0.344229 0.008558
v 0.039260 0.344229 0.016757
v 0.035669 0.344229 0.024238
v 0.024238 0.344229 0.035669
v 0.016757 0.344229 0.039260
v 0.008558 0.344229 0.041414
v 0.000000 0.344229 0.042132
v -0.008558 0.344229 0.041414
v -0.016757 0.344229 0.039260
v -0.024238 0.344229 0.035669
v 0.024667 0.337224 -0.024667
v 0.024456 0.337586 -0.024456
v 0.024491 0.338084 -0.024491
v 0.024837 0.338765 -0.024837
v 0.025560 0.339675 -0.025560
v 0.026725 0.340858 -0.026725
v 0.028397 0.342361 -0.028397
v 0.028397 0.342361 0.028397
v 0.026725 0.340858 0.026725
v 0.025560 0.339675 0.025560
v 0.024837 0.338765 0.024837
v 0.024491 0.338084 0.024491
v 0.024456 0.337586 0.024456
v 0.024667 0.337224 0.024667
v -0.024667 0.337224 0.024667
v -0.024456 0.337586 0.024456
v -0.024491 0.338084 0.024491
v -0.024837 0.338765 0.024837
v -0.025560 0.339675 0.025560
v -0.026725 0.340858 0.026725
v -0.028397 0.342361 0.028397
v -0.028397 0.342361 -0.028397
v -0.026725 0.340858 -0.026725
v -0.025560 0.339675 -0.025560
v -0.024837 0.338765 -0.024837
v -0.024491 0.338084 -0.024491
v -0.024456 0.337586 -0.024456
v -0.024667 0.337224 -0.024667
v -0.029450 0.522262 0.023339
v -0.030859 0.522956 0.016403
v -0.031807 0.523447 0.008443
v -0.032146 0.523629 -0.000000
v -0.031807 0.523447 -0.008443
v -0.030859 0.522956 -0.016403
v -0.029450 0.522262 -0.023339
v -0.023339 0.522262 -0.029450
v -0.016403 0.522956 -0.030859
v -0.008443 0.523447 -0.031808
v 0.000000 0.523629 -0.032147
v 0.008443 0.523447 -0.031808
v 0.016403 0.522956 -0.030859
v 0.023339 0.522262 -0.029450
v 0.029450 0.522262 -0.023339
v 0.030859 0.522956 -0.016403
v 0.031808 0.523447 -0.008443
v 0.032147 0.523629 -0.000000
v 0.031808 0.523447 0.008443
v 0.030859 0.522956 0.016403
v 0.029450 0.522262 0.023339
v 0.023339 0.522262 0.029450
v 0.016403 0.522956 0.030859
v 0.008443 0.523447 0.031807
v 0.000000 0.523629 0.032146
v -0.008443 0.523447 0.031807
v -0.016403 0.522956 0.030859
v -0.023339 0.522262 0.029450
v 0.055805 0.495793 -0.055805
v 0.052133 0.501313 -0.052133
v 0.048126 0.506315 -0.048126
v 0.043881 0.510741 -0.043881
v 0.039507 0.514538 -0.039507
v 0.035172 0.517671 -0.035172
v 0.031111 0.520100 -0.031111
v 0.055813 0.369469 0.055813
v 0.052198 0.364470 0.052198
v 0.048347 0.359957 0.048347
v 0.044405 0.355915 0.044405
v 0.040517 0.352334 0.040517
v 0.036830 0.349201 0.036830
v 0.033490 0.346503 0.033490
v -0.055804 0.495793 0.055804
v -0.052133 0.501313 0.052133
v -0.048126 0.506315 0.048126
v -0.043881 0.510741 0.043881
v -0.039507 0.514538 0.039507
v -0.035171 0.517671 0.035171
v -0.031111 0.520100 0.031111
v -0.055813 0.369469 -0.055813
v -0.052198 0.364470 -0.052198
v -0.048347 0.359957 -0.048347
v -0.044405 0.355915 -0.044405
v -0.040517 0.352334 -0.040517
v -0.036830 0.349201 -0.036830
v -0.033490 0.346503 -0.033490
v 0.061777 0.380955 -0.061777
v 0.064021 0.387392 -0.064021
v 0.065813 0.394211 -0.065813
v 0.067192 0.401347 -0.067192
v 0.068198 0.408739 -0.068198
v 0.068868 0.416321 -0.068868
v 0.069242 0.424030 -0.069241
v 0.061777 0.483437 0.061777
v 0.064021 0.476709 0.064021
v 0.065813 0.469682 0.065813
v 0.067192 0.462406 0.067192
v 0.068198 0.454929 0.068197
v 0.068868 0.447304 0.068868
v 0.069242 0.439578 0.069241
v -0.061777 0.380955 0.061777
v -0.064021 0.387392 0.064021
v -0.065813 0.394211 0.065813
v -0.067192 0.401347 0.067192
v -0.068197 0.408739 0.068197
v -0.068868 0.416321 0.068868
v -0.069241 0.424030 0.069241
v -0.061777 0.483437 -0.061777
v -0.064021 0.476709 -0.064021
v -0.065813 0.469682 -0.065813
v -0.067192 0.462406 -0.067192
v -0.068197 0.454930 -0.068198
v -0.068868 0.447304 -0.068868
v -0.069241 0.439578 -0.069241
v -0.054863 0.431803 -0.080736
v -0.037930 0.431803 -0.088864
v -0.019371 0.431803 -0.093741
v 0.000000 0.431803 -0.095367
v 0.019371 0.431803 -0.093741
v 0.037930 0.431803 -0.088864
v 0.054863 0.431803 -0.080736
v 0.054863 0.431803 0.080736
v 0.037930 0.431803 0.088864
v 0.019371 0.431803 0.093741
v 0.000000 0.431803 0.095366
v -0.019371 0.431803 0.093741
v -0.037930 0.431803 0.088864
v -0.054863 0.431803 0.080736
v -0.080736 0.431803 0.054863
v -0.088864 0.431803 0.037930
v -0.093741 0.431803 0.019371
v -0.095366 0.431803 -0.000000
v -0.093741 0.431803 -0.019371
v -0.088864 0.431803 -0.037930
v -0.080736 0.431803 -0.054863
v 0.080736 0.431803 -0.054863
v 0.088864 0.431803 -0.037930
v 0.093741 0.431803 -0.019371
v 0.095367 0.431803 -0.000000
v 0.093741 0.431803 0.019371
v 0.088864 0.431803 0.037930
v 0.080736 0.431803 0.054863
v 0.069242 0.439578 -0.069241
v 0.068868 0.447304 -0.068868
v 0.068198 0.454930 -0.068198
v 0.067192 0.462406 -0.067192
v 0.065813 0.469682 -0.065813
v 0.064021 0.476709 -0.064021
v 0.061777 0.483437 -0.061777
v -0.069241 0.439578 0.069241
v -0.068868 0.447304 0.068868
v -0.068197 0.454930 0.068197
v -0.067192 0.462405 0.067192
v -0.065813 0.469682 0.065813
v -0.064021 0.476709 0.064021
v -0.061777 0.483437 0.061777
v 0.031111 0.520100 0.031111
v 0.035172 0.517671 0.035171
v 0.039507 0.514538 0.039507
v 0.043881 0.510741 0.043881
v 0.048126 0.506315 0.048126
v 0.052133 0.501313 0.052133
v 0.055805 0.495793 0.055804
v -0.031111 0.520100 -0.031111
v -0.035171 0.517671 -0.035172
v -0.039507 0.514538 -0.039507
v -0.043881 0.510741 -0.043881
v -0.048126 0.506315 -0.048126
v -0.052133 0.501313 -0.052133
v -0.055804 0.495793 -0.055805
v -0.046705 0.489815 -0.068731
v -0.032290 0.489815 -0.075650
v -0.016491 0.489815 -0.079802
v 0.000000 0.489815 -0.081186
v 0.016491 0.489815 -0.079802
v 0.032290 0.489815 -0.075650
v 0.046705 0.489815 -0.068731
v 0.046705 0.489815 0.068731
v 0.032290 0.489815 0.075650
v 0.016491 0.489815 0.079802
v 0.000000 0.489815 0.081186
v -0.016491 0.489815 0.079802
v -0.032290 0.489815 0.075650
v -0.046705 0.489815 0.068731
v -0.068731 0.489815 0.046705
v -0.075650 0.489815 0.032290
v -0.079802 0.489815 0.016491
v -0.081186 0.489815 -0.000000
v -0.079802 0.489815 -0.016491
v -0.075650 0.489815 -0.032290
v -0.068731 0.489815 -0.046705
v 0.068731 0.489815 -0.046705
v 0.075650 0.489815 -0.032290
v 0.079802 0.489815 -0.016491
v 0.081186 0.489815 -0.000000
v 0.079802 0.489815 0.016491
v 0.075650 0.489815 0.032290
v 0.068731 0.489815 0.046705
v 0.069242 0.424030 0.069241
v 0.068868 0.416321 0.068868
v 0.068198 0.408739 0.068197
v 0.067192 0.401347 0.067192
v 0.065813 0.394211 0.065813
v 0.064021 0.387392 0.064021
v 0.061777 0.380955 0.061777
v -0.069241 0.424030 -0.069241
v -0.068868 0.416321 -0.068868
v -0.068197 0.408739 -0.068198
v -0.067192 0.401347 -0.067192
v -0.065813 0.394211 -0.065813
v -0.064021 0.387392 -0.064021
v -0.061777 0.380955 -0.061777
v 0.033490 0.346503 -0.033490
v 0.036830 0.349201 -0.036830
v 0.040517 0.352334 -0.040517
v 0.044405 0.355915 -0.044405
v 0.048347 0.359957 -0.048347
v 0.052198 0.364470 -0.052198
v 0.055813 0.369469 -0.055813
v -0.033490 0.346503 0.033490
v -0.036830 0.349201 0.036830
v -0.040517 0.352334 0.040517
v -0.044405 0.355915 0.044405
v -0.048347 0.359957 0.048347
v -0.052198 0.364470 0.052198
v -0.055813 0.369469 0.055813
v 0.068731 0.374964 -0.046705
v 0.075650 0.374964 -0.032290
v 0.079802 0.374964 -0.016491
v 0.081186 0.374964 -0.000000
v 0.079802 0.374964 0.016491
v 0.075650 0.374964 0.032290
v 0.068731 0.374964 0.046705
v -0.068731 0.374964 0.046705
v -0.075650 0.374964 0.032290
v -0.079802 0.374964 0.016491
v -0.081186 0.374964 -0.000000
v -0.079802 0.374964 -0.016491
v -0.075650 0.374964 -0.032290
v -0.068731 0.374964 -0.046705
v 0.046705 0.374964 0.068731
v 0.032290 0.374964 0.075650
v 0.016491 0.374964 0.079802
v 0.000000 0.374964 0.081186
v -0.016491 0.374964 0.079802
v -0.032290 0.374964 0.075650
v -0.046705 0.374964 0.068731
v -0.046705 0.374964 -0.068731
v -0.032290 0.374964 -0.075650
v -0.016491 0.374964 -0.079802
v 0.000000 0.374964 -0.081186
v 0.016491 0.374964 -0.079802
v 0.032290 0.374964 -0.075650
v 0.046705 0.374964 -0.068731
v -0.123552 0.081970 0.083957
v -0.121669 0.088635 0.082678
v -0.118920 0.095739 0.080809
v -0.115467 0.103014 0.078463
v -0.111475 0.110196 0.075750
v -0.107104 0.117016 0.072781
v -0.102520 0.123210 0.069665
v -0.135990 0.081970 0.058044
v -0.133917 0.088635 0.057160
v -0.130891 0.095739 0.055868
v -0.127091 0.103014 0.054246
v -0.122697 0.110196 0.052371
v -0.117887 0.117016 0.050317
v -0.112840 0.123210 0.048164
v -0.143453 0.081970 0.029644
v -0.141266 0.088635 0.029192
v -0.138074 0.095739 0.028533
v -0.134066 0.103014 0.027704
v -0.129430 0.110196 0.026746
v -0.124356 0.117016 0.025698
v -0.119033 0.123210 0.024598
v -0.145940 0.081970 -0.000000
v -0.143716 0.088635 -0.000000
v -0.140469 0.095739 -0.000000
v -0.136391 0.103014 -0.000000
v -0.131675 0.110196 -0.000000
v -0.126513 0.117016 -0.000000
v -0.121097 0.123210 -0.000000
v -0.143453 0.081970 -0.029644
v -0.141266 0.088635 -0.029192
v -0.138074 0.095739 -0.028533
v -0.134066 0.103014 -0.027704
v -0.129430 0.110196 -0.026746
v -0.124356 0.117016 -0.025698
v -0.119033 0.123210 -0.024598
v -0.135990 0.081970 -0.058044
v -0.133917 0.088635 -0.057160
v -0.130891 0.095739 -0.055868
v -0.127091 0.103014 -0.054246
v -0.122697 0.110196 -0.052371
v -0.117887 0.117016 -0.050317
v -0.112840 0.123210 -0.048164
v -0.123552 0.081970 -0.083957
v -0.121669 0.088635 -0.082678
v -0.118920 0.095739 -0.080809
v -0.115467 0.103014 -0.078463
v -0.111474 0.110196 -0.075750
v -0.107104 0.117016 -0.072781
v -0.102520 0.123210 -0.069665
v -0.083957 0.081970 -0.123552
v -0.082678 0.088635 -0.121669
v -0.080809 0.095739 -0.118920
v -0.078463 0.103014 -0.115467
v -0.075750 0.110196 -0.111475
v -0.072781 0.117016 -0.107104
v -0.069665 0.123210 -0.102520
v -0.058044 0.081970 -0.135990
v -0.057160 0.088635 -0.133917
v -0.055868 0.095739 -0.130891
v -0.054246 0.103014 -0.127091
v -0.052371 0.110196 -0.122697
v -0.050317 0.117016 -0.117887
v -0.048164 0.123210 -0.112840
v -0.029644 0.081970 -0.143453
v -0.029192 0.088635 -0.141266
v -0.028533 0.095739 -0.138074
v -0.027704 0.103014 -0.134066
v -0.026746 0.110196 -0.129430
v -0.025698 0.117016 -0.124356
v -0.024598 0.123210 -0.119033
v 0.000000 0.081970 -0.145940
v -0.000000 0.088635 -0.143716
v 0.000000 0.095739 -0.140469
v -0.000000 0.103014 -0.136391
v -0.000000 0.110196 -0.131675
v -0.000000 0.117016 -0.126513
v -0.000000 0.123210 -0.121097
v 0.029644 0.081970 -0.143453
v 0.029192 0.088635 -0.141266
v 0.028533 0.095739 -0.138074
v 0.027704 0.103014 -0.134066
v 0.026746 0.110196 -0.129430
v 0.025698 0.117016 -0.124356
v 0.024598 0.123210 -0.119033
v 0.058044 0.081970 -0.135990
v 0.057160 0.088635 -0.133917
v 0.055868 0.095739 -0.130891
v 0.054246 0.103014 -0.127091
v 0.052371 0.110196 -0.122697
v 0.050317 0.117016 -0.117887
v 0.048164 0.123210 -0.112840
v 0.083957 0.081970 -0.123552
v 0.082678 0.088635 -0.121669
v 0.080809 0.095739 -0.118920
v 0.078463 0.103014 -0.115467
v 0.075750 0.110196 -0.111475
v 0.072781 0.117016 -0.107104
v 0.069665 0.123210 -0.102520
v 0.123552 0.081970 -0.083957
v 0.121669 0.088635 -0.082678
v 0.118920 0.095739 -0.080809
v 0.115467 0.103014 -0.078463
v 0.111474 0.110196 -0.075750
v 0.107104 0.117016 -0.072781
v 0.102520 0.123210 -0.069665
v 0.135990 0.081970 -0.058044
v 0.133917 0.088635 -0.057160
v 0.130891 0.095739 -0.055868
v 0.127091 0.103014 -0.054246
v 0.122697 0.110196 -0.052371
v 0.117887 0.117016 -0.050317
v 0.112840 0.123210 -0.048164
v 0.143453 0.081970 -0.029644
v 0.141266 0.088635 -0.029192
v 0.138074 0.095739 -0.028533
v 0.134066 0.103014 -0.027704
v 0.129430 0.110196 -0.026746
v 0.124356 0.117016 -0.025698
v 0.119033 0.123210 -0.024598
v 0.145940 0.081970 -0.000000
v 0.143716 0.088635 -0.000000
v 0.140469 0.095739 -0.000000
v 0.136391 0.103014 -0.000000
v 0.131675 0.110196 -0.000000
v 0.126513 0.117016 -0.000000
v 0.121097 0.123210 -0.000000
v 0.143453 0.081970 0.029644
v 0.141266 0.088635 0.029192
v 0.138074 0.095739 0.028533
v 0.134066 0.103014 0.027704
v 0.129430 0.110196 0.026746
v 0.124356 0.117016 0.025698
v 0.119033 0.123210 0.024598
v 0.135990 0.081970 0.058044
v 0.133917 0.088635 0.057160
v 0.130891 0.095739 0.055868
v 0.127091 0.103014 0.054246
v 0.122697 0.110196 0.052371
v 0.117887 0.117016 0.050317
v 0.112840 0.123210 0.048164
v 0.123552 0.081970 0.083957
v 0.121669 0.088635 0.082678
v 0.118920 0.095739 0.080809
v 0.115467 0.103014 0.078463
v 0.111474 0.110196 0.075750
v 0.107104 0.117016 0.072781
v 0.102520 0.123210 0.069665
v 0.083957 0.081970 0.123552
v 0.082678 0.088635 0.121669
v 0.080809 0.095739 0.118920
v 0.078463 0.103014 0.115467
v 0.075750 0.110196 0.111474
v 0.072781 0.117016 0.107104
v 0.069665 0.123210 0.102520
v 0.058044 0.081970 0.135990
v 0.057160 0.088635 0.133917
v 0.055868 0.095739 0.130891
v 0.054246 0.103014 0.127091
v 0.052371 0.110196 0.122697
v 0.050317 0.117016 0.117887
v 0.048164 0.123210 0.112840
v 0.029644 0.081970 0.143453
v 0.029192 0.088635 0.141266
v 0.028533 0.095739 0.138074
v 0.027704 0.103014 0.134066
v 0.026746 0.110196 0.129430
v 0.025698 0.117016 0.124356
v 0.024598 0.123210 0.119033
v -0.000000 0.081970 0.145940
v 0.000000 0.088635 0.143716
v 0.000000 0.095739 0.140469
v 0.000000 0.103014 0.136391
v 0.000000 0.110196 0.131675
v 0.000000 0.117016 0.126512
v 0.000000 0.123210 0.121097
v -0.029644 0.081970 0.143453
v -0.029192 0.088635 0.141266
v -0.028533 0.095739 0.138074
v -0.027704 0.103014 0.134066
v -0.026746 0.110196 0.129430
v -0.025698 0.117016 0.124356
v -0.024598 0.123210 0.119033
v -0.058044 0.081970 0.135990
v -0.057160 0.088635 0.133917
v -0.055868 0.095739 0.130891
v -0.054246 0.103014 0.127091
v -0.052371 0.110196 0.122697
v -0.050317 0.117016 0.117887
v -0.048164 0.123210 0.112840
v -0.083957 0.081970 0.123552
v -0.082678 0.088635 0.121669
v -0.080809 0.095739 0.118920
v -0.078463 0.103014 0.115467
v -0.075750 0.110196 0.111474
v -0.072781 0.117016 0.107104
v -0.069665 0.123210 0.102520
v 0.128901 0.005998 -0.087591
v 0.141878 0.005998 -0.060557
v 0.149664 0.005998 -0.030927
v 0.152260 0.005998 0.000000
v 0.149664 0.005998 0.030927
v 0.141878 0.005998 0.060557
v 0.128901 0.005998 0.087591
v 0.128300 0.004082 -0.087179
v 0.141220 0.004081 -0.060271
v 0.148973 0.004080 -0.030781
v 0.151558 0.004079 0.000000
v 0.148973 0.004080 0.030781
v 0.141220 0.004081 0.060271
v 0.128300 0.004082 0.087179
v 0.126669 0.002531 -0.086060
v 0.139435 0.002526 -0.059495
v 0.147099 0.002521 -0.030384
v 0.149655 0.002519 0.000000
v 0.147099 0.002521 0.030384
v 0.139435 0.002526 0.059495
v 0.126669 0.002531 0.086060
v 0.123494 0.001307 -0.083881
v 0.135960 0.001296 -0.057985
v 0.143449 0.001284 -0.029611
v 0.145947 0.001279 0.000000
v 0.143449 0.001284 0.029611
v 0.135960 0.001296 0.057985
v 0.123494 0.001307 0.083881
v 0.118337 0.000373 -0.080441
v 0.130259 0.000350 -0.055631
v 0.137438 0.000328 -0.028418
v 0.139840 0.000318 0.000000
v 0.137438 0.000328 0.028418
v 0.130259 0.000350 0.055631
v 0.118337 0.000373 0.080441
v 0.111073 -0.000314 -0.076147
v 0.121917 -0.000356 -0.052875
v 0.128513 -0.000395 -0.027079
v 0.130750 -0.000411 0.000000
v 0.128513 -0.000395 0.027079
v 0.121917 -0.000356 0.052875
v 0.111073 -0.000314 0.076147
v 0.101551 -0.000799 -0.071822
v 0.110480 -0.000873 -0.050400
v 0.116118 -0.000932 -0.025965
v 0.118101 -0.000956 0.000000
v 0.116118 -0.000932 0.025965
v 0.110480 -0.000873 0.050400
v 0.101551 -0.000799 0.071822
v 0.093339 0.132721 0.063427
v 0.102736 0.132721 0.043851
v 0.108374 0.132721 0.022395
v 0.110253 0.132721 -0.000000
v 0.108374 0.132721 -0.022395
v 0.102736 0.132721 -0.043851
v 0.093339 0.132721 -0.063427
v 0.088958 0.135940 0.060449
v 0.097913 0.135940 0.041792
v 0.103286 0.135940 0.021344
v 0.105077 0.135940 -0.000000
v 0.103286 0.135940 -0.021344
v 0.097913 0.135940 -0.041792
v 0.088958 0.135940 -0.060449
v 0.084789 0.138333 0.057616
v 0.093324 0.138333 0.039834
v 0.098446 0.138333 0.020344
v 0.100153 0.138333 -0.000000
v 0.098446 0.138333 -0.020344
v 0.093324 0.138333 -0.039834
v 0.084789 0.138333 -0.057616
v 0.080884 0.140067 0.054963
v 0.089026 0.140067 0.037999
v 0.093912 0.140067 0.019407
v 0.095540 0.140067 -0.000000
v 0.093912 0.140067 -0.019407
v 0.089026 0.140067 -0.037999
v 0.080884 0.140067 -0.054963
v 0.077293 0.141310 0.052523
v 0.085074 0.141310 0.036312
v 0.089743 0.141310 0.018545
v 0.091299 0.141310 -0.000000
v 0.089743 0.141310 -0.018545
v 0.085074 0.141310 -0.036312
v 0.077293 0.141310 -0.052523
v 0.074069 0.142228 0.050332
v 0.081525 0.142228 0.034797
v 0.085999 0.142228 0.017771
v 0.087490 0.142228 -0.000000
v 0.085999 0.142228 -0.017771
v 0.081525 0.142228 -0.034797
v 0.074069 0.142228 -0.050332
v 0.071260 0.142988 0.048423
v 0.078434 0.142988 0.033478
v 0.082738 0.142988 0.017098
v 0.084173 0.142988 -0.000000
v 0.082738 0.142988 -0.017098
v 0.078434 0.142988 -0.033478
v 0.071260 0.142988 -0.048424
v -0.071763 -0.001367 -0.071763
v -0.050359 -0.001534 -0.075676
v -0.025944 -0.001639 -0.078850
v -0.000000 -0.001677 -0.080112
v 0.025944 -0.001639 -0.078850
v 0.050359 -0.001534 -0.075676
v 0.071763 -0.001367 -0.071763
v -0.075676 -0.001534 -0.050359
v -0.052549 -0.001736 -0.052549
v -0.026912 -0.001859 -0.054529
v -0.000000 -0.001900 -0.055372
v 0.026912 -0.001859 -0.054529
v 0.052549 -0.001736 -0.052549
v 0.075676 -0.001534 -0.050359
v -0.078850 -0.001639 -0.025944
v -0.054529 -0.001859 -0.026912
v -0.027854 -0.001990 -0.027854
v 0.000000 -0.002035 -0.028275
v 0.027854 -0.001990 -0.027854
v 0.054529 -0.001859 -0.026912
v 0.078850 -0.001639 -0.025944
v -0.080112 -0.001677 0.000000
v -0.055372 -0.001900 0.000000
v -0.028275 -0.002035 -0.000000
v 0.000000 -0.002080 -0.000000
v 0.028275 -0.002035 -0.000000
v 0.055372 -0.001900 -0.000000
v 0.080112 -0.001677 -0.000000
v -0.078850 -0.001639 0.025944
v -0.054529 -0.001859 0.026912
v -0.027854 -0.001990 0.027854
v 0.000000 -0.002035 0.028275
v 0.027854 -0.001990 0.027854
v 0.054529 -0.001859 0.026912
v 0.078850 -0.001639 0.025944
v -0.075676 -0.001534 0.050359
v -0.052549 -0.001736 0.052549
v -0.026912 -0.001859 0.054529
v 0.000000 -0.001900 0.055372
v 0.026912 -0.001859 0.054529
v 0.052549 -0.001736 0.052549
v 0.075676 -0.001534 0.050359
v -0.071763 -0.001367 0.071763
v -0.050359 -0.001534 0.075676
v -0.025944 -0.001639 0.078850
v 0.000000 -0.001677 0.080112
v 0.025944 -0.001639 0.078850
v 0.050359 -0.001534 0.075676
v 0.071763 -0.001367 0.071763
v 0.087591 0.005998 0.128901
v 0.060557 0.005998 0.141878
v 0.030927 0.005998 0.149664
v -0.000000 0.005998 0.152260
v -0.030927 0.005998 0.149664
v -0.060557 0.005998 0.141878
v -0.087591 0.005998 0.128901
v 0.087179 0.004082 0.128300
v 0.060271 0.004081 0.141220
v 0.030781 0.004080 0.148973
v -0.000000 0.004079 0.151558
v -0.030781 0.004080 0.148973
v -0.060271 0.004081 0.141220
v -0.087179 0.004082 0.128300
v 0.086060 0.002531 0.126669
v 0.059495 0.002526 0.139435
v 0.030384 0.002521 0.147099
v -0.000000 0.002519 0.149655
v -0.030384 0.002521 0.147099
v -0.059495 0.002526 0.139435
v -0.086060 0.002531 0.126669
v 0.083881 0.001307 0.123494
v 0.057985 0.001296 0.135960
v 0.029611 0.001284 0.143449
v -0.000000 0.001279 0.145947
v -0.029611 0.001284 0.143449
v -0.057985 0.001296 0.135960
v -0.083881 0.001307 0.123494
v 0.080441 0.000373 0.118337
v 0.055631 0.000350 0.130260
v 0.028418 0.000328 0.137438
v -0.000000 0.000318 0.139840
v -0.028418 0.000328 0.137438
v -0.055631 0.000350 0.130259
v -0.080441 0.000373 0.118337
v 0.076147 -0.000314 0.111073
v 0.052875 -0.000356 0.121917
v 0.027079 -0.000395 0.128513
v -0.000000 -0.000411 0.130750
v -0.027079 -0.000395 0.128513
v -0.052875 -0.000356 0.121917
v -0.076147 -0.000314 0.111073
v 0.071822 -0.000799 0.101551
v 0.050400 -0.000873 0.110480
v 0.025965 -0.000932 0.116118
v -0.000000 -0.000956 0.118101
v -0.025965 -0.000932 0.116118
v -0.050400 -0.000873 0.110480
v -0.071822 -0.000799 0.101551
v -0.087591 0.005998 -0.128901
v -0.060557 0.005998 -0.141878
v -0.030927 0.005998 -0.149664
v -0.000000 0.005998 -0.152260
v 0.030927 0.005998 -0.149664
v 0.060557 0.005998 -0.141878
v 0.087591 0.005998 -0.128901
v -0.087179 0.004082 -0.128300
v -0.060271 0.004081 -0.141220
v -0.030781 0.004080 -0.148973
v -0.000000 0.004079 -0.151558
v 0.030781 0.004080 -0.148973
v 0.060271 0.004081 -0.141220
v 0.087179 0.004082 -0.128300
v -0.086060 0.002531 -0.126669
v -0.059495 0.002526 -0.139435
v -0.030384 0.002521 -0.147099
v -0.000000 0.002519 -0.149655
v 0.030384 0.002521 -0.147099
v 0.059495 0.002526 -0.139435
v 0.086060 0.002531 -0.126669
v -0.083881 0.001307 -0.123494
v -0.057985 0.001296 -0.135960
v -0.029611 0.001284 -0.143449
v 0.000000 0.001279 -0.145947
v 0.029611 0.001284 -0.143449
v 0.057985 0.001296 -0.135960
v 0.083881 0.001307 -0.123494
v -0.080441 0.000373 -0.118337
v -0.055631 0.000350 -0.130259
v -0.028418 0.000328 -0.137438
v 0.000000 0.000318 -0.139840
v 0.028418 0.000328 -0.137438
v 0.055631 0.000350 -0.130259
v 0.080441 0.000373 -0.118337
v -0.076147 -0.000314 -0.111073
v -0.052875 -0.000356 -0.121917
v -0.027079 -0.000395 -0.128513
v 0.000000 -0.000411 -0.130750
v 0.027079 -0.000395 -0.128513
v 0.052875 -0.000356 -0.121917
v 0.076147 -0.000314 -0.111073
v -0.071822 -0.000799 -0.101551
v -0.050400 -0.000873 -0.110480
v -0.025965 -0.000932 -0.116118
v 0.000000 -0.000956 -0.118101
v 0.025965 -0.000932 -0.116118
v 0.050400 -0.000873 -0.110480
v 0.071822 -0.000799 -0.101551
v -0.128901 0.005998 0.087591
v -0.141878 0.005998 0.060557
v -0.149664 0.005998 0.030927
v -0.152260 0.005998 0.000000
v -0.149664 0.005998 -0.030927
v -0.141878 0.005998 -0.060557
v -0.128901 0.005998 -0.087591
v -0.128300 0.004082 0.087179
v -0.141220 0.004081 0.060271
v -0.148973 0.004080 0.030781
v -0.151558 0.004079 0.000000
v -0.148973 0.004080 -0.030781
v -0.141220 0.004081 -0.060271
v -0.128300 0.004082 -0.087179
v -0.126669 0.002531 0.086060
v -0.139435 0.002526 0.059495
v -0.147099 0.002521 0.030384
v -0.149655 0.002519 0.000000
v -0.147099 0.002521 -0.030384
v -0.139435 0.002526 -0.059495
v -0.126669 0.002531 -0.086060
v -0.123494 0.001307 0.083881
v -0.135960 0.001296 0.057985
v -0.143449 0.001284 0.029611
v -0.145947 0.001279 -0.000000
v -0.143449 0.001284 -0.029611
v -0.135960 0.001296 -0.057985
v -0.123494 0.001307 -0.083881
v -0.118337 0.000373 0.080441
v -0.130260 0.000350 0.055631
v -0.137438 0.000328 0.028418
v -0.139840 0.000318 -0.000000
v -0.137438 0.000328 -0.028418
v -0.130259 0.000350 -0.055631
v -0.118337 0.000373 -0.080441
v -0.111073 -0.000314 0.076147
v -0.121917 -0.000356 0.052875
v -0.128513 -0.000395 0.027079
v -0.130750 -0.000411 -0.000000
v -0.128513 -0.000395 -0.027079
v -0.121917 -0.000356 -0.052875
v -0.111073 -0.000314 -0.076147
v -0.101551 -0.000799 0.071822
v -0.110480 -0.000873 0.050400
v -0.116118 -0.000932 0.025965
v -0.118101 -0.000956 -0.000000
v -0.116118 -0.000932 -0.025965
v -0.110480 -0.000873 -0.050400
v -0.101551 -0.000799 -0.071822
v 0.070921 0.047772 0.104368
v 0.070198 0.048603 0.103303
v 0.069790 0.049409 0.102704
v 0.069710 0.050214 0.102585
v 0.069967 0.051045 0.102963
v 0.070572 0.051927 0.103854
v 0.071536 0.052886 0.105273
v 0.049032 0.047772 0.114875
v 0.048532 0.048603 0.113703
v 0.048250 0.049409 0.113043
v 0.048194 0.050214 0.112913
v 0.048372 0.051045 0.113329
v 0.048790 0.051927 0.114309
v 0.049457 0.052886 0.115871
v 0.025041 0.047772 0.121179
v 0.024786 0.048603 0.119943
v 0.024642 0.049409 0.119247
v 0.024614 0.050214 0.119109
v 0.024704 0.051045 0.119548
v 0.024918 0.051927 0.120582
v 0.025259 0.052886 0.122230
v -0.000000 0.047772 0.123280
v -0.000000 0.048603 0.122023
v -0.000000 0.049409 0.121315
v -0.000000 0.050214 0.121174
v -0.000000 0.051045 0.121621
v -0.000000 0.051927 0.122673
v -0.000000 0.052886 0.124350
v -0.025041 0.047772 0.121179
v -0.024786 0.048603 0.119943
v -0.024642 0.049409 0.119247
v -0.024614 0.050214 0.119109
v -0.024704 0.051045 0.119548
v -0.024918 0.051927 0.120582
v -0.025259 0.052886 0.122230
v -0.049032 0.047772 0.114875
v -0.048532 0.048603 0.113703
v -0.048250 0.049409 0.113043
v -0.048194 0.050214 0.112913
v -0.048372 0.051045 0.113329
v -0.048790 0.051927 0.114309
v -0.049457 0.052886 0.115871
v -0.070921 0.047772 0.104368
v -0.070198 0.048603 0.103303
v -0.069790 0.049409 0.102704
v -0.069710 0.050214 0.102585
v -0.069967 0.051045 0.102963
v -0.070572 0.051927 0.103854
v -0.071536 0.052886 0.105273
v 0.104368 0.047772 -0.070921
v 0.103303 0.048603 -0.070198
v 0.102704 0.049409 -0.069790
v 0.102585 0.050214 -0.069710
v 0.102963 0.051045 -0.069967
v 0.103854 0.051927 -0.070572
v 0.105273 0.052886 -0.071536
v 0.114875 0.047772 -0.049032
v 0.113703 0.048603 -0.048532
v 0.113043 0.049409 -0.048250
v 0.112913 0.050214 -0.048194
v 0.113329 0.051045 -0.048372
v 0.114309 0.051927 -0.048790
v 0.115871 0.052886 -0.049457
v 0.121179 0.047772 -0.025041
v 0.119943 0.048603 -0.024786
v 0.119247 0.049409 -0.024642
v 0.119109 0.050214 -0.024614
v 0.119548 0.051045 -0.024704
v 0.120582 0.051927 -0.024918
v 0.122230 0.052886 -0.025259
v 0.123280 0.047772 -0.000000
v 0.122023 0.048603 -0.000000
v 0.121315 0.049409 -0.000000
v 0.121174 0.050214 -0.000000
v 0.121621 0.051045 -0.000000
v 0.122673 0.051927 0.000000
v 0.124350 0.052886 -0.000000
v 0.121179 0.047772 0.025041
v 0.119943 0.048603 0.024786
v 0.119247 0.049409 0.024642
v 0.119109 0.050214 0.024614
v 0.119548 0.051045 0.024704
v 0.120582 0.051927 0.024918
v 0.122230 0.052886 0.025259
v 0.114875 0.047772 0.049032
v 0.113703 0.048603 0.048532
v 0.113043 0.049409 0.048250
v 0.112913 0.050214 0.048194
v 0.113329 0.051045 0.048372
v 0.114309 0.051927 0.048790
v 0.115871 0.052886 0.049457
v 0.104368 0.047772 0.070921
v 0.103303 0.048603 0.070198
v 0.102704 0.049409 0.069790
v 0.102585 0.050214 0.069710
v 0.102963 0.051045 0.069967
v 0.103854 0.051927 0.070572
v 0.105273 0.052886 0.071536
v -0.070921 0.047772 -0.104368
v -0.070198 0.048603 -0.103303
v -0.069790 0.049409 -0.102704
v -0.069710 0.050214 -0.102585
v -0.069967 0.051045 -0.102963
v -0.070572 0.051927 -0.103854
v -0.071536 0.052886 -0.105273
v -0.049032 0.047772 -0.114875
v -0.048532 0.048603 -0.113703
v -0.048250 0.049409 -0.113043
v -0.048194 0.050214 -0.112913
v -0.048372 0.051045 -0.113329
v -0.048790 0.051927 -0.114309
v -0.049457 0.052886 -0.115871
v -0.025041 0.047772 -0.121179
v -0.024786 0.048603 -0.119943
v -0.024642 0.049409 -0.119247
v -0.024614 0.050214 -0.119109
v -0.024704 0.051045 -0.119548
v -0.024918 0.051927 -0.120582
v -0.025259 0.052886 -0.122230
v -0.000000 0.047772 -0.123280
v -0.000000 0.048603 -0.122023
v -0.000000 0.049409 -0.121315
v -0.000000 0.050214 -0.121174
v -0.000000 0.051045 -0.121621
v -0.000000 0.051927 -0.122673
v -0.000000 0.052886 -0.124350
v 0.025041 0.047772 -0.121179
v 0.024786 0.048603 -0.119943
v 0.024642 0.049409 -0.119247
v 0.024614 0.050214 -0.119109
v 0.024704 0.051045 -0.119548
v 0.024918 0.051927 -0.120582
v 0.025259 0.052886 -0.122230
v 0.049032 0.047772 -0.114875
v 0.048532 0.048603 -0.113703
v 0.048250 0.049409 -0.113043
v 0.048194 0.050214 -0.112913
v 0.048372 0.051045 -0.113329
v 0.048790 0.051927 -0.114309
v 0.049457 0.052886 -0.115871
v 0.070921 0.047772 -0.104368
v 0.070198 0.048603 -0.103303
v 0.069790 0.049409 -0.102704
v 0.069710 0.050214 -0.102585
v 0.069967 0.051045 -0.102963
v 0.070572 0.051927 -0.103854
v 0.071536 0.052886 -0.105273
v -0.104368 0.047772 0.070921
v -0.103303 0.048603 0.070198
v -0.102704 0.049409 0.069790
v -0.102585 0.050214 0.069710
v -0.102963 0.051045 0.069967
v -0.103854 0.051927 0.070572
v -0.105273 0.052886 0.071536
v -0.114875 0.047772 0.049032
v -0.113703 0.048603 0.048532
v -0.113043 0.049409 0.048250
v -0.112913 0.050214 0.048194
v -0.113329 0.051045 0.048372
v -0.114309 0.051927 0.048790
v -0.115871 0.052886 0.049457
v -0.121179 0.047772 0.025041
v -0.119943 0.048603 0.024786
v -0.119247 0.049409 0.024642
v -0.119109 0.050214 0.024614
v -0.119548 0.051045 0.024704
v -0.120582 0.051927 0.024918
v -0.122230 0.052886 0.025259
v -0.123280 0.047772 -0.000000
v -0.122023 0.048603 -0.000000
v -0.121315 0.049409 -0.000000
v -0.121174 0.050214 -0.000000
v -0.121621 0.051045 -0.000000
v -0.122673 0.051927 -0.000000
v -0.124350 0.052886 -0.000000
v -0.121179 0.047772 -0.025041
v -0.119943 0.048603 -0.024786
v -0.119247 0.049409 -0.024642
v -0.119109 0.050214 -0.024614
v -0.119548 0.051045 -0.024704
v -0.120582 0.051927 -0.024918
v -0.122230 0.052886 -0.025259
v -0.114875 0.047772 -0.049032
v -0.113703 0.048603 -0.048532
v -0.113043 0.049409 -0.048250
v -0.112913 0.050214 -0.048194
v -0.113329 0.051045 -0.048372
v -0.114309 0.051927 -0.048790
v -0.115871 0.052886 -0.049457
v -0.104368 0.047772 -0.070921
v -0.103303 0.048603 -0.070198
v -0.102704 0.049409 -0.069790
v -0.102585 0.050214 -0.069710
v -0.102963 0.051045 -0.069967
v -0.103854 0.051927 -0.070572
v -0.105273 0.052886 -0.071536
v 0.074559 0.055150 0.109722
v 0.076480 0.056586 0.112548
v 0.078483 0.058361 0.115496
v 0.080421 0.060580 0.118348
v 0.082144 0.063349 0.120883
v 0.083504 0.066774 0.122884
v 0.084351 0.070959 0.124131
v 0.051547 0.055150 0.120768
v 0.052875 0.056586 0.123878
v 0.054260 0.058361 0.127123
v 0.055600 0.060580 0.130262
v 0.056791 0.063349 0.133053
v 0.057731 0.066774 0.135255
v 0.058317 0.070959 0.136628
v 0.026326 0.055150 0.127395
v 0.027004 0.056586 0.130676
v 0.027711 0.058361 0.134100
v 0.028396 0.060580 0.137410
v 0.029004 0.063349 0.140355
v 0.029484 0.066774 0.142678
v 0.029783 0.070959 0.144126
v -0.000000 0.055150 0.129604
v -0.000000 0.056586 0.132942
v -0.000000 0.058361 0.136425
v -0.000000 0.060580 0.139793
v -0.000000 0.063349 0.142788
v -0.000000 0.066774 0.145152
v -0.000000 0.070959 0.146625
v -0.026326 0.055150 0.127395
v -0.027004 0.056586 0.130676
v -0.027711 0.058361 0.134100
v -0.028396 0.060580 0.137410
v -0.029004 0.063349 0.140355
v -0.029484 0.066774 0.142678
v -0.029783 0.070959 0.144126
v -0.051547 0.055150 0.120768
v -0.052875 0.056586 0.123878
v -0.054260 0.058361 0.127123
v -0.055600 0.060580 0.130262
v -0.056791 0.063349 0.133053
v -0.057731 0.066774 0.135255
v -0.058317 0.070959 0.136628
v -0.074559 0.055150 0.109722
v -0.076480 0.056586 0.112548
v -0.078483 0.058361 0.115496
v -0.080421 0.060580 0.118348
v -0.082144 0.063349 0.120883
v -0.083504 0.066774 0.122884
v -0.084351 0.070959 0.124131
v 0.109722 0.055150 -0.074559
v 0.112548 0.056586 -0.076480
v 0.115496 0.058361 -0.078483
v 0.118348 0.060580 -0.080421
v 0.120883 0.063349 -0.082144
v 0.122884 0.066774 -0.083504
v 0.124131 0.070959 -0.084351
v 0.120768 0.055150 -0.051547
v 0.123878 0.056586 -0.052875
v 0.127123 0.058361 -0.054260
v 0.130262 0.060580 -0.055600
v 0.133053 0.063349 -0.056791
v 0.135255 0.066774 -0.057731
v 0.136628 0.070959 -0.058317
v 0.127395 0.055150 -0.026326
v 0.130676 0.056586 -0.027004
v 0.134100 0.058361 -0.027711
v 0.137410 0.060580 -0.028396
v 0.140355 0.063349 -0.029004
v 0.142678 0.066774 -0.029484
v 0.144126 0.070959 -0.029783
v 0.129604 0.055150 -0.000000
v 0.132942 0.056586 -0.000000
v 0.136425 0.058361 -0.000000
v 0.139793 0.060580 -0.000000
v 0.142788 0.063349 -0.000000
v 0.145152 0.066774 -0.000000
v 0.146625 0.070959 -0.000000
v 0.127395 0.055150 0.026326
v 0.130676 0.056586 0.027004
v 0.134100 0.058361 0.027711
v 0.137410 0.060580 0.028395
v 0.140355 0.063349 0.029004
v 0.142678 0.066774 0.029484
v 0.144126 0.070959 0.029783
v 0.120768 0.055150 0.051547
v 0.123878 0.056586 0.052875
v 0.127123 0.058361 0.054260
v 0.130262 0.060580 0.055600
v 0.133053 0.063349 0.056791
v 0.135255 0.066774 0.057731
v 0.136628 0.070959 0.058317
v 0.109722 0.055150 0.074559
v 0.112548 0.056586 0.076480
v 0.115496 0.058361 0.078483
v 0.118348 0.060580 0.080421
v 0.120883 0.063349 0.082144
v 0.122884 0.066774 0.083504
v 0.124131 0.070959 0.084351
v -0.074559 0.055150 -0.109722
v -0.076480 0.056586 -0.112548
v -0.078483 0.058361 -0.115496
v -0.080421 0.060580 -0.118348
v -0.082144 0.063349 -0.120883
v -0.083504 0.066774 -0.122884
v -0.084351 0.070959 -0.124131
v -0.051547 0.055150 -0.120768
v -0.052875 0.056586 -0.123878
v -0.054260 0.058361 -0.127123
v -0.055600 0.060580 -0.130262
v -0.056791 0.063349 -0.133053
v -0.057731 0.066774 -0.135255
v -0.058317 0.070959 -0.136628
v -0.026326 0.055150 -0.127395
v -0.027004 0.056586 -0.130676
v -0.027711 0.058361 -0.134100
v -0.028395 0.060580 -0.137410
v -0.029004 0.063349 -0.140355
v -0.029484 0.066774 -0.142678
v -0.029783 0.070959 -0.144126
v -0.000000 0.055150 -0.129604
v -0.000000 0.056586 -0.132942
v -0.000000 0.058361 -0.136425
v -0.000000 0.060580 -0.139793
v 0.000000 0.063349 -0.142788
v -0.000000 0.066774 -0.145152
v 0.000000 0.070959 -0.146625
v 0.026326 0.055150 -0.127395
v 0.027004 0.056586 -0.130676
v 0.027711 0.058361 -0.134100
v 0.028396 0.060580 -0.137410
v 0.029004 0.063349 -0.140355
v 0.029484 0.066774 -0.142678
v 0.029783 0.070959 -0.144126
v 0.051547 0.055150 -0.120768
v 0.052875 0.056586 -0.123878
v 0.054260 0.058361 -0.127123
v 0.055600 0.060580 -0.130262
v 0.056791 0.063349 -0.133053
v 0.057731 0.066774 -0.135255
v 0.058317 0.070959 -0.136628
v 0.074559 0.055150 -0.109722
v 0.076480 0.056586 -0.112548
v 0.078483 0.058361 -0.115496
v 0.080421 0.060580 -0.118348
v 0.082144 0.063349 -0.120883
v 0.083504 0.066774 -0.122884
v 0.084351 0.070959 -0.124131
v -0.109722 0.055150 0.074559
v -0.112548 0.056586 0.076480
v -0.115496 0.058361 0.078483
v -0.118348 0.060580 0.080421
v -0.120883 0.063349 0.082144
v -0.122884 0.066774 0.083504
v -0.124131 0.070959 0.084351
v -0.120768 0.055150 0.051547
v -0.123878 0.056586 0.052875
v -0.127123 0.058361 0.054260
v -0.130262 0.060580 0.055600
v -0.133053 0.063349 0.056791
v -0.135255 0.066774 0.057731
v -0.136628 0.070959 0.058317
v -0.127395 0.055150 0.026326
v -0.130676 0.056586 0.027004
v -0.134100 0.058361 0.027711
v -0.137410 0.060580 0.028395
v -0.140355 0.063349 0.029004
v -0.142678 0.066774 0.029484
v -0.144126 0.070959 0.029783
v -0.129604 0.055150 -0.000000
v -0.132942 0.056586 -0.000000
v -0.136425 0.058361 -0.000000
v -0.139793 0.060580 -0.000000
v -0.142788 0.063349 -0.000000
v -0.145152 0.066774 -0.000000
v -0.146625 0.070959 -0.000000
v -0.127395 0.055150 -0.026326
v -0.130676 0.056586 -0.027004
v -0.134100 0.058361 -0.027711
v -0.137410 0.060580 -0.028396
v -0.140355 0.063349 -0.029004
v -0.142678 0.066774 -0.029484
v -0.144126 0.070959 -0.029783
v -0.120768 0.055150 -0.051547
v -0.123878 0.056586 -0.052875
v -0.127123 0.058361 -0.054260
v -0.130262 0.060580 -0.055600
v -0.133053 0.063349 -0.056791
v -0.135255 0.066774 -0.057731
v -0.136628 0.070959 -0.058317
v -0.109722 0.055150 -0.074559
v -0.112548 0.056586 -0.076480
v -0.115496 0.058361 -0.078483
v -0.118348 0.060580 -0.080421
v -0.120883 0.063349 -0.082144
v -0.122884 0.066774 -0.083504
v -0.124131 0.070959 -0.084351
v -0.128977 0.011047 0.087644
v -0.128914 0.014115 0.087601
v -0.128743 0.017416 0.087485
v -0.128409 0.020847 0.087258
v -0.127858 0.024306 0.086884
v -0.127037 0.027691 0.086325
v -0.125891 0.030899 0.085547
v -0.141962 0.011047 0.060593
v -0.141892 0.014115 0.060564
v -0.141703 0.017416 0.060483
v -0.141336 0.020847 0.060326
v -0.140730 0.024306 0.060068
v -0.139826 0.027691 0.059682
v -0.138564 0.030899 0.059143
v -0.149752 0.011047 0.030946
v -0.149679 0.014115 0.030931
v -0.149480 0.017416 0.030890
v -0.149092 0.020847 0.030810
v -0.148453 0.024306 0.030677
v -0.147499 0.027691 0.030480
v -0.146168 0.030899 0.030205
v -0.152349 0.011047 0.000000
v -0.152275 0.014115 0.000000
v -0.152072 0.017416 -0.000000
v -0.151678 0.020847 -0.000000
v -0.151027 0.024306 -0.000000
v -0.150057 0.027691 0.000000
v -0.148703 0.030899 -0.000000
v -0.149752 0.011047 -0.030946
v -0.149679 0.014115 -0.030931
v -0.149480 0.017416 -0.030890
v -0.149092 0.020847 -0.030809
v -0.148453 0.024306 -0.030677
v -0.147499 0.027691 -0.030480
v -0.146168 0.030899 -0.030205
v -0.141962 0.011047 -0.060593
v -0.141892 0.014115 -0.060564
v -0.141703 0.017416 -0.060483
v -0.141336 0.020847 -0.060326
v -0.140730 0.024306 -0.060068
v -0.139826 0.027691 -0.059682
v -0.138564 0.030899 -0.059143
v -0.128977 0.011047 -0.087644
v -0.128914 0.014115 -0.087601
v -0.128743 0.017416 -0.087485
v -0.128409 0.020847 -0.087258
v -0.127858 0.024306 -0.086884
v -0.127037 0.027691 -0.086325
v -0.125891 0.030899 -0.085547
v -0.087644 0.011047 -0.128977
v -0.087601 0.014115 -0.128914
v -0.087485 0.017416 -0.128743
v -0.087258 0.020847 -0.128409
v -0.086884 0.024306 -0.127858
v -0.086325 0.027691 -0.127037
v -0.085547 0.030899 -0.125891
v -0.060593 0.011047 -0.141962
v -0.060564 0.014115 -0.141892
v -0.060483 0.017416 -0.141703
v -0.060326 0.020847 -0.141336
v -0.060068 0.024306 -0.140730
v -0.059682 0.027691 -0.139826
v -0.059143 0.030899 -0.138564
v -0.030946 0.011047 -0.149752
v -0.030931 0.014115 -0.149679
v -0.030890 0.017416 -0.149480
v -0.030809 0.020847 -0.149092
v -0.030677 0.024306 -0.148453
v -0.030480 0.027691 -0.147499
v -0.030205 0.030899 -0.146168
v -0.000000 0.011047 -0.152349
v 0.000000 0.014115 -0.152275
v -0.000000 0.017416 -0.152072
v -0.000000 0.020847 -0.151678
v -0.000000 0.024306 -0.151027
v -0.000000 0.027691 -0.150057
v 0.000000 0.030899 -0.148703
v 0.030946 0.011047 -0.149752
v 0.030931 0.014115 -0.149679
v 0.030890 0.017416 -0.149480
v 0.030809 0.020847 -0.149092
v 0.030677 0.024306 -0.148453
v 0.030480 0.027691 -0.147499
v 0.030205 0.030899 -0.146168
v 0.060593 0.011047 -0.141962
v 0.060564 0.014115 -0.141892
v 0.060483 0.017416 -0.141703
v 0.060326 0.020847 -0.141336
v 0.060068 0.024306 -0.140730
v 0.059682 0.027691 -0.139826
v 0.059143 0.030899 -0.138564
v 0.087644 0.011047 -0.128977
v 0.087601 0.014115 -0.128914
v 0.087485 0.017416 -0.128743
v 0.087258 0.020847 -0.128409
v 0.086884 0.024306 -0.127858
v 0.086325 0.027691 -0.127037
v 0.085547 0.030899 -0.125891
v 0.128977 0.011047 -0.087644
v 0.128914 0.014115 -0.087601
v 0.128743 0.017416 -0.087485
v 0.128409 0.020847 -0.087258
v 0.127858 0.024306 -0.086884
v 0.127037 0.027691 -0.086325
v 0.125891 0.030899 -0.085547
v 0.141962 0.011047 -0.060593
v 0.141892 0.014115 -0.060564
v 0.141703 0.017416 -0.060483
v 0.141336 0.020847 -0.060326
v 0.140730 0.024306 -0.060068
v 0.139826 0.027691 -0.059682
v 0.138564 0.030899 -0.059143
v 0.149752 0.011047 -0.030946
v 0.149679 0.014115 -0.030931
v 0.149480 0.017416 -0.030890
v 0.149092 0.020847 -0.030809
v 0.148453 0.024306 -0.030677
v 0.147499 0.027691 -0.030480
v 0.146168 0.030899 -0.030205
v 0.152349 0.011047 -0.000000
v 0.152275 0.014115 0.000000
v 0.152072 0.017416 -0.000000
v 0.151678 0.020847 -0.000000
v 0.151027 0.024306 -0.000000
v 0.150057 0.027691 -0.000000
v 0.148703 0.030899 -0.000000
v 0.149752 0.011047 0.030946
v 0.149679 0.014115 0.030931
v 0.149480 0.017416 0.030890
v 0.149092 0.020847 0.030809
v 0.148453 0.024306 0.030677
v 0.147499 0.027691 0.030480
v 0.146168 0.030899 0.030205
v 0.141962 0.011047 0.060593
v 0.141892 0.014115 0.060564
v 0.141703 0.017416 0.060483
v 0.141336 0.020847 0.060326
v 0.140730 0.024306 0.060068
v 0.139826 0.027691 0.059682
v 0.138564 0.030899 0.059143
v 0.128977 0.011047 0.087644
v 0.128914 0.014115 0.087601
v 0.128743 0.017416 0.087485
v 0.128409 0.020847 0.087258
v 0.127858 0.024306 0.086884
v 0.127037 0.027691 0.086325
v 0.125891 0.030899 0.085547
v 0.087644 0.011047 0.128977
v 0.087601 0.014115 0.128914
v 0.087485 0.017416 0.128743
v 0.087258 0.020847 0.128409
v 0.086884 0.024306 0.127858
v 0.086325 0.027691 0.127037
v 0.085547 0.030899 0.125891
v 0.060593 0.011047 0.141962
v 0.060564 0.014115 0.141892
v 0.060483 0.017416 0.141703
v 0.060326 0.020847 0.141336
v 0.060068 0.024306 0.140730
v 0.059682 0.027691 0.139826
v 0.059143 0.030899 0.138564
v 0.030946 0.011047 0.149752
v 0.030931 0.014115 0.149679
v 0.030890 0.017416 0.149480
v 0.030809 0.020847 0.149092
v 0.030677 0.024306 0.148453
v 0.030480 0.027691 0.147499
v 0.030205 0.030899 0.146168
v -0.000000 0.011047 0.152349
v -0.000000 0.014115 0.152275
v 0.000000 0.017416 0.152072
v -0.000000 0.020847 0.151678
v 0.000000 0.024306 0.151027
v 0.000000 0.027691 0.150057
v -0.000000 0.030899 0.148703
v -0.030946 0.011047 0.149752
v -0.030931 0.014115 0.149679
v -0.030890 0.017416 0.149480
v -0.030809 0.020847 0.149092
v -0.030677 0.024306 0.148453
v -0.030480 0.027691 0.147499
v -0.030205 0.030899 0.146168
v -0.060593 0.011047 0.141962
v -0.060564 0.014115 0.141892
v -0.060483 0.017416 0.141703
v -0.060326 0.020847 0.141336
v -0.060068 0.024306 0.140730
v -0.059682 0.027691 0.139826
v -0.059143 0.030899 0.138564
v -0.087644 0.011047 0.128977
v -0.087601 0.014115 0.128914
v -0.087485 0.017416 0.128743
v -0.087258 0.020847 0.128409
v -0.086884 0.024306 0.127858
v -0.086325 0.027691 0.127037
v -0.085547 0.030899 0.125891
v -0.122434 0.036397 0.083198
v -0.120178 0.038623 0.081664
v -0.117705 0.040543 0.079984
v -0.115123 0.042195 0.078230
v -0.112542 0.043618 0.076476
v -0.110069 0.044849 0.074795
v -0.107813 0.045926 0.073262
v -0.134760 0.036397 0.057519
v -0.132276 0.038623 0.056459
v -0.129554 0.040543 0.055298
v -0.126713 0.042195 0.054085
v -0.123872 0.043618 0.052872
v -0.121150 0.044849 0.051710
v -0.118667 0.045926 0.050650
v -0.142155 0.036397 0.029376
v -0.139535 0.038623 0.028835
v -0.136664 0.040543 0.028241
v -0.133667 0.042195 0.027622
v -0.130670 0.043618 0.027003
v -0.127799 0.044849 0.026409
v -0.125179 0.045926 0.025868
v -0.144620 0.036397 -0.000000
v -0.141955 0.038623 -0.000000
v -0.139034 0.040543 -0.000000
v -0.135985 0.042195 -0.000000
v -0.132936 0.043618 -0.000000
v -0.130015 0.044849 -0.000000
v -0.127350 0.045926 -0.000000
v -0.142155 0.036397 -0.029376
v -0.139535 0.038623 -0.028835
v -0.136664 0.040543 -0.028241
v -0.133667 0.042195 -0.027622
v -0.130670 0.043618 -0.027003
v -0.127799 0.044849 -0.026409
v -0.125179 0.045926 -0.025868
v -0.134760 0.036397 -0.057519
v -0.132276 0.038623 -0.056459
v -0.129554 0.040543 -0.055298
v -0.126713 0.042195 -0.054085
v -0.123872 0.043618 -0.052872
v -0.121150 0.044849 -0.051710
v -0.118667 0.045926 -0.050650
v -0.122434 0.036397 -0.083198
v -0.120178 0.038623 -0.081664
v -0.117705 0.040543 -0.079984
v -0.115123 0.042195 -0.078230
v -0.112542 0.043618 -0.076476
v -0.110069 0.044849 -0.074795
v -0.107813 0.045926 -0.073262
v -0.083198 0.036397 -0.122434
v -0.081664 0.038623 -0.120178
v -0.079984 0.040543 -0.117705
v -0.078230 0.042195 -0.115123
v -0.076476 0.043618 -0.112542
v -0.074795 0.044849 -0.110069
v -0.073262 0.045926 -0.107813
v -0.057519 0.036397 -0.134760
v -0.056459 0.038623 -0.132276
v -0.055298 0.040543 -0.129554
v -0.054085 0.042195 -0.126713
v -0.052872 0.043618 -0.123872
v -0.051710 0.044849 -0.121150
v -0.050650 0.045926 -0.118667
v -0.029376 0.036397 -0.142155
v -0.028835 0.038623 -0.139535
v -0.028241 0.040543 -0.136664
v -0.027622 0.042195 -0.133667
v -0.027003 0.043618 -0.130670
v -0.026409 0.044849 -0.127799
v -0.025868 0.045926 -0.125179
v -0.000000 0.036397 -0.144620
v -0.000000 0.038623 -0.141955
v -0.000000 0.040543 -0.139034
v -0.000000 0.042195 -0.135985
v -0.000000 0.043618 -0.132936
v -0.000000 0.044849 -0.130015
v -0.000000 0.045926 -0.127350
v 0.029376 0.036397 -0.142155
v 0.028835 0.038623 -0.139535
v 0.028241 0.040543 -0.136664
v 0.027622 0.042195 -0.133667
v 0.027003 0.043618 -0.130670
v 0.026409 0.044849 -0.127799
v 0.025868 0.045926 -0.125179
v 0.057519 0.036397 -0.134760
v 0.056459 0.038623 -0.132276
v 0.055298 0.040543 -0.129554
v 0.054085 0.042195 -0.126713
v 0.052872 0.043618 -0.123872
v 0.051710 0.044849 -0.121150
v 0.050650 0.045926 -0.118667
v 0.083198 0.036397 -0.122434
v 0.081664 0.038623 -0.120178
v 0.079984 0.040543 -0.117705
v 0.078230 0.042195 -0.115123
v 0.076476 0.043618 -0.112542
v 0.074795 0.044849 -0.110069
v 0.073262 0.045926 -0.107813
v 0.122434 0.036397 -0.083198
v 0.120178 0.038623 -0.081664
v 0.117705 0.040543 -0.079984
v 0.115123 0.042195 -0.078230
v 0.112542 0.043618 -0.076476
v 0.110069 0.044849 -0.074795
v 0.107813 0.045926 -0.073262
v 0.134760 0.036397 -0.057519
v 0.132276 0.038623 -0.056459
v 0.129554 0.040543 -0.055298
v 0.126713 0.042195 -0.054085
v 0.123872 0.043618 -0.052872
v 0.121150 0.044849 -0.051710
v 0.118667 0.045926 -0.050650
v 0.142155 0.036397 -0.029376
v 0.139535 0.038623 -0.028835
v 0.136664 0.040543 -0.028241
v 0.133667 0.042195 -0.027622
v 0.130670 0.043618 -0.027003
v 0.127799 0.044849 -0.026409
v 0.125179 0.045926 -0.025868
v 0.144620 0.036397 0.000000
v 0.141955 0.038623 -0.000000
v 0.139034 0.040543 -0.000000
v 0.135985 0.042195 -0.000000
v 0.132936 0.043618 -0.000000
v 0.130015 0.044849 -0.000000
v 0.127350 0.045926 -0.000000
v 0.142155 0.036397 0.029376
v 0.139535 0.038623 0.028835
v 0.136664 0.040543 0.028241
v 0.133667 0.042195 0.027622
v 0.130670 0.043618 0.027003
v 0.127799 0.044849 0.026409
v 0.125179 0.045926 0.025868
v 0.134760 0.036397 0.057519
v 0.132276 0.038623 0.056459
v 0.129554 0.040543 0.055298
v 0.126713 0.042195 0.054085
v 0.123872 0.043618 0.052872
v 0.121150 0.044849 0.051710
v 0.118667 0.045926 0.050650
v 0.122434 0.036397 0.083198
v 0.120178 0.038623 0.081664
v 0.117705 0.040543 0.079984
v 0.115123 0.042195 0.078230
v 0.112542 0.043618 0.076476
v 0.110069 0.044849 0.074795
v 0.107813 0.045926 0.073262
v 0.083198 0.036397 0.122434
v 0.081664 0.038623 0.120178
v 0.079984 0.040543 0.117705
v 0.078230 0.042195 0.115123
v 0.076476 0.043618 0.112542
v 0.074795 0.044849 0.110069
v 0.073262 0.045926 0.107813
v 0.057519 0.036397 0.134760
v 0.056459 0.038623 0.132276
v 0.055298 0.040543 0.129554
v 0.054085 0.042195 0.126713
v 0.052872 0.043618 0.123872
v 0.051710 0.044849 0.121150
v 0.050650 0.045926 0.118667
v 0.029376 0.036397 0.142155
v 0.028835 0.038623 0.139535
v 0.028241 0.040543 0.136664
v 0.027622 0.042195 0.133667
v 0.027003 0.043618 0.130670
v 0.026409 0.044849 0.127799
v 0.025868 0.045926 0.125179
v -0.000000 0.036397 0.144620
v -0.000000 0.038623 0.141955
v -0.000000 0.040543 0.139034
v -0.000000 0.042195 0.135985
v -0.000000 0.043618 0.132936
v -0.000000 0.044849 0.130015
v -0.000000 0.045926 0.127350
v -0.029376 0.036397 0.142155
v -0.028835 0.038623 0.139535
v -0.028241 0.040543 0.136664
v -0.027622 0.042195 0.133667
v -0.027003 0.043618 0.130670
v -0.026409 0.044849 0.127799
v -0.025868 0.045926 0.125179
v -0.057519 0.036397 0.134760
v -0.056459 0.038623 0.132276
v -0.055298 0.040543 0.129554
v -0.054085 0.042195 0.126713
v -0.052872 0.043618 0.123872
v -0.051710 0.044849 0.121150
v -0.050650 0.045926 0.118667
v -0.083198 0.036397 0.122434
v -0.081664 0.038623 0.120178
v -0.079984 0.040543 0.117705
v -0.078230 0.042195 0.115123
v -0.076476 0.043618 0.112542
v -0.074795 0.044849 0.110069
v -0.073262 0.045926 0.107813
v 0.071065 0.167268 0.048291
v 0.078219 0.167268 0.033386
v 0.082511 0.167268 0.017051
v 0.083942 0.167268 -0.000000
v 0.082511 0.167268 -0.017051
v 0.078219 0.167268 -0.033386
v 0.071065 0.167268 -0.048291
v 0.073792 0.167953 0.050144
v 0.081221 0.167953 0.034667
v 0.085678 0.167953 0.017705
v 0.087164 0.167953 -0.000000
v 0.085678 0.167953 -0.017705
v 0.081221 0.167953 -0.034667
v 0.073792 0.167953 -0.050144
v 0.076784 0.168504 0.052177
v 0.084513 0.168504 0.036073
v 0.089151 0.168504 0.018423
v 0.090697 0.168504 -0.000000
v 0.089151 0.168504 -0.018423
v 0.084513 0.168504 -0.036073
v 0.076784 0.168504 -0.052177
v 0.079908 0.168964 0.054300
v 0.087952 0.168964 0.037540
v 0.092779 0.168964 0.019172
v 0.094387 0.168964 -0.000000
v 0.092779 0.168964 -0.019172
v 0.087952 0.168964 -0.037540
v 0.079908 0.168964 -0.054300
v 0.083033 0.169372 0.056423
v 0.091392 0.169372 0.039009
v 0.096407 0.169372 0.019922
v 0.098079 0.169372 -0.000000
v 0.096407 0.169372 -0.019922
v 0.091392 0.169372 -0.039009
v 0.083033 0.169372 -0.056423
v 0.086027 0.169770 0.058458
v 0.094688 0.169770 0.040415
v 0.099884 0.169770 0.020641
v 0.101616 0.169770 -0.000000
v 0.099884 0.169770 -0.020641
v 0.094688 0.169770 -0.040415
v 0.086027 0.169770 -0.058458
v 0.088760 0.170197 0.060315
v 0.097696 0.170197 0.041699
v 0.103057 0.170197 0.021296
v 0.104844 0.170197 -0.000000
v 0.103057 0.170197 -0.021296
v 0.097696 0.170197 -0.041699
v 0.088760 0.170197 -0.060315
v -0.093339 0.132721 -0.063427
v -0.102736 0.132721 -0.043851
v -0.108374 0.132721 -0.022395
v -0.110253 0.132721 -0.000000
v -0.108374 0.132721 0.022395
v -0.102736 0.132721 0.043851
v -0.093339 0.132721 0.063427
v -0.088958 0.135940 -0.060449
v -0.097913 0.135940 -0.041792
v -0.103286 0.135940 -0.021344
v -0.105077 0.135940 -0.000000
v -0.103286 0.135940 0.021344
v -0.097913 0.135940 0.041792
v -0.088958 0.135940 0.060449
v -0.084789 0.138333 -0.057616
v -0.093324 0.138333 -0.039834
v -0.098446 0.138333 -0.020344
v -0.100153 0.138333 -0.000000
v -0.098446 0.138333 0.020344
v -0.093324 0.138333 0.039834
v -0.084789 0.138333 0.057616
v -0.080884 0.140067 -0.054963
v -0.089026 0.140067 -0.037999
v -0.093912 0.140067 -0.019407
v -0.095540 0.140067 -0.000000
v -0.093912 0.140067 0.019407
v -0.089026 0.140067 0.037999
v -0.080884 0.140067 0.054963
v -0.077293 0.141310 -0.052523
v -0.085075 0.141310 -0.036312
v -0.089743 0.141310 -0.018545
v -0.091299 0.141310 -0.000000
v -0.089743 0.141310 0.018545
v -0.085074 0.141310 0.036312
v -0.077293 0.141310 0.052523
v -0.074069 0.142228 -0.050332
v -0.081525 0.142228 -0.034797
v -0.085999 0.142228 -0.017771
v -0.087490 0.142228 -0.000000
v -0.085999 0.142228 0.017771
v -0.081525 0.142228 0.034797
v -0.074069 0.142228 0.050332
v -0.071260 0.142988 -0.048424
v -0.078434 0.142988 -0.033478
v -0.082738 0.142988 -0.017098
v -0.084173 0.142988 -0.000000
v -0.082738 0.142988 0.017098
v -0.078434 0.142988 0.033478
v -0.071260 0.142988 0.048423
v -0.063427 0.132721 0.093339
v -0.043851 0.132721 0.102736
v -0.022395 0.132721 0.108374
v -0.000000 0.132721 0.110253
v 0.022395 0.132721 0.108374
v 0.043851 0.132721 0.102736
v 0.063427 0.132721 0.093339
v -0.060449 0.135940 0.088958
v -0.041792 0.135940 0.097913
v -0.021344 0.135940 0.103286
v -0.000000 0.135940 0.105077
v 0.021344 0.135940 0.103286
v 0.041792 0.135940 0.097913
v 0.060449 0.135940 0.088958
v -0.057616 0.138333 0.084789
v -0.039834 0.138333 0.093324
v -0.020344 0.138333 0.098446
v -0.000000 0.138333 0.100153
v 0.020344 0.138333 0.098446
v 0.039834 0.138333 0.093324
v 0.057616 0.138333 0.084789
v -0.054963 0.140067 0.080884
v -0.037999 0.140067 0.089026
v -0.019407 0.140067 0.093912
v -0.000000 0.140067 0.095540
v 0.019407 0.140067 0.093912
v 0.037999 0.140067 0.089026
v 0.054963 0.140067 0.080884
v -0.052523 0.141310 0.077293
v -0.036312 0.141310 0.085074
v -0.018545 0.141310 0.089743
v -0.000000 0.141310 0.091299
v 0.018545 0.141310 0.089743
v 0.036312 0.141310 0.085074
v 0.052523 0.141310 0.077293
v -0.050332 0.142228 0.074069
v -0.034797 0.142228 0.081525
v -0.017771 0.142228 0.085999
v -0.000000 0.142228 0.087490
v 0.017771 0.142228 0.085999
v 0.034797 0.142228 0.081525
v 0.050332 0.142228 0.074069
v -0.048424 0.142988 0.071260
v -0.033478 0.142988 0.078434
v -0.017098 0.142988 0.082738
v -0.000000 0.142988 0.084173
v 0.017098 0.142988 0.082738
v 0.033478 0.142988 0.078434
v 0.048424 0.142988 0.071260
v 0.063427 0.132721 -0.093339
v 0.043851 0.132721 -0.102736
v 0.022395 0.132721 -0.108374
v -0.000000 0.132721 -0.110253
v -0.022395 0.132721 -0.108374
v -0.043851 0.132721 -0.102736
v -0.063427 0.132721 -0.093339
v 0.060449 0.135940 -0.088958
v 0.041792 0.135940 -0.097913
v 0.021344 0.135940 -0.103286
v -0.000000 0.135940 -0.105077
v -0.021344 0.135940 -0.103286
v -0.041792 0.135940 -0.097913
v -0.060449 0.135940 -0.088958
v 0.057616 0.138333 -0.084789
v 0.039834 0.138333 -0.093324
v 0.020344 0.138333 -0.098446
v -0.000000 0.138333 -0.100153
v -0.020344 0.138333 -0.098446
v -0.039834 0.138333 -0.093324
v -0.057616 0.138333 -0.084789
v 0.054963 0.140067 -0.080884
v 0.037999 0.140067 -0.089026
v 0.019407 0.140067 -0.093912
v -0.000000 0.140067 -0.095540
v -0.019407 0.140067 -0.093912
v -0.037999 0.140067 -0.089026
v -0.054963 0.140067 -0.080884
v 0.052523 0.141310 -0.077293
v 0.036312 0.141310 -0.085075
v 0.018545 0.141310 -0.089743
v -0.000000 0.141310 -0.091299
v -0.018545 0.141310 -0.089743
v -0.036312 0.141310 -0.085075
v -0.052523 0.141310 -0.077293
v 0.050332 0.142228 -0.074069
v 0.034797 0.142228 -0.081525
v 0.017771 0.142228 -0.085999
v -0.000000 0.142228 -0.087490
v -0.017771 0.142228 -0.085999
v -0.034797 0.142228 -0.081525
v -0.050332 0.142228 -0.074069
v 0.048423 0.142988 -0.071260
v 0.033478 0.142988 -0.078434
v 0.017098 0.142988 -0.082738
v -0.000000 0.142988 -0.084173
v -0.017098 0.142988 -0.082738
v -0.033478 0.142988 -0.078434
v -0.048424 0.142988 -0.071260
v -0.063155 0.171294 0.092939
v -0.043663 0.171294 0.102295
v -0.022299 0.171294 0.107909
v -0.000000 0.171294 0.109780
v 0.022299 0.171294 0.107909
v 0.043663 0.171294 0.102295
v 0.063155 0.171294 0.092939
v -0.064060 0.171993 0.094270
v -0.044288 0.171993 0.103761
v -0.022619 0.171993 0.109455
v 0.000000 0.171993 0.111353
v 0.022619 0.171993 0.109455
v 0.044288 0.171993 0.103761
v 0.064060 0.171993 0.094270
v -0.064630 0.172780 0.095110
v -0.044683 0.172780 0.104685
v -0.022820 0.172780 0.110430
v -0.000000 0.172780 0.112345
v 0.022820 0.172780 0.110430
v 0.044683 0.172780 0.104685
v 0.064630 0.172780 0.095110
v -0.064878 0.173642 0.095475
v -0.044854 0.173642 0.105086
v -0.022908 0.173642 0.110853
v 0.000000 0.173642 0.112775
v 0.022908 0.173642 0.110853
v 0.044854 0.173642 0.105086
v 0.064878 0.173642 0.095475
v -0.064814 0.174568 0.095381
v -0.044810 0.174568 0.104983
v -0.022885 0.174568 0.110744
v -0.000000 0.174568 0.112665
v 0.022885 0.174568 0.110744
v 0.044810 0.174568 0.104983
v 0.064814 0.174568 0.095381
v -0.064450 0.175546 0.094845
v -0.044558 0.175546 0.104394
v -0.022757 0.175546 0.110123
v -0.000000 0.175546 0.112032
v 0.022757 0.175546 0.110123
v 0.044558 0.175546 0.104394
v 0.064450 0.175546 0.094845
v -0.063797 0.176565 0.093885
v -0.044107 0.176565 0.103336
v -0.022526 0.176565 0.109007
v -0.000000 0.176565 0.110897
v 0.022526 0.176565 0.109007
v 0.044107 0.176565 0.103336
v 0.063797 0.176565 0.093885
v -0.071065 0.167268 -0.048291
v -0.078219 0.167268 -0.033386
v -0.082511 0.167268 -0.017051
v -0.083942 0.167268 -0.000000
v -0.082512 0.167268 0.017051
v -0.078219 0.167268 0.033386
v -0.071065 0.167268 0.048291
v -0.073792 0.167953 -0.050144
v -0.081221 0.167953 -0.034667
v -0.085678 0.167953 -0.017705
v -0.087164 0.167953 -0.000000
v -0.085678 0.167953 0.017705
v -0.081221 0.167953 0.034667
v -0.073792 0.167953 0.050144
v -0.076784 0.168504 -0.052177
v -0.084513 0.168504 -0.036073
v -0.089151 0.168504 -0.018423
v -0.090697 0.168504 -0.000000
v -0.089151 0.168504 0.018423
v -0.084513 0.168504 0.036073
v -0.076784 0.168504 0.052177
v -0.079908 0.168964 -0.054300
v -0.087952 0.168964 -0.037540
v -0.092779 0.168964 -0.019172
v -0.094387 0.168964 -0.000000
v -0.092779 0.168964 0.019172
v -0.087952 0.168964 0.037540
v -0.079908 0.168964 0.054300
v -0.083033 0.169372 -0.056423
v -0.091392 0.169372 -0.039009
v -0.096407 0.169372 -0.019922
v -0.098079 0.169372 -0.000000
v -0.096407 0.169372 0.019922
v -0.091392 0.169372 0.039009
v -0.083033 0.169372 0.056423
v -0.086027 0.169770 -0.058458
v -0.094688 0.169770 -0.040415
v -0.099884 0.169770 -0.020641
v -0.101616 0.169770 -0.000000
v -0.099884 0.169770 0.020641
v -0.094688 0.169770 0.040415
v -0.086027 0.169770 0.058458
v -0.088760 0.170197 -0.060315
v -0.097696 0.170197 -0.041699
v -0.103057 0.170197 -0.021296
v -0.104844 0.170197 -0.000000
v -0.103057 0.170197 0.021296
v -0.097696 0.170197 0.041699
v -0.088760 0.170197 0.060315
v -0.048291 0.167268 0.071065
v -0.033386 0.167268 0.078219
v -0.017051 0.167268 0.082511
v -0.000000 0.167268 0.083942
v 0.017051 0.167268 0.082511
v 0.033386 0.167268 0.078219
v 0.048291 0.167268 0.071065
v -0.050144 0.167953 0.073792
v -0.034667 0.167953 0.081221
v -0.017705 0.167953 0.085678
v -0.000000 0.167953 0.087164
v 0.017705 0.167953 0.085678
v 0.034667 0.167953 0.081221
v 0.050144 0.167953 0.073792
v -0.052177 0.168504 0.076784
v -0.036073 0.168504 0.084513
v -0.018423 0.168504 0.089151
v -0.000000 0.168504 0.090697
v 0.018423 0.168504 0.089151
v 0.036073 0.168504 0.084513
v 0.052177 0.168504 0.076784
v -0.054300 0.168964 0.079908
v -0.037540 0.168964 0.087952
v -0.019172 0.168964 0.092779
v -0.000000 0.168964 0.094387
v 0.019172 0.168964 0.092779
v 0.037540 0.168964 0.087952
v 0.054300 0.168964 0.079908
v -0.056423 0.169372 0.083033
v -0.039009 0.169372 0.091392
v -0.019922 0.169372 0.096407
v -0.000000 0.169372 0.098079
v 0.019922 0.169372 0.096407
v 0.039009 0.169372 0.091392
v 0.056423 0.169372 0.083033
v -0.058458 0.169770 0.086027
v -0.040415 0.169770 0.094688
v -0.020641 0.169770 0.099884
v -0.000000 0.169770 0.101616
v 0.020641 0.169770 0.099884
v 0.040415 0.169770 0.094688
v 0.058458 0.169770 0.086027
v -0.060315 0.170197 0.088760
v -0.041699 0.170197 0.097696
v -0.021296 0.170197 0.103057
v -0.000000 0.170197 0.104844
v 0.021296 0.170197 0.103057
v 0.041699 0.170197 0.097696
v 0.060315 0.170197 0.088760
v 0.048291 0.167268 -0.071065
v 0.033386 0.167268 -0.078219
v 0.017051 0.167268 -0.082511
v -0.000000 0.167268 -0.083942
v -0.017051 0.167268 -0.082511
v -0.033386 0.167268 -0.078219
v -0.048291 0.167268 -0.071065
v 0.050144 0.167953 -0.073792
v 0.034667 0.167953 -0.081221
v 0.017705 0.167953 -0.085678
v -0.000000 0.167953 -0.087164
v -0.017705 0.167953 -0.085678
v -0.034667 0.167953 -0.081221
v -0.050144 0.167953 -0.073792
v 0.052177 0.168504 -0.076784
v 0.036073 0.168504 -0.084513
v 0.018423 0.168504 -0.089151
v -0.000000 0.168504 -0.090697
v -0.018423 0.168504 -0.089151
v -0.036073 0.168504 -0.084513
v -0.052177 0.168504 -0.076784
v 0.054300 0.168964 -0.079908
v 0.037540 0.168964 -0.087952
v 0.019172 0.168964 -0.092779
v -0.000000 0.168964 -0.094387
v -0.019172 0.168964 -0.092779
v -0.037540 0.168964 -0.087952
v -0.054300 0.168964 -0.079908
v 0.056423 0.169372 -0.083033
v 0.039009 0.169372 -0.091392
v 0.019922 0.169372 -0.096407
v -0.000000 0.169372 -0.098079
v -0.019922 0.169372 -0.096407
v -0.039009 0.169372 -0.091392
v -0.056423 0.169372 -0.083033
v 0.058458 0.169770 -0.086027
v 0.040415 0.169770 -0.094688
v 0.020641 0.169770 -0.099884
v -0.000000 0.169770 -0.101616
v -0.020641 0.169770 -0.099884
v -0.040415 0.169770 -0.094688
v -0.058458 0.169770 -0.086027
v 0.060315 0.170197 -0.088760
v 0.041699 0.170197 -0.097696
v 0.021296 0.170197 -0.103057
v -0.000000 0.170197 -0.104844
v -0.021296 0.170197 -0.103057
v -0.041699 0.170197 -0.097696
v -0.060315 0.170197 -0.088760
v 0.061676 0.178677 -0.090762
v 0.042640 0.178677 -0.099900
v 0.021777 0.178677 -0.105382
v -0.000000 0.178677 -0.107209
v -0.021777 0.178677 -0.105382
v -0.042640 0.178677 -0.099900
v -0.061676 0.178677 -0.090762
v 0.060265 0.179768 -0.088686
v 0.041664 0.179768 -0.097614
v 0.021279 0.179768 -0.102971
v -0.000000 0.179768 -0.104756
v -0.021279 0.179768 -0.102971
v -0.041664 0.179768 -0.097614
v -0.060265 0.179768 -0.088686
v 0.058680 0.180890 -0.086353
v 0.040569 0.180890 -0.095046
v 0.020719 0.180890 -0.100262
v -0.000000 0.180890 -0.102001
v -0.020719 0.180890 -0.100262
v -0.040569 0.180890 -0.095046
v -0.058680 0.180890 -0.086353
v 0.056967 0.182051 -0.083833
v 0.039385 0.182051 -0.092273
v 0.020114 0.182051 -0.097337
v -0.000000 0.182051 -0.099024
v -0.020114 0.182051 -0.097337
v -0.039385 0.182051 -0.092273
v -0.056967 0.182051 -0.083833
v 0.055174 0.183258 -0.081194
v 0.038145 0.183258 -0.089368
v 0.019481 0.183258 -0.094272
v -0.000000 0.183258 -0.095907
v -0.019481 0.183258 -0.094272
v -0.038145 0.183258 -0.089368
v -0.055174 0.183258 -0.081194
v 0.053345 0.184520 -0.078503
v 0.036881 0.184520 -0.086406
v 0.018836 0.184520 -0.091148
v -0.000000 0.184520 -0.092729
v -0.018836 0.184520 -0.091148
v -0.036881 0.184520 -0.086406
v -0.053345 0.184520 -0.078503
v 0.051529 0.185844 -0.075830
v 0.035625 0.185844 -0.083464
v 0.018194 0.185844 -0.088044
v -0.000000 0.185844 -0.089571
v -0.018194 0.185844 -0.088044
v -0.035625 0.185844 -0.083464
v -0.051529 0.185844 -0.075830
v 0.063155 0.171294 -0.092939
v 0.043663 0.171294 -0.102295
v 0.022299 0.171294 -0.107909
v -0.000000 0.171294 -0.109780
v -0.022299 0.171294 -0.107909
v -0.043663 0.171294 -0.102295
v -0.063155 0.171294 -0.092939
v 0.064060 0.171993 -0.094270
v 0.044288 0.171993 -0.103761
v 0.022619 0.171993 -0.109455
v -0.000000 0.171993 -0.111353
v -0.022619 0.171993 -0.109455
v -0.044288 0.171993 -0.103761
v -0.064060 0.171993 -0.094270
v 0.064630 0.172780 -0.095110
v 0.044683 0.172780 -0.104685
v 0.022820 0.172780 -0.110430
v -0.000000 0.172780 -0.112345
v -0.022820 0.172780 -0.110430
v -0.044683 0.172780 -0.104685
v -0.064630 0.172780 -0.095110
v 0.064878 0.173642 -0.095475
v 0.044854 0.173642 -0.105086
v 0.022908 0.173642 -0.110853
v 0.000000 0.173642 -0.112775
v -0.022908 0.173642 -0.110853
v -0.044854 0.173642 -0.105086
v -0.064878 0.173642 -0.095475
v 0.064814 0.174568 -0.095381
v 0.044810 0.174568 -0.104983
v 0.022885 0.174568 -0.110744
v 0.000000 0.174568 -0.112665
v -0.022885 0.174568 -0.110744
v -0.044810 0.174568 -0.104983
v -0.064814 0.174568 -0.095381
v 0.064450 0.175546 -0.094845
v 0.044558 0.175546 -0.104394
v 0.022757 0.175546 -0.110123
v 0.000000 0.175546 -0.112032
v -0.022757 0.175546 -0.110123
v -0.044558 0.175546 -0.104394
v -0.064450 0.175546 -0.094845
v 0.063797 0.176565 -0.093885
v 0.044107 0.176565 -0.103336
v 0.022526 0.176565 -0.109007
v 0.000000 0.176565 -0.110897
v -0.022526 0.176565 -0.109007
v -0.044107 0.176565 -0.103336
v -0.063797 0.176565 -0.093885
v 0.092939 0.171294 0.063155
v 0.102295 0.171294 0.043663
v 0.107909 0.171294 0.022299
v 0.109780 0.171294 -0.000000
v 0.107909 0.171294 -0.022299
v 0.102295 0.171294 -0.043663
v 0.092939 0.171294 -0.063155
v 0.094270 0.171993 0.064060
v 0.103761 0.171993 0.044288
v 0.109455 0.171993 0.022619
v 0.111353 0.171993 -0.000000
v 0.109455 0.171993 -0.022619
v 0.103761 0.171993 -0.044288
v 0.094270 0.171993 -0.064060
v 0.095110 0.172780 0.064630
v 0.104685 0.172780 0.044683
v 0.110430 0.172780 0.022820
v 0.112345 0.172780 -0.000000
v 0.110430 0.172780 -0.022820
v 0.104685 0.172780 -0.044683
v 0.095110 0.172780 -0.064630
v 0.095475 0.173642 0.064878
v 0.105086 0.173642 0.044854
v 0.110853 0.173642 0.022908
v 0.112775 0.173642 -0.000000
v 0.110853 0.173642 -0.022908
v 0.105086 0.173642 -0.044854
v 0.095475 0.173642 -0.064878
v 0.095381 0.174568 0.064814
v 0.104983 0.174568 0.044810
v 0.110744 0.174568 0.022885
v 0.112665 0.174568 -0.000000
v 0.110744 0.174568 -0.022885
v 0.104983 0.174568 -0.044810
v 0.095381 0.174568 -0.064814
v 0.094845 0.175546 0.064450
v 0.104394 0.175546 0.044558
v 0.110123 0.175546 0.022757
v 0.112032 0.175546 -0.000000
v 0.110123 0.175546 -0.022757
v 0.104394 0.175546 -0.044558
v 0.094845 0.175546 -0.064450
v 0.093885 0.176565 0.063797
v 0.103336 0.176565 0.044107
v 0.109007 0.176565 0.022526
v 0.110897 0.176565 -0.000000
v 0.109007 0.176565 -0.022526
v 0.103336 0.176565 -0.044107
v 0.093885 0.176565 -0.063797
v -0.092939 0.171294 -0.063155
v -0.102295 0.171294 -0.043663
v -0.107909 0.171294 -0.022299
v -0.109780 0.171294 -0.000000
v -0.107909 0.171294 0.022299
v -0.102295 0.171294 0.043663
v -0.092939 0.171294 0.063155
v -0.094270 0.171993 -0.064060
v -0.103761 0.171993 -0.044288
v -0.109455 0.171993 -0.022619
v -0.111353 0.171993 -0.000000
v -0.109455 0.171993 0.022619
v -0.103761 0.171993 0.044288
v -0.094270 0.171993 0.064060
v -0.095110 0.172780 -0.064630
v -0.104685 0.172780 -0.044683
v -0.110430 0.172780 -0.022820
v -0.112345 0.172780 -0.000000
v -0.110430 0.172780 0.022820
v -0.104685 0.172780 0.044683
v -0.095110 0.172780 0.064630
v -0.095475 0.173642 -0.064878
v -0.105086 0.173642 -0.044854
v -0.110853 0.173642 -0.022908
v -0.112775 0.173642 -0.000000
v -0.110853 0.173642 0.022908
v -0.105086 0.173642 0.044854
v -0.095475 0.173642 0.064878
v -0.095381 0.174568 -0.064814
v -0.104983 0.174568 -0.044810
v -0.110744 0.174568 -0.022885
v -0.112665 0.174568 -0.000000
v -0.110744 0.174568 0.022885
v -0.104983 0.174568 0.044810
v -0.095381 0.174568 0.064814
v -0.094845 0.175546 -0.064450
v -0.104394 0.175546 -0.044558
v -0.110123 0.175546 -0.022757
v -0.112032 0.175546 -0.000000
v -0.110123 0.175546 0.022757
v -0.104394 0.175546 0.044558
v -0.094845 0.175546 0.064450
v -0.093885 0.176565 -0.063797
v -0.103336 0.176565 -0.044107
v -0.109007 0.176565 -0.022526
v -0.110897 0.176565 -0.000000
v -0.109007 0.176565 0.022526
v -0.103336 0.176565 0.044107
v -0.093885 0.176565 0.063797
v 0.043270 0.232600 0.029403
v 0.047626 0.232600 0.020328
v 0.050240 0.232600 0.010382
v 0.051111 0.232600 -0.000000
v 0.050240 0.232600 -0.010382
v 0.047626 0.232600 -0.020328
v 0.043270 0.232600 -0.029403
v 0.042562 0.238496 0.028922
v 0.046847 0.238496 0.019996
v 0.049418 0.238496 0.010212
v 0.050275 0.238496 -0.000000
v 0.049418 0.238496 -0.010212
v 0.046847 0.238496 -0.019996
v 0.042562 0.238496 -0.028922
v 0.042011 0.244683 0.028548
v 0.046240 0.244683 0.019737
v 0.048778 0.244683 0.010080
v 0.049624 0.244683 -0.000000
v 0.048778 0.244683 -0.010080
v 0.046240 0.244683 -0.019737
v 0.042011 0.244683 -0.028548
v 0.041594 0.250976 0.028264
v 0.045781 0.250976 0.019541
v 0.048293 0.250975 0.009980
v 0.049131 0.250976 -0.000000
v 0.048293 0.250976 -0.009980
v 0.045781 0.250976 -0.019541
v 0.041594 0.250976 -0.028264
v 0.041288 0.257187 0.028057
v 0.045445 0.257187 0.019397
v 0.047939 0.257187 0.009906
v 0.048770 0.257187 -0.000000
v 0.047939 0.257187 -0.009906
v 0.045445 0.257187 -0.019397
v 0.041288 0.257187 -0.028057
v 0.041073 0.263134 0.027910
v 0.045208 0.263134 0.019296
v 0.047688 0.263134 0.009855
v 0.048515 0.263134 -0.000000
v 0.047688 0.263134 -0.009855
v 0.045208 0.263134 -0.019296
v 0.041073 0.263134 -0.027910
v 0.040924 0.268629 0.027809
v 0.045044 0.268629 0.019226
v 0.047516 0.268629 0.009819
v 0.048340 0.268629 -0.000000
v 0.047516 0.268629 -0.009819
v 0.045044 0.268629 -0.019226
v 0.040924 0.268629 -0.027809
v 0.090762 0.178677 0.061676
v 0.099900 0.178677 0.042640
v 0.105382 0.178677 0.021777
v 0.107209 0.178677 -0.000000
v 0.105382 0.178677 -0.021777
v 0.099900 0.178677 -0.042640
v 0.090762 0.178677 -0.061676
v 0.088686 0.179768 0.060265
v 0.097614 0.179768 0.041664
v 0.102971 0.179768 0.021279
v 0.104756 0.179768 -0.000000
v 0.102971 0.179768 -0.021279
v 0.097614 0.179768 -0.041664
v 0.088686 0.179768 -0.060265
v 0.086353 0.180890 0.058680
v 0.095046 0.180890 0.040569
v 0.100262 0.180890 0.020719
v 0.102001 0.180890 -0.000000
v 0.100262 0.180890 -0.020719
v 0.095046 0.180890 -0.040569
v 0.086353 0.180890 -0.058680
v 0.083833 0.182051 0.056967
v 0.092273 0.182051 0.039385
v 0.097336 0.182051 0.020114
v 0.099024 0.182051 -0.000000
v 0.097336 0.182051 -0.020114
v 0.092273 0.182051 -0.039385
v 0.083833 0.182051 -0.056967
v 0.081194 0.183258 0.055174
v 0.089368 0.183258 0.038145
v 0.094272 0.183258 0.019481
v 0.095907 0.183258 -0.000000
v 0.094272 0.183258 -0.019481
v 0.089368 0.183258 -0.038145
v 0.081194 0.183258 -0.055174
v 0.078503 0.184520 0.053345
v 0.086406 0.184520 0.036881
v 0.091148 0.184520 0.018836
v 0.092729 0.184520 -0.000000
v 0.091148 0.184520 -0.018836
v 0.086406 0.184520 -0.036881
v 0.078503 0.184520 -0.053345
v 0.075830 0.185844 0.051529
v 0.083464 0.185844 0.035625
v 0.088044 0.185844 0.018194
v 0.089571 0.185844 -0.000000
v 0.088044 0.185844 -0.018194
v 0.083464 0.185844 -0.035625
v 0.075830 0.185844 -0.051529
v -0.090762 0.178677 -0.061676
v -0.099899 0.178677 -0.042640
v -0.105382 0.178677 -0.021777
v -0.107209 0.178677 -0.000000
v -0.105382 0.178677 0.021777
v -0.099900 0.178677 0.042640
v -0.090762 0.178677 0.061676
v -0.088686 0.179768 -0.060265
v -0.097614 0.179768 -0.041664
v -0.102971 0.179768 -0.021279
v -0.104756 0.179768 -0.000000
v -0.102971 0.179768 0.021279
v -0.097614 0.179768 0.041664
v -0.088686 0.179768 0.060265
v -0.086353 0.180890 -0.058680
v -0.095046 0.180890 -0.040569
v -0.100262 0.180890 -0.020719
v -0.102001 0.180890 -0.000000
v -0.100262 0.180890 0.020719
v -0.095046 0.180890 0.040569
v -0.086353 0.180890 0.058680
v -0.083833 0.182051 -0.056967
v -0.092273 0.182051 -0.039385
v -0.097336 0.182051 -0.020114
v -0.099024 0.182051 -0.000000
v -0.097337 0.182051 0.020114
v -0.092273 0.182051 0.039385
v -0.083833 0.182051 0.056967
v -0.081194 0.183258 -0.055174
v -0.089368 0.183258 -0.038145
v -0.094272 0.183258 -0.019481
v -0.095907 0.183258 -0.000000
v -0.094272 0.183258 0.019481
v -0.089368 0.183258 0.038145
v -0.081194 0.183258 0.055174
v -0.078503 0.184520 -0.053345
v -0.086406 0.184520 -0.036881
v -0.091148 0.184520 -0.018836
v -0.092729 0.184520 -0.000000
v -0.091148 0.184520 0.018836
v -0.086406 0.184520 0.036881
v -0.078503 0.184520 0.053345
v -0.075830 0.185844 -0.051529
v -0.083464 0.185844 -0.035625
v -0.088044 0.185844 -0.018194
v -0.089571 0.185844 -0.000000
v -0.088044 0.185844 0.018194
v -0.083464 0.185844 0.035625
v -0.075830 0.185844 0.051529
v -0.061676 0.178677 0.090762
v -0.042640 0.178677 0.099899
v -0.021777 0.178677 0.105382
v -0.000000 0.178677 0.107209
v 0.021777 0.178677 0.105382
v 0.042640 0.178677 0.099899
v 0.061676 0.178677 0.090762
v -0.060265 0.179768 0.088686
v -0.041664 0.179768 0.097614
v -0.021279 0.179768 0.102971
v -0.000000 0.179768 0.104756
v 0.021279 0.179768 0.102971
v 0.041664 0.179768 0.097614
v 0.060265 0.179768 0.088686
v -0.058680 0.180890 0.086353
v -0.040569 0.180890 0.095046
v -0.020719 0.180890 0.100262
v -0.000000 0.180890 0.102001
v 0.020719 0.180890 0.100262
v 0.040569 0.180890 0.095046
v 0.058680 0.180890 0.086353
v -0.056967 0.182051 0.083833
v -0.039385 0.182051 0.092273
v -0.020114 0.182051 0.097336
v -0.000000 0.182051 0.099024
v 0.020114 0.182051 0.097336
v 0.039385 0.182051 0.092273
v 0.056967 0.182051 0.083833
v -0.055174 0.183258 0.081194
v -0.038145 0.183258 0.089368
v -0.019481 0.183258 0.094272
v -0.000000 0.183258 0.095907
v 0.019481 0.183258 0.094272
v 0.038145 0.183258 0.089368
v 0.055174 0.183258 0.081194
v -0.053345 0.184520 0.078503
v -0.036881 0.184520 0.086406
v -0.018836 0.184520 0.091148
v -0.000000 0.184520 0.092729
v 0.018836 0.184520 0.091148
v 0.036881 0.184520 0.086406
v 0.053345 0.184520 0.078503
v -0.051529 0.185844 0.075830
v -0.035625 0.185844 0.083464
v -0.018194 0.185844 0.088044
v -0.000000 0.185844 0.089571
v 0.018194 0.185844 0.088044
v 0.035625 0.185844 0.083464
v 0.051529 0.185844 0.075830
v -0.027696 0.277574 0.040758
v -0.019148 0.277574 0.044861
v -0.009779 0.277574 0.047323
v -0.000000 0.277574 0.048144
v 0.009779 0.277574 0.047323
v 0.019148 0.277574 0.044861
v 0.027696 0.277574 0.040758
v -0.027734 0.280937 0.040814
v -0.019174 0.280937 0.044922
v -0.009793 0.280937 0.047388
v -0.000000 0.280937 0.048209
v 0.009792 0.280937 0.047388
v 0.019174 0.280937 0.044922
v 0.027734 0.280937 0.040814
v -0.027917 0.283675 0.041082
v -0.019300 0.283675 0.045218
v -0.009857 0.283675 0.047700
v -0.000000 0.283675 0.048527
v 0.009857 0.283675 0.047700
v 0.019300 0.283675 0.045218
v 0.027917 0.283675 0.041082
v -0.028309 0.285887 0.041660
v -0.019572 0.285887 0.045854
v -0.009996 0.285887 0.048370
v -0.000000 0.285887 0.049209
v 0.009996 0.285887 0.048370
v 0.019572 0.285887 0.045854
v 0.028309 0.285887 0.041660
v -0.028976 0.287673 0.042641
v -0.020033 0.287673 0.046934
v -0.010231 0.287673 0.049510
v -0.000000 0.287673 0.050368
v 0.010231 0.287673 0.049510
v 0.020033 0.287673 0.046934
v 0.028976 0.287673 0.042641
v -0.029982 0.289129 0.044122
v -0.020728 0.289129 0.048564
v -0.010586 0.289129 0.051229
v -0.000000 0.289129 0.052117
v 0.010586 0.289129 0.051229
v 0.020728 0.289129 0.048564
v 0.029982 0.289129 0.044122
v -0.031393 0.290356 0.046198
v -0.021704 0.290356 0.050849
v -0.011084 0.290356 0.053639
v -0.000000 0.290356 0.054569
v 0.011084 0.290356 0.053639
v 0.021704 0.290356 0.050849
v 0.031393 0.290356 0.046198
v -0.043270 0.232600 -0.029403
v -0.047626 0.232600 -0.020328
v -0.050240 0.232600 -0.010382
v -0.051111 0.232600 -0.000000
v -0.050240 0.232600 0.010382
v -0.047626 0.232600 0.020328
v -0.043270 0.232600 0.029403
v -0.042562 0.238496 -0.028922
v -0.046847 0.238496 -0.019996
v -0.049418 0.238496 -0.010212
v -0.050275 0.238496 -0.000000
v -0.049418 0.238496 0.010212
v -0.046847 0.238496 0.019996
v -0.042562 0.238496 0.028922
v -0.042011 0.244683 -0.028548
v -0.046240 0.244683 -0.019737
v -0.048778 0.244683 -0.010080
v -0.049624 0.244683 -0.000000
v -0.048778 0.244683 0.010080
v -0.046240 0.244683 0.019737
v -0.042011 0.244683 0.028548
v -0.041594 0.250975 -0.028264
v -0.045781 0.250976 -0.019541
v -0.048293 0.250975 -0.009980
v -0.049131 0.250975 -0.000000
v -0.048293 0.250976 0.009980
v -0.045781 0.250976 0.019541
v -0.041594 0.250976 0.028264
v -0.041288 0.257187 -0.028057
v -0.045445 0.257187 -0.019397
v -0.047939 0.257187 -0.009906
v -0.048770 0.257187 -0.000000
v -0.047939 0.257187 0.009906
v -0.045445 0.257187 0.019397
v -0.041288 0.257187 0.028057
v -0.041073 0.263134 -0.027910
v -0.045208 0.263134 -0.019296
v -0.047688 0.263134 -0.009855
v -0.048515 0.263134 -0.000000
v -0.047688 0.263134 0.009855
v -0.045208 0.263134 0.019296
v -0.041073 0.263134 0.027910
v -0.040924 0.268629 -0.027809
v -0.045044 0.268629 -0.019226
v -0.047516 0.268629 -0.009819
v -0.048340 0.268629 -0.000000
v -0.047516 0.268629 0.009819
v -0.045044 0.268629 0.019226
v -0.040924 0.268629 0.027809
v -0.029403 0.232600 0.043270
v -0.020328 0.232600 0.047626
v -0.010382 0.232600 0.050240
v -0.000000 0.232600 0.051111
v 0.010382 0.232600 0.050240
v 0.020328 0.232600 0.047626
v 0.029403 0.232600 0.043270
v -0.028922 0.238496 0.042562
v -0.019996 0.238496 0.046847
v -0.010212 0.238496 0.049418
v -0.000000 0.238496 0.050275
v 0.010212 0.238496 0.049418
v 0.019996 0.238496 0.046847
v 0.028922 0.238496 0.042562
v -0.028548 0.244683 0.042011
v -0.019737 0.244683 0.046240
v -0.010080 0.244683 0.048778
v -0.000000 0.244683 0.049624
v 0.010080 0.244683 0.048778
v 0.019737 0.244683 0.046240
v 0.028548 0.244683 0.042011
v -0.028264 0.250976 0.041594
v -0.019541 0.250976 0.045781
v -0.009980 0.250976 0.048293
v -0.000000 0.250975 0.049131
v 0.009980 0.250975 0.048293
v 0.019541 0.250976 0.045781
v 0.028264 0.250976 0.041594
v -0.028057 0.257187 0.041288
v -0.019397 0.257187 0.045445
v -0.009906 0.257187 0.047939
v -0.000000 0.257187 0.048770
v 0.009906 0.257187 0.047939
v 0.019397 0.257187 0.045445
v 0.028057 0.257187 0.041288
v -0.027910 0.263134 0.041073
v -0.019296 0.263134 0.045208
v -0.009855 0.263134 0.047688
v -0.000000 0.263134 0.048515
v 0.009855 0.263134 0.047688
v 0.019296 0.263134 0.045208
v 0.027910 0.263134 0.041073
v -0.027809 0.268629 0.040924
v -0.019226 0.268629 0.045044
v -0.009819 0.268629 0.047516
v -0.000000 0.268629 0.048340
v 0.009819 0.268629 0.047516
v 0.019226 0.268629 0.045044
v 0.027809 0.268629 0.040924
v 0.029403 0.232600 -0.043270
v 0.020328 0.232600 -0.047626
v 0.010382 0.232600 -0.050240
v -0.000000 0.232600 -0.051111
v -0.010382 0.232600 -0.050240
v -0.020328 0.232600 -0.047626
v -0.029403 0.232600 -0.043270
v 0.028922 0.238496 -0.042562
v 0.019996 0.238496 -0.046847
v 0.010212 0.238496 -0.049418
v -0.000000 0.238496 -0.050275
v -0.010212 0.238496 -0.049418
v -0.019996 0.238496 -0.046847
v -0.028922 0.238496 -0.042562
v 0.028548 0.244683 -0.042011
v 0.019737 0.244683 -0.046240
v 0.010080 0.244683 -0.048778
v -0.000000 0.244683 -0.049624
v -0.010080 0.244683 -0.048778
v -0.019737 0.244683 -0.046240
v -0.028548 0.244683 -0.042011
v 0.028264 0.250976 -0.041594
v 0.019541 0.250976 -0.045781
v 0.009980 0.250975 -0.048293
v -0.000000 0.250976 -0.049131
v -0.009980 0.250976 -0.048293
v -0.019541 0.250976 -0.045781
v -0.028264 0.250976 -0.041594
v 0.028057 0.257187 -0.041288
v 0.019397 0.257187 -0.045445
v 0.009906 0.257187 -0.047939
v -0.000000 0.257187 -0.048770
v -0.009906 0.257187 -0.047939
v -0.019397 0.257187 -0.045445
v -0.028057 0.257187 -0.041288
v 0.027910 0.263134 -0.041073
v 0.019296 0.263134 -0.045208
v 0.009855 0.263134 -0.047688
v -0.000000 0.263134 -0.048515
v -0.009855 0.263134 -0.047688
v -0.019296 0.263134 -0.045208
v -0.027910 0.263134 -0.041073
v 0.027809 0.268629 -0.040924
v 0.019226 0.268629 -0.045044
v 0.009819 0.268629 -0.047516
v -0.000000 0.268629 -0.048340
v -0.009819 0.268629 -0.047516
v -0.019226 0.268629 -0.045044
v -0.027809 0.268629 -0.040924
v 0.042977 0.156235 -0.063245
v 0.029713 0.156235 -0.069612
v 0.015175 0.156235 -0.073433
v -0.000000 0.156235 -0.074706
v -0.015175 0.156235 -0.073433
v -0.029713 0.156235 -0.069612
v -0.042977 0.156235 -0.063245
v 0.043018 0.157926 -0.063305
v 0.029741 0.157926 -0.069678
v 0.015189 0.157926 -0.073502
v -0.000000 0.157926 -0.074776
v -0.015189 0.157926 -0.073502
v -0.029741 0.157926 -0.069678
v -0.043018 0.157926 -0.063305
v 0.043147 0.159591 -0.063496
v 0.029830 0.159591 -0.069888
v 0.015235 0.159591 -0.073723
v -0.000000 0.159591 -0.075002
v -0.015235 0.159591 -0.073723
v -0.029830 0.159591 -0.069888
v -0.043147 0.159591 -0.063496
v 0.043412 0.161196 -0.063885
v 0.030013 0.161196 -0.070316
v 0.015328 0.161196 -0.074175
v -0.000000 0.161196 -0.075461
v -0.015328 0.161196 -0.074175
v -0.030013 0.161196 -0.070316
v -0.043412 0.161196 -0.063885
v 0.043855 0.162712 -0.064537
v 0.030319 0.162712 -0.071034
v 0.015484 0.162712 -0.074932
v -0.000000 0.162712 -0.076231
v -0.015485 0.162712 -0.074932
v -0.030319 0.162712 -0.071034
v -0.043855 0.162712 -0.064537
v 0.044522 0.164107 -0.065518
v 0.030780 0.164107 -0.072114
v 0.015720 0.164107 -0.076072
v -0.000000 0.164107 -0.077391
v -0.015720 0.164107 -0.076072
v -0.030780 0.164107 -0.072114
v -0.044522 0.164107 -0.065518
v 0.045457 0.165350 -0.066895
v 0.031427 0.165350 -0.073630
v 0.016050 0.165350 -0.077670
v -0.000000 0.165350 -0.079017
v -0.016050 0.165350 -0.077670
v -0.031427 0.165350 -0.073630
v -0.045457 0.165350 -0.066895
v -0.042977 0.156235 0.063245
v -0.029713 0.156235 0.069612
v -0.015175 0.156235 0.073433
v -0.000000 0.156235 0.074706
v 0.015175 0.156235 0.073433
v 0.029713 0.156235 0.069612
v 0.042977 0.156235 0.063245
v -0.043018 0.157926 0.063305
v -0.029741 0.157926 0.069678
v -0.015189 0.157926 0.073502
v -0.000000 0.157926 0.074776
v 0.015189 0.157926 0.073502
v 0.029741 0.157926 0.069678
v 0.043018 0.157926 0.063305
v -0.043147 0.159591 0.063496
v -0.029830 0.159591 0.069888
v -0.015235 0.159591 0.073723
v -0.000000 0.159591 0.075002
v 0.015235 0.159591 0.073723
v 0.029830 0.159591 0.069888
v 0.043147 0.159591 0.063496
v -0.043412 0.161196 0.063885
v -0.030013 0.161196 0.070316
v -0.015328 0.161196 0.074175
v -0.000000 0.161196 0.075461
v 0.015328 0.161196 0.074175
v 0.030013 0.161196 0.070316
v 0.043412 0.161196 0.063885
v -0.043855 0.162712 0.064537
v -0.030319 0.162712 0.071034
v -0.015485 0.162712 0.074932
v -0.000000 0.162712 0.076231
v 0.015485 0.162712 0.074932
v 0.030319 0.162712 0.071034
v 0.043855 0.162712 0.064537
v -0.044522 0.164107 0.065518
v -0.030780 0.164107 0.072114
v -0.015720 0.164107 0.076072
v -0.000000 0.164107 0.077391
v 0.015720 0.164107 0.076072
v 0.030780 0.164107 0.072114
v 0.044522 0.164107 0.065518
v -0.045457 0.165350 0.066895
v -0.031427 0.165350 0.073630
v -0.016050 0.165350 0.077670
v -0.000000 0.165350 0.079017
v 0.016050 0.165350 0.077670
v 0.031427 0.165350 0.073629
v 0.045457 0.165350 0.066895
v -0.063245 0.156235 -0.042977
v -0.069612 0.156235 -0.029713
v -0.073433 0.156235 -0.015175
v -0.074706 0.156235 -0.000000
v -0.073433 0.156235 0.015175
v -0.069612 0.156235 0.029713
v -0.063245 0.156235 0.042977
v -0.063305 0.157926 -0.043018
v -0.069678 0.157926 -0.029741
v -0.073502 0.157926 -0.015189
v -0.074776 0.157926 -0.000000
v -0.073502 0.157926 0.015189
v -0.069678 0.157926 0.029741
v -0.063305 0.157926 0.043018
v -0.063496 0.159591 -0.043147
v -0.069888 0.159591 -0.029830
v -0.073723 0.159591 -0.015235
v -0.075002 0.159591 -0.000000
v -0.073723 0.159591 0.015235
v -0.069888 0.159591 0.029830
v -0.063496 0.159591 0.043147
v -0.063885 0.161196 -0.043412
v -0.070316 0.161196 -0.030013
v -0.074175 0.161196 -0.015328
v -0.075461 0.161196 -0.000000
v -0.074175 0.161196 0.015328
v -0.070316 0.161196 0.030013
v -0.063885 0.161196 0.043412
v -0.064537 0.162712 -0.043855
v -0.071034 0.162712 -0.030319
v -0.074932 0.162712 -0.015485
v -0.076231 0.162712 -0.000000
v -0.074932 0.162712 0.015484
v -0.071034 0.162712 0.030319
v -0.064537 0.162712 0.043855
v -0.065518 0.164107 -0.044522
v -0.072114 0.164107 -0.030780
v -0.076072 0.164107 -0.015720
v -0.077391 0.164107 -0.000000
v -0.076072 0.164107 0.015720
v -0.072114 0.164107 0.030780
v -0.065518 0.164107 0.044522
v -0.066895 0.165350 -0.045457
v -0.073630 0.165350 -0.031427
v -0.077670 0.165350 -0.016050
v -0.079017 0.165350 -0.000000
v -0.077670 0.165350 0.016050
v -0.073630 0.165350 0.031427
v -0.066895 0.165350 0.045457
v 0.063245 0.156235 0.042977
v 0.069612 0.156235 0.029713
v 0.073433 0.156235 0.015175
v 0.074706 0.156235 -0.000000
v 0.073433 0.156235 -0.015175
v 0.069612 0.156235 -0.029713
v 0.063245 0.156235 -0.042977
v 0.063305 0.157926 0.043018
v 0.069678 0.157926 0.029741
v 0.073502 0.157926 0.015189
v 0.074776 0.157926 -0.000000
v 0.073502 0.157926 -0.015189
v 0.069678 0.157926 -0.029741
v 0.063305 0.157926 -0.043018
v 0.063496 0.159591 0.043147
v 0.069888 0.159591 0.029830
v 0.073723 0.159591 0.015235
v 0.075002 0.159591 -0.000000
v 0.073723 0.159591 -0.015235
v 0.069888 0.159591 -0.029830
v 0.063496 0.159591 -0.043147
v 0.063885 0.161196 0.043412
v 0.070316 0.161196 0.030013
v 0.074175 0.161196 0.015328
v 0.075461 0.161196 -0.000000
v 0.074175 0.161196 -0.015328
v 0.070316 0.161196 -0.030013
v 0.063885 0.161196 -0.043412
v 0.064537 0.162712 0.043855
v 0.071034 0.162712 0.030319
v 0.074932 0.162712 0.015484
v 0.076231 0.162712 -0.000000
v 0.074932 0.162712 -0.015485
v 0.071034 0.162712 -0.030319
v 0.064537 0.162712 -0.043855
v 0.065518 0.164107 0.044522
v 0.072114 0.164107 0.030780
v 0.076072 0.164107 0.015720
v 0.077391 0.164107 -0.000000
v 0.076072 0.164107 -0.015720
v 0.072114 0.164107 -0.030780
v 0.065518 0.164107 -0.044522
v 0.066895 0.165350 0.045457
v 0.073630 0.165350 0.031427
v 0.077670 0.165350 0.016050
v 0.079017 0.165350 -0.000000
v 0.077670 0.165350 -0.016050
v 0.073629 0.165350 -0.031427
v 0.066895 0.165350 -0.045457
v 0.067077 0.144675 0.045581
v 0.073830 0.144675 0.031513
v 0.077882 0.144675 0.016094
v 0.079232 0.144675 -0.000000
v 0.077882 0.144675 -0.016094
v 0.073830 0.144675 -0.031513
v 0.067077 0.144675 -0.045581
v 0.065689 0.145750 0.044637
v 0.072302 0.145750 0.030860
v 0.076269 0.145750 0.015761
v 0.077592 0.145750 -0.000000
v 0.076269 0.145750 -0.015761
v 0.072302 0.145750 -0.030860
v 0.065689 0.145750 -0.044637
v 0.064689 0.146967 0.043958
v 0.071201 0.146967 0.030391
v 0.075108 0.146967 0.015521
v 0.076411 0.146967 -0.000000
v 0.075108 0.146967 -0.015521
v 0.071201 0.146967 -0.030391
v 0.064689 0.146967 -0.043958
v 0.064013 0.148307 0.043499
v 0.070457 0.148307 0.030073
v 0.074324 0.148307 0.015359
v 0.075612 0.148307 -0.000000
v 0.074324 0.148307 -0.015359
v 0.070457 0.148307 -0.030073
v 0.064013 0.148307 -0.043499
v 0.063596 0.149753 0.043215
v 0.069998 0.149753 0.029877
v 0.073839 0.149753 0.015259
v 0.075120 0.149753 -0.000000
v 0.073839 0.149753 -0.015259
v 0.069998 0.149753 -0.029877
v 0.063596 0.149753 -0.043215
v 0.063373 0.151286 0.043064
v 0.069753 0.151286 0.029773
v 0.073581 0.151286 0.015205
v 0.074857 0.151286 -0.000000
v 0.073581 0.151286 -0.015205
v 0.069753 0.151286 -0.029773
v 0.063373 0.151286 -0.043064
v 0.063280 0.152890 0.043001
v 0.069651 0.152890 0.029729
v 0.073473 0.152890 0.015183
v 0.074747 0.152890 -0.000000
v 0.073473 0.152890 -0.015183
v 0.069651 0.152890 -0.029729
v 0.063280 0.152890 -0.043001
v -0.067077 0.144675 -0.045581
v -0.073830 0.144675 -0.031513
v -0.077882 0.144675 -0.016094
v -0.079232 0.144675 -0.000000
v -0.077882 0.144675 0.016094
v -0.073830 0.144675 0.031513
v -0.067077 0.144675 0.045581
v -0.065689 0.145750 -0.044637
v -0.072302 0.145750 -0.030860
v -0.076269 0.145750 -0.015761
v -0.077592 0.145750 -0.000000
v -0.076269 0.145750 0.015761
v -0.072302 0.145750 0.030860
v -0.065689 0.145750 0.044637
v -0.064689 0.146967 -0.043958
v -0.071201 0.146967 -0.030391
v -0.075108 0.146967 -0.015521
v -0.076411 0.146967 -0.000000
v -0.075108 0.146967 0.015521
v -0.071201 0.146967 0.030391
v -0.064689 0.146967 0.043958
v -0.064013 0.148307 -0.043499
v -0.070457 0.148307 -0.030073
v -0.074324 0.148307 -0.015359
v -0.075612 0.148307 -0.000000
v -0.074324 0.148307 0.015359
v -0.070457 0.148307 0.030073
v -0.064013 0.148307 0.043499
v -0.063596 0.149753 -0.043215
v -0.069998 0.149753 -0.029877
v -0.073839 0.149753 -0.015259
v -0.075120 0.149753 -0.000000
v -0.073839 0.149753 0.015259
v -0.069998 0.149753 0.029877
v -0.063596 0.149753 0.043215
v -0.063373 0.151286 -0.043064
v -0.069753 0.151286 -0.029773
v -0.073581 0.151286 -0.015205
v -0.074857 0.151286 -0.000000
v -0.073581 0.151286 0.015205
v -0.069753 0.151286 0.029773
v -0.063373 0.151286 0.043064
v -0.063280 0.152890 -0.043001
v -0.069651 0.152890 -0.029729
v -0.073473 0.152890 -0.015183
v -0.074747 0.152890 -0.000000
v -0.073473 0.152890 0.015183
v -0.069651 0.152890 0.029729
v -0.063280 0.152890 0.043001
v -0.045581 0.144675 0.067077
v -0.031513 0.144675 0.073830
v -0.016094 0.144675 0.077882
v -0.000000 0.144675 0.079232
v 0.016094 0.144675 0.077882
v 0.031513 0.144675 0.073830
v 0.045581 0.144675 0.067077
v -0.044637 0.145750 0.065689
v -0.030860 0.145750 0.072302
v -0.015761 0.145750 0.076269
v -0.000000 0.145750 0.077592
v 0.015761 0.145750 0.076269
v 0.030860 0.145750 0.072302
v 0.044637 0.145750 0.065689
v -0.043958 0.146967 0.064689
v -0.030391 0.146967 0.071201
v -0.015521 0.146967 0.075108
v -0.000000 0.146967 0.076411
v 0.015521 0.146967 0.075108
v 0.030391 0.146967 0.071201
v 0.043958 0.146967 0.064689
v -0.043499 0.148307 0.064013
v -0.030073 0.148307 0.070457
v -0.015359 0.148307 0.074324
v -0.000000 0.148307 0.075612
v 0.015359 0.148307 0.074324
v 0.030073 0.148307 0.070457
v 0.043499 0.148307 0.064013
v -0.043215 0.149753 0.063596
v -0.029877 0.149753 0.069998
v -0.015259 0.149753 0.073839
v -0.000000 0.149753 0.075120
v 0.015259 0.149753 0.073839
v 0.029877 0.149753 0.069998
v 0.043215 0.149753 0.063596
v -0.043064 0.151286 0.063373
v -0.029773 0.151286 0.069753
v -0.015205 0.151286 0.073581
v -0.000000 0.151286 0.074857
v 0.015205 0.151286 0.073581
v 0.029773 0.151286 0.069753
v 0.043064 0.151286 0.063373
v -0.043001 0.152890 0.063280
v -0.029729 0.152890 0.069651
v -0.015183 0.152890 0.073473
v -0.000000 0.152890 0.074747
v 0.015183 0.152890 0.073473
v 0.029729 0.152890 0.069651
v 0.043001 0.152890 0.063280
v 0.045581 0.144675 -0.067077
v 0.031513 0.144675 -0.073830
v 0.016094 0.144675 -0.077882
v -0.000000 0.144675 -0.079232
v -0.016094 0.144675 -0.077882
v -0.031513 0.144675 -0.073830
v -0.045581 0.144675 -0.067077
v 0.044637 0.145750 -0.065689
v 0.030860 0.145750 -0.072302
v 0.015761 0.145750 -0.076269
v -0.000000 0.145750 -0.077592
v -0.015761 0.145750 -0.076269
v -0.030860 0.145750 -0.072302
v -0.044637 0.145750 -0.065689
v 0.043958 0.146967 -0.064689
v 0.030391 0.146967 -0.071201
v 0.015521 0.146967 -0.075109
v -0.000000 0.146967 -0.076411
v -0.015521 0.146967 -0.075108
v -0.030391 0.146967 -0.071201
v -0.043958 0.146967 -0.064689
v 0.043499 0.148307 -0.064013
v 0.030073 0.148307 -0.070457
v 0.015359 0.148307 -0.074324
v -0.000000 0.148307 -0.075612
v -0.015359 0.148307 -0.074324
v -0.030073 0.148307 -0.070457
v -0.043499 0.148307 -0.064013
v 0.043215 0.149753 -0.063596
v 0.029877 0.149753 -0.069998
v 0.015259 0.149753 -0.073839
v -0.000000 0.149753 -0.075120
v -0.015259 0.149753 -0.073839
v -0.029877 0.149753 -0.069998
v -0.043215 0.149753 -0.063596
v 0.043064 0.151286 -0.063373
v 0.029773 0.151286 -0.069753
v 0.015205 0.151286 -0.073581
v -0.000000 0.151286 -0.074857
v -0.015205 0.151286 -0.073581
v -0.029773 0.151286 -0.069753
v -0.043064 0.151286 -0.063373
v 0.043001 0.152890 -0.063280
v 0.029729 0.152890 -0.069651
v 0.015183 0.152890 -0.073473
v -0.000000 0.152890 -0.074747
v -0.015183 0.152890 -0.073473
v -0.029729 0.152890 -0.069651
v -0.043001 0.152890 -0.063280
v 0.048105 0.188705 -0.070792
v 0.033258 0.188705 -0.077919
v 0.016985 0.188705 -0.082195
v -0.000000 0.188705 -0.083620
v -0.016985 0.188705 -0.082195
v -0.033258 0.188705 -0.077919
v -0.048105 0.188705 -0.070792
v 0.046533 0.190252 -0.068479
v 0.032171 0.190252 -0.075373
v 0.016430 0.190252 -0.079509
v -0.000000 0.190252 -0.080888
v -0.016430 0.190252 -0.079509
v -0.032171 0.190252 -0.075373
v -0.046533 0.190252 -0.068479
v 0.045042 0.191880 -0.066284
v 0.031140 0.191880 -0.072957
v 0.015904 0.191880 -0.076961
v -0.000000 0.191880 -0.078296
v -0.015904 0.191880 -0.076961
v -0.031140 0.191880 -0.072957
v -0.045042 0.191880 -0.066284
v 0.043620 0.193591 -0.064191
v 0.030157 0.193591 -0.070653
v 0.015402 0.193591 -0.074531
v -0.000000 0.193591 -0.075823
v -0.015402 0.193591 -0.074531
v -0.030157 0.193591 -0.070653
v -0.043620 0.193591 -0.064191
v 0.042255 0.195387 -0.062182
v 0.029213 0.195387 -0.068442
v 0.014920 0.195387 -0.072198
v -0.000000 0.195387 -0.073450
v -0.014920 0.195386 -0.072198
v -0.029213 0.195387 -0.068442
v -0.042255 0.195387 -0.062182
v 0.040935 0.197268 -0.060240
v 0.028301 0.197268 -0.066305
v 0.014454 0.197268 -0.069943
v -0.000000 0.197268 -0.071156
v -0.014454 0.197268 -0.069943
v -0.028301 0.197268 -0.066305
v -0.040935 0.197268 -0.060240
v 0.039649 0.199239 -0.058348
v 0.027412 0.199239 -0.064222
v 0.014000 0.199239 -0.067746
v -0.000000 0.199239 -0.068921
v -0.014000 0.199239 -0.067746
v -0.027412 0.199239 -0.064222
v -0.039649 0.199239 -0.058348
v -0.048105 0.188705 0.070792
v -0.033258 0.188705 0.077919
v -0.016985 0.188705 0.082195
v -0.000000 0.188705 0.083620
v 0.016985 0.188705 0.082195
v 0.033258 0.188705 0.077919
v 0.048105 0.188705 0.070792
v -0.046533 0.190252 0.068479
v -0.032171 0.190252 0.075373
v -0.016430 0.190252 0.079509
v -0.000000 0.190252 0.080888
v 0.016430 0.190252 0.079509
v 0.032171 0.190252 0.075373
v 0.046533 0.190252 0.068479
v -0.045042 0.191880 0.066284
v -0.031140 0.191880 0.072957
v -0.015904 0.191880 0.076961
v -0.000000 0.191880 0.078296
v 0.015904 0.191880 0.076961
v 0.031140 0.191880 0.072957
v 0.045042 0.191880 0.066284
v -0.043620 0.193591 0.064191
v -0.030157 0.193591 0.070653
v -0.015402 0.193591 0.074531
v -0.000000 0.193591 0.075823
v 0.015402 0.193591 0.074531
v 0.030157 0.193591 0.070653
v 0.043620 0.193591 0.064191
v -0.042255 0.195387 0.062182
v -0.029213 0.195387 0.068442
v -0.014920 0.195387 0.072198
v -0.000000 0.195387 0.073450
v 0.014920 0.195387 0.072198
v 0.029213 0.195387 0.068442
v 0.042255 0.195387 0.062182
v -0.040935 0.197268 0.060240
v -0.028301 0.197268 0.066305
v -0.014454 0.197268 0.069943
v -0.000000 0.197268 0.071156
v 0.014454 0.197268 0.069943
v 0.028301 0.197268 0.066305
v 0.040935 0.197268 0.060240
v -0.039649 0.199239 0.058348
v -0.027412 0.199239 0.064222
v -0.014000 0.199239 0.067746
v -0.000000 0.199239 0.068921
v 0.014000 0.199239 0.067746
v 0.027412 0.199239 0.064222
v 0.039649 0.199239 0.058348
v -0.070792 0.188705 -0.048105
v -0.077919 0.188705 -0.033258
v -0.082195 0.188705 -0.016985
v -0.083620 0.188705 -0.000000
v -0.082195 0.188705 0.016985
v -0.077919 0.188705 0.033258
v -0.070792 0.188705 0.048105
v -0.068479 0.190252 -0.046533
v -0.075373 0.190252 -0.032171
v -0.079509 0.190252 -0.016430
v -0.080888 0.190252 -0.000000
v -0.079509 0.190252 0.016430
v -0.075373 0.190252 0.032171
v -0.068479 0.190252 0.046533
v -0.066284 0.191880 -0.045042
v -0.072957 0.191880 -0.031140
v -0.076961 0.191880 -0.015904
v -0.078296 0.191880 -0.000000
v -0.076961 0.191880 0.015904
v -0.072957 0.191880 0.031140
v -0.066284 0.191880 0.045042
v -0.064191 0.193591 -0.043620
v -0.070653 0.193591 -0.030157
v -0.074531 0.193591 -0.015402
v -0.075823 0.193591 -0.000000
v -0.074531 0.193591 0.015402
v -0.070653 0.193591 0.030157
v -0.064191 0.193591 0.043620
v -0.062182 0.195387 -0.042255
v -0.068442 0.195387 -0.029213
v -0.072198 0.195387 -0.014920
v -0.073450 0.195387 -0.000000
v -0.072198 0.195387 0.014920
v -0.068442 0.195387 0.029213
v -0.062182 0.195387 0.042255
v -0.060240 0.197268 -0.040935
v -0.066305 0.197268 -0.028301
v -0.069943 0.197268 -0.014454
v -0.071156 0.197268 -0.000000
v -0.069943 0.197268 0.014454
v -0.066305 0.197268 0.028301
v -0.060240 0.197268 0.040935
v -0.058348 0.199239 -0.039649
v -0.064222 0.199239 -0.027412
v -0.067746 0.199239 -0.014000
v -0.068921 0.199239 -0.000000
v -0.067746 0.199239 0.014000
v -0.064222 0.199239 0.027412
v -0.058348 0.199239 0.039649
v 0.070792 0.188705 0.048105
v 0.077919 0.188705 0.033258
v 0.082195 0.188705 0.016985
v 0.083620 0.188705 -0.000000
v 0.082195 0.188705 -0.016985
v 0.077919 0.188705 -0.033258
v 0.070792 0.188705 -0.048105
v 0.068479 0.190252 0.046533
v 0.075373 0.190252 0.032171
v 0.079509 0.190252 0.016430
v 0.080888 0.190252 -0.000000
v 0.079509 0.190252 -0.016430
v 0.075373 0.190252 -0.032171
v 0.068479 0.190252 -0.046533
v 0.066284 0.191880 0.045042
v 0.072957 0.191880 0.031140
v 0.076961 0.191880 0.015904
v 0.078296 0.191880 -0.000000
v 0.076961 0.191880 -0.015904
v 0.072957 0.191880 -0.031140
v 0.066284 0.191880 -0.045042
v 0.064191 0.193591 0.043620
v 0.070653 0.193591 0.030157
v 0.074531 0.193591 0.015402
v 0.075823 0.193591 -0.000000
v 0.074531 0.193591 -0.015402
v 0.070653 0.193591 -0.030157
v 0.064191 0.193591 -0.043620
v 0.062182 0.195387 0.042255
v 0.068442 0.195387 0.029213
v 0.072198 0.195387 0.014920
v 0.073450 0.195387 -0.000000
v 0.072198 0.195386 -0.014920
v 0.068442 0.195387 -0.029213
v 0.062182 0.195387 -0.042255
v 0.060240 0.197268 0.040935
v 0.066305 0.197268 0.028301
v 0.069943 0.197268 0.014454
v 0.071156 0.197268 -0.000000
v 0.069943 0.197268 -0.014454
v 0.066305 0.197268 -0.028301
v 0.060240 0.197268 -0.040935
v 0.058348 0.199239 0.039649
v 0.064222 0.199239 0.027412
v 0.067746 0.199239 0.014000
v 0.068921 0.199239 -0.000000
v 0.067746 0.199239 -0.014000
v 0.064222 0.199239 -0.027412
v 0.058348 0.199239 -0.039649
v 0.037136 0.203465 -0.054649
v 0.025674 0.203465 -0.060151
v 0.013112 0.203465 -0.063452
v -0.000000 0.203465 -0.064552
v -0.013112 0.203465 -0.063452
v -0.025674 0.203465 -0.060151
v -0.037136 0.203465 -0.054649
v 0.035912 0.205793 -0.052849
v 0.024828 0.205793 -0.058169
v 0.012680 0.205793 -0.061362
v -0.000000 0.205793 -0.062426
v -0.012680 0.205793 -0.061362
v -0.024828 0.205793 -0.058169
v -0.035912 0.205793 -0.052849
v 0.034731 0.208356 -0.051110
v 0.024012 0.208356 -0.056256
v 0.012263 0.208356 -0.059343
v -0.000000 0.208356 -0.060372
v -0.012263 0.208356 -0.059343
v -0.024012 0.208356 -0.056256
v -0.034731 0.208356 -0.051110
v 0.033607 0.211225 -0.049457
v 0.023235 0.211225 -0.054436
v 0.011866 0.211225 -0.057423
v -0.000000 0.211225 -0.058419
v -0.011866 0.211225 -0.057423
v -0.023235 0.211225 -0.054436
v -0.033607 0.211225 -0.049457
v 0.032557 0.214471 -0.047911
v 0.022509 0.214471 -0.052735
v 0.011495 0.214471 -0.055629
v -0.000000 0.214471 -0.056593
v -0.011496 0.214471 -0.055629
v -0.022509 0.214471 -0.052735
v -0.032557 0.214471 -0.047911
v 0.031596 0.218164 -0.046497
v 0.021844 0.218164 -0.051178
v 0.011156 0.218164 -0.053987
v -0.000000 0.218164 -0.054923
v -0.011156 0.218164 -0.053987
v -0.021844 0.218164 -0.051178
v -0.031596 0.218164 -0.046497
v 0.030741 0.222377 -0.045238
v 0.021253 0.222377 -0.049792
v 0.010854 0.222377 -0.052525
v -0.000000 0.222377 -0.053436
v -0.010854 0.222377 -0.052525
v -0.021253 0.222377 -0.049792
v -0.030741 0.222377 -0.045238
v -0.037136 0.203465 0.054649
v -0.025674 0.203465 0.060151
v -0.013112 0.203465 0.063452
v -0.000000 0.203465 0.064552
v 0.013112 0.203465 0.063452
v 0.025674 0.203465 0.060151
v 0.037136 0.203465 0.054649
v -0.035912 0.205793 0.052849
v -0.024828 0.205793 0.058169
v -0.012680 0.205793 0.061362
v -0.000000 0.205793 0.062426
v 0.012680 0.205793 0.061362
v 0.024828 0.205793 0.058169
v 0.035912 0.205793 0.052849
v -0.034731 0.208356 0.051110
v -0.024012 0.208356 0.056256
v -0.012263 0.208356 0.059343
v -0.000000 0.208356 0.060372
v 0.012263 0.208356 0.059343
v 0.024012 0.208356 0.056256
v 0.034731 0.208356 0.051110
v -0.033607 0.211225 0.049457
v -0.023235 0.211225 0.054436
v -0.011866 0.211225 0.057423
v -0.000000 0.211225 0.058419
v 0.011866 0.211225 0.057423
v 0.023235 0.211225 0.054436
v 0.033607 0.211225 0.049457
v -0.032557 0.214471 0.047911
v -0.022509 0.214471 0.052735
v -0.011496 0.214471 0.055629
v -0.000000 0.214471 0.056593
v 0.011495 0.214471 0.055629
v 0.022509 0.214471 0.052735
v 0.032557 0.214471 0.047911
v -0.031596 0.218164 0.046497
v -0.021844 0.218164 0.051178
v -0.011156 0.218164 0.053987
v -0.000000 0.218164 0.054923
v 0.011156 0.218164 0.053987
v 0.021844 0.218164 0.051178
v 0.031596 0.218164 0.046497
v -0.030741 0.222377 0.045238
v -0.021253 0.222377 0.049792
v -0.010854 0.222377 0.052525
v -0.000000 0.222377 0.053436
v 0.010854 0.222377 0.052525
v 0.021253 0.222377 0.049792
v 0.030741 0.222377 0.045238
v -0.054649 0.203465 -0.037136
v -0.060151 0.203465 -0.025674
v -0.063452 0.203465 -0.013112
v -0.064552 0.203465 -0.000000
v -0.063452 0.203465 0.013112
v -0.060151 0.203465 0.025674
v -0.054649 0.203465 0.037136
v -0.052849 0.205793 -0.035912
v -0.058169 0.205793 -0.024828
v -0.061362 0.205793 -0.012680
v -0.062426 0.205793 -0.000000
v -0.061362 0.205793 0.012680
v -0.058169 0.205793 0.024828
v -0.052849 0.205793 0.035912
v -0.051110 0.208356 -0.034731
v -0.056256 0.208356 -0.024012
v -0.059343 0.208356 -0.012263
v -0.060372 0.208356 -0.000000
v -0.059343 0.208356 0.012263
v -0.056256 0.208356 0.024012
v -0.051110 0.208356 0.034731
v -0.049457 0.211225 -0.033607
v -0.054436 0.211225 -0.023235
v -0.057423 0.211225 -0.011866
v -0.058419 0.211225 -0.000000
v -0.057423 0.211225 0.011866
v -0.054436 0.211225 0.023235
v -0.049457 0.211225 0.033607
v -0.047911 0.214471 -0.032557
v -0.052735 0.214471 -0.022509
v -0.055629 0.214471 -0.011495
v -0.056593 0.214471 -0.000000
v -0.055629 0.214471 0.011495
v -0.052735 0.214471 0.022509
v -0.047911 0.214471 0.032557
v -0.046497 0.218164 -0.031596
v -0.051178 0.218164 -0.021844
v -0.053987 0.218164 -0.011156
v -0.054923 0.218164 -0.000000
v -0.053987 0.218164 0.011156
v -0.051178 0.218164 0.021844
v -0.046497 0.218164 0.031596
v -0.045238 0.222377 -0.030741
v -0.049792 0.222377 -0.021253
v -0.052525 0.222377 -0.010854
v -0.053436 0.222377 -0.000000
v -0.052525 0.222377 0.010854
v -0.049792 0.222377 0.021253
v -0.045238 0.222377 0.030741
v 0.054649 0.203465 0.037136
v 0.060151 0.203465 0.025674
v 0.063452 0.203465 0.013112
v 0.064552 0.203465 -0.000000
v 0.063452 0.203465 -0.013112
v 0.060151 0.203465 -0.025674
v 0.054649 0.203465 -0.037136
v 0.052849 0.205793 0.035912
v 0.058169 0.205793 0.024828
v 0.061361 0.205793 0.012680
v 0.062426 0.205793 -0.000000
v 0.061362 0.205793 -0.012680
v 0.058169 0.205793 -0.024828
v 0.052849 0.205793 -0.035912
v 0.051110 0.208356 0.034731
v 0.056256 0.208356 0.024012
v 0.059343 0.208356 0.012263
v 0.060372 0.208356 -0.000000
v 0.059343 0.208356 -0.012263
v 0.056256 0.208356 -0.024012
v 0.051110 0.208356 -0.034731
v 0.049457 0.211225 0.033607
v 0.054436 0.211225 0.023235
v 0.057423 0.211225 0.011866
v 0.058419 0.211225 -0.000000
v 0.057423 0.211225 -0.011866
v 0.054436 0.211225 -0.023235
v 0.049457 0.211225 -0.033607
v 0.047911 0.214471 0.032557
v 0.052735 0.214471 0.022509
v 0.055629 0.214471 0.011495
v 0.056593 0.214471 -0.000000
v 0.055629 0.214471 -0.011496
v 0.052735 0.214471 -0.022509
v 0.047911 0.214471 -0.032557
v 0.046497 0.218164 0.031596
v 0.051178 0.218164 0.021844
v 0.053987 0.218164 0.011156
v 0.054923 0.218164 -0.000000
v 0.053987 0.218164 -0.011156
v 0.051178 0.218164 -0.021844
v 0.046497 0.218164 -0.031596
v 0.045238 0.222377 0.030741
v 0.049792 0.222377 0.021253
v 0.052525 0.222377 0.010854
v 0.053436 0.222377 -0.000000
v 0.052525 0.222377 -0.010854
v 0.049792 0.222377 -0.021253
v 0.045238 0.222377 -0.030741
v -0.035653 0.292506 0.052467
v -0.024649 0.292506 0.057749
v -0.012589 0.292506 0.060918
v -0.000000 0.292506 0.061975
v 0.012589 0.292507 0.060918
v 0.024649 0.292506 0.057749
v 0.035653 0.292507 0.052467
v -0.038434 0.293584 0.056560
v -0.026572 0.293584 0.062254
v -0.013571 0.293584 0.065670
v -0.000000 0.293584 0.066809
v 0.013571 0.293584 0.065670
v 0.026572 0.293584 0.062254
v 0.038434 0.293584 0.056560
v -0.041482 0.294738 0.061046
v -0.028679 0.294738 0.067191
v -0.014647 0.294738 0.070878
v 0.000000 0.294738 0.072108
v 0.014647 0.294738 0.070878
v 0.028679 0.294738 0.067191
v 0.041482 0.294738 0.061046
v -0.044664 0.296024 0.065728
v -0.030879 0.296024 0.072344
v -0.015770 0.296024 0.076315
v 0.000000 0.296024 0.077638
v 0.015770 0.296024 0.076315
v 0.030879 0.296024 0.072344
v 0.044664 0.296024 0.065728
v -0.047845 0.297496 0.070410
v -0.033078 0.297496 0.077498
v -0.016894 0.297496 0.081751
v 0.000000 0.297496 0.083168
v 0.016894 0.297496 0.081751
v 0.033078 0.297496 0.077498
v 0.047845 0.297496 0.070410
v -0.050893 0.299211 0.074895
v -0.035186 0.299211 0.082435
v -0.017970 0.299211 0.086959
v 0.000000 0.299211 0.088467
v 0.017970 0.299211 0.086959
v 0.035186 0.299211 0.082435
v 0.050894 0.299211 0.074895
v -0.053675 0.301221 0.078988
v -0.037108 0.301221 0.086940
v -0.018952 0.301221 0.091711
v 0.000000 0.301221 0.093301
v 0.018952 0.301221 0.091711
v 0.037108 0.301221 0.086940
v 0.053675 0.301221 0.078988
v 0.027696 0.277574 -0.040758
v 0.019148 0.277574 -0.044861
v 0.009779 0.277574 -0.047323
v -0.000000 0.277574 -0.048144
v -0.009779 0.277574 -0.047323
v -0.019148 0.277574 -0.044861
v -0.027696 0.277574 -0.040758
v 0.027734 0.280937 -0.040814
v 0.019174 0.280937 -0.044922
v 0.009792 0.280937 -0.047388
v -0.000000 0.280937 -0.048209
v -0.009793 0.280937 -0.047388
v -0.019174 0.280937 -0.044922
v -0.027734 0.280937 -0.040814
v 0.027917 0.283675 -0.041082
v 0.019300 0.283675 -0.045218
v 0.009857 0.283675 -0.047700
v -0.000000 0.283675 -0.048527
v -0.009857 0.283675 -0.047700
v -0.019300 0.283675 -0.045218
v -0.027917 0.283675 -0.041082
v 0.028309 0.285887 -0.041660
v 0.019572 0.285887 -0.045854
v 0.009996 0.285887 -0.048370
v -0.000000 0.285887 -0.049209
v -0.009996 0.285887 -0.048370
v -0.019572 0.285887 -0.045854
v -0.028309 0.285887 -0.041660
v 0.028976 0.287673 -0.042641
v 0.020033 0.287673 -0.046934
v 0.010231 0.287673 -0.049510
v -0.000000 0.287673 -0.050368
v -0.010231 0.287673 -0.049510
v -0.020033 0.287673 -0.046934
v -0.028976 0.287673 -0.042641
v 0.029982 0.289129 -0.044122
v 0.020728 0.289129 -0.048564
v 0.010586 0.289129 -0.051229
v -0.000000 0.289129 -0.052117
v -0.010586 0.289129 -0.051229
v -0.020728 0.289129 -0.048564
v -0.029982 0.289129 -0.044122
v 0.031393 0.290356 -0.046198
v 0.021704 0.290356 -0.050849
v 0.011084 0.290356 -0.053639
v -0.000000 0.290356 -0.054569
v -0.011084 0.290356 -0.053639
v -0.021704 0.290356 -0.050849
v -0.031393 0.290356 -0.046198
v 0.040758 0.277574 0.027696
v 0.044861 0.277574 0.019148
v 0.047323 0.277574 0.009779
v 0.048144 0.277574 -0.000000
v 0.047323 0.277574 -0.009779
v 0.044861 0.277574 -0.019148
v 0.040758 0.277574 -0.027696
v 0.040814 0.280937 0.027734
v 0.044922 0.280937 0.019174
v 0.047388 0.280937 0.009792
v 0.048209 0.280937 -0.000000
v 0.047388 0.280937 -0.009793
v 0.044922 0.280937 -0.019174
v 0.040814 0.280937 -0.027734
v 0.041082 0.283675 0.027917
v 0.045218 0.283675 0.019300
v 0.047700 0.283675 0.009857
v 0.048527 0.283675 -0.000000
v 0.047700 0.283675 -0.009857
v 0.045218 0.283675 -0.019300
v 0.041082 0.283675 -0.027917
v 0.041660 0.285887 0.028309
v 0.045854 0.285887 0.019572
v 0.048370 0.285887 0.009996
v 0.049209 0.285887 -0.000000
v 0.048370 0.285887 -0.009996
v 0.045854 0.285887 -0.019572
v 0.041660 0.285887 -0.028309
v 0.042641 0.287673 0.028976
v 0.046934 0.287673 0.020033
v 0.049510 0.287673 0.010231
v 0.050368 0.287673 -0.000000
v 0.049510 0.287673 -0.010231
v 0.046934 0.287673 -0.020033
v 0.042641 0.287673 -0.028976
v 0.044122 0.289129 0.029982
v 0.048564 0.289129 0.020728
v 0.051229 0.289129 0.010586
v 0.052117 0.289129 -0.000000
v 0.051229 0.289129 -0.010586
v 0.048564 0.289129 -0.020728
v 0.044122 0.289129 -0.029982
v 0.046198 0.290356 0.031393
v 0.050849 0.290356 0.021704
v 0.053639 0.290356 0.011084
v 0.054569 0.290356 -0.000000
v 0.053639 0.290356 -0.011084
v 0.050849 0.290356 -0.021704
v 0.046198 0.290356 -0.031393
v -0.040758 0.277574 -0.027696
v -0.044861 0.277574 -0.019148
v -0.047323 0.277574 -0.009779
v -0.048144 0.277574 -0.000000
v -0.047323 0.277574 0.009779
v -0.044861 0.277574 0.019148
v -0.040758 0.277574 0.027696
v -0.040814 0.280937 -0.027734
v -0.044922 0.280937 -0.019174
v -0.047388 0.280937 -0.009793
v -0.048209 0.280937 -0.000000
v -0.047388 0.280937 0.009792
v -0.044922 0.280937 0.019174
v -0.040814 0.280937 0.027734
v -0.041082 0.283675 -0.027917
v -0.045218 0.283675 -0.019300
v -0.047700 0.283675 -0.009857
v -0.048527 0.283675 -0.000000
v -0.047700 0.283675 0.009857
v -0.045218 0.283675 0.019300
v -0.041082 0.283675 0.027917
v -0.041660 0.285887 -0.028309
v -0.045854 0.285887 -0.019572
v -0.048370 0.285887 -0.009996
v -0.049209 0.285887 -0.000000
v -0.048370 0.285887 0.009996
v -0.045854 0.285887 0.019572
v -0.041660 0.285887 0.028309
v -0.042641 0.287673 -0.028976
v -0.046934 0.287673 -0.020033
v -0.049510 0.287673 -0.010231
v -0.050368 0.287673 -0.000000
v -0.049510 0.287673 0.010231
v -0.046934 0.287673 0.020033
v -0.042641 0.287673 0.028976
v -0.044122 0.289129 -0.029982
v -0.048564 0.289129 -0.020729
v -0.051229 0.289129 -0.010586
v -0.052117 0.289129 -0.000000
v -0.051229 0.289129 0.010586
v -0.048564 0.289129 0.020728
v -0.044122 0.289129 0.029982
v -0.046198 0.290356 -0.031393
v -0.050849 0.290356 -0.021704
v -0.053639 0.290356 -0.011084
v -0.054569 0.290356 -0.000000
v -0.053639 0.290356 0.011084
v -0.050849 0.290356 0.021704
v -0.046198 0.290356 0.031393
v 0.085240 0.306325 0.057923
v 0.093821 0.306325 0.040046
v 0.098970 0.306325 0.020452
v 0.100686 0.306325 -0.000000
v 0.098970 0.306325 -0.020452
v 0.093821 0.306325 -0.040046
v 0.085240 0.306325 -0.057923
v 0.087195 0.309363 0.059251
v 0.095973 0.309363 0.040964
v 0.101239 0.309363 0.020921
v 0.102995 0.309363 -0.000000
v 0.101239 0.309363 -0.020921
v 0.095973 0.309363 -0.040964
v 0.087195 0.309363 -0.059251
v 0.088347 0.312588 0.060034
v 0.097241 0.312588 0.041505
v 0.102577 0.312588 0.021197
v 0.104356 0.312588 -0.000000
v 0.102577 0.312588 -0.021197
v 0.097241 0.312588 -0.041505
v 0.088347 0.312588 -0.060034
v 0.088688 0.315890 0.060266
v 0.097616 0.315890 0.041666
v 0.102973 0.315890 0.021279
v 0.104759 0.315890 -0.000000
v 0.102973 0.315890 -0.021279
v 0.097616 0.315890 -0.041666
v 0.088688 0.315890 -0.060266
v 0.088210 0.319159 0.059941
v 0.097090 0.319159 0.041441
v 0.102418 0.319159 0.021164
v 0.104194 0.319159 -0.000000
v 0.102418 0.319159 -0.021165
v 0.097090 0.319159 -0.041441
v 0.088210 0.319159 -0.059941
v 0.086904 0.322286 0.059054
v 0.095653 0.322286 0.040828
v 0.100902 0.322286 0.020851
v 0.102652 0.322286 -0.000000
v 0.100902 0.322286 -0.020851
v 0.095653 0.322286 -0.040828
v 0.086904 0.322286 -0.059054
v 0.084763 0.325162 0.057599
v 0.093296 0.325162 0.039821
v 0.098416 0.325162 0.020337
v 0.100122 0.325162 -0.000000
v 0.098416 0.325162 -0.020337
v 0.093296 0.325162 -0.039821
v 0.084763 0.325162 -0.057599
v 0.035653 0.292507 -0.052467
v 0.024649 0.292506 -0.057749
v 0.012589 0.292507 -0.060919
v -0.000000 0.292506 -0.061975
v -0.012589 0.292506 -0.060919
v -0.024649 0.292507 -0.057749
v -0.035653 0.292506 -0.052467
v 0.038434 0.293584 -0.056560
v 0.026572 0.293584 -0.062254
v 0.013571 0.293584 -0.065670
v 0.000000 0.293584 -0.066809
v -0.013571 0.293584 -0.065670
v -0.026572 0.293584 -0.062254
v -0.038434 0.293584 -0.056560
v 0.041482 0.294738 -0.061046
v 0.028679 0.294738 -0.067191
v 0.014647 0.294738 -0.070878
v 0.000000 0.294738 -0.072108
v -0.014647 0.294738 -0.070878
v -0.028679 0.294738 -0.067191
v -0.041482 0.294738 -0.061046
v 0.044664 0.296024 -0.065728
v 0.030879 0.296024 -0.072344
v 0.015770 0.296024 -0.076315
v 0.000000 0.296024 -0.077638
v -0.015770 0.296024 -0.076315
v -0.030879 0.296024 -0.072344
v -0.044664 0.296024 -0.065728
v 0.047845 0.297496 -0.070410
v 0.033078 0.297496 -0.077498
v 0.016894 0.297496 -0.081751
v 0.000000 0.297496 -0.083168
v -0.016894 0.297496 -0.081751
v -0.033078 0.297496 -0.077498
v -0.047845 0.297496 -0.070410
v 0.050894 0.299211 -0.074895
v 0.035186 0.299211 -0.082435
v 0.017970 0.299211 -0.086959
v 0.000000 0.299211 -0.088467
v -0.017970 0.299211 -0.086959
v -0.035186 0.299211 -0.082435
v -0.050893 0.299211 -0.074895
v 0.053675 0.301221 -0.078988
v 0.037108 0.301221 -0.086940
v 0.018952 0.301221 -0.091711
v 0.000000 0.301221 -0.093301
v -0.018952 0.301221 -0.091711
v -0.037108 0.301221 -0.086940
v -0.053675 0.301221 -0.078988
v 0.052467 0.292507 0.035653
v 0.057749 0.292506 0.024649
v 0.060918 0.292507 0.012589
v 0.061975 0.292506 -0.000000
v 0.060918 0.292506 -0.012589
v 0.057749 0.292507 -0.024649
v 0.052467 0.292506 -0.035653
v 0.056560 0.293584 0.038434
v 0.062254 0.293584 0.026572
v 0.065670 0.293584 0.013571
v 0.066809 0.293584 -0.000000
v 0.065670 0.293584 -0.013571
v 0.062254 0.293584 -0.026572
v 0.056560 0.293584 -0.038434
v 0.061046 0.294738 0.041482
v 0.067191 0.294738 0.028679
v 0.070878 0.294738 0.014647
v 0.072108 0.294738 -0.000000
v 0.070878 0.294738 -0.014647
v 0.067191 0.294738 -0.028679
v 0.061046 0.294738 -0.041482
v 0.065728 0.296024 0.044664
v 0.072344 0.296024 0.030879
v 0.076315 0.296024 0.015770
v 0.077638 0.296024 -0.000000
v 0.076315 0.296024 -0.015770
v 0.072344 0.296024 -0.030879
v 0.065728 0.296024 -0.044664
v 0.070410 0.297496 0.047845
v 0.077498 0.297496 0.033078
v 0.081751 0.297496 0.016894
v 0.083168 0.297496 -0.000000
v 0.081751 0.297496 -0.016894
v 0.077498 0.297496 -0.033078
v 0.070410 0.297496 -0.047845
v 0.074895 0.299211 0.050893
v 0.082435 0.299211 0.035186
v 0.086959 0.299211 0.017970
v 0.088467 0.299211 -0.000000
v 0.086959 0.299211 -0.017970
v 0.082435 0.299211 -0.035186
v 0.074895 0.299211 -0.050894
v 0.078988 0.301221 0.053675
v 0.086940 0.301221 0.037108
v 0.091711 0.301221 0.018952
v 0.093301 0.301221 -0.000000
v 0.091711 0.301221 -0.018952
v 0.086940 0.301221 -0.037108
v 0.078988 0.301221 -0.053675
v -0.052467 0.292507 -0.035653
v -0.057749 0.292506 -0.024649
v -0.060918 0.292507 -0.012589
v -0.061975 0.292507 -0.000000
v -0.060918 0.292506 0.012589
v -0.057749 0.292507 0.024649
v -0.052467 0.292506 0.035653
v -0.056560 0.293584 -0.038434
v -0.062254 0.293584 -0.026572
v -0.065670 0.293584 -0.013571
v -0.066809 0.293584 -0.000000
v -0.065670 0.293584 0.013571
v -0.062254 0.293584 0.026572
v -0.056560 0.293584 0.038434
v -0.061046 0.294738 -0.041482
v -0.067191 0.294738 -0.028679
v -0.070878 0.294738 -0.014647
v -0.072108 0.294738 -0.000000
v -0.070878 0.294738 0.014647
v -0.067191 0.294738 0.028679
v -0.061046 0.294738 0.041482
v -0.065728 0.296024 -0.044664
v -0.072344 0.296024 -0.030879
v -0.076315 0.296024 -0.015770
v -0.077638 0.296024 -0.000000
v -0.076315 0.296024 0.015770
v -0.072344 0.296024 0.030879
v -0.065728 0.296024 0.044664
v -0.070410 0.297496 -0.047845
v -0.077498 0.297496 -0.033078
v -0.081751 0.297496 -0.016894
v -0.083168 0.297496 -0.000000
v -0.081751 0.297496 0.016894
v -0.077498 0.297496 0.033078
v -0.070410 0.297496 0.047845
v -0.074895 0.299211 -0.050894
v -0.082435 0.299211 -0.035186
v -0.086959 0.299211 -0.017970
v -0.088467 0.299211 -0.000000
v -0.086959 0.299211 0.017970
v -0.082435 0.299211 0.035186
v -0.074895 0.299211 0.050893
v -0.078988 0.301221 -0.053675
v -0.086940 0.301221 -0.037108
v -0.091711 0.301221 -0.018952
v -0.093301 0.301221 -0.000000
v -0.091711 0.301221 0.018952
v -0.086940 0.301221 0.037108
v -0.078988 0.301221 0.053675
v 0.077972 0.329745 0.052984
v 0.085821 0.329745 0.036631
v 0.090531 0.329745 0.018708
v 0.092101 0.329745 -0.000000
v 0.090531 0.329745 -0.018708
v 0.085821 0.329745 -0.036631
v 0.077972 0.329745 -0.052984
v 0.073511 0.331397 0.049953
v 0.080911 0.331397 0.034535
v 0.085351 0.331397 0.017638
v 0.086831 0.331397 -0.000000
v 0.085351 0.331397 -0.017638
v 0.080911 0.331397 -0.034535
v 0.073511 0.331397 -0.049953
v 0.068590 0.332684 0.046609
v 0.075495 0.332684 0.032223
v 0.079638 0.332684 0.016457
v 0.081019 0.332684 -0.000000
v 0.079638 0.332684 -0.016457
v 0.075495 0.332684 -0.032223
v 0.068590 0.332684 -0.046609
v 0.063406 0.333660 0.043086
v 0.069789 0.333660 0.029788
v 0.073619 0.333660 0.015213
v 0.074895 0.333660 -0.000000
v 0.073619 0.333660 -0.015213
v 0.069789 0.333660 -0.029788
v 0.063406 0.333660 -0.043086
v 0.058155 0.334379 0.039518
v 0.064009 0.334379 0.027321
v 0.067522 0.334379 0.013953
v 0.068693 0.334379 -0.000000
v 0.067522 0.334379 -0.013953
v 0.064009 0.334379 -0.027321
v 0.058155 0.334379 -0.039518
v 0.053033 0.334893 0.036038
v 0.058372 0.334893 0.024915
v 0.061576 0.334893 0.012724
v 0.062644 0.334893 -0.000000
v 0.061576 0.334893 -0.012724
v 0.058372 0.334893 -0.024915
v 0.053033 0.334893 -0.036038
v 0.048238 0.335257 0.032779
v 0.053095 0.335257 0.022662
v 0.056008 0.335257 0.011574
v 0.056980 0.335257 -0.000000
v 0.056008 0.335257 -0.011574
v 0.053095 0.335257 -0.022662
v 0.048238 0.335257 -0.032779
v -0.085240 0.306325 -0.057923
v -0.093821 0.306325 -0.040046
v -0.098970 0.306325 -0.020452
v -0.100686 0.306325 -0.000000
v -0.098970 0.306325 0.020452
v -0.093821 0.306325 0.040046
v -0.085240 0.306325 0.057923
v -0.087195 0.309363 -0.059251
v -0.095973 0.309363 -0.040964
v -0.101239 0.309363 -0.020921
v -0.102995 0.309363 -0.000000
v -0.101239 0.309363 0.020921
v -0.095973 0.309363 0.040964
v -0.087195 0.309363 0.059251
v -0.088347 0.312588 -0.060034
v -0.097241 0.312588 -0.041505
v -0.102577 0.312588 -0.021197
v -0.104356 0.312588 -0.000000
v -0.102577 0.312588 0.021197
v -0.097241 0.312588 0.041505
v -0.088347 0.312588 0.060034
v -0.088688 0.315890 -0.060266
v -0.097616 0.315890 -0.041666
v -0.102973 0.315890 -0.021279
v -0.104759 0.315890 -0.000000
v -0.102973 0.315890 0.021279
v -0.097616 0.315890 0.041666
v -0.088688 0.315890 0.060266
v -0.088210 0.319159 -0.059941
v -0.097090 0.319159 -0.041441
v -0.102418 0.319159 -0.021165
v -0.104194 0.319159 -0.000000
v -0.102418 0.319159 0.021164
v -0.097090 0.319159 0.041441
v -0.088210 0.319159 0.059941
v -0.086904 0.322286 -0.059054
v -0.095653 0.322286 -0.040828
v -0.100902 0.322286 -0.020851
v -0.102652 0.322286 -0.000000
v -0.100902 0.322286 0.020851
v -0.095653 0.322286 0.040828
v -0.086904 0.322286 0.059054
v -0.084763 0.325162 -0.057599
v -0.093296 0.325162 -0.039821
v -0.098416 0.325162 -0.020337
v -0.100122 0.325162 -0.000000
v -0.098416 0.325162 0.020337
v -0.093296 0.325162 0.039821
v -0.084763 0.325162 0.057599
v -0.057923 0.306325 0.085240
v -0.040046 0.306325 0.093821
v -0.020452 0.306325 0.098970
v 0.000000 0.306325 0.100686
v 0.020452 0.306325 0.098970
v 0.040046 0.306325 0.093821
v 0.057923 0.306325 0.085240
v -0.059251 0.309363 0.087195
v -0.040964 0.309363 0.095973
v -0.020921 0.309363 0.101239
v 0.000000 0.309363 0.102995
v 0.020921 0.309363 0.101239
v 0.040964 0.309363 0.095973
v 0.059251 0.309363 0.087195
v -0.060034 0.312588 0.088347
v -0.041505 0.312588 0.097241
v -0.021197 0.312588 0.102577
v 0.000000 0.312588 0.104356
v 0.021197 0.312588 0.102577
v 0.041505 0.312588 0.097241
v 0.060034 0.312588 0.088347
v -0.060266 0.315890 0.088688
v -0.041666 0.315890 0.097616
v -0.021279 0.315890 0.102973
v 0.000000 0.315890 0.104759
v 0.021279 0.315890 0.102973
v 0.041666 0.315890 0.097616
v 0.060266 0.315890 0.088688
v -0.059941 0.319159 0.088210
v -0.041441 0.319159 0.097090
v -0.021164 0.319159 0.102418
v 0.000000 0.319159 0.104194
v 0.021165 0.319159 0.102418
v 0.041441 0.319159 0.097090
v 0.059941 0.319159 0.088210
v -0.059054 0.322286 0.086904
v -0.040828 0.322286 0.095653
v -0.020851 0.322286 0.100902
v 0.000000 0.322286 0.102652
v 0.020851 0.322286 0.100902
v 0.040828 0.322286 0.095653
v 0.059054 0.322286 0.086904
v -0.057599 0.325162 0.084763
v -0.039821 0.325162 0.093296
v -0.020337 0.325162 0.098416
v 0.000000 0.325162 0.100122
v 0.020337 0.325162 0.098416
v 0.039821 0.325162 0.093296
v 0.057599 0.325162 0.084763
v 0.057923 0.306325 -0.085240
v 0.040046 0.306325 -0.093821
v 0.020452 0.306325 -0.098970
v 0.000000 0.306325 -0.100686
v -0.020452 0.306325 -0.098970
v -0.040046 0.306325 -0.093821
v -0.057923 0.306325 -0.085240
v 0.059251 0.309363 -0.087195
v 0.040964 0.309363 -0.095973
v 0.020921 0.309363 -0.101239
v 0.000000 0.309363 -0.102995
v -0.020921 0.309363 -0.101240
v -0.040964 0.309363 -0.095973
v -0.059251 0.309363 -0.087195
v 0.060034 0.312588 -0.088347
v 0.041505 0.312588 -0.097241
v 0.021197 0.312588 -0.102577
v 0.000000 0.312588 -0.104356
v -0.021197 0.312588 -0.102577
v -0.041505 0.312588 -0.097241
v -0.060034 0.312588 -0.088347
v 0.060266 0.315890 -0.088688
v 0.041666 0.315890 -0.097616
v 0.021279 0.315890 -0.102973
v 0.000000 0.315890 -0.104759
v -0.021279 0.315890 -0.102973
v -0.041666 0.315890 -0.097616
v -0.060266 0.315890 -0.088688
v 0.059941 0.319159 -0.088210
v 0.041441 0.319159 -0.097090
v 0.021165 0.319159 -0.102418
v 0.000000 0.319159 -0.104194
v -0.021164 0.319159 -0.102418
v -0.041441 0.319159 -0.097090
v -0.059941 0.319159 -0.088210
v 0.059054 0.322286 -0.086904
v 0.040828 0.322286 -0.095653
v 0.020851 0.322286 -0.100902
v 0.000000 0.322286 -0.102652
v -0.020851 0.322286 -0.100902
v -0.040828 0.322286 -0.095653
v -0.059054 0.322286 -0.086904
v 0.057599 0.325162 -0.084763
v 0.039821 0.325162 -0.093296
v 0.020337 0.325162 -0.098416
v 0.000000 0.325162 -0.100122
v -0.020337 0.325162 -0.098416
v -0.039821 0.325162 -0.093296
v -0.057599 0.325162 -0.084763
v -0.027431 0.335739 0.040368
v -0.018965 0.335739 0.044431
v -0.009685 0.335739 0.046870
v 0.000000 0.335739 0.047683
v 0.009686 0.335739 0.046870
v 0.018965 0.335739 0.044431
v 0.027431 0.335739 0.040368
v -0.025425 0.335921 0.037415
v -0.017578 0.335921 0.041182
v -0.008977 0.335921 0.043442
v 0.000000 0.335921 0.044195
v 0.008977 0.335921 0.043442
v 0.017578 0.335921 0.041182
v 0.025425 0.335921 0.037415
v -0.023808 0.336082 0.035036
v -0.016460 0.336082 0.038563
v -0.008406 0.336082 0.040679
v 0.000000 0.336082 0.041385
v 0.008406 0.336082 0.040679
v 0.016460 0.336082 0.038563
v 0.023808 0.336082 0.035036
v -0.022531 0.336233 0.033156
v -0.015577 0.336233 0.036494
v -0.007955 0.336233 0.038497
v 0.000000 0.336233 0.039164
v 0.007955 0.336233 0.038497
v 0.015577 0.336233 0.036494
v 0.022531 0.336233 0.033156
v -0.021543 0.336384 0.031703
v -0.014894 0.336384 0.034894
v -0.007606 0.336384 0.036809
v 0.000000 0.336384 0.037447
v 0.007607 0.336384 0.036809
v 0.014894 0.336384 0.034894
v 0.021543 0.336384 0.031703
v -0.020795 0.336547 0.030602
v -0.014377 0.336547 0.033683
v -0.007342 0.336547 0.035531
v 0.000000 0.336547 0.036148
v 0.007343 0.336547 0.035531
v 0.014377 0.336547 0.033683
v 0.020795 0.336547 0.030602
v -0.020238 0.336733 0.029782
v -0.013992 0.336733 0.032780
v -0.007146 0.336733 0.034579
v 0.000000 0.336733 0.035179
v 0.007146 0.336733 0.034579
v 0.013992 0.336733 0.032780
v 0.020238 0.336733 0.029782
v -0.077972 0.329745 -0.052984
v -0.085821 0.329745 -0.036631
v -0.090531 0.329745 -0.018708
v -0.092101 0.329745 -0.000000
v -0.090531 0.329745 0.018708
v -0.085821 0.329745 0.036631
v -0.077972 0.329745 0.052984
v -0.073511 0.331397 -0.049953
v -0.080911 0.331397 -0.034535
v -0.085351 0.331397 -0.017638
v -0.086831 0.331397 -0.000000
v -0.085351 0.331397 0.017638
v -0.080911 0.331397 0.034535
v -0.073511 0.331397 0.049953
v -0.068590 0.332684 -0.046609
v -0.075495 0.332684 -0.032223
v -0.079638 0.332684 -0.016457
v -0.081019 0.332684 -0.000000
v -0.079638 0.332684 0.016457
v -0.075495 0.332684 0.032223
v -0.068590 0.332684 0.046609
v -0.063406 0.333660 -0.043086
v -0.069789 0.333660 -0.029788
v -0.073619 0.333660 -0.015213
v -0.074895 0.333660 -0.000000
v -0.073619 0.333660 0.015213
v -0.069789 0.333660 0.029788
v -0.063406 0.333660 0.043086
v -0.058155 0.334379 -0.039518
v -0.064009 0.334379 -0.027321
v -0.067522 0.334379 -0.013953
v -0.068693 0.334379 -0.000000
v -0.067522 0.334379 0.013953
v -0.064009 0.334379 0.027321
v -0.058155 0.334379 0.039518
v -0.053033 0.334893 -0.036038
v -0.058372 0.334893 -0.024915
v -0.061576 0.334893 -0.012724
v -0.062643 0.334893 -0.000000
v -0.061576 0.334893 0.012724
v -0.058372 0.334893 0.024915
v -0.053033 0.334893 0.036038
v -0.048238 0.335257 -0.032779
v -0.053094 0.335257 -0.022662
v -0.056008 0.335257 -0.011574
v -0.056979 0.335257 -0.000000
v -0.056008 0.335257 0.011574
v -0.053094 0.335257 0.022662
v -0.048238 0.335257 0.032779
v -0.052984 0.329745 0.077972
v -0.036631 0.329745 0.085821
v -0.018708 0.329745 0.090531
v 0.000000 0.329745 0.092101
v 0.018708 0.329745 0.090531
v 0.036631 0.329745 0.085821
v 0.052984 0.329745 0.077972
v -0.049953 0.331397 0.073511
v -0.034535 0.331397 0.080911
v -0.017638 0.331397 0.085351
v 0.000000 0.331397 0.086831
v 0.017638 0.331397 0.085351
v 0.034535 0.331397 0.080911
v 0.049953 0.331397 0.073511
v -0.046609 0.332684 0.068590
v -0.032223 0.332684 0.075495
v -0.016457 0.332684 0.079638
v 0.000000 0.332684 0.081019
v 0.016457 0.332684 0.079638
v 0.032223 0.332684 0.075495
v 0.046609 0.332684 0.068590
v -0.043086 0.333660 0.063406
v -0.029788 0.333660 0.069789
v -0.015213 0.333660 0.073619
v 0.000000 0.333660 0.074895
v 0.015213 0.333660 0.073619
v 0.029788 0.333660 0.069789
v 0.043086 0.333660 0.063406
v -0.039518 0.334379 0.058155
v -0.027321 0.334379 0.064009
v -0.013953 0.334379 0.067522
v 0.000000 0.334379 0.068693
v 0.013953 0.334379 0.067522
v 0.027321 0.334379 0.064009
v 0.039518 0.334379 0.058155
v -0.036038 0.334893 0.053033
v -0.024915 0.334893 0.058372
v -0.012724 0.334893 0.061576
v 0.000000 0.334893 0.062643
v 0.012724 0.334893 0.061576
v 0.024915 0.334893 0.058372
v 0.036038 0.334893 0.053033
v -0.032779 0.335257 0.048238
v -0.022662 0.335257 0.053094
v -0.011574 0.335257 0.056008
v 0.000000 0.335257 0.056979
v 0.011574 0.335257 0.056008
v 0.022662 0.335257 0.053094
v 0.032779 0.335257 0.048238
v 0.052984 0.329745 -0.077972
v 0.036631 0.329745 -0.085821
v 0.018708 0.329745 -0.090531
v 0.000000 0.329745 -0.092101
v -0.018708 0.329745 -0.090531
v -0.036631 0.329745 -0.085821
v -0.052984 0.329745 -0.077972
v 0.049953 0.331397 -0.073511
v 0.034535 0.331397 -0.080911
v 0.017638 0.331397 -0.085351
v 0.000000 0.331397 -0.086831
v -0.017638 0.331397 -0.085351
v -0.034535 0.331397 -0.080911
v -0.049953 0.331397 -0.073511
v 0.046609 0.332684 -0.068590
v 0.032223 0.332684 -0.075495
v 0.016457 0.332684 -0.079638
v 0.000000 0.332684 -0.081019
v -0.016457 0.332684 -0.079638
v -0.032223 0.332684 -0.075495
v -0.046609 0.332684 -0.068590
v 0.043086 0.333660 -0.063406
v 0.029788 0.333660 -0.069789
v 0.015213 0.333660 -0.073619
v 0.000000 0.333660 -0.074895
v -0.015213 0.333660 -0.073619
v -0.029788 0.333660 -0.069789
v -0.043086 0.333660 -0.063406
v 0.039518 0.334379 -0.058155
v 0.027321 0.334379 -0.064009
v 0.013953 0.334379 -0.067522
v 0.000000 0.334379 -0.068693
v -0.013953 0.334379 -0.067522
v -0.027321 0.334379 -0.064009
v -0.039518 0.334379 -0.058155
v 0.036038 0.334893 -0.053033
v 0.024915 0.334893 -0.058372
v 0.012724 0.334893 -0.061576
v 0.000000 0.334893 -0.062644
v -0.012724 0.334893 -0.061576
v -0.024915 0.334893 -0.058372
v -0.036038 0.334893 -0.053033
v 0.032779 0.335257 -0.048238
v 0.022662 0.335257 -0.053095
v 0.011574 0.335257 -0.056008
v 0.000000 0.335257 -0.056979
v -0.011574 0.335257 -0.056008
v -0.022662 0.335257 -0.053095
v -0.032779 0.335257 -0.048238
v 0.028714 0.337224 0.019512
v 0.031604 0.337224 0.013490
v 0.033339 0.337224 0.006889
v 0.033917 0.337224 -0.000000
v 0.033339 0.337224 -0.006889
v 0.031604 0.337224 -0.013490
v 0.028714 0.337224 -0.019512
v 0.028468 0.337586 0.019345
v 0.031334 0.337586 0.013374
v 0.033054 0.337586 0.006830
v 0.033627 0.337586 -0.000000
v 0.033054 0.337586 -0.006831
v 0.031334 0.337586 -0.013374
v 0.028468 0.337586 -0.019345
v 0.028509 0.338084 0.019373
v 0.031379 0.338084 0.013394
v 0.033101 0.338084 0.006840
v 0.033675 0.338084 -0.000000
v 0.033101 0.338084 -0.006840
v 0.031379 0.338084 -0.013394
v 0.028509 0.338084 -0.019373
v 0.028912 0.338765 0.019647
v 0.031823 0.338765 0.013583
v 0.033569 0.338765 0.006937
v 0.034151 0.338765 -0.000000
v 0.033569 0.338765 -0.006937
v 0.031823 0.338765 -0.013583
v 0.028912 0.338765 -0.019647
v 0.029753 0.339675 0.020218
v 0.032749 0.339675 0.013978
v 0.034546 0.339675 0.007139
v 0.035145 0.339675 -0.000000
v 0.034546 0.339675 -0.007139
v 0.032749 0.339675 -0.013978
v 0.029753 0.339675 -0.020218
v 0.031109 0.340858 0.021140
v 0.034241 0.340858 0.014615
v 0.036120 0.340858 0.007464
v 0.036746 0.340858 -0.000000
v 0.036120 0.340858 -0.007464
v 0.034241 0.340858 -0.014615
v 0.031109 0.340858 -0.021140
v 0.033056 0.342361 0.022462
v 0.036383 0.342361 0.015529
v 0.038380 0.342361 0.007931
v 0.039045 0.342361 -0.000000
v 0.038380 0.342361 -0.007931
v 0.036383 0.342361 -0.015529
v 0.033056 0.342361 -0.022462
v 0.027431 0.335739 -0.040368
v 0.018965 0.335739 -0.044432
v 0.009686 0.335739 -0.046870
v 0.000000 0.335739 -0.047683
v -0.009685 0.335739 -0.046870
v -0.018965 0.335739 -0.044432
v -0.027431 0.335739 -0.040368
v 0.025425 0.335921 -0.037415
v 0.017578 0.335921 -0.041182
v 0.008977 0.335921 -0.043442
v 0.000000 0.335921 -0.044195
v -0.008977 0.335921 -0.043442
v -0.017578 0.335921 -0.041182
v -0.025425 0.335921 -0.037415
v 0.023808 0.336082 -0.035036
v 0.016460 0.336082 -0.038563
v 0.008406 0.336082 -0.040679
v 0.000000 0.336082 -0.041385
v -0.008406 0.336082 -0.040679
v -0.016460 0.336082 -0.038563
v -0.023808 0.336082 -0.035036
v 0.022531 0.336233 -0.033156
v 0.015577 0.336233 -0.036494
v 0.007955 0.336233 -0.038497
v 0.000000 0.336233 -0.039164
v -0.007955 0.336233 -0.038497
v -0.015577 0.336233 -0.036494
v -0.022531 0.336233 -0.033156
v 0.021543 0.336384 -0.031703
v 0.014894 0.336384 -0.034894
v 0.007607 0.336384 -0.036809
v 0.000000 0.336384 -0.037447
v -0.007606 0.336384 -0.036809
v -0.014894 0.336384 -0.034894
v -0.021543 0.336384 -0.031703
v 0.020795 0.336547 -0.030602
v 0.014377 0.336547 -0.033683
v 0.007343 0.336547 -0.035532
v 0.000000 0.336547 -0.036148
v -0.007342 0.336547 -0.035532
v -0.014377 0.336547 -0.033683
v -0.020795 0.336547 -0.030602
v 0.020238 0.336733 -0.029782
v 0.013992 0.336733 -0.032780
v 0.007146 0.336733 -0.034579
v 0.000000 0.336733 -0.035179
v -0.007146 0.336733 -0.034579
v -0.013992 0.336733 -0.032780
v -0.020238 0.336733 -0.029782
v 0.040368 0.335739 0.027431
v 0.044432 0.335739 0.018965
v 0.046870 0.335739 0.009685
v 0.047683 0.335739 -0.000000
v 0.046870 0.335739 -0.009686
v 0.044432 0.335739 -0.018965
v 0.040368 0.335739 -0.027431
v 0.037415 0.335921 0.025425
v 0.041182 0.335921 0.017578
v 0.043442 0.335921 0.008977
v 0.044195 0.335921 -0.000000
v 0.043442 0.335921 -0.008977
v 0.041182 0.335921 -0.017578
v 0.037415 0.335921 -0.025425
v 0.035036 0.336082 0.023808
v 0.038563 0.336082 0.016460
v 0.040679 0.336082 0.008406
v 0.041385 0.336082 -0.000000
v 0.040679 0.336082 -0.008406
v 0.038563 0.336082 -0.016460
v 0.035036 0.336082 -0.023808
v 0.033156 0.336233 0.022531
v 0.036494 0.336233 0.015577
v 0.038497 0.336233 0.007955
v 0.039164 0.336233 -0.000000
v 0.038497 0.336233 -0.007955
v 0.036494 0.336233 -0.015577
v 0.033156 0.336233 -0.022531
v 0.031703 0.336384 0.021543
v 0.034894 0.336384 0.014894
v 0.036809 0.336384 0.007606
v 0.037447 0.336384 -0.000000
v 0.036809 0.336384 -0.007607
v 0.034894 0.336384 -0.014894
v 0.031703 0.336384 -0.021543
v 0.030602 0.336547 0.020795
v 0.033683 0.336547 0.014377
v 0.035532 0.336547 0.007342
v 0.036148 0.336547 -0.000000
v 0.035532 0.336547 -0.007343
v 0.033683 0.336547 -0.014377
v 0.030602 0.336547 -0.020795
v 0.029782 0.336733 0.020238
v 0.032780 0.336733 0.013992
v 0.034579 0.336733 0.007146
v 0.035179 0.336733 -0.000000
v 0.034579 0.336733 -0.007146
v 0.032780 0.336733 -0.013992
v 0.029782 0.336733 -0.020238
v -0.040368 0.335739 -0.027431
v -0.044431 0.335739 -0.018965
v -0.046870 0.335739 -0.009686
v -0.047683 0.335739 -0.000000
v -0.046870 0.335739 0.009686
v -0.044431 0.335739 0.018965
v -0.040368 0.335739 0.027431
v -0.037415 0.335921 -0.025425
v -0.041182 0.335921 -0.017578
v -0.043442 0.335921 -0.008977
v -0.044195 0.335921 -0.000000
v -0.043442 0.335921 0.008977
v -0.041182 0.335921 0.017578
v -0.037415 0.335921 0.025425
v -0.035036 0.336082 -0.023808
v -0.038563 0.336082 -0.016460
v -0.040679 0.336082 -0.008406
v -0.041385 0.336082 -0.000000
v -0.040679 0.336082 0.008406
v -0.038563 0.336082 0.016460
v -0.035036 0.336082 0.023808
v -0.033156 0.336233 -0.022531
v -0.036494 0.336233 -0.015577
v -0.038497 0.336233 -0.007955
v -0.039164 0.336233 -0.000000
v -0.038497 0.336233 0.007955
v -0.036494 0.336233 0.015577
v -0.033156 0.336233 0.022531
v -0.031703 0.336384 -0.021543
v -0.034894 0.336384 -0.014894
v -0.036809 0.336384 -0.007607
v -0.037447 0.336384 -0.000000
v -0.036809 0.336384 0.007606
v -0.034894 0.336384 0.014894
v -0.031703 0.336384 0.021543
v -0.030602 0.336547 -0.020795
v -0.033683 0.336547 -0.014377
v -0.035531 0.336547 -0.007343
v -0.036148 0.336547 -0.000000
v -0.035531 0.336547 0.007342
v -0.033683 0.336547 0.014377
v -0.030602 0.336547 0.020795
v -0.029782 0.336733 -0.020238
v -0.032780 0.336733 -0.013992
v -0.034579 0.336733 -0.007146
v -0.035179 0.336733 -0.000000
v -0.034579 0.336733 0.007146
v -0.032780 0.336733 0.013992
v -0.029782 0.336733 0.020238
v 0.064958 0.495793 0.044143
v 0.071496 0.495794 0.030519
v 0.075418 0.495796 0.015587
v 0.076725 0.495796 -0.000000
v 0.075418 0.495796 -0.015587
v 0.071496 0.495794 -0.030519
v 0.064958 0.495793 -0.044143
v 0.060672 0.501316 0.041245
v 0.066764 0.501325 0.028518
v 0.070416 0.501334 0.014566
v 0.071631 0.501337 -0.000000
v 0.070416 0.501334 -0.014566
v 0.066764 0.501325 -0.028518
v 0.060672 0.501316 -0.041245
v 0.055974 0.506328 0.038093
v 0.061556 0.506357 0.026347
v 0.064892 0.506386 0.013459
v 0.066000 0.506399 -0.000000
v 0.064892 0.506386 -0.013459
v 0.061556 0.506357 -0.026347
v 0.055974 0.506328 -0.038093
v 0.050966 0.510772 0.034768
v 0.055973 0.510841 0.024063
v 0.058945 0.510909 0.012297
v 0.059926 0.510940 -0.000000
v 0.058945 0.510909 -0.012297
v 0.055973 0.510841 -0.024063
v 0.050966 0.510772 -0.034768
v 0.045751 0.514600 0.031373
v 0.050101 0.514736 0.021745
v 0.052654 0.514869 0.011122
v 0.053487 0.514928 -0.000000
v 0.052654 0.514869 -0.011122
v 0.050101 0.514736 -0.021745
v 0.045751 0.514600 -0.031373
v 0.040426 0.517791 0.028091
v 0.043977 0.518042 0.019546
v 0.046037 0.518269 0.010019
v 0.046707 0.518366 -0.000000
v 0.046037 0.518269 -0.010019
v 0.043977 0.518042 -0.019546
v 0.040426 0.517791 -0.028091
v 0.035054 0.520338 0.025198
v 0.037597 0.520771 0.017663
v 0.039093 0.521123 0.009088
v 0.039591 0.521263 -0.000000
v 0.039093 0.521123 -0.009088
v 0.037597 0.520771 -0.017663
v 0.035054 0.520338 -0.025198
v -0.028714 0.337224 -0.019512
v -0.031604 0.337224 -0.013490
v -0.033339 0.337224 -0.006889
v -0.033917 0.337224 -0.000000
v -0.033339 0.337224 0.006889
v -0.031604 0.337224 0.013490
v -0.028714 0.337224 0.019512
v -0.028468 0.337586 -0.019345
v -0.031334 0.337586 -0.013374
v -0.033054 0.337586 -0.006831
v -0.033627 0.337586 -0.000000
v -0.033054 0.337586 0.006830
v -0.031334 0.337586 0.013374
v -0.028468 0.337586 0.019345
v -0.028509 0.338084 -0.019373
v -0.031379 0.338084 -0.013394
v -0.033101 0.338084 -0.006840
v -0.033675 0.338084 -0.000000
v -0.033101 0.338084 0.006840
v -0.031379 0.338084 0.013394
v -0.028509 0.338084 0.019373
v -0.028912 0.338765 -0.019647
v -0.031823 0.338765 -0.013583
v -0.033569 0.338765 -0.006937
v -0.034151 0.338765 -0.000000
v -0.033569 0.338765 0.006937
v -0.031823 0.338765 0.013583
v -0.028912 0.338765 0.019647
v -0.029753 0.339675 -0.020218
v -0.032749 0.339675 -0.013978
v -0.034546 0.339675 -0.007139
v -0.035145 0.339675 -0.000000
v -0.034546 0.339675 0.007139
v -0.032749 0.339675 0.013978
v -0.029753 0.339675 0.020218
v -0.031109 0.340858 -0.021140
v -0.034241 0.340858 -0.014615
v -0.036120 0.340858 -0.007464
v -0.036746 0.340858 -0.000000
v -0.036120 0.340858 0.007464
v -0.034241 0.340858 0.014615
v -0.031109 0.340858 0.021140
v -0.033055 0.342361 -0.022462
v -0.036383 0.342361 -0.015529
v -0.038380 0.342361 -0.007931
v -0.039045 0.342361 -0.000000
v -0.038380 0.342361 0.007931
v -0.036383 0.342361 0.015529
v -0.033055 0.342361 0.022462
v -0.019512 0.337224 0.028714
v -0.013490 0.337224 0.031604
v -0.006889 0.337224 0.033339
v 0.000000 0.337224 0.033917
v 0.006889 0.337224 0.033339
v 0.013490 0.337224 0.031604
v 0.019512 0.337224 0.028714
v -0.019345 0.337586 0.028468
v -0.013374 0.337586 0.031334
v -0.006830 0.337586 0.033054
v 0.000000 0.337586 0.033627
v 0.006831 0.337586 0.033054
v 0.013374 0.337586 0.031334
v 0.019345 0.337586 0.028468
v -0.019373 0.338084 0.028509
v -0.013394 0.338084 0.031379
v -0.006840 0.338084 0.033101
v 0.000000 0.338084 0.033675
v 0.006840 0.338084 0.033101
v 0.013394 0.338084 0.031379
v 0.019373 0.338084 0.028509
v -0.019647 0.338765 0.028912
v -0.013583 0.338765 0.031823
v -0.006937 0.338765 0.033569
v 0.000000 0.338765 0.034151
v 0.006937 0.338765 0.033569
v 0.013583 0.338765 0.031823
v 0.019647 0.338765 0.028912
v -0.020218 0.339675 0.029753
v -0.013978 0.339675 0.032749
v -0.007139 0.339675 0.034546
v 0.000000 0.339675 0.035145
v 0.007139 0.339675 0.034546
v 0.013978 0.339675 0.032749
v 0.020218 0.339675 0.029753
v -0.021140 0.340858 0.031109
v -0.014615 0.340858 0.034241
v -0.007464 0.340858 0.036120
v 0.000000 0.340858 0.036746
v 0.007464 0.340858 0.036120
v 0.014615 0.340858 0.034241
v 0.021140 0.340858 0.031109
v -0.022462 0.342361 0.033056
v -0.015529 0.342361 0.036383
v -0.007931 0.342361 0.038380
v 0.000000 0.342361 0.039045
v 0.007931 0.342361 0.038380
v 0.015529 0.342361 0.036383
v 0.022462 0.342361 0.033056
v 0.019512 0.337224 -0.028714
v 0.013490 0.337224 -0.031604
v 0.006889 0.337224 -0.033339
v 0.000000 0.337224 -0.033917
v -0.006889 0.337224 -0.033339
v -0.013490 0.337224 -0.031604
v -0.019512 0.337224 -0.028714
v 0.019345 0.337586 -0.028468
v 0.013374 0.337586 -0.031334
v 0.006831 0.337586 -0.033054
v 0.000000 0.337586 -0.033627
v -0.006830 0.337586 -0.033054
v -0.013374 0.337586 -0.031334
v -0.019345 0.337586 -0.028468
v 0.019373 0.338084 -0.028509
v 0.013394 0.338084 -0.031379
v 0.006840 0.338084 -0.033101
v 0.000000 0.338084 -0.033675
v -0.006840 0.338084 -0.033101
v -0.013394 0.338084 -0.031379
v -0.019373 0.338084 -0.028509
v 0.019647 0.338765 -0.028912
v 0.013583 0.338765 -0.031823
v 0.006937 0.338765 -0.033569
v 0.000000 0.338765 -0.034151
v -0.006937 0.338765 -0.033569
v -0.013583 0.338765 -0.031823
v -0.019647 0.338765 -0.028912
v 0.020218 0.339675 -0.029753
v 0.013978 0.339675 -0.032749
v 0.007139 0.339675 -0.034546
v 0.000000 0.339675 -0.035145
v -0.007139 0.339675 -0.034546
v -0.013978 0.339675 -0.032749
v -0.020218 0.339675 -0.029753
v 0.021140 0.340858 -0.031109
v 0.014615 0.340858 -0.034241
v 0.007464 0.340858 -0.036120
v 0.000000 0.340858 -0.036746
v -0.007464 0.340858 -0.036120
v -0.014615 0.340858 -0.034241
v -0.021140 0.340858 -0.031109
v 0.022462 0.342361 -0.033056
v 0.015529 0.342361 -0.036383
v 0.007931 0.342361 -0.038380
v 0.000000 0.342361 -0.039045
v -0.007931 0.342361 -0.038380
v -0.015529 0.342361 -0.036383
v -0.022462 0.342361 -0.033056
v 0.023131 0.523646 -0.023131
v 0.015971 0.524631 -0.023669
v 0.008155 0.525254 -0.024181
v 0.000000 0.525473 -0.024392
v -0.008155 0.525254 -0.024181
v -0.015971 0.524631 -0.023669
v -0.023131 0.523646 -0.023131
v 0.023669 0.524631 -0.015971
v 0.016061 0.525822 -0.016061
v 0.008119 0.526547 -0.016280
v 0.000000 0.526792 -0.016396
v -0.008119 0.526547 -0.016280
v -0.016061 0.525822 -0.016061
v -0.023669 0.524631 -0.015971
v 0.024181 0.525254 -0.008155
v 0.016280 0.526547 -0.008119
v 0.008188 0.527326 -0.008188
v 0.000000 0.527586 -0.008238
v -0.008188 0.527326 -0.008188
v -0.016280 0.526547 -0.008119
v -0.024181 0.525254 -0.008155
v 0.024392 0.525472 -0.000000
v 0.016396 0.526792 -0.000000
v 0.008238 0.527586 -0.000000
v 0.000000 0.527852 -0.000000
v -0.008238 0.527586 -0.000000
v -0.016395 0.526792 -0.000000
v -0.024392 0.525473 -0.000000
v 0.024181 0.525254 0.008155
v 0.016280 0.526547 0.008119
v 0.008188 0.527326 0.008188
v 0.000000 0.527586 0.008238
v -0.008188 0.527326 0.008188
v -0.016280 0.526547 0.008119
v -0.024181 0.525254 0.008155
v 0.023669 0.524631 0.015971
v 0.016061 0.525822 0.016061
v 0.008119 0.526547 0.016280
v 0.000000 0.526792 0.016395
v -0.008119 0.526547 0.016280
v -0.016061 0.525822 0.016061
v -0.023669 0.524631 0.015971
v 0.023131 0.523646 0.023131
v 0.015971 0.524631 0.023669
v 0.008155 0.525254 0.024181
v 0.000000 0.525473 0.024392
v -0.008155 0.525254 0.024181
v -0.015971 0.524631 0.023669
v -0.023131 0.523645 0.023131
v -0.064958 0.495793 -0.044143
v -0.071496 0.495794 -0.030519
v -0.075418 0.495796 -0.015587
v -0.076725 0.495796 -0.000000
v -0.075418 0.495796 0.015587
v -0.071496 0.495794 0.030519
v -0.064958 0.495793 0.044143
v -0.060672 0.501316 -0.041245
v -0.066764 0.501325 -0.028518
v -0.070415 0.501334 -0.014566
v -0.071631 0.501337 -0.000000
v -0.070415 0.501334 0.014566
v -0.066764 0.501325 0.028518
v -0.060672 0.501316 0.041245
v -0.055974 0.506328 -0.038093
v -0.061556 0.506357 -0.026347
v -0.064892 0.506386 -0.013459
v -0.066000 0.506399 -0.000000
v -0.064892 0.506386 0.013459
v -0.061556 0.506357 0.026347
v -0.055974 0.506328 0.038093
v -0.050966 0.510772 -0.034768
v -0.055973 0.510841 -0.024063
v -0.058945 0.510909 -0.012297
v -0.059925 0.510940 -0.000000
v -0.058945 0.510909 0.012297
v -0.055973 0.510841 0.024063
v -0.050966 0.510772 0.034768
v -0.045750 0.514600 -0.031373
v -0.050101 0.514736 -0.021745
v -0.052654 0.514869 -0.011122
v -0.053487 0.514928 -0.000000
v -0.052654 0.514869 0.011122
v -0.050101 0.514736 0.021745
v -0.045750 0.514600 0.031373
v -0.040426 0.517791 -0.028091
v -0.043977 0.518042 -0.019546
v -0.046037 0.518269 -0.010019
v -0.046707 0.518366 -0.000000
v -0.046037 0.518269 0.010019
v -0.043977 0.518042 0.019546
v -0.040426 0.517791 0.028091
v -0.035054 0.520338 -0.025198
v -0.037597 0.520771 -0.017663
v -0.039092 0.521123 -0.009088
v -0.039591 0.521263 -0.000000
v -0.039092 0.521123 0.009088
v -0.037597 0.520771 0.017663
v -0.035054 0.520338 0.025198
v -0.044143 0.495793 0.064958
v -0.030519 0.495795 0.071496
v -0.015587 0.495796 0.075418
v 0.000000 0.495796 0.076725
v 0.015587 0.495796 0.075418
v 0.030519 0.495794 0.071496
v 0.044143 0.495793 0.064958
v -0.041245 0.501316 0.060672
v -0.028518 0.501325 0.066764
v -0.014566 0.501334 0.070416
v 0.000000 0.501337 0.071631
v 0.014566 0.501334 0.070416
v 0.028518 0.501325 0.066764
v 0.041245 0.501316 0.060672
v -0.038093 0.506328 0.055974
v -0.026347 0.506357 0.061556
v -0.013459 0.506386 0.064892
v 0.000000 0.506399 0.066000
v 0.013459 0.506386 0.064892
v 0.026347 0.506357 0.061556
v 0.038093 0.506328 0.055974
v -0.034768 0.510772 0.050966
v -0.024063 0.510841 0.055973
v -0.012297 0.510909 0.058945
v 0.000000 0.510940 0.059926
v 0.012297 0.510909 0.058945
v 0.024063 0.510841 0.055973
v 0.034768 0.510772 0.050966
v -0.031373 0.514600 0.045750
v -0.021745 0.514736 0.050101
v -0.011122 0.514869 0.052654
v 0.000000 0.514928 0.053487
v 0.011122 0.514869 0.052654
v 0.021745 0.514736 0.050101
v 0.031373 0.514600 0.045750
v -0.028091 0.517791 0.040426
v -0.019546 0.518042 0.043977
v -0.010019 0.518269 0.046037
v 0.000000 0.518366 0.046707
v 0.010019 0.518269 0.046037
v 0.019546 0.518042 0.043977
v 0.028091 0.517791 0.040426
v -0.025198 0.520338 0.035054
v -0.017663 0.520771 0.037597
v -0.009088 0.521123 0.039092
v 0.000000 0.521263 0.039591
v 0.009088 0.521123 0.039092
v 0.017663 0.520771 0.037597
v 0.025198 0.520338 0.035054
v 0.044143 0.495793 -0.064958
v 0.030519 0.495794 -0.071496
v 0.015587 0.495796 -0.075418
v 0.000000 0.495796 -0.076725
v -0.015587 0.495796 -0.075418
v -0.030519 0.495794 -0.071496
v -0.044143 0.495793 -0.064958
v 0.041245 0.501316 -0.060672
v 0.028518 0.501325 -0.066764
v 0.014566 0.501334 -0.070416
v 0.000000 0.501337 -0.071631
v -0.014566 0.501334 -0.070416
v -0.028518 0.501325 -0.066764
v -0.041245 0.501316 -0.060672
v 0.038093 0.506328 -0.055974
v 0.026347 0.506357 -0.061556
v 0.013459 0.506386 -0.064892
v 0.000000 0.506399 -0.066000
v -0.013459 0.506386 -0.064892
v -0.026347 0.506357 -0.061556
v -0.038093 0.506328 -0.055974
v 0.034768 0.510772 -0.050966
v 0.024063 0.510841 -0.055973
v 0.012297 0.510909 -0.058945
v 0.000000 0.510940 -0.059926
v -0.012297 0.510909 -0.058945
v -0.024063 0.510841 -0.055973
v -0.034768 0.510772 -0.050966
v 0.031373 0.514600 -0.045750
v 0.021745 0.514736 -0.050101
v 0.011122 0.514869 -0.052654
v 0.000000 0.514928 -0.053487
v -0.011122 0.514869 -0.052654
v -0.021745 0.514736 -0.050101
v -0.031373 0.514600 -0.045750
v 0.028091 0.517791 -0.040426
v 0.019546 0.518042 -0.043977
v 0.010019 0.518269 -0.046037
v 0.000000 0.518366 -0.046707
v -0.010019 0.518269 -0.046037
v -0.019546 0.518042 -0.043977
v -0.028091 0.517791 -0.040426
v 0.025198 0.520338 -0.035054
v 0.017663 0.520771 -0.037597
v 0.009088 0.521123 -0.039093
v 0.000000 0.521263 -0.039591
v -0.009088 0.521123 -0.039093
v -0.017663 0.520771 -0.037597
v -0.025198 0.520338 -0.035054
v 0.048867 0.380955 -0.071913
v 0.033785 0.380955 -0.079152
v 0.017254 0.380955 -0.083496
v 0.000000 0.380955 -0.084944
v -0.017254 0.380955 -0.083496
v -0.033784 0.380955 -0.079152
v -0.048867 0.380955 -0.071913
v 0.050641 0.387392 -0.074524
v 0.035011 0.387392 -0.082027
v 0.017881 0.387392 -0.086528
v 0.000000 0.387392 -0.088029
v -0.017881 0.387392 -0.086528
v -0.035011 0.387392 -0.082027
v -0.050641 0.387392 -0.074524
v 0.052059 0.394211 -0.076610
v 0.035991 0.394211 -0.084323
v 0.018381 0.394211 -0.088950
v 0.000000 0.394211 -0.090493
v -0.018381 0.394211 -0.088950
v -0.035991 0.394211 -0.084323
v -0.052059 0.394211 -0.076610
v 0.053150 0.401347 -0.078216
v 0.036746 0.401347 -0.086090
v 0.018767 0.401347 -0.090814
v 0.000000 0.401347 -0.092389
v -0.018766 0.401347 -0.090814
v -0.036746 0.401347 -0.086090
v -0.053150 0.401347 -0.078216
v 0.053945 0.408739 -0.079386
v 0.037296 0.408739 -0.087378
v 0.019047 0.408739 -0.092173
v 0.000000 0.408739 -0.093772
v -0.019047 0.408739 -0.092173
v -0.037295 0.408739 -0.087378
v -0.053945 0.408739 -0.079386
v 0.054475 0.416321 -0.080166
v 0.037662 0.416321 -0.088237
v 0.019235 0.416321 -0.093079
v 0.000000 0.416321 -0.094693
v -0.019234 0.416321 -0.093079
v -0.037662 0.416321 -0.088237
v -0.054475 0.416321 -0.080166
v 0.054771 0.424030 -0.080601
v 0.037866 0.424030 -0.088716
v 0.019339 0.424030 -0.093584
v 0.000000 0.424030 -0.095207
v -0.019339 0.424030 -0.093584
v -0.037866 0.424030 -0.088716
v -0.054771 0.424030 -0.080601
v -0.048867 0.380955 0.071913
v -0.033784 0.380955 0.079152
v -0.017254 0.380955 0.083496
v 0.000000 0.380955 0.084944
v 0.017254 0.380955 0.083496
v 0.033785 0.380955 0.079152
v 0.048867 0.380955 0.071913
v -0.050641 0.387392 0.074524
v -0.035011 0.387392 0.082027
v -0.017881 0.387392 0.086528
v 0.000000 0.387392 0.088029
v 0.017881 0.387392 0.086528
v 0.035011 0.387392 0.082027
v 0.050641 0.387392 0.074524
v -0.052059 0.394211 0.076610
v -0.035991 0.394211 0.084323
v -0.018381 0.394211 0.088950
v 0.000000 0.394211 0.090492
v 0.018381 0.394211 0.088950
v 0.035991 0.394211 0.084323
v 0.052059 0.394211 0.076610
v -0.053150 0.401347 0.078216
v -0.036746 0.401347 0.086090
v -0.018766 0.401347 0.090814
v 0.000000 0.401347 0.092389
v 0.018767 0.401347 0.090814
v 0.036746 0.401347 0.086090
v 0.053150 0.401347 0.078216
v -0.053945 0.408739 0.079386
v -0.037295 0.408739 0.087378
v -0.019047 0.408739 0.092173
v 0.000000 0.408739 0.093772
v 0.019047 0.408739 0.092173
v 0.037296 0.408739 0.087378
v 0.053945 0.408739 0.079386
v -0.054475 0.416321 0.080166
v -0.037662 0.416321 0.088237
v -0.019234 0.416321 0.093079
v 0.000000 0.416321 0.094693
v 0.019235 0.416321 0.093079
v 0.037662 0.416321 0.088237
v 0.054475 0.416321 0.080166
v -0.054771 0.424030 0.080601
v -0.037866 0.424030 0.088716
v -0.019339 0.424030 0.093584
v 0.000000 0.424030 0.095207
v 0.019339 0.424030 0.093584
v 0.037866 0.424030 0.088716
v 0.054771 0.424030 0.080601
v -0.071913 0.380955 -0.048867
v -0.079152 0.380955 -0.033785
v -0.083496 0.380955 -0.017254
v -0.084944 0.380955 -0.000000
v -0.083496 0.380955 0.017254
v -0.079152 0.380955 0.033785
v -0.071913 0.380955 0.048867
v -0.074524 0.387392 -0.050641
v -0.082027 0.387392 -0.035011
v -0.086528 0.387392 -0.017881
v -0.088028 0.387392 -0.000000
v -0.086528 0.387392 0.017881
v -0.082027 0.387392 0.035011
v -0.074524 0.387392 0.050641
v -0.076610 0.394211 -0.052059
v -0.084323 0.394211 -0.035991
v -0.088950 0.394211 -0.018381
v -0.090492 0.394211 -0.000000
v -0.088950 0.394211 0.018381
v -0.084323 0.394211 0.035991
v -0.076610 0.394211 0.052059
v -0.078216 0.401347 -0.053150
v -0.086090 0.401347 -0.036746
v -0.090814 0.401347 -0.018767
v -0.092389 0.401347 -0.000000
v -0.090814 0.401347 0.018767
v -0.086090 0.401347 0.036746
v -0.078216 0.401347 0.053150
v -0.079386 0.408739 -0.053945
v -0.087378 0.408739 -0.037296
v -0.092173 0.408739 -0.019047
v -0.093772 0.408739 -0.000000
v -0.092173 0.408739 0.019047
v -0.087378 0.408739 0.037295
v -0.079386 0.408739 0.053945
v -0.080166 0.416321 -0.054475
v -0.088237 0.416321 -0.037662
v -0.093079 0.416321 -0.019235
v -0.094693 0.416321 -0.000000
v -0.093079 0.416321 0.019235
v -0.088237 0.416321 0.037662
v -0.080166 0.416321 0.054475
v -0.080601 0.424030 -0.054771
v -0.088716 0.424030 -0.037866
v -0.093584 0.424030 -0.019339
v -0.095207 0.424030 -0.000000
v -0.093584 0.424030 0.019339
v -0.088716 0.424030 0.037866
v -0.080601 0.424030 0.054771
v 0.071913 0.380955 0.048867
v 0.079152 0.380955 0.033785
v 0.083496 0.380955 0.017254
v 0.084944 0.380955 -0.000000
v 0.083496 0.380955 -0.017254
v 0.079152 0.380955 -0.033785
v 0.071913 0.380955 -0.048867
v 0.074524 0.387392 0.050641
v 0.082027 0.387392 0.035011
v 0.086528 0.387392 0.017881
v 0.088029 0.387392 -0.000000
v 0.086528 0.387392 -0.017881
v 0.082027 0.387392 -0.035011
v 0.074524 0.387392 -0.050641
v 0.076610 0.394211 0.052059
v 0.084323 0.394211 0.035991
v 0.088950 0.394211 0.018381
v 0.090493 0.394211 -0.000000
v 0.088950 0.394211 -0.018381
v 0.084323 0.394211 -0.035991
v 0.076610 0.394211 -0.052059
v 0.078216 0.401347 0.053150
v 0.086090 0.401347 0.036746
v 0.090814 0.401347 0.018767
v 0.092389 0.401347 -0.000000
v 0.090814 0.401347 -0.018767
v 0.086090 0.401347 -0.036746
v 0.078216 0.401347 -0.053150
v 0.079386 0.408739 0.053945
v 0.087378 0.408739 0.037295
v 0.092173 0.408739 0.019047
v 0.093772 0.408739 -0.000000
v 0.092173 0.408739 -0.019047
v 0.087378 0.408739 -0.037296
v 0.079386 0.408739 -0.053945
v 0.080166 0.416321 0.054475
v 0.088237 0.416321 0.037662
v 0.093079 0.416321 0.019235
v 0.094693 0.416321 -0.000000
v 0.093079 0.416321 -0.019235
v 0.088237 0.416321 -0.037662
v 0.080166 0.416321 -0.054475
v 0.080601 0.424030 0.054771
v 0.088716 0.424030 0.037866
v 0.093584 0.424030 0.019339
v 0.095207 0.424030 -0.000000
v 0.093584 0.424030 -0.019339
v 0.088716 0.424030 -0.037866
v 0.080601 0.424030 -0.054771
v 0.054771 0.439578 -0.080601
v 0.037866 0.439578 -0.088716
v 0.019339 0.439578 -0.093584
v 0.000000 0.439578 -0.095207
v -0.019339 0.439578 -0.093584
v -0.037866 0.439578 -0.088716
v -0.054771 0.439578 -0.080601
v 0.054475 0.447304 -0.080166
v 0.037662 0.447304 -0.088237
v 0.019235 0.447304 -0.093079
v 0.000000 0.447304 -0.094693
v -0.019234 0.447304 -0.093079
v -0.037662 0.447304 -0.088237
v -0.054475 0.447304 -0.080166
v 0.053945 0.454930 -0.079386
v 0.037296 0.454930 -0.087378
v 0.019047 0.454930 -0.092173
v 0.000000 0.454930 -0.093772
v -0.019047 0.454930 -0.092173
v -0.037295 0.454930 -0.087378
v -0.053945 0.454930 -0.079386
v 0.053150 0.462405 -0.078216
v 0.036746 0.462406 -0.086090
v 0.018767 0.462406 -0.090814
v 0.000000 0.462406 -0.092389
v -0.018766 0.462406 -0.090814
v -0.036746 0.462406 -0.086090
v -0.053150 0.462405 -0.078216
v 0.052059 0.469682 -0.076610
v 0.035991 0.469682 -0.084323
v 0.018381 0.469682 -0.088950
v 0.000000 0.469682 -0.090493
v -0.018381 0.469682 -0.088950
v -0.035991 0.469682 -0.084323
v -0.052059 0.469682 -0.076610
v 0.050641 0.476709 -0.074524
v 0.035011 0.476709 -0.082027
v 0.017881 0.476709 -0.086528
v 0.000000 0.476709 -0.088029
v -0.017881 0.476709 -0.086528
v -0.035011 0.476709 -0.082027
v -0.050641 0.476709 -0.074524
v 0.048867 0.483437 -0.071913
v 0.033785 0.483437 -0.079152
v 0.017254 0.483437 -0.083496
v 0.000000 0.483437 -0.084944
v -0.017254 0.483437 -0.083496
v -0.033784 0.483437 -0.079152
v -0.048867 0.483437 -0.071913
v -0.054771 0.439578 0.080601
v -0.037866 0.439578 0.088716
v -0.019339 0.439578 0.093584
v 0.000000 0.439578 0.095207
v 0.019339 0.439578 0.093584
v 0.037866 0.439578 0.088716
v 0.054771 0.439578 0.080601
v -0.054475 0.447304 0.080166
v -0.037662 0.447304 0.088237
v -0.019234 0.447304 0.093079
v 0.000000 0.447304 0.094693
v 0.019235 0.447304 0.093079
v 0.037662 0.447304 0.088237
v 0.054475 0.447304 0.080166
v -0.053945 0.454929 0.079386
v -0.037295 0.454930 0.087378
v -0.019047 0.454930 0.092173
v 0.000000 0.454929 0.093772
v 0.019047 0.454930 0.092173
v 0.037296 0.454930 0.087378
v 0.053945 0.454930 0.079386
v -0.053150 0.462405 0.078216
v -0.036746 0.462405 0.086090
v -0.018766 0.462405 0.090814
v 0.000000 0.462406 0.092389
v 0.018767 0.462405 0.090814
v 0.036746 0.462405 0.086090
v 0.053150 0.462405 0.078216
v -0.052059 0.469682 0.076610
v -0.035991 0.469682 0.084323
v -0.018381 0.469682 0.088950
v 0.000000 0.469682 0.090492
v 0.018381 0.469682 0.088950
v 0.035991 0.469682 0.084323
v 0.052059 0.469682 0.076610
v -0.050641 0.476709 0.074524
v -0.035011 0.476709 0.082027
v -0.017881 0.476709 0.086528
v 0.000000 0.476709 0.088029
v 0.017881 0.476709 0.086528
v 0.035011 0.476709 0.082027
v 0.050641 0.476709 0.074524
v -0.048867 0.483437 0.071913
v -0.033784 0.483437 0.079152
v -0.017254 0.483437 0.083496
v 0.000000 0.483437 0.084944
v 0.017254 0.483437 0.083496
v 0.033785 0.483437 0.079152
v 0.048867 0.483437 0.071913
v -0.080601 0.439578 -0.054771
v -0.088716 0.439578 -0.037866
v -0.093584 0.439578 -0.019339
v -0.095207 0.439578 -0.000000
v -0.093584 0.439578 0.019339
v -0.088716 0.439578 0.037866
v -0.080601 0.439578 0.054771
v -0.080166 0.447304 -0.054475
v -0.088237 0.447304 -0.037662
v -0.093079 0.447304 -0.019235
v -0.094693 0.447304 -0.000000
v -0.093079 0.447304 0.019235
v -0.088237 0.447304 0.037662
v -0.080166 0.447304 0.054475
v -0.079386 0.454930 -0.053945
v -0.087378 0.454930 -0.037296
v -0.092173 0.454930 -0.019047
v -0.093772 0.454930 -0.000000
v -0.092173 0.454930 0.019047
v -0.087378 0.454930 0.037295
v -0.079386 0.454929 0.053945
v -0.078216 0.462405 -0.053150
v -0.086090 0.462405 -0.036746
v -0.090814 0.462405 -0.018767
v -0.092389 0.462405 -0.000000
v -0.090814 0.462405 0.018767
v -0.086090 0.462405 0.036746
v -0.078216 0.462405 0.053150
v -0.076610 0.469682 -0.052059
v -0.084322 0.469682 -0.035991
v -0.088950 0.469682 -0.018381
v -0.090492 0.469682 -0.000000
v -0.088950 0.469682 0.018381
v -0.084323 0.469682 0.035991
v -0.076610 0.469682 0.052059
v -0.074524 0.476709 -0.050641
v -0.082027 0.476709 -0.035011
v -0.086528 0.476709 -0.017881
v -0.088028 0.476709 -0.000000
v -0.086528 0.476709 0.017881
v -0.082027 0.476709 0.035011
v -0.074524 0.476709 0.050641
v -0.071913 0.483437 -0.048867
v -0.079152 0.483437 -0.033785
v -0.083496 0.483437 -0.017254
v -0.084944 0.483437 -0.000000
v -0.083496 0.483437 0.017254
v -0.079152 0.483437 0.033785
v -0.071913 0.483437 0.048867
v 0.080601 0.439578 0.054771
v 0.088716 0.439578 0.037866
v 0.093584 0.439578 0.019339
v 0.095207 0.439578 -0.000000
v 0.093584 0.439578 -0.019339
v 0.088716 0.439578 -0.037866
v 0.080601 0.439578 -0.054771
v 0.080166 0.447304 0.054475
v 0.088237 0.447304 0.037662
v 0.093079 0.447304 0.019235
v 0.094693 0.447304 -0.000000
v 0.093079 0.447304 -0.019235
v 0.088237 0.447304 -0.037662
v 0.080166 0.447304 -0.054475
v 0.079386 0.454930 0.053945
v 0.087378 0.454930 0.037295
v 0.092173 0.454930 0.019047
v 0.093772 0.454930 -0.000000
v 0.092173 0.454930 -0.019047
v 0.087378 0.454930 -0.037296
v 0.079386 0.454930 -0.053945
v 0.078216 0.462405 0.053150
v 0.086090 0.462406 0.036746
v 0.090814 0.462406 0.018767
v 0.092389 0.462406 -0.000000
v 0.090814 0.462406 -0.018767
v 0.086090 0.462406 -0.036746
v 0.078216 0.462405 -0.053150
v 0.076610 0.469682 0.052059
v 0.084323 0.469682 0.035991
v 0.088950 0.469682 0.018381
v 0.090493 0.469682 -0.000000
v 0.088950 0.469682 -0.018381
v 0.084323 0.469682 -0.035991
v 0.076610 0.469682 -0.052059
v 0.074524 0.476709 0.050641
v 0.082027 0.476709 0.035011
v 0.086528 0.476709 0.017881
v 0.088029 0.476709 -0.000000
v 0.086528 0.476709 -0.017881
v 0.082027 0.476709 -0.035011
v 0.074524 0.476709 -0.050641
v 0.071913 0.483437 0.048867
v 0.079152 0.483437 0.033785
v 0.083496 0.483437 0.017254
v 0.084944 0.483437 -0.000000
v 0.083496 0.483437 -0.017254
v 0.079152 0.483437 -0.033785
v 0.071913 0.483437 -0.048867
v 0.038984 0.346503 0.026491
v 0.042909 0.346503 0.018315
v 0.045263 0.346503 0.009354
v 0.046048 0.346503 -0.000000
v 0.045263 0.346503 -0.009354
v 0.042909 0.346503 -0.018315
v 0.038984 0.346503 -0.026491
v 0.042873 0.349201 0.029133
v 0.047189 0.349201 0.020141
v 0.049778 0.349201 0.010287
v 0.050641 0.349201 -0.000000
v 0.049778 0.349201 -0.010287
v 0.047189 0.349201 -0.020142
v 0.042873 0.349201 -0.029133
v 0.047165 0.352334 0.032050
v 0.051913 0.352334 0.022158
v 0.054761 0.352334 0.011316
v 0.055711 0.352334 -0.000000
v 0.054761 0.352334 -0.011316
v 0.051913 0.352334 -0.022158
v 0.047165 0.352334 -0.032050
v 0.051690 0.355915 0.035125
v 0.056894 0.355915 0.024284
v 0.060016 0.355915 0.012402
v 0.061057 0.355915 -0.000000
v 0.060016 0.355915 -0.012402
v 0.056894 0.355915 -0.024284
v 0.051690 0.355915 -0.035125
v 0.056279 0.359957 0.038243
v 0.061945 0.359957 0.026440
v 0.065344 0.359957 0.013503
v 0.066477 0.359957 -0.000000
v 0.065344 0.359957 -0.013503
v 0.061945 0.359957 -0.026440
v 0.056279 0.359957 -0.038243
v 0.060762 0.364470 0.041290
v 0.066879 0.364470 0.028546
v 0.070549 0.364470 0.014579
v 0.071773 0.364470 -0.000000
v 0.070549 0.364470 -0.014579
v 0.066879 0.364470 -0.028546
v 0.060762 0.364470 -0.041290
v 0.064970 0.369469 0.044149
v 0.071510 0.369469 0.030523
v 0.075434 0.369469 0.015588
v 0.076742 0.369469 -0.000000
v 0.075434 0.369469 -0.015588
v 0.071510 0.369469 -0.030523
v 0.064970 0.369469 -0.044149
v -0.038984 0.346503 -0.026491
v -0.042909 0.346503 -0.018315
v -0.045263 0.346503 -0.009354
v -0.046048 0.346503 -0.000000
v -0.045263 0.346503 0.009354
v -0.042909 0.346503 0.018315
v -0.038984 0.346503 0.026491
v -0.042873 0.349201 -0.029133
v -0.047189 0.349201 -0.020142
v -0.049778 0.349201 -0.010287
v -0.050641 0.349201 -0.000000
v -0.049778 0.349201 0.010287
v -0.047189 0.349201 0.020141
v -0.042873 0.349201 0.029133
v -0.047164 0.352334 -0.032050
v -0.051913 0.352334 -0.022158
v -0.054761 0.352334 -0.011316
v -0.055711 0.352334 -0.000000
v -0.054761 0.352334 0.011316
v -0.051913 0.352334 0.022158
v -0.047164 0.352334 0.032050
v -0.051690 0.355915 -0.035125
v -0.056894 0.355915 -0.024284
v -0.060016 0.355915 -0.012402
v -0.061056 0.355915 -0.000000
v -0.060016 0.355915 0.012402
v -0.056894 0.355915 0.024284
v -0.051690 0.355915 0.035125
v -0.056279 0.359957 -0.038243
v -0.061945 0.359957 -0.026440
v -0.065344 0.359957 -0.013503
v -0.066477 0.359957 -0.000000
v -0.065344 0.359957 0.013503
v -0.061945 0.359957 0.026440
v -0.056279 0.359957 0.038243
v -0.060762 0.364470 -0.041290
v -0.066879 0.364470 -0.028546
v -0.070549 0.364470 -0.014579
v -0.071773 0.364470 -0.000000
v -0.070549 0.364470 0.014579
v -0.066879 0.364470 0.028546
v -0.060762 0.364470 0.041290
v -0.064969 0.369469 -0.044149
v -0.071510 0.369469 -0.030523
v -0.075434 0.369469 -0.015588
v -0.076742 0.369469 -0.000000
v -0.075434 0.369469 0.015588
v -0.071510 0.369469 0.030523
v -0.064969 0.369469 0.044149
v -0.026491 0.346503 0.038984
v -0.018315 0.346503 0.042909
v -0.009354 0.346503 0.045263
v 0.000000 0.346503 0.046048
v 0.009354 0.346503 0.045263
v 0.018315 0.346503 0.042909
v 0.026491 0.346503 0.038984
v -0.029133 0.349201 0.042873
v -0.020141 0.349201 0.047189
v -0.010287 0.349201 0.049778
v 0.000000 0.349201 0.050641
v 0.010287 0.349201 0.049778
v 0.020142 0.349201 0.047189
v 0.029133 0.349201 0.042873
v -0.032050 0.352334 0.047164
v -0.022158 0.352334 0.051913
v -0.011316 0.352334 0.054761
v 0.000000 0.352334 0.055711
v 0.011316 0.352334 0.054761
v 0.022158 0.352334 0.051913
v 0.032050 0.352334 0.047164
v -0.035125 0.355915 0.051690
v -0.024284 0.355915 0.056894
v -0.012402 0.355915 0.060016
v 0.000000 0.355915 0.061057
v 0.012402 0.355915 0.060016
v 0.024284 0.355915 0.056894
v 0.035125 0.355915 0.051690
v -0.038243 0.359957 0.056279
v -0.026440 0.359957 0.061945
v -0.013503 0.359957 0.065344
v 0.000000 0.359957 0.066477
v 0.013503 0.359957 0.065344
v 0.026440 0.359957 0.061945
v 0.038243 0.359957 0.056279
v -0.041290 0.364470 0.060762
v -0.028546 0.364470 0.066879
v -0.014579 0.364470 0.070549
v 0.000000 0.364470 0.071773
v 0.014579 0.364470 0.070549
v 0.028546 0.364470 0.066879
v 0.041290 0.364470 0.060762
v -0.044149 0.369469 0.064969
v -0.030523 0.369469 0.071510
v -0.015588 0.369469 0.075434
v 0.000000 0.369469 0.076742
v 0.015588 0.369469 0.075434
v 0.030523 0.369469 0.071510
v 0.044149 0.369469 0.064969
v 0.026491 0.346503 -0.038984
v 0.018315 0.346503 -0.042909
v 0.009354 0.346503 -0.045263
v 0.000000 0.346503 -0.046048
v -0.009354 0.346503 -0.045263
v -0.018315 0.346503 -0.042909
v -0.026491 0.346503 -0.038984
v 0.029133 0.349201 -0.042873
v 0.020142 0.349201 -0.047189
v 0.010287 0.349201 -0.049778
v 0.000000 0.349201 -0.050641
v -0.010287 0.349201 -0.049778
v -0.020141 0.349201 -0.047189
v -0.029133 0.349201 -0.042873
v 0.032050 0.352334 -0.047164
v 0.022158 0.352334 -0.051913
v 0.011316 0.352334 -0.054761
v 0.000000 0.352334 -0.055711
v -0.011316 0.352334 -0.054761
v -0.022158 0.352334 -0.051913
v -0.032050 0.352334 -0.047164
v 0.035125 0.355915 -0.051690
v 0.024284 0.355915 -0.056894
v 0.012402 0.355915 -0.060016
v 0.000000 0.355915 -0.061057
v -0.012402 0.355915 -0.060016
v -0.024284 0.355915 -0.056894
v -0.035125 0.355915 -0.051690
v 0.038243 0.359957 -0.056279
v 0.026440 0.359957 -0.061945
v 0.013503 0.359957 -0.065344
v 0.000000 0.359957 -0.066477
v -0.013503 0.359957 -0.065344
v -0.026440 0.359957 -0.061945
v -0.038243 0.359957 -0.056279
v 0.041290 0.364470 -0.060762
v 0.028546 0.364470 -0.066879
v 0.014579 0.364470 -0.070549
v 0.000000 0.364470 -0.071773
v -0.014579 0.364470 -0.070549
v -0.028546 0.364470 -0.066879
v -0.041290 0.364470 -0.060762
v 0.044149 0.369469 -0.064969
v 0.030523 0.369469 -0.071510
v 0.015588 0.369469 -0.075434
v 0.000000 0.369469 -0.076742
v -0.015588 0.369469 -0.075434
v -0.030523 0.369469 -0.071510
v -0.044149 0.369469 -0.064969
vn -0.7070 -0.0205 0.7070
vn -0.4589 0.7608 0.4589
vn -0.7070 -0.0205 -0.7070
vn -0.4589 0.7608 -0.4589
vn 0.7070 -0.0205 0.7070
vn 0.4589 0.7608 0.4589
vn 0.7070 -0.0205 -0.7070
vn 0.4589 0.7608 -0.4589
vn -0.0191 -0.9996 -0.0191
vn -0.0191 -0.9996 0.0191
vn 0.0191 -0.9996 -0.0191
vn 0.0191 -0.9996 0.0191
vn -0.2737 -0.9221 0.2737
vn -0.2737 -0.9221 -0.2737
vn 0.2737 -0.9221 -0.2737
vn 0.2737 -0.9221 0.2737
vn -0.7061 0.0527 0.7061
vn -0.7061 0.0527 -0.7061
vn 0.7061 0.0527 -0.7061
vn 0.7061 0.0527 0.7061
vn -0.5637 0.6037 -0.5637
vn 0.5637 0.6037 -0.5637
vn 0.5637 0.6037 0.5637
vn -0.5637 0.6037 0.5637
vn -0.2860 0.9145 0.2860
vn -0.2860 0.9145 -0.2860
vn 0.2860 0.9145 -0.2860
vn 0.2860 0.9145 0.2860
vn -0.2238 0.9486 0.2238
vn -0.2238 0.9486 -0.2238
vn 0.2238 0.9486 -0.2238
vn 0.2238 0.9486 0.2238
vn -0.1551 -0.9757 0.1551
vn -0.1551 -0.9757 -0.1551
vn 0.1551 -0.9757 -0.1551
vn 0.1551 -0.9757 0.1551
vn -0.3489 0.8698 0.3489
vn -0.3489 0.8698 -0.3489
vn 0.3489 0.8698 -0.3489
vn 0.3489 0.8698 0.3489
vn -0.2988 0.9063 0.2988
vn -0.2988 0.9063 -0.2988
vn 0.2988 0.9063 -0.2988
vn 0.2988 0.9063 0.2988
vn -0.7069 0.0222 0.7069
vn -0.7069 0.0222 -0.7069
vn 0.7069 0.0222 -0.7069
vn 0.7069 0.0222 0.7069
vn 0.2513 -0.9347 -0.2513
vn 0.2513 -0.9347 0.2513
vn -0.2513 -0.9347 0.2513
vn -0.2513 -0.9347 -0.2513
vn 0.7070 0.0127 0.7071
vn -0.7070 0.0127 -0.7070
vn 0.7071 0.0127 -0.7070
vn -0.7070 0.0127 0.7070
vn 0.4839 0.7291 -0.4839
vn 0.4839 0.7291 0.4839
vn -0.4839 0.7291 0.4839
vn -0.4839 0.7291 -0.4839
vn 0.6881 0.2301 -0.6881
vn -0.6881 0.2301 0.6881
vn 0.6881 0.2301 0.6881
vn -0.6881 0.2301 -0.6881
vn -0.1930 -0.9620 0.1930
vn -0.1930 -0.9620 -0.1930
vn 0.1930 -0.9620 -0.1930
vn 0.1930 -0.9620 0.1930
vn -0.4008 -0.8238 0.4008
vn -0.4008 -0.8238 -0.4008
vn 0.4008 -0.8238 -0.4008
vn 0.4008 -0.8238 0.4008
vn -0.3511 0.8680 0.3511
vn -0.3511 0.8680 -0.3511
vn 0.3511 0.8680 -0.3511
vn 0.3511 0.8680 0.3511
vn -0.0356 0.9987 0.0356
vn -0.0356 0.9987 -0.0356
vn 0.0356 0.9987 -0.0356
vn 0.0356 0.9987 0.0356
vn -0.2526 0.9340 0.2526
vn -0.2526 0.9340 -0.2526
vn 0.2526 0.9340 -0.2526
vn 0.2527 0.9340 0.2526
vn -0.3528 -0.8666 0.3528
vn -0.3528 -0.8666 -0.3528
vn 0.3528 -0.8666 -0.3528
vn 0.3528 -0.8666 0.3528
vn -0.2210 0.9499 0.2210
vn -0.2210 0.9499 -0.2210
vn 0.2210 0.9499 -0.2210
vn 0.2210 0.9499 0.2210
vn 0.7071 -0.0000 -0.7071
vn 0.7071 -0.0000 0.7071
vn -0.7071 -0.0000 0.7071
vn -0.7071 -0.0000 -0.7071
vn 0.5848 0.5622 -0.5848
vn -0.5848 0.5622 0.5848
vn 0.5848 0.5622 0.5848
vn -0.5848 0.5622 -0.5848
vn 0.5711 -0.5897 0.5711
vn -0.5711 -0.5897 -0.5711
vn 0.5711 -0.5897 -0.5711
vn -0.5711 -0.5897 0.5711
vn -0.8489 -0.0204 -0.5282
vn -0.9384 -0.0200 -0.3450
vn -0.9853 -0.0198 -0.1695
vn -0.9998 -0.0197 -0.0000
vn -0.9853 -0.0198 0.1695
vn -0.9384 -0.0200 0.3450
vn -0.8489 -0.0204 0.5282
vn -0.6851 0.2474 0.6851
vn -0.6557 0.3742 0.6557
vn -0.6273 0.4616 0.6273
vn -0.6002 0.5287 0.6002
vn -0.5729 0.5861 0.5729
vn -0.5430 0.6406 0.5430
vn -0.5067 0.6975 0.5067
vn -0.5528 0.7591 0.3437
vn -0.6145 0.7559 0.2257
vn -0.6482 0.7533 0.1114
vn -0.6588 0.7523 -0.0000
vn -0.6482 0.7533 -0.1114
vn -0.6145 0.7559 -0.2257
vn -0.5528 0.7591 -0.3437
vn -0.6258 0.4655 -0.6258
vn -0.6651 0.3396 -0.6651
vn -0.6872 0.2357 -0.6872
vn -0.6987 0.1533 -0.6987
vn -0.7042 0.0901 -0.7042
vn -0.7064 0.0439 -0.7064
vn -0.7070 0.0145 -0.7070
vn 0.5282 -0.0204 -0.8489
vn 0.3450 -0.0200 -0.9384
vn 0.1695 -0.0198 -0.9853
vn -0.0000 -0.0197 -0.9998
vn -0.1695 -0.0198 -0.9853
vn -0.3450 -0.0200 -0.9384
vn -0.5282 -0.0204 -0.8489
vn -0.3437 0.7591 -0.5528
vn -0.2257 0.7559 -0.6145
vn -0.1114 0.7533 -0.6482
vn -0.0000 0.7523 -0.6588
vn 0.1114 0.7533 -0.6482
vn 0.2257 0.7559 -0.6145
vn 0.3437 0.7591 -0.5528
vn 0.6258 0.4655 -0.6258
vn 0.6651 0.3396 -0.6651
vn 0.6872 0.2357 -0.6872
vn 0.6987 0.1533 -0.6987
vn 0.7042 0.0901 -0.7042
vn 0.7064 0.0439 -0.7064
vn 0.7070 0.0145 -0.7070
vn 0.8489 -0.0204 0.5282
vn 0.9384 -0.0200 0.3450
vn 0.9853 -0.0198 0.1695
vn 0.9998 -0.0197 -0.0000
vn 0.9853 -0.0198 -0.1695
vn 0.9384 -0.0200 -0.3450
vn 0.8489 -0.0204 -0.5282
vn 0.5528 0.7591 -0.3437
vn 0.6145 0.7559 -0.2257
vn 0.6482 0.7533 -0.1114
vn 0.6588 0.7523 -0.0000
vn 0.6482 0.7533 0.1114
vn 0.6145 0.7559 0.2257
vn 0.5528 0.7591 0.3437
vn 0.6258 0.4655 0.6258
vn 0.6651 0.3396 0.6651
vn 0.6872 0.2357 0.6872
vn 0.6987 0.1533 0.6987
vn 0.7042 0.0901 0.7042
vn 0.7064 0.0439 0.7064
vn 0.7070 0.0145 0.7070
vn -0.5282 -0.0204 0.8489
vn -0.3450 -0.0200 0.9384
vn -0.1695 -0.0198 0.9853
vn -0.0000 -0.0196 0.9998
vn 0.1695 -0.0198 0.9853
vn 0.3450 -0.0200 0.9384
vn 0.5282 -0.0204 0.8489
vn 0.3437 0.7591 0.5528
vn 0.2257 0.7559 0.6145
vn 0.1114 0.7533 0.6482
vn -0.0000 0.7523 0.6588
vn -0.1114 0.7533 0.6482
vn -0.2257 0.7559 0.6145
vn -0.3437 0.7591 0.5528
vn -0.0196 -0.9997 -0.0144
vn -0.0196 -0.9998 -0.0095
vn -0.0197 -0.9998 -0.0048
vn -0.0197 -0.9998 -0.0000
vn -0.0197 -0.9998 0.0048
vn -0.0196 -0.9998 0.0095
vn -0.0196 -0.9997 0.0144
vn 0.0144 -0.9997 -0.0196
vn 0.0095 -0.9998 -0.0196
vn 0.0048 -0.9998 -0.0197
vn -0.0000 -0.9998 -0.0197
vn -0.0048 -0.9998 -0.0197
vn -0.0095 -0.9998 -0.0196
vn -0.0144 -0.9997 -0.0196
vn 0.0196 -0.9997 0.0144
vn 0.0196 -0.9998 0.0095
vn 0.0197 -0.9998 0.0048
vn 0.0197 -0.9998 -0.0000
vn 0.0197 -0.9998 -0.0048
vn 0.0196 -0.9998 -0.0095
vn 0.0196 -0.9997 -0.0144
vn -0.0144 -0.9997 0.0196
vn -0.0095 -0.9998 0.0196
vn -0.0048 -0.9998 0.0197
vn -0.0000 -0.9998 0.0197
vn 0.0048 -0.9998 0.0197
vn 0.0095 -0.9998 0.0196
vn 0.0144 -0.9997 0.0196
vn 0.6926 -0.2015 0.6926
vn 0.5733 -0.5854 0.5733
vn 0.3362 -0.8797 0.3362
vn 0.1632 -0.9730 0.1632
vn 0.0830 -0.9931 0.0830
vn 0.0467 -0.9978 0.0467
vn 0.0283 -0.9992 0.0283
vn 0.0283 -0.9992 -0.0283
vn 0.0467 -0.9978 -0.0467
vn 0.0830 -0.9931 -0.0830
vn 0.1632 -0.9730 -0.1632
vn 0.3362 -0.8797 -0.3362
vn 0.5733 -0.5854 -0.5733
vn 0.6926 -0.2015 -0.6926
vn -0.6926 -0.2015 0.6926
vn -0.5733 -0.5854 0.5733
vn -0.3362 -0.8797 0.3362
vn -0.1632 -0.9730 0.1632
vn -0.0830 -0.9931 0.0830
vn -0.0467 -0.9978 0.0467
vn -0.0283 -0.9992 0.0283
vn -0.0283 -0.9992 -0.0283
vn -0.0467 -0.9978 -0.0467
vn -0.0830 -0.9931 -0.0830
vn -0.1632 -0.9730 -0.1632
vn -0.3362 -0.8797 -0.3362
vn -0.5733 -0.5854 -0.5733
vn -0.6926 -0.2015 -0.6926
vn -0.3424 0.8750 0.3424
vn -0.4533 0.7675 0.4533
vn -0.6318 0.4489 0.6318
vn -0.6971 -0.1675 0.6971
vn -0.5383 -0.6484 0.5383
vn -0.3934 -0.8309 0.3934
vn -0.3139 -0.8961 0.3139
vn -0.6924 -0.2030 -0.6924
vn -0.6280 -0.4597 -0.6280
vn -0.5305 -0.6612 -0.5305
vn -0.4312 -0.7925 -0.4312
vn -0.3505 -0.8685 -0.3505
vn -0.2950 -0.9088 -0.2950
vn -0.2677 -0.9256 -0.2677
vn 0.6924 -0.2030 -0.6924
vn 0.6280 -0.4597 -0.6280
vn 0.5305 -0.6612 -0.5305
vn 0.4312 -0.7925 -0.4312
vn 0.3505 -0.8685 -0.3505
vn 0.2950 -0.9088 -0.2950
vn 0.2677 -0.9256 -0.2677
vn 0.6924 -0.2030 0.6924
vn 0.6280 -0.4597 0.6280
vn 0.5305 -0.6612 0.5305
vn 0.4312 -0.7925 0.4312
vn 0.3505 -0.8685 0.3505
vn 0.2950 -0.9088 0.2950
vn 0.2677 -0.9256 0.2677
vn 0.2054 -0.9212 0.3304
vn 0.1354 -0.9197 0.3687
vn 0.0670 -0.9184 0.3900
vn -0.0000 -0.9179 0.3968
vn -0.0670 -0.9184 0.3900
vn -0.1354 -0.9197 0.3687
vn -0.2054 -0.9212 0.3304
vn 0.3304 -0.9212 -0.2054
vn 0.3687 -0.9197 -0.1354
vn 0.3900 -0.9184 -0.0670
vn 0.3968 -0.9179 -0.0000
vn 0.3900 -0.9184 0.0670
vn 0.3687 -0.9197 0.1354
vn 0.3304 -0.9212 0.2054
vn -0.2054 -0.9212 -0.3304
vn -0.1354 -0.9197 -0.3687
vn -0.0670 -0.9184 -0.3900
vn -0.0000 -0.9179 -0.3968
vn 0.0670 -0.9184 -0.3900
vn 0.1354 -0.9197 -0.3687
vn 0.2054 -0.9212 -0.3304
vn -0.3304 -0.9212 0.2054
vn -0.3687 -0.9197 0.1354
vn -0.3900 -0.9184 0.0670
vn -0.3968 -0.9179 -0.0000
vn -0.3900 -0.9184 -0.0670
vn -0.3687 -0.9197 -0.1354
vn -0.3304 -0.9212 -0.2054
vn -0.2677 -0.9256 0.2677
vn -0.2950 -0.9088 0.2950
vn -0.3505 -0.8685 0.3505
vn -0.4312 -0.7925 0.4312
vn -0.5305 -0.6612 0.5305
vn -0.6280 -0.4597 0.6280
vn -0.6924 -0.2030 0.6924
vn -0.5067 0.6975 -0.5067
vn -0.5430 0.6406 -0.5430
vn -0.5729 0.5861 -0.5729
vn -0.6002 0.5287 -0.6002
vn -0.6273 0.4616 -0.6273
vn -0.6557 0.3742 -0.6557
vn -0.6851 0.2474 -0.6851
vn 0.5067 0.6975 -0.5067
vn 0.5430 0.6406 -0.5430
vn 0.5729 0.5861 -0.5729
vn 0.6002 0.5287 -0.6002
vn 0.6273 0.4616 -0.6273
vn 0.6557 0.3742 -0.6557
vn 0.6851 0.2474 -0.6851
vn 0.5067 0.6975 0.5067
vn 0.5430 0.6406 0.5430
vn 0.5729 0.5861 0.5729
vn 0.6002 0.5287 0.6002
vn 0.6273 0.4616 0.6273
vn 0.6557 0.3742 0.6557
vn 0.6851 0.2474 0.6851
vn 0.5278 0.0525 0.8477
vn 0.3449 0.0520 0.9372
vn 0.1695 0.0516 0.9842
vn -0.0000 0.0515 0.9987
vn -0.1695 0.0516 0.9842
vn -0.3449 0.0520 0.9372
vn -0.5278 0.0525 0.8477
vn 0.8477 0.0525 -0.5278
vn 0.9372 0.0520 -0.3449
vn 0.9842 0.0516 -0.1695
vn 0.9987 0.0515 -0.0000
vn 0.9842 0.0516 0.1695
vn 0.9372 0.0520 0.3449
vn 0.8477 0.0525 0.5278
vn -0.5278 0.0525 -0.8477
vn -0.3449 0.0520 -0.9372
vn -0.1695 0.0516 -0.9842
vn -0.0000 0.0515 -0.9987
vn 0.1695 0.0516 -0.9842
vn 0.3449 0.0520 -0.9372
vn 0.5278 0.0525 -0.8477
vn -0.8477 0.0525 0.5278
vn -0.9372 0.0520 0.3449
vn -0.9842 0.0516 0.1695
vn -0.9987 0.0515 -0.0000
vn -0.9842 0.0516 -0.1695
vn -0.9372 0.0520 -0.3449
vn -0.8477 0.0525 -0.5278
vn -0.2632 0.9281 -0.2632
vn -0.2638 0.9278 -0.2638
vn -0.2810 0.9176 -0.2810
vn -0.3123 0.8972 -0.3123
vn -0.3572 0.8630 -0.3572
vn -0.4159 0.8087 -0.4159
vn -0.4874 0.7245 -0.4874
vn 0.2632 0.9281 -0.2632
vn 0.2638 0.9278 -0.2638
vn 0.2810 0.9176 -0.2810
vn 0.3123 0.8972 -0.3123
vn 0.3572 0.8630 -0.3572
vn 0.4159 0.8087 -0.4159
vn 0.4874 0.7245 -0.4874
vn 0.2632 0.9281 0.2632
vn 0.2638 0.9278 0.2638
vn 0.2810 0.9176 0.2810
vn 0.3123 0.8972 0.3123
vn 0.3572 0.8630 0.3572
vn 0.4159 0.8087 0.4159
vn 0.4874 0.7245 0.4874
vn -0.7070 0.0145 0.7070
vn -0.7064 0.0439 0.7064
vn -0.7042 0.0901 0.7042
vn -0.6987 0.1533 0.6987
vn -0.6872 0.2357 0.6872
vn -0.6651 0.3396 0.6651
vn -0.6258 0.4655 0.6258
vn -0.6781 0.6018 0.4218
vn -0.7522 0.5982 0.2764
vn -0.7920 0.5951 0.1362
vn -0.8044 0.5940 -0.0000
vn -0.7920 0.5951 -0.1362
vn -0.7522 0.5982 -0.2764
vn -0.6781 0.6018 -0.4218
vn -0.4218 0.6018 -0.6781
vn -0.2764 0.5982 -0.7522
vn -0.1362 0.5951 -0.7920
vn -0.0000 0.5940 -0.8044
vn 0.1362 0.5951 -0.7920
vn 0.2764 0.5982 -0.7522
vn 0.4218 0.6018 -0.6781
vn 0.6781 0.6018 -0.4218
vn 0.7522 0.5982 -0.2764
vn 0.7920 0.5951 -0.1362
vn 0.8044 0.5940 -0.0000
vn 0.7920 0.5951 0.1362
vn 0.7522 0.5982 0.2764
vn 0.6781 0.6018 0.4218
vn 0.4218 0.6018 0.6781
vn 0.2764 0.5982 0.7522
vn 0.1362 0.5951 0.7920
vn -0.0000 0.5940 0.8044
vn -0.1362 0.5951 0.7920
vn -0.2764 0.5981 0.7522
vn -0.4218 0.6018 0.6781
vn -0.4874 0.7245 0.4874
vn -0.4159 0.8087 0.4159
vn -0.3572 0.8630 0.3572
vn -0.3123 0.8972 0.3123
vn -0.2810 0.9176 0.2810
vn -0.2638 0.9278 0.2638
vn -0.2632 0.9282 0.2632
vn -0.3139 -0.8961 -0.3139
vn -0.3934 -0.8309 -0.3934
vn -0.5383 -0.6484 -0.5383
vn -0.6971 -0.1675 -0.6971
vn -0.6318 0.4489 -0.6318
vn -0.4533 0.7675 -0.4533
vn -0.3424 0.8750 -0.3424
vn 0.3139 -0.8961 -0.3139
vn 0.3934 -0.8309 -0.3934
vn 0.5383 -0.6484 -0.5383
vn 0.6971 -0.1675 -0.6971
vn 0.6318 0.4489 -0.6318
vn 0.4533 0.7675 -0.4533
vn 0.3424 0.8750 -0.3424
vn 0.3139 -0.8961 0.3139
vn 0.3934 -0.8309 0.3934
vn 0.5383 -0.6484 0.5383
vn 0.6971 -0.1675 0.6971
vn 0.6318 0.4490 0.6318
vn 0.4533 0.7675 0.4533
vn 0.3424 0.8750 0.3424
vn -0.3453 0.9136 0.2147
vn -0.3853 0.9119 0.1415
vn -0.4075 0.9105 0.0700
vn -0.4146 0.9100 -0.0000
vn -0.4075 0.9105 -0.0700
vn -0.3853 0.9119 -0.1415
vn -0.3453 0.9136 -0.2147
vn -0.2147 0.9136 -0.3453
vn -0.1415 0.9119 -0.3853
vn -0.0700 0.9105 -0.4075
vn -0.0000 0.9100 -0.4146
vn 0.0700 0.9105 -0.4075
vn 0.1415 0.9119 -0.3853
vn 0.2147 0.9136 -0.3453
vn 0.3453 0.9136 -0.2147
vn 0.3853 0.9119 -0.1415
vn 0.4075 0.9105 -0.0700
vn 0.4146 0.9100 -0.0000
vn 0.4075 0.9105 0.0700
vn 0.3853 0.9119 0.1415
vn 0.3453 0.9136 0.2147
vn 0.2147 0.9136 0.3453
vn 0.1415 0.9119 0.3853
vn 0.0700 0.9105 0.4075
vn -0.0000 0.9100 0.4146
vn -0.0700 0.9105 0.4075
vn -0.1415 0.9119 0.3853
vn -0.2147 0.9136 0.3453
vn -0.2705 0.9479 0.1683
vn -0.3023 0.9467 0.1111
vn -0.3202 0.9458 0.0551
vn -0.3259 0.9454 -0.0000
vn -0.3202 0.9458 -0.0551
vn -0.3023 0.9467 -0.1111
vn -0.2705 0.9479 -0.1683
vn -0.1683 0.9479 -0.2705
vn -0.1111 0.9467 -0.3023
vn -0.0551 0.9458 -0.3202
vn -0.0000 0.9454 -0.3259
vn 0.0551 0.9458 -0.3202
vn 0.1111 0.9467 -0.3023
vn 0.1683 0.9479 -0.2705
vn 0.2705 0.9479 -0.1683
vn 0.3023 0.9467 -0.1111
vn 0.3202 0.9458 -0.0551
vn 0.3259 0.9454 -0.0000
vn 0.3202 0.9458 0.0551
vn 0.3023 0.9467 0.1111
vn 0.2705 0.9479 0.1683
vn 0.1683 0.9479 0.2705
vn 0.1111 0.9467 0.3023
vn 0.0551 0.9458 0.3202
vn -0.0000 0.9454 0.3259
vn -0.0551 0.9458 0.3202
vn -0.1111 0.9467 0.3023
vn -0.1683 0.9479 0.2705
vn 0.3999 0.8247 -0.3999
vn 0.3365 0.8795 -0.3365
vn 0.2748 0.9214 -0.2748
vn 0.2202 0.9503 -0.2202
vn 0.1788 0.9675 -0.1788
vn 0.1579 0.9748 -0.1579
vn 0.1683 0.9713 -0.1682
vn 0.1682 0.9713 0.1682
vn 0.1579 0.9748 0.1579
vn 0.1788 0.9675 0.1788
vn 0.2202 0.9503 0.2202
vn 0.2748 0.9214 0.2748
vn 0.3365 0.8795 0.3365
vn 0.3999 0.8247 0.3999
vn -0.3999 0.8247 0.3999
vn -0.3365 0.8795 0.3365
vn -0.2748 0.9214 0.2748
vn -0.2202 0.9503 0.2202
vn -0.1788 0.9675 0.1788
vn -0.1579 0.9748 0.1579
vn -0.1682 0.9713 0.1682
vn -0.1682 0.9713 -0.1682
vn -0.1579 0.9748 -0.1579
vn -0.1788 0.9675 -0.1788
vn -0.2202 0.9503 -0.2202
vn -0.2748 0.9214 -0.2748
vn -0.3365 0.8795 -0.3365
vn -0.3999 0.8247 -0.3999
vn -0.1871 -0.9755 0.1161
vn -0.2085 -0.9750 0.0764
vn -0.2204 -0.9747 0.0378
vn -0.2242 -0.9745 -0.0000
vn -0.2204 -0.9747 -0.0378
vn -0.2085 -0.9750 -0.0764
vn -0.1871 -0.9755 -0.1161
vn -0.1161 -0.9755 -0.1871
vn -0.0764 -0.9750 -0.2085
vn -0.0378 -0.9747 -0.2204
vn -0.0000 -0.9745 -0.2242
vn 0.0378 -0.9747 -0.2204
vn 0.0764 -0.9750 -0.2085
vn 0.1161 -0.9755 -0.1871
vn 0.1871 -0.9755 -0.1161
vn 0.2085 -0.9750 -0.0764
vn 0.2204 -0.9747 -0.0378
vn 0.2242 -0.9745 -0.0000
vn 0.2204 -0.9747 0.0378
vn 0.2085 -0.9750 0.0764
vn 0.1871 -0.9755 0.1161
vn 0.1161 -0.9755 0.1871
vn 0.0764 -0.9750 0.2085
vn 0.0378 -0.9747 0.2204
vn -0.0000 -0.9745 0.2242
vn -0.0378 -0.9747 0.2204
vn -0.0764 -0.9750 0.2085
vn -0.1161 -0.9755 0.1871
vn 0.1719 -0.9700 -0.1719
vn 0.1233 -0.9847 -0.1233
vn 0.0948 -0.9910 -0.0948
vn 0.0799 -0.9936 -0.0799
vn 0.0762 -0.9942 -0.0762
vn 0.0840 -0.9929 -0.0840
vn 0.1073 -0.9884 -0.1073
vn 0.7064 0.0456 0.7064
vn 0.7018 0.1226 0.7018
vn 0.6838 0.2545 0.6838
vn 0.6377 0.4322 0.6377
vn 0.5530 0.6232 0.5530
vn 0.4393 0.7836 0.4393
vn 0.3215 0.8907 0.3215
vn -0.1719 -0.9700 0.1719
vn -0.1233 -0.9847 0.1233
vn -0.0948 -0.9910 0.0948
vn -0.0799 -0.9936 0.0799
vn -0.0762 -0.9942 0.0762
vn -0.0840 -0.9929 0.0840
vn -0.1073 -0.9884 0.1073
vn -0.7064 0.0456 -0.7064
vn -0.7018 0.1226 -0.7018
vn -0.6838 0.2545 -0.6838
vn -0.6377 0.4322 -0.6377
vn -0.5530 0.6232 -0.5530
vn -0.4393 0.7836 -0.4393
vn -0.3215 0.8907 -0.3215
vn -0.4207 0.8687 0.2614
vn -0.4684 0.8666 0.1719
vn -0.4948 0.8649 0.0850
vn -0.5031 0.8642 -0.0000
vn -0.4947 0.8649 -0.0850
vn -0.4684 0.8666 -0.1719
vn -0.4207 0.8687 -0.2614
vn -0.2614 0.8687 -0.4207
vn -0.1719 0.8666 -0.4684
vn -0.0850 0.8649 -0.4948
vn -0.0000 0.8642 -0.5031
vn 0.0850 0.8649 -0.4947
vn 0.1719 0.8666 -0.4684
vn 0.2614 0.8687 -0.4207
vn 0.4207 0.8687 -0.2614
vn 0.4684 0.8666 -0.1719
vn 0.4947 0.8649 -0.0850
vn 0.5031 0.8642 -0.0000
vn 0.4947 0.8649 0.0850
vn 0.4684 0.8666 0.1719
vn 0.4207 0.8687 0.2614
vn 0.2614 0.8687 0.4207
vn 0.1719 0.8666 0.4684
vn 0.0850 0.8649 0.4947
vn -0.0000 0.8642 0.5031
vn -0.0850 0.8649 0.4947
vn -0.1719 0.8666 0.4684
vn -0.2614 0.8687 0.4207
vn 0.2361 -0.9426 0.2361
vn 0.3639 -0.8574 0.3639
vn 0.5481 -0.6318 0.5481
vn 0.6966 -0.1715 0.6966
vn 0.6645 0.3417 0.6645
vn 0.5346 0.6546 0.5346
vn 0.4246 0.7996 0.4246
vn -0.4246 0.7996 0.4246
vn -0.5346 0.6546 0.5346
vn -0.6645 0.3417 0.6645
vn -0.6966 -0.1715 0.6966
vn -0.5481 -0.6318 0.5481
vn -0.3639 -0.8574 0.3639
vn -0.2361 -0.9426 0.2361
vn -0.2361 -0.9426 -0.2361
vn -0.3639 -0.8574 -0.3639
vn -0.5481 -0.6318 -0.5481
vn -0.6966 -0.1715 -0.6966
vn -0.6645 0.3417 -0.6645
vn -0.5346 0.6546 -0.5346
vn -0.4246 0.7996 -0.4246
vn 0.4246 0.7996 -0.4246
vn 0.5346 0.6546 -0.5346
vn 0.6645 0.3417 -0.6645
vn 0.6966 -0.1715 -0.6966
vn 0.5481 -0.6318 -0.5481
vn 0.3639 -0.8574 -0.3639
vn 0.2361 -0.9426 -0.2361
vn -0.3606 0.9054 0.2242
vn -0.4023 0.9035 0.1477
vn -0.4254 0.9020 0.0731
vn -0.4328 0.9015 -0.0000
vn -0.4254 0.9020 -0.0731
vn -0.4023 0.9035 -0.1477
vn -0.3606 0.9054 -0.2242
vn -0.2242 0.9054 -0.3606
vn -0.1477 0.9035 -0.4023
vn -0.0731 0.9020 -0.4254
vn -0.0000 0.9015 -0.4328
vn 0.0731 0.9020 -0.4254
vn 0.1477 0.9035 -0.4023
vn 0.2242 0.9054 -0.3606
vn 0.3606 0.9054 -0.2242
vn 0.4023 0.9035 -0.1477
vn 0.4254 0.9020 -0.0731
vn 0.4328 0.9015 -0.0000
vn 0.4254 0.9020 0.0731
vn 0.4023 0.9035 0.1477
vn 0.3606 0.9054 0.2242
vn 0.2242 0.9054 0.3606
vn 0.1477 0.9035 0.4023
vn 0.0731 0.9020 0.4254
vn -0.0000 0.9015 0.4328
vn -0.0731 0.9020 0.4254
vn -0.1477 0.9035 0.4023
vn -0.2242 0.9054 0.3606
vn -0.2999 0.9056 -0.2999
vn -0.2711 0.9236 -0.2711
vn -0.2559 0.9322 -0.2559
vn -0.2500 0.9354 -0.2500
vn -0.2517 0.9345 -0.2517
vn -0.2603 0.9298 -0.2603
vn -0.2759 0.9207 -0.2759
vn 0.2759 0.9207 -0.2759
vn 0.2603 0.9298 -0.2603
vn 0.2517 0.9345 -0.2517
vn 0.2500 0.9354 -0.2500
vn 0.2559 0.9322 -0.2559
vn 0.2711 0.9236 -0.2711
vn 0.2999 0.9056 -0.2999
vn 0.2759 0.9207 0.2759
vn 0.2603 0.9298 0.2603
vn 0.2517 0.9345 0.2517
vn 0.2500 0.9354 0.2500
vn 0.2559 0.9322 0.2559
vn 0.2711 0.9236 0.2711
vn 0.2999 0.9056 0.2999
vn -0.2999 0.9056 0.2999
vn -0.2711 0.9236 0.2711
vn -0.2559 0.9322 0.2559
vn -0.2500 0.9354 0.2500
vn -0.2517 0.9345 0.2517
vn -0.2603 0.9298 0.2603
vn -0.2759 0.9207 0.2759
vn -0.8489 0.0221 0.5281
vn -0.9384 0.0219 0.3449
vn -0.9853 0.0217 0.1695
vn -0.9998 0.0216 -0.0000
vn -0.9853 0.0217 -0.1695
vn -0.9384 0.0219 -0.3449
vn -0.8489 0.0221 -0.5281
vn -0.5281 0.0221 -0.8489
vn -0.3449 0.0219 -0.9384
vn -0.1695 0.0217 -0.9853
vn -0.0000 0.0216 -0.9998
vn 0.1695 0.0217 -0.9853
vn 0.3449 0.0219 -0.9384
vn 0.5281 0.0221 -0.8489
vn 0.8489 0.0221 -0.5281
vn 0.9384 0.0219 -0.3449
vn 0.9853 0.0217 -0.1695
vn 0.9998 0.0216 -0.0000
vn 0.9853 0.0217 0.1695
vn 0.9384 0.0219 0.3449
vn 0.8489 0.0221 0.5281
vn 0.5281 0.0221 0.8489
vn 0.3449 0.0219 0.9384
vn 0.1695 0.0217 0.9853
vn -0.0000 0.0216 0.9998
vn -0.1695 0.0217 0.9853
vn -0.3449 0.0219 0.9384
vn -0.5281 0.0221 0.8489
vn 0.6968 0.1701 -0.6968
vn 0.7015 0.1262 -0.7015
vn 0.7040 0.0941 -0.7040
vn 0.7054 0.0700 -0.7054
vn 0.7062 0.0518 -0.7062
vn 0.7066 0.0385 -0.7066
vn 0.7068 0.0294 -0.7068
vn 0.4679 0.7498 0.4679
vn 0.4500 0.7713 0.4500
vn 0.4294 0.7945 0.4294
vn 0.4062 0.8186 0.4062
vn 0.3809 0.8426 0.3809
vn 0.3540 0.8657 0.3540
vn 0.3261 0.8873 0.3261
vn -0.6968 0.1701 0.6968
vn -0.7015 0.1262 0.7015
vn -0.7040 0.0941 0.7040
vn -0.7054 0.0700 0.7054
vn -0.7062 0.0518 0.7062
vn -0.7066 0.0385 0.7066
vn -0.7068 0.0294 0.7068
vn -0.4679 0.7498 -0.4679
vn -0.4500 0.7713 -0.4500
vn -0.4294 0.7945 -0.4294
vn -0.4062 0.8186 -0.4062
vn -0.3809 0.8426 -0.3809
vn -0.3540 0.8657 -0.3540
vn -0.3261 0.8873 -0.3261
vn 0.7070 -0.0190 -0.7070
vn 0.7042 -0.0908 -0.7042
vn 0.6910 -0.2119 -0.6910
vn 0.6549 -0.3771 -0.6549
vn 0.5839 -0.5641 -0.5839
vn 0.4794 -0.7351 -0.4794
vn 0.3604 -0.8604 -0.3604
vn 0.1073 -0.9884 0.1073
vn 0.0840 -0.9929 0.0840
vn 0.0762 -0.9942 0.0762
vn 0.0799 -0.9936 0.0799
vn 0.0948 -0.9910 0.0948
vn 0.1233 -0.9847 0.1233
vn 0.1719 -0.9700 0.1719
vn -0.7070 -0.0190 0.7070
vn -0.7042 -0.0908 0.7042
vn -0.6910 -0.2119 0.6910
vn -0.6549 -0.3771 0.6549
vn -0.5839 -0.5641 0.5839
vn -0.4794 -0.7351 0.4794
vn -0.3604 -0.8604 0.3604
vn -0.1073 -0.9884 -0.1073
vn -0.0840 -0.9929 -0.0840
vn -0.0762 -0.9942 -0.0762
vn -0.0799 -0.9936 -0.0799
vn -0.0948 -0.9910 -0.0948
vn -0.1233 -0.9847 -0.1233
vn -0.1719 -0.9700 -0.1719
vn -0.1889 -0.9339 -0.3036
vn -0.1247 -0.9324 -0.3393
vn -0.0618 -0.9312 -0.3593
vn -0.0000 -0.9308 -0.3656
vn 0.0618 -0.9312 -0.3593
vn 0.1247 -0.9324 -0.3393
vn 0.1889 -0.9339 -0.3036
vn 0.1889 -0.9339 0.3036
vn 0.1247 -0.9324 0.3393
vn 0.0618 -0.9312 0.3593
vn -0.0000 -0.9308 0.3657
vn -0.0618 -0.9312 0.3593
vn -0.1247 -0.9324 0.3393
vn -0.1889 -0.9339 0.3036
vn -0.3036 -0.9339 0.1889
vn -0.3393 -0.9324 0.1247
vn -0.3593 -0.9312 0.0618
vn -0.3657 -0.9308 -0.0000
vn -0.3593 -0.9312 -0.0618
vn -0.3393 -0.9324 -0.1247
vn -0.3036 -0.9339 -0.1889
vn 0.3036 -0.9339 -0.1889
vn 0.3393 -0.9324 -0.1247
vn 0.3593 -0.9312 -0.0618
vn 0.3657 -0.9308 -0.0000
vn 0.3593 -0.9312 0.0618
vn 0.3393 -0.9324 0.1247
vn 0.3036 -0.9339 0.1889
vn 0.3604 -0.8604 0.3604
vn 0.4794 -0.7351 0.4794
vn 0.5839 -0.5641 0.5839
vn 0.6549 -0.3771 0.6549
vn 0.6910 -0.2119 0.6910
vn 0.7042 -0.0908 0.7042
vn 0.7070 -0.0190 0.7070
vn -0.3604 -0.8604 -0.3604
vn -0.4794 -0.7351 -0.4794
vn -0.5839 -0.5641 -0.5839
vn -0.6549 -0.3771 -0.6549
vn -0.6910 -0.2119 -0.6910
vn -0.7042 -0.0908 -0.7042
vn -0.7070 -0.0190 -0.7070
vn 0.3215 0.8907 -0.3215
vn 0.4393 0.7836 -0.4393
vn 0.5530 0.6232 -0.5530
vn 0.6377 0.4322 -0.6377
vn 0.6838 0.2545 -0.6838
vn 0.7018 0.1226 -0.7018
vn 0.7064 0.0456 -0.7064
vn -0.3215 0.8907 0.3215
vn -0.4393 0.7836 0.4393
vn -0.5530 0.6232 0.5530
vn -0.6377 0.4322 0.6377
vn -0.6838 0.2545 0.6838
vn -0.7018 0.1226 0.7018
vn -0.7064 0.0456 0.7064
vn 0.8490 0.0126 -0.5282
vn 0.9385 0.0125 -0.3450
vn 0.9855 0.0124 -0.1695
vn 0.9999 0.0124 -0.0000
vn 0.9855 0.0124 0.1695
vn 0.9385 0.0125 0.3450
vn 0.8490 0.0126 0.5282
vn -0.8490 0.0126 0.5282
vn -0.9385 0.0125 0.3450
vn -0.9855 0.0124 0.1695
vn -0.9999 0.0124 -0.0000
vn -0.9855 0.0124 -0.1695
vn -0.9385 0.0125 -0.3450
vn -0.8490 0.0126 -0.5282
vn 0.5282 0.0126 0.8490
vn 0.3450 0.0125 0.9385
vn 0.1695 0.0124 0.9855
vn -0.0000 0.0124 0.9999
vn -0.1695 0.0124 0.9855
vn -0.3450 0.0125 0.9385
vn -0.5282 0.0126 0.8490
vn -0.5282 0.0126 -0.8490
vn -0.3450 0.0125 -0.9385
vn -0.1695 0.0124 -0.9855
vn -0.0000 0.0124 -0.9999
vn 0.1695 0.0124 -0.9855
vn 0.3450 0.0125 -0.9385
vn 0.5282 0.0126 -0.8490
vn 0.3261 0.8873 -0.3261
vn 0.3540 0.8657 -0.3540
vn 0.3809 0.8426 -0.3809
vn 0.4062 0.8186 -0.4062
vn 0.4294 0.7945 -0.4294
vn 0.4500 0.7713 -0.4500
vn 0.4679 0.7498 -0.4679
vn 0.6737 0.3037 0.6737
vn 0.6532 0.3830 0.6532
vn 0.6267 0.4631 0.6267
vn 0.5955 0.5392 0.5955
vn 0.5621 0.6067 0.5621
vn 0.5301 0.6619 0.5301
vn 0.5033 0.7024 0.5033
vn -0.3261 0.8873 0.3261
vn -0.3540 0.8657 0.3540
vn -0.3809 0.8426 0.3809
vn -0.4062 0.8186 0.4062
vn -0.4294 0.7945 0.4294
vn -0.4500 0.7713 0.4500
vn -0.4679 0.7498 0.4679
vn -0.6737 0.3037 -0.6737
vn -0.6532 0.3830 -0.6532
vn -0.6267 0.4631 -0.6267
vn -0.5955 0.5392 -0.5955
vn -0.5621 0.6067 -0.5621
vn -0.5301 0.6619 -0.5301
vn -0.5033 0.7024 -0.5033
vn -0.3625 0.7271 -0.5830
vn -0.2381 0.7234 -0.6481
vn -0.1175 0.7204 -0.6836
vn -0.0000 0.7193 -0.6947
vn 0.1175 0.7204 -0.6836
vn 0.2380 0.7234 -0.6481
vn 0.3625 0.7271 -0.5830
vn 0.3625 0.7271 0.5830
vn 0.2380 0.7234 0.6481
vn 0.1175 0.7204 0.6836
vn -0.0000 0.7193 0.6947
vn -0.1175 0.7204 0.6836
vn -0.2380 0.7234 0.6481
vn -0.3625 0.7271 0.5830
vn -0.5830 0.7271 0.3625
vn -0.6481 0.7234 0.2380
vn -0.6836 0.7204 0.1175
vn -0.6947 0.7193 -0.0000
vn -0.6836 0.7204 -0.1175
vn -0.6481 0.7234 -0.2380
vn -0.5830 0.7271 -0.3625
vn 0.5830 0.7271 -0.3625
vn 0.6481 0.7234 -0.2380
vn 0.6836 0.7204 -0.1175
vn 0.6947 0.7193 -0.0000
vn 0.6836 0.7204 0.1175
vn 0.6481 0.7234 0.2380
vn 0.5830 0.7271 0.3625
vn 0.5033 0.7024 -0.5033
vn 0.5301 0.6619 -0.5301
vn 0.5621 0.6067 -0.5621
vn 0.5955 0.5392 -0.5955
vn 0.6267 0.4631 -0.6267
vn 0.6532 0.3830 -0.6532
vn 0.6737 0.3037 -0.6737
vn -0.5033 0.7024 0.5033
vn -0.5301 0.6619 0.5301
vn -0.5621 0.6067 0.5621
vn -0.5955 0.5392 0.5955
vn -0.6267 0.4631 0.6267
vn -0.6532 0.3830 0.6532
vn -0.6737 0.3037 0.6737
vn 0.7068 0.0294 0.7068
vn 0.7066 0.0385 0.7066
vn 0.7062 0.0518 0.7062
vn 0.7054 0.0700 0.7054
vn 0.7040 0.0941 0.7040
vn 0.7015 0.1262 0.7015
vn 0.6968 0.1701 0.6968
vn -0.7068 0.0294 -0.7068
vn -0.7066 0.0385 -0.7066
vn -0.7062 0.0518 -0.7062
vn -0.7054 0.0700 -0.7054
vn -0.7040 0.0941 -0.7040
vn -0.7015 0.1262 -0.7015
vn -0.6968 0.1701 -0.6968
vn -0.5141 0.2288 -0.8266
vn -0.3359 0.2265 -0.9143
vn -0.1651 0.2246 -0.9604
vn -0.0000 0.2239 -0.9746
vn 0.1651 0.2246 -0.9604
vn 0.3359 0.2265 -0.9143
vn 0.5141 0.2288 -0.8266
vn 0.5141 0.2288 0.8266
vn 0.3359 0.2265 0.9143
vn 0.1651 0.2246 0.9604
vn -0.0000 0.2239 0.9746
vn -0.1651 0.2246 0.9604
vn -0.3359 0.2265 0.9143
vn -0.5141 0.2288 0.8266
vn -0.8266 0.2288 0.5141
vn -0.9143 0.2265 0.3359
vn -0.9604 0.2246 0.1651
vn -0.9746 0.2239 -0.0000
vn -0.9604 0.2246 -0.1651
vn -0.9143 0.2265 -0.3359
vn -0.8266 0.2288 -0.5141
vn 0.8266 0.2288 -0.5141
vn 0.9143 0.2265 -0.3359
vn 0.9604 0.2246 -0.1651
vn 0.9746 0.2239 -0.0000
vn 0.9604 0.2246 0.1651
vn 0.9143 0.2265 0.3359
vn 0.8266 0.2288 0.5141
vn -0.2331 -0.9616 0.1450
vn -0.2605 -0.9607 0.0957
vn -0.2759 -0.9600 0.0475
vn -0.2808 -0.9598 -0.0000
vn -0.2759 -0.9600 -0.0474
vn -0.2605 -0.9607 -0.0957
vn -0.2331 -0.9616 -0.1450
vn -0.1450 -0.9616 -0.2331
vn -0.0957 -0.9607 -0.2605
vn -0.0474 -0.9600 -0.2759
vn -0.0000 -0.9598 -0.2808
vn 0.0474 -0.9600 -0.2759
vn 0.0957 -0.9607 -0.2605
vn 0.1450 -0.9616 -0.2331
vn 0.2331 -0.9616 -0.1450
vn 0.2605 -0.9607 -0.0957
vn 0.2759 -0.9600 -0.0474
vn 0.2808 -0.9598 -0.0000
vn 0.2759 -0.9600 0.0474
vn 0.2605 -0.9607 0.0957
vn 0.2331 -0.9616 0.1450
vn 0.1450 -0.9616 0.2331
vn 0.0957 -0.9607 0.2605
vn 0.0475 -0.9600 0.2759
vn -0.0000 -0.9598 0.2808
vn -0.0475 -0.9600 0.2759
vn -0.0957 -0.9607 0.2605
vn -0.1450 -0.9616 0.2331
vn 0.7071 -0.0008 0.7071
vn 0.7054 -0.0696 0.7054
vn 0.6909 -0.2128 0.6909
vn 0.6359 -0.4373 0.6359
vn 0.5187 -0.6797 0.5187
vn 0.3752 -0.8476 0.3752
vn 0.2616 -0.9290 0.2616
vn -0.2616 -0.9290 0.2616
vn -0.3752 -0.8476 0.3752
vn -0.5187 -0.6797 0.5187
vn -0.6359 -0.4373 0.6359
vn -0.6909 -0.2128 0.6909
vn -0.7054 -0.0696 0.7054
vn -0.7071 -0.0008 0.7071
vn -0.7071 -0.0008 -0.7071
vn -0.7054 -0.0696 -0.7054
vn -0.6909 -0.2128 -0.6909
vn -0.6359 -0.4373 -0.6359
vn -0.5187 -0.6797 -0.5187
vn -0.3752 -0.8476 -0.3752
vn -0.2616 -0.9290 -0.2616
vn 0.2616 -0.9290 -0.2616
vn 0.3752 -0.8476 -0.3752
vn 0.5187 -0.6797 -0.5187
vn 0.6359 -0.4373 -0.6359
vn 0.6909 -0.2128 -0.6909
vn 0.7054 -0.0696 -0.7054
vn 0.7071 -0.0008 -0.7071
vn -0.4829 -0.8226 0.3001
vn -0.5370 -0.8202 0.1971
vn -0.5667 -0.8182 0.0973
vn -0.5760 -0.8174 -0.0000
vn -0.5667 -0.8182 -0.0973
vn -0.5370 -0.8202 -0.1971
vn -0.4829 -0.8226 -0.3001
vn -0.3001 -0.8226 -0.4829
vn -0.1971 -0.8202 -0.5370
vn -0.0973 -0.8182 -0.5667
vn -0.0000 -0.8174 -0.5760
vn 0.0973 -0.8182 -0.5667
vn 0.1971 -0.8202 -0.5370
vn 0.3001 -0.8226 -0.4829
vn 0.4829 -0.8226 -0.3001
vn 0.5370 -0.8202 -0.1971
vn 0.5667 -0.8182 -0.0973
vn 0.5760 -0.8174 -0.0000
vn 0.5667 -0.8182 0.0973
vn 0.5370 -0.8202 0.1971
vn 0.4829 -0.8226 0.3001
vn 0.3001 -0.8226 0.4829
vn 0.1971 -0.8202 0.5370
vn 0.0973 -0.8182 0.5667
vn -0.0000 -0.8174 0.5760
vn -0.0973 -0.8182 0.5667
vn -0.1971 -0.8202 0.5370
vn -0.3001 -0.8226 0.4829
vn 0.1592 -0.9743 0.1592
vn 0.1480 -0.9779 0.1480
vn 0.1516 -0.9768 0.1516
vn 0.1674 -0.9716 0.1674
vn 0.1961 -0.9608 0.1961
vn 0.2407 -0.9403 0.2407
vn 0.3074 -0.9006 0.3074
vn -0.3074 -0.9006 0.3074
vn -0.2407 -0.9403 0.2407
vn -0.1961 -0.9608 0.1961
vn -0.1674 -0.9716 0.1674
vn -0.1516 -0.9768 0.1516
vn -0.1480 -0.9779 0.1480
vn -0.1592 -0.9743 0.1592
vn -0.1592 -0.9743 -0.1592
vn -0.1480 -0.9779 -0.1480
vn -0.1516 -0.9768 -0.1516
vn -0.1674 -0.9716 -0.1674
vn -0.1961 -0.9608 -0.1961
vn -0.2407 -0.9403 -0.2407
vn -0.3074 -0.9006 -0.3074
vn 0.3074 -0.9006 -0.3074
vn 0.2407 -0.9403 -0.2407
vn 0.1961 -0.9608 -0.1961
vn 0.1674 -0.9716 -0.1674
vn 0.1516 -0.9768 -0.1516
vn 0.1480 -0.9779 -0.1480
vn 0.1592 -0.9743 -0.1592
vn -0.4231 0.8671 0.2629
vn -0.4708 0.8652 0.1727
vn -0.4969 0.8636 0.0853
vn -0.5052 0.8630 -0.0000
vn -0.4969 0.8636 -0.0853
vn -0.4708 0.8652 -0.1727
vn -0.4231 0.8671 -0.2629
vn -0.2629 0.8671 -0.4231
vn -0.1727 0.8652 -0.4708
vn -0.0853 0.8636 -0.4969
vn -0.0000 0.8630 -0.5052
vn 0.0853 0.8636 -0.4969
vn 0.1727 0.8652 -0.4708
vn 0.2629 0.8671 -0.4231
vn 0.4231 0.8671 -0.2629
vn 0.4708 0.8652 -0.1727
vn 0.4969 0.8636 -0.0853
vn 0.5052 0.8630 -0.0000
vn 0.4969 0.8636 0.0853
vn 0.4708 0.8652 0.1727
vn 0.4231 0.8671 0.2629
vn 0.2629 0.8671 0.4231
vn 0.1727 0.8652 0.4708
vn 0.0853 0.8636 0.4969
vn -0.0000 0.8630 0.5052
vn -0.0853 0.8636 0.4969
vn -0.1727 0.8652 0.4708
vn -0.2629 0.8671 0.4231
vn 0.5088 -0.6945 -0.5088
vn 0.6095 -0.5069 -0.6095
vn 0.6825 -0.2613 -0.6825
vn 0.7069 0.0252 -0.7069
vn 0.6714 0.3137 -0.6714
vn 0.5849 0.5620 -0.5849
vn 0.4700 0.7471 -0.4700
vn 0.4700 0.7471 0.4700
vn 0.5849 0.5620 0.5849
vn 0.6714 0.3137 0.6714
vn 0.7069 0.0252 0.7069
vn 0.6825 -0.2613 0.6825
vn 0.6095 -0.5069 0.6095
vn 0.5088 -0.6945 0.5088
vn -0.5088 -0.6945 0.5088
vn -0.6095 -0.5070 0.6095
vn -0.6825 -0.2613 0.6825
vn -0.7069 0.0252 0.7069
vn -0.6714 0.3137 0.6714
vn -0.5849 0.5620 0.5849
vn -0.4700 0.7471 0.4700
vn -0.4700 0.7471 -0.4700
vn -0.5849 0.5620 -0.5849
vn -0.6714 0.3137 -0.6714
vn -0.7069 0.0252 -0.7069
vn -0.6825 -0.2613 -0.6825
vn -0.6095 -0.5069 -0.6095
vn -0.5088 -0.6945 -0.5088
vn -0.0430 0.9987 0.0267
vn -0.0480 0.9987 0.0176
vn -0.0508 0.9987 0.0087
vn -0.0517 0.9987 -0.0000
vn -0.0508 0.9987 -0.0087
vn -0.0480 0.9987 -0.0176
vn -0.0430 0.9987 -0.0267
vn -0.0267 0.9987 -0.0430
vn -0.0176 0.9987 -0.0480
vn -0.0087 0.9987 -0.0508
vn -0.0000 0.9987 -0.0517
vn 0.0087 0.9987 -0.0508
vn 0.0176 0.9987 -0.0480
vn 0.0267 0.9987 -0.0430
vn 0.0430 0.9987 -0.0267
vn 0.0480 0.9987 -0.0176
vn 0.0508 0.9987 -0.0087
vn 0.0517 0.9987 -0.0000
vn 0.0508 0.9987 0.0087
vn 0.0480 0.9987 0.0176
vn 0.0430 0.9987 0.0267
vn 0.0267 0.9987 0.0430
vn 0.0176 0.9987 0.0480
vn 0.0087 0.9987 0.0508
vn -0.0000 0.9987 0.0517
vn -0.0087 0.9987 0.0508
vn -0.0176 0.9987 0.0480
vn -0.0267 0.9987 0.0430
vn 0.2510 0.9349 -0.2510
vn 0.1798 0.9671 -0.1798
vn 0.1301 0.9829 -0.1301
vn 0.0948 0.9910 -0.0948
vn 0.0695 0.9952 -0.0695
vn 0.0517 0.9973 -0.0517
vn 0.0404 0.9984 -0.0404
vn 0.0404 0.9984 0.0404
vn 0.0517 0.9973 0.0517
vn 0.0695 0.9952 0.0695
vn 0.0948 0.9910 0.0948
vn 0.1301 0.9829 0.1301
vn 0.1798 0.9671 0.1798
vn 0.2510 0.9349 0.2510
vn -0.2510 0.9349 0.2510
vn -0.1798 0.9671 0.1798
vn -0.1301 0.9829 0.1301
vn -0.0948 0.9910 0.0948
vn -0.0695 0.9952 0.0695
vn -0.0517 0.9973 0.0517
vn -0.0404 0.9984 0.0404
vn -0.0404 0.9984 -0.0404
vn -0.0517 0.9973 -0.0517
vn -0.0695 0.9952 -0.0695
vn -0.0948 0.9910 -0.0948
vn -0.1301 0.9829 -0.1301
vn -0.1798 0.9671 -0.1798
vn -0.2510 0.9349 -0.2510
vn -0.3052 0.9331 0.1899
vn -0.3411 0.9316 0.1254
vn -0.3613 0.9304 0.0622
vn -0.3677 0.9299 -0.0000
vn -0.3612 0.9304 -0.0622
vn -0.3412 0.9316 -0.1255
vn -0.3053 0.9331 -0.1899
vn -0.1899 0.9331 -0.3053
vn -0.1255 0.9316 -0.3412
vn -0.0622 0.9304 -0.3613
vn -0.0000 0.9299 -0.3677
vn 0.0622 0.9304 -0.3613
vn 0.1255 0.9316 -0.3412
vn 0.1900 0.9331 -0.3053
vn 0.3053 0.9331 -0.1899
vn 0.3412 0.9316 -0.1255
vn 0.3613 0.9304 -0.0622
vn 0.3677 0.9299 -0.0000
vn 0.3613 0.9304 0.0622
vn 0.3412 0.9316 0.1255
vn 0.3053 0.9331 0.1900
vn 0.1899 0.9331 0.3053
vn 0.1254 0.9316 0.3412
vn 0.0622 0.9304 0.3613
vn -0.0000 0.9299 0.3677
vn -0.0622 0.9304 0.3613
vn -0.1255 0.9316 0.3412
vn -0.1899 0.9331 0.3053
vn 0.0353 0.9988 0.0353
vn 0.0375 0.9986 0.0375
vn 0.0426 0.9982 0.0426
vn 0.0529 0.9972 0.0529
vn 0.0720 0.9948 0.0720
vn 0.1060 0.9887 0.1060
vn 0.1625 0.9732 0.1625
vn -0.1625 0.9732 0.1625
vn -0.1060 0.9887 0.1060
vn -0.0720 0.9948 0.0720
vn -0.0529 0.9972 0.0529
vn -0.0426 0.9982 0.0426
vn -0.0375 0.9986 0.0375
vn -0.0353 0.9988 0.0353
vn -0.0353 0.9988 -0.0353
vn -0.0375 0.9986 -0.0375
vn -0.0426 0.9982 -0.0426
vn -0.0529 0.9972 -0.0529
vn -0.0720 0.9948 -0.0720
vn -0.1060 0.9887 -0.1060
vn -0.1625 0.9732 -0.1625
vn 0.1625 0.9732 -0.1625
vn 0.1060 0.9887 -0.1060
vn 0.0720 0.9948 -0.0720
vn 0.0529 0.9972 -0.0529
vn 0.0426 0.9982 -0.0426
vn 0.0375 0.9986 -0.0375
vn 0.0353 0.9988 -0.0353
vn -0.4256 -0.8654 0.2646
vn -0.4742 -0.8630 0.1741
vn -0.5011 -0.8611 0.0861
vn -0.5097 -0.8604 -0.0000
vn -0.5011 -0.8611 -0.0861
vn -0.4742 -0.8630 -0.1741
vn -0.4256 -0.8654 -0.2646
vn -0.2646 -0.8654 -0.4256
vn -0.1741 -0.8630 -0.4742
vn -0.0861 -0.8611 -0.5011
vn -0.0000 -0.8604 -0.5097
vn 0.0861 -0.8611 -0.5011
vn 0.1741 -0.8630 -0.4742
vn 0.2646 -0.8654 -0.4256
vn 0.4256 -0.8654 -0.2646
vn 0.4742 -0.8630 -0.1741
vn 0.5011 -0.8611 -0.0861
vn 0.5097 -0.8604 -0.0000
vn 0.5011 -0.8611 0.0861
vn 0.4742 -0.8630 0.1741
vn 0.4256 -0.8654 0.2646
vn 0.2646 -0.8654 0.4256
vn 0.1741 -0.8630 0.4742
vn 0.0861 -0.8611 0.5011
vn -0.0000 -0.8604 0.5097
vn -0.0861 -0.8611 0.5011
vn -0.1741 -0.8630 0.4742
vn -0.2646 -0.8654 0.4256
vn 0.4314 0.7924 -0.4314
vn 0.6748 0.2990 -0.6748
vn 0.6597 -0.3600 -0.6597
vn 0.5226 -0.6736 -0.5226
vn 0.4402 -0.7826 -0.4402
vn 0.3950 -0.8294 -0.3950
vn 0.3684 -0.8536 -0.3684
vn 0.3684 -0.8536 0.3684
vn 0.3950 -0.8294 0.3950
vn 0.4402 -0.7826 0.4402
vn 0.5226 -0.6736 0.5226
vn 0.6597 -0.3600 0.6597
vn 0.6748 0.2990 0.6748
vn 0.4314 0.7924 0.4314
vn -0.4314 0.7924 0.4314
vn -0.6748 0.2990 0.6748
vn -0.6597 -0.3600 0.6597
vn -0.5226 -0.6736 0.5226
vn -0.4402 -0.7826 0.4402
vn -0.3950 -0.8294 0.3950
vn -0.3684 -0.8536 0.3684
vn -0.3684 -0.8536 -0.3684
vn -0.3950 -0.8294 -0.3950
vn -0.4402 -0.7826 -0.4402
vn -0.5226 -0.6736 -0.5226
vn -0.6597 -0.3600 -0.6597
vn -0.6748 0.2989 -0.6748
vn -0.4314 0.7924 -0.4314
vn -0.2381 0.9559 0.1722
vn -0.2531 0.9602 0.1179
vn -0.2634 0.9628 0.0606
vn -0.2672 0.9637 -0.0000
vn -0.2634 0.9628 -0.0606
vn -0.2531 0.9602 -0.1179
vn -0.2381 0.9558 -0.1722
vn -0.1722 0.9559 -0.2381
vn -0.1179 0.9602 -0.2531
vn -0.0606 0.9628 -0.2634
vn -0.0000 0.9637 -0.2672
vn 0.0606 0.9628 -0.2634
vn 0.1179 0.9602 -0.2531
vn 0.1722 0.9558 -0.2381
vn 0.2381 0.9558 -0.1722
vn 0.2531 0.9602 -0.1179
vn 0.2634 0.9628 -0.0606
vn 0.2672 0.9637 -0.0000
vn 0.2634 0.9628 0.0606
vn 0.2531 0.9602 0.1179
vn 0.2381 0.9558 0.1722
vn 0.1723 0.9558 0.2381
vn 0.1179 0.9602 0.2531
vn 0.0606 0.9628 0.2634
vn -0.0000 0.9637 0.2672
vn -0.0606 0.9628 0.2634
vn -0.1179 0.9602 0.2531
vn -0.1722 0.9559 0.2381
vn 0.5399 0.6457 -0.5399
vn 0.4932 0.7166 -0.4932
vn 0.4455 0.7765 -0.4455
vn 0.3966 0.8279 -0.3966
vn 0.3476 0.8708 -0.3477
vn 0.3004 0.9052 -0.3005
vn 0.2568 0.9317 -0.2568
vn 0.5210 -0.6761 0.5210
vn 0.4744 -0.7415 0.4744
vn 0.4344 -0.7890 0.4344
vn 0.4015 -0.8232 0.4015
vn 0.3758 -0.8471 0.3758
vn 0.3579 -0.8625 0.3579
vn 0.3492 -0.8695 0.3492
vn -0.5399 0.6457 0.5399
vn -0.4932 0.7166 0.4932
vn -0.4455 0.7765 0.4455
vn -0.3966 0.8279 0.3966
vn -0.3476 0.8708 0.3477
vn -0.3004 0.9052 0.3005
vn -0.2568 0.9317 0.2568
vn -0.5210 -0.6761 -0.5210
vn -0.4744 -0.7415 -0.4744
vn -0.4344 -0.7890 -0.4344
vn -0.4015 -0.8232 -0.4015
vn -0.3758 -0.8471 -0.3758
vn -0.3579 -0.8625 -0.3579
vn -0.3492 -0.8695 -0.3492
vn 0.6160 -0.4911 -0.6160
vn 0.6498 -0.3943 -0.6498
vn 0.6733 -0.3053 -0.6733
vn 0.6888 -0.2258 -0.6888
vn 0.6984 -0.1562 -0.6984
vn 0.7038 -0.0961 -0.7038
vn 0.7064 -0.0447 -0.7064
vn 0.6236 0.4714 0.6236
vn 0.6535 0.3820 0.6535
vn 0.6749 0.2985 0.6749
vn 0.6894 0.2224 0.6894
vn 0.6986 0.1548 0.6986
vn 0.7039 0.0956 0.7039
vn 0.7064 0.0446 0.7064
vn -0.6160 -0.4911 0.6160
vn -0.6498 -0.3943 0.6498
vn -0.6733 -0.3053 0.6733
vn -0.6888 -0.2258 0.6888
vn -0.6984 -0.1562 0.6984
vn -0.7038 -0.0961 0.7038
vn -0.7064 -0.0447 0.7064
vn -0.6236 0.4714 -0.6236
vn -0.6535 0.3820 -0.6535
vn -0.6749 0.2985 -0.6749
vn -0.6894 0.2224 -0.6894
vn -0.6986 0.1548 -0.6986
vn -0.7039 0.0956 -0.7039
vn -0.7064 0.0446 -0.7064
vn -0.5283 -0.0000 -0.8491
vn -0.3451 -0.0000 -0.9386
vn -0.1696 -0.0000 -0.9855
vn -0.0000 -0.0000 -1.0000
vn 0.1696 -0.0000 -0.9855
vn 0.3451 -0.0000 -0.9386
vn 0.5283 -0.0000 -0.8491
vn 0.5283 -0.0000 0.8491
vn 0.3451 -0.0000 0.9386
vn 0.1696 -0.0000 0.9855
vn -0.0000 -0.0000 1.0000
vn -0.1696 -0.0000 0.9855
vn -0.3451 -0.0000 0.9386
vn -0.5283 -0.0000 0.8491
vn -0.8491 -0.0000 0.5283
vn -0.9386 -0.0000 0.3451
vn -0.9855 -0.0000 0.1696
vn -1.0000 -0.0000 -0.0000
vn -0.9855 -0.0000 -0.1696
vn -0.9386 -0.0000 -0.3451
vn -0.8491 -0.0000 -0.5283
vn 0.8491 -0.0000 -0.5283
vn 0.9386 -0.0000 -0.3451
vn 0.9855 -0.0000 -0.1696
vn 1.0000 -0.0000 -0.0000
vn 0.9855 -0.0000 0.1696
vn 0.9386 -0.0000 0.3451
vn 0.8491 -0.0000 0.5283
vn 0.7064 0.0446 -0.7064
vn 0.7039 0.0956 -0.7039
vn 0.6986 0.1548 -0.6986
vn 0.6894 0.2224 -0.6894
vn 0.6749 0.2985 -0.6749
vn 0.6535 0.3820 -0.6535
vn 0.6236 0.4714 -0.6236
vn -0.7064 0.0446 0.7064
vn -0.7039 0.0956 0.7039
vn -0.6986 0.1548 0.6986
vn -0.6894 0.2224 0.6894
vn -0.6749 0.2985 0.6749
vn -0.6535 0.3820 0.6535
vn -0.6236 0.4714 0.6236
vn 0.2568 0.9317 0.2568
vn 0.3005 0.9052 0.3004
vn 0.3477 0.8708 0.3477
vn 0.3966 0.8279 0.3966
vn 0.4455 0.7765 0.4455
vn 0.4932 0.7166 0.4932
vn 0.5399 0.6457 0.5399
vn -0.2568 0.9317 -0.2568
vn -0.3005 0.9052 -0.3004
vn -0.3477 0.8708 -0.3477
vn -0.3966 0.8279 -0.3966
vn -0.4455 0.7765 -0.4455
vn -0.4932 0.7166 -0.4932
vn -0.5399 0.6457 -0.5399
vn -0.4375 0.5603 -0.7034
vn -0.2866 0.5565 -0.7799
vn -0.1412 0.5534 -0.8209
vn -0.0000 0.5522 -0.8337
vn 0.1412 0.5534 -0.8209
vn 0.2866 0.5565 -0.7799
vn 0.4375 0.5603 -0.7034
vn 0.4375 0.5603 0.7034
vn 0.2866 0.5565 0.7799
vn 0.1412 0.5534 0.8209
vn -0.0000 0.5522 0.8337
vn -0.1412 0.5534 0.8209
vn -0.2866 0.5565 0.7799
vn -0.4375 0.5603 0.7034
vn -0.7034 0.5603 0.4375
vn -0.7799 0.5565 0.2866
vn -0.8209 0.5534 0.1412
vn -0.8337 0.5522 -0.0000
vn -0.8209 0.5534 -0.1412
vn -0.7799 0.5565 -0.2866
vn -0.7034 0.5603 -0.4375
vn 0.7034 0.5603 -0.4375
vn 0.7799 0.5565 -0.2866
vn 0.8209 0.5534 -0.1412
vn 0.8337 0.5522 -0.0000
vn 0.8209 0.5534 0.1412
vn 0.7799 0.5565 0.2866
vn 0.7034 0.5603 0.4375
vn 0.7064 -0.0447 0.7064
vn 0.7038 -0.0961 0.7038
vn 0.6984 -0.1562 0.6984
vn 0.6888 -0.2258 0.6888
vn 0.6733 -0.3053 0.6733
vn 0.6498 -0.3943 0.6498
vn 0.6160 -0.4911 0.6160
vn -0.7064 -0.0447 -0.7064
vn -0.7038 -0.0961 -0.7038
vn -0.6984 -0.1562 -0.6984
vn -0.6888 -0.2258 -0.6888
vn -0.6733 -0.3053 -0.6733
vn -0.6498 -0.3943 -0.6498
vn -0.6160 -0.4911 -0.6160
vn 0.3492 -0.8695 -0.3492
vn 0.3579 -0.8625 -0.3579
vn 0.3758 -0.8471 -0.3758
vn 0.4015 -0.8232 -0.4015
vn 0.4344 -0.7890 -0.4344
vn 0.4744 -0.7415 -0.4744
vn 0.5210 -0.6761 -0.5210
vn -0.3492 -0.8695 0.3492
vn -0.3579 -0.8625 0.3579
vn -0.3758 -0.8471 0.3758
vn -0.4015 -0.8232 0.4015
vn -0.4344 -0.7890 0.4344
vn -0.4744 -0.7415 0.4744
vn -0.5210 -0.6761 0.5210
vn 0.6870 -0.5877 -0.4273
vn 0.7620 -0.5839 -0.2800
vn 0.8023 -0.5808 -0.1380
vn 0.8149 -0.5796 -0.0000
vn 0.8023 -0.5808 0.1380
vn 0.7620 -0.5839 0.2800
vn 0.6870 -0.5877 0.4273
vn -0.6870 -0.5877 0.4273
vn -0.7620 -0.5839 0.2800
vn -0.8023 -0.5808 0.1380
vn -0.8149 -0.5796 -0.0000
vn -0.8023 -0.5808 -0.1380
vn -0.7620 -0.5839 -0.2800
vn -0.6870 -0.5877 -0.4273
vn 0.4273 -0.5877 0.6870
vn 0.2800 -0.5839 0.7620
vn 0.1380 -0.5808 0.8023
vn -0.0000 -0.5796 0.8149
vn -0.1380 -0.5808 0.8023
vn -0.2800 -0.5839 0.7620
vn -0.4273 -0.5877 0.6870
vn -0.4273 -0.5877 -0.6870
vn -0.2800 -0.5839 -0.7620
vn -0.1380 -0.5808 -0.8023
vn -0.0000 -0.5796 -0.8149
vn 0.1380 -0.5808 -0.8023
vn 0.2800 -0.5839 -0.7620
vn 0.4273 -0.5877 -0.6870
vn -0.8229 0.2463 0.5121
vn -0.7880 0.3725 0.4903
vn -0.7541 0.4596 0.4691
vn -0.7218 0.5267 0.4490
vn -0.6893 0.5841 0.4287
vn -0.6535 0.6385 0.4064
vn -0.6101 0.6957 0.3793
vn -0.9102 0.2440 0.3348
vn -0.8722 0.3693 0.3207
vn -0.8354 0.4559 0.3070
vn -0.8002 0.5227 0.2941
vn -0.7646 0.5801 0.2809
vn -0.7254 0.6347 0.2665
vn -0.6776 0.6920 0.2489
vn -0.9562 0.2421 0.1646
vn -0.9169 0.3667 0.1578
vn -0.8786 0.4529 0.1511
vn -0.8421 0.5196 0.1448
vn -0.8050 0.5769 0.1384
vn -0.7642 0.6315 0.1314
vn -0.7143 0.6890 0.1228
vn -0.9704 0.2415 -0.0000
vn -0.9307 0.3657 -0.0000
vn -0.8921 0.4518 -0.0000
vn -0.8551 0.5184 -0.0000
vn -0.8177 0.5757 -0.0000
vn -0.7763 0.6303 -0.0000
vn -0.7258 0.6879 -0.0000
vn -0.9562 0.2421 -0.1646
vn -0.9169 0.3667 -0.1578
vn -0.8786 0.4529 -0.1511
vn -0.8421 0.5196 -0.1448
vn -0.8050 0.5769 -0.1384
vn -0.7642 0.6315 -0.1314
vn -0.7143 0.6890 -0.1228
vn -0.9102 0.2440 -0.3348
vn -0.8722 0.3693 -0.3207
vn -0.8354 0.4559 -0.3070
vn -0.8002 0.5227 -0.2941
vn -0.7646 0.5801 -0.2809
vn -0.7254 0.6347 -0.2665
vn -0.6776 0.6920 -0.2489
vn -0.8229 0.2463 -0.5121
vn -0.7880 0.3725 -0.4903
vn -0.7541 0.4596 -0.4691
vn -0.7218 0.5267 -0.4490
vn -0.6893 0.5841 -0.4287
vn -0.6535 0.6385 -0.4064
vn -0.6101 0.6957 -0.3793
vn -0.5121 0.2463 -0.8229
vn -0.4903 0.3725 -0.7880
vn -0.4691 0.4596 -0.7541
vn -0.4490 0.5267 -0.7218
vn -0.4287 0.5841 -0.6893
vn -0.4064 0.6385 -0.6535
vn -0.3793 0.6957 -0.6101
vn -0.3348 0.2440 -0.9102
vn -0.3207 0.3693 -0.8722
vn -0.3070 0.4559 -0.8354
vn -0.2941 0.5227 -0.8002
vn -0.2809 0.5801 -0.7646
vn -0.2665 0.6347 -0.7254
vn -0.2489 0.6920 -0.6776
vn -0.1646 0.2421 -0.9562
vn -0.1578 0.3667 -0.9169
vn -0.1511 0.4529 -0.8786
vn -0.1448 0.5196 -0.8421
vn -0.1384 0.5769 -0.8050
vn -0.1314 0.6315 -0.7642
vn -0.1228 0.6890 -0.7143
vn -0.0000 0.2415 -0.9704
vn -0.0000 0.3657 -0.9307
vn -0.0000 0.4518 -0.8921
vn -0.0000 0.5184 -0.8551
vn -0.0000 0.5757 -0.8177
vn -0.0000 0.6303 -0.7763
vn -0.0000 0.6879 -0.7258
vn 0.1646 0.2421 -0.9562
vn 0.1578 0.3667 -0.9169
vn 0.1511 0.4529 -0.8786
vn 0.1448 0.5196 -0.8421
vn 0.1384 0.5769 -0.8050
vn 0.1314 0.6315 -0.7642
vn 0.1228 0.6890 -0.7143
vn 0.3348 0.2440 -0.9102
vn 0.3207 0.3693 -0.8722
vn 0.3070 0.4559 -0.8354
vn 0.2941 0.5227 -0.8002
vn 0.2809 0.5801 -0.7646
vn 0.2665 0.6347 -0.7254
vn 0.2489 0.6920 -0.6776
vn 0.5121 0.2463 -0.8229
vn 0.4903 0.3725 -0.7880
vn 0.4691 0.4596 -0.7541
vn 0.4490 0.5267 -0.7218
vn 0.4287 0.5841 -0.6893
vn 0.4064 0.6385 -0.6535
vn 0.3793 0.6957 -0.6101
vn 0.8229 0.2463 -0.5121
vn 0.7880 0.3725 -0.4903
vn 0.7541 0.4596 -0.4691
vn 0.7218 0.5267 -0.4490
vn 0.6893 0.5841 -0.4287
vn 0.6535 0.6385 -0.4064
vn 0.6101 0.6957 -0.3793
vn 0.9102 0.2440 -0.3348
vn 0.8722 0.3693 -0.3207
vn 0.8354 0.4559 -0.3070
vn 0.8002 0.5227 -0.2941
vn 0.7646 0.5801 -0.2809
vn 0.7254 0.6347 -0.2665
vn 0.6776 0.6920 -0.2489
vn 0.9562 0.2421 -0.1646
vn 0.9169 0.3667 -0.1578
vn 0.8786 0.4529 -0.1511
vn 0.8421 0.5196 -0.1448
vn 0.8050 0.5769 -0.1384
vn 0.7642 0.6315 -0.1314
vn 0.7143 0.6890 -0.1228
vn 0.9704 0.2415 -0.0000
vn 0.9307 0.3657 -0.0000
vn 0.8921 0.4518 -0.0000
vn 0.8551 0.5184 -0.0000
vn 0.8177 0.5757 -0.0000
vn 0.7763 0.6303 -0.0000
vn 0.7258 0.6879 -0.0000
vn 0.9562 0.2421 0.1646
vn 0.9169 0.3667 0.1578
vn 0.8786 0.4529 0.1511
vn 0.8421 0.5196 0.1448
vn 0.8050 0.5769 0.1384
vn 0.7642 0.6315 0.1314
vn 0.7143 0.6890 0.1228
vn 0.9102 0.2440 0.3348
vn 0.8722 0.3693 0.3207
vn 0.8354 0.4559 0.3070
vn 0.8002 0.5227 0.2941
vn 0.7646 0.5801 0.2809
vn 0.7254 0.6347 0.2665
vn 0.6776 0.6920 0.2489
vn 0.8229 0.2463 0.5121
vn 0.7880 0.3725 0.4903
vn 0.7541 0.4596 0.4691
vn 0.7218 0.5267 0.4490
vn 0.6893 0.5841 0.4287
vn 0.6535 0.6385 0.4064
vn 0.6101 0.6957 0.3793
vn 0.5121 0.2463 0.8229
vn 0.4903 0.3725 0.7880
vn 0.4691 0.4596 0.7541
vn 0.4490 0.5267 0.7218
vn 0.4287 0.5841 0.6893
vn 0.4064 0.6385 0.6535
vn 0.3793 0.6957 0.6101
vn 0.3348 0.2440 0.9102
vn 0.3207 0.3693 0.8722
vn 0.3070 0.4559 0.8354
vn 0.2941 0.5227 0.8002
vn 0.2809 0.5801 0.7646
vn 0.2665 0.6347 0.7254
vn 0.2489 0.6920 0.6776
vn 0.1646 0.2421 0.9562
vn 0.1578 0.3667 0.9169
vn 0.1511 0.4529 0.8786
vn 0.1448 0.5196 0.8421
vn 0.1384 0.5769 0.8050
vn 0.1314 0.6315 0.7642
vn 0.1228 0.6890 0.7143
vn -0.0000 0.2415 0.9704
vn -0.0000 0.3657 0.9307
vn -0.0000 0.4518 0.8921
vn -0.0000 0.5184 0.8551
vn -0.0000 0.5757 0.8177
vn -0.0000 0.6303 0.7763
vn -0.0000 0.6879 0.7258
vn -0.1646 0.2421 0.9562
vn -0.1578 0.3667 0.9169
vn -0.1511 0.4529 0.8786
vn -0.1448 0.5196 0.8421
vn -0.1384 0.5769 0.8050
vn -0.1314 0.6315 0.7642
vn -0.1228 0.6890 0.7143
vn -0.3348 0.2440 0.9102
vn -0.3207 0.3693 0.8722
vn -0.3070 0.4559 0.8354
vn -0.2941 0.5227 0.8002
vn -0.2809 0.5801 0.7646
vn -0.2665 0.6347 0.7254
vn -0.2489 0.6920 0.6776
vn -0.5121 0.2463 0.8229
vn -0.4903 0.3725 0.7880
vn -0.4691 0.4596 0.7541
vn -0.4490 0.5267 0.7218
vn -0.4287 0.5841 0.6893
vn -0.4064 0.6385 0.6535
vn -0.3793 0.6957 0.6101
vn 0.8316 -0.2003 -0.5179
vn 0.9199 -0.1976 -0.3387
vn 0.9665 -0.1952 -0.1666
vn 0.9810 -0.1942 -0.0000
vn 0.9665 -0.1952 0.1666
vn 0.9199 -0.1976 0.3387
vn 0.8316 -0.2003 0.5179
vn 0.6895 -0.5835 -0.4292
vn 0.7652 -0.5789 -0.2816
vn 0.8066 -0.5746 -0.1389
vn 0.8197 -0.5729 -0.0000
vn 0.8066 -0.5746 0.1389
vn 0.7652 -0.5789 0.2816
vn 0.6895 -0.5835 0.4292
vn 0.4058 -0.8785 -0.2521
vn 0.4535 -0.8756 -0.1664
vn 0.4811 -0.8728 -0.0826
vn 0.4901 -0.8716 -0.0000
vn 0.4811 -0.8728 0.0826
vn 0.4535 -0.8756 0.1664
vn 0.4058 -0.8785 0.2521
vn 0.1972 -0.9726 -0.1227
vn 0.2214 -0.9718 -0.0814
vn 0.2359 -0.9709 -0.0407
vn 0.2408 -0.9706 -0.0000
vn 0.2359 -0.9709 0.0407
vn 0.2214 -0.9718 0.0814
vn 0.1972 -0.9726 0.1227
vn 0.0997 -0.9931 -0.0624
vn 0.1108 -0.9930 -0.0412
vn 0.1173 -0.9929 -0.0206
vn 0.1195 -0.9928 -0.0000
vn 0.1173 -0.9929 0.0206
vn 0.1108 -0.9930 0.0412
vn 0.0997 -0.9931 0.0624
vn 0.0551 -0.9979 -0.0349
vn 0.0594 -0.9980 -0.0228
vn 0.0616 -0.9980 -0.0113
vn 0.0624 -0.9981 -0.0000
vn 0.0616 -0.9980 0.0113
vn 0.0594 -0.9980 0.0228
vn 0.0551 -0.9979 0.0349
vn 0.0322 -0.9993 -0.0210
vn 0.0333 -0.9994 -0.0137
vn 0.0339 -0.9994 -0.0068
vn 0.0341 -0.9994 -0.0000
vn 0.0339 -0.9994 0.0068
vn 0.0333 -0.9994 0.0137
vn 0.0322 -0.9993 0.0210
vn 0.4820 0.8234 0.2996
vn 0.5363 0.8207 0.1969
vn 0.5661 0.8186 0.0972
vn 0.5755 0.8178 -0.0000
vn 0.5661 0.8186 -0.0972
vn 0.5363 0.8207 -0.1969
vn 0.4820 0.8234 -0.2996
vn 0.4058 0.8785 0.2522
vn 0.4519 0.8765 0.1658
vn 0.4773 0.8749 0.0820
vn 0.4854 0.8743 -0.0000
vn 0.4773 0.8749 -0.0820
vn 0.4519 0.8765 -0.1658
vn 0.4058 0.8785 -0.2522
vn 0.3314 0.9207 0.2059
vn 0.3693 0.9194 0.1355
vn 0.3903 0.9182 0.0670
vn 0.3970 0.9178 -0.0000
vn 0.3903 0.9182 -0.0670
vn 0.3693 0.9194 -0.1355
vn 0.3314 0.9207 -0.2059
vn 0.2656 0.9498 0.1650
vn 0.2962 0.9489 0.1086
vn 0.3131 0.9482 0.0537
vn 0.3185 0.9479 -0.0000
vn 0.3131 0.9482 -0.0537
vn 0.2962 0.9489 -0.1086
vn 0.2656 0.9498 -0.1650
vn 0.2158 0.9672 0.1340
vn 0.2407 0.9666 0.0883
vn 0.2546 0.9661 0.0437
vn 0.2590 0.9659 -0.0000
vn 0.2546 0.9661 -0.0437
vn 0.2407 0.9666 -0.0883
vn 0.2158 0.9672 -0.1340
vn 0.1906 0.9745 0.1185
vn 0.2128 0.9740 0.0781
vn 0.2252 0.9735 0.0387
vn 0.2292 0.9734 -0.0000
vn 0.2252 0.9735 -0.0387
vn 0.2128 0.9740 -0.0781
vn 0.1906 0.9745 -0.1185
vn 0.2033 0.9709 0.1264
vn 0.2271 0.9703 0.0834
vn 0.2405 0.9698 0.0414
vn 0.2448 0.9696 -0.0000
vn 0.2405 0.9698 -0.0414
vn 0.2271 0.9703 -0.0834
vn 0.2033 0.9709 -0.1264
vn -0.0125 -0.9998 -0.0125
vn -0.0079 -0.9999 -0.0122
vn -0.0039 -0.9999 -0.0120
vn -0.0000 -0.9999 -0.0120
vn 0.0039 -0.9999 -0.0120
vn 0.0079 -0.9999 -0.0122
vn 0.0125 -0.9998 -0.0125
vn -0.0122 -0.9999 -0.0079
vn -0.0074 -0.9999 -0.0074
vn -0.0036 -1.0000 -0.0071
vn -0.0000 -1.0000 -0.0071
vn 0.0036 -1.0000 -0.0071
vn 0.0074 -0.9999 -0.0074
vn 0.0122 -0.9999 -0.0079
vn -0.0120 -0.9999 -0.0039
vn -0.0071 -1.0000 -0.0036
vn -0.0034 -1.0000 -0.0034
vn -0.0000 -1.0000 -0.0033
vn 0.0034 -1.0000 -0.0034
vn 0.0071 -1.0000 -0.0036
vn 0.0120 -0.9999 -0.0039
vn -0.0120 -0.9999 -0.0000
vn -0.0071 -1.0000 -0.0000
vn -0.0033 -1.0000 -0.0000
vn -0.0000 -1.0000 -0.0000
vn 0.0033 -1.0000 -0.0000
vn 0.0071 -1.0000 -0.0000
vn 0.0120 -0.9999 -0.0000
vn -0.0120 -0.9999 0.0039
vn -0.0071 -1.0000 0.0036
vn -0.0034 -1.0000 0.0034
vn -0.0000 -1.0000 0.0033
vn 0.0034 -1.0000 0.0034
vn 0.0071 -1.0000 0.0036
vn 0.0120 -0.9999 0.0039
vn -0.0122 -0.9999 0.0079
vn -0.0074 -0.9999 0.0074
vn -0.0036 -1.0000 0.0071
vn -0.0000 -1.0000 0.0071
vn 0.0036 -1.0000 0.0071
vn 0.0074 -0.9999 0.0074
vn 0.0122 -0.9999 0.0079
vn -0.0125 -0.9998 0.0125
vn -0.0079 -0.9999 0.0122
vn -0.0039 -0.9999 0.0120
vn -0.0000 -0.9999 0.0120
vn 0.0039 -0.9999 0.0120
vn 0.0079 -0.9999 0.0122
vn 0.0125 -0.9998 0.0125
vn 0.5179 -0.2003 0.8316
vn 0.3387 -0.1976 0.9199
vn 0.1666 -0.1952 0.9665
vn -0.0000 -0.1942 0.9810
vn -0.1666 -0.1952 0.9665
vn -0.3387 -0.1976 0.9199
vn -0.5179 -0.2003 0.8316
vn 0.4292 -0.5835 0.6895
vn 0.2816 -0.5789 0.7652
vn 0.1389 -0.5746 0.8066
vn -0.0000 -0.5729 0.8197
vn -0.1389 -0.5746 0.8066
vn -0.2816 -0.5789 0.7652
vn -0.4292 -0.5835 0.6895
vn 0.2521 -0.8785 0.4058
vn 0.1664 -0.8756 0.4535
vn 0.0826 -0.8728 0.4811
vn -0.0000 -0.8716 0.4901
vn -0.0826 -0.8728 0.4811
vn -0.1664 -0.8756 0.4535
vn -0.2521 -0.8785 0.4058
vn 0.1227 -0.9726 0.1972
vn 0.0814 -0.9718 0.2214
vn 0.0407 -0.9709 0.2359
vn -0.0000 -0.9706 0.2408
vn -0.0407 -0.9709 0.2359
vn -0.0814 -0.9718 0.2214
vn -0.1227 -0.9726 0.1972
vn 0.0624 -0.9931 0.0997
vn 0.0412 -0.9930 0.1108
vn 0.0206 -0.9929 0.1173
vn -0.0000 -0.9928 0.1195
vn -0.0206 -0.9929 0.1173
vn -0.0412 -0.9930 0.1108
vn -0.0624 -0.9931 0.0997
vn 0.0349 -0.9979 0.0551
vn 0.0228 -0.9980 0.0594
vn 0.0113 -0.9980 0.0616
vn -0.0000 -0.9981 0.0624
vn -0.0113 -0.9980 0.0616
vn -0.0228 -0.9980 0.0594
vn -0.0349 -0.9979 0.0551
vn 0.0210 -0.9993 0.0322
vn 0.0137 -0.9994 0.0333
vn 0.0068 -0.9994 0.0339
vn -0.0000 -0.9994 0.0341
vn -0.0069 -0.9994 0.0339
vn -0.0137 -0.9994 0.0333
vn -0.0210 -0.9993 0.0322
vn -0.5179 -0.2003 -0.8316
vn -0.3387 -0.1976 -0.9199
vn -0.1666 -0.1952 -0.9665
vn -0.0000 -0.1942 -0.9810
vn 0.1666 -0.1952 -0.9665
vn 0.3387 -0.1976 -0.9199
vn 0.5179 -0.2003 -0.8316
vn -0.4292 -0.5835 -0.6895
vn -0.2816 -0.5789 -0.7652
vn -0.1389 -0.5746 -0.8066
vn -0.0000 -0.5729 -0.8197
vn 0.1389 -0.5746 -0.8066
vn 0.2816 -0.5789 -0.7652
vn 0.4292 -0.5835 -0.6895
vn -0.2521 -0.8785 -0.4058
vn -0.1664 -0.8756 -0.4535
vn -0.0826 -0.8728 -0.4811
vn -0.0000 -0.8717 -0.4901
vn 0.0826 -0.8728 -0.4811
vn 0.1664 -0.8756 -0.4535
vn 0.2521 -0.8785 -0.4058
vn -0.1227 -0.9726 -0.1972
vn -0.0814 -0.9718 -0.2214
vn -0.0407 -0.9709 -0.2359
vn -0.0000 -0.9706 -0.2408
vn 0.0407 -0.9709 -0.2359
vn 0.0815 -0.9718 -0.2214
vn 0.1227 -0.9726 -0.1972
vn -0.0624 -0.9931 -0.0997
vn -0.0412 -0.9930 -0.1108
vn -0.0206 -0.9929 -0.1173
vn -0.0000 -0.9928 -0.1195
vn 0.0206 -0.9929 -0.1173
vn 0.0412 -0.9930 -0.1108
vn 0.0624 -0.9931 -0.0997
vn -0.0349 -0.9979 -0.0551
vn -0.0228 -0.9980 -0.0594
vn -0.0113 -0.9980 -0.0616
vn -0.0000 -0.9981 -0.0624
vn 0.0113 -0.9980 -0.0616
vn 0.0228 -0.9980 -0.0594
vn 0.0349 -0.9979 -0.0551
vn -0.0210 -0.9993 -0.0322
vn -0.0137 -0.9994 -0.0333
vn -0.0068 -0.9994 -0.0339
vn -0.0000 -0.9994 -0.0341
vn 0.0068 -0.9994 -0.0339
vn 0.0137 -0.9994 -0.0333
vn 0.0210 -0.9993 -0.0322
vn -0.8316 -0.2003 0.5179
vn -0.9199 -0.1976 0.3387
vn -0.9665 -0.1952 0.1666
vn -0.9810 -0.1942 -0.0000
vn -0.9665 -0.1952 -0.1666
vn -0.9199 -0.1976 -0.3387
vn -0.8316 -0.2003 -0.5179
vn -0.6895 -0.5835 0.4292
vn -0.7652 -0.5789 0.2816
vn -0.8066 -0.5746 0.1389
vn -0.8197 -0.5729 -0.0000
vn -0.8066 -0.5746 -0.1389
vn -0.7652 -0.5789 -0.2816
vn -0.6895 -0.5835 -0.4292
vn -0.4058 -0.8785 0.2521
vn -0.4535 -0.8756 0.1664
vn -0.4811 -0.8728 0.0826
vn -0.4901 -0.8717 -0.0000
vn -0.4811 -0.8728 -0.0826
vn -0.4535 -0.8756 -0.1664
vn -0.4058 -0.8785 -0.2521
vn -0.1972 -0.9726 0.1227
vn -0.2214 -0.9718 0.0814
vn -0.2359 -0.9709 0.0407
vn -0.2408 -0.9706 -0.0000
vn -0.2359 -0.9709 -0.0407
vn -0.2214 -0.9718 -0.0814
vn -0.1972 -0.9726 -0.1227
vn -0.0997 -0.9931 0.0624
vn -0.1108 -0.9930 0.0412
vn -0.1173 -0.9929 0.0206
vn -0.1195 -0.9928 -0.0000
vn -0.1173 -0.9929 -0.0206
vn -0.1108 -0.9930 -0.0412
vn -0.0997 -0.9931 -0.0624
vn -0.0551 -0.9979 0.0349
vn -0.0594 -0.9980 0.0228
vn -0.0616 -0.9980 0.0113
vn -0.0624 -0.9981 -0.0000
vn -0.0616 -0.9980 -0.0113
vn -0.0594 -0.9980 -0.0228
vn -0.0551 -0.9979 -0.0349
vn -0.0322 -0.9993 0.0210
vn -0.0333 -0.9994 0.0137
vn -0.0339 -0.9994 0.0068
vn -0.0341 -0.9994 -0.0000
vn -0.0339 -0.9994 -0.0069
vn -0.0333 -0.9994 -0.0137
vn -0.0322 -0.9993 -0.0210
vn 0.2570 0.8736 0.4132
vn 0.3399 0.7653 0.5466
vn 0.4722 0.4464 0.7601
vn 0.5201 -0.1663 0.8377
vn 0.4032 -0.6457 0.6485
vn 0.2952 -0.8292 0.4747
vn 0.2356 -0.8949 0.3789
vn 0.1693 0.8712 0.4609
vn 0.2235 0.7614 0.6085
vn 0.3089 0.4421 0.8421
vn 0.3394 -0.1645 0.9262
vn 0.2645 -0.6411 0.7204
vn 0.1944 -0.8261 0.5290
vn 0.1553 -0.8929 0.4227
vn 0.0838 0.8692 0.4873
vn 0.1104 0.7584 0.6424
vn 0.1520 0.4389 0.8856
vn 0.1667 -0.1631 0.9724
vn 0.1305 -0.6375 0.7593
vn 0.0961 -0.8236 0.5590
vn 0.0769 -0.8912 0.4470
vn -0.0000 0.8685 0.4957
vn -0.0000 0.7573 0.6531
vn -0.0000 0.4377 0.8991
vn -0.0000 -0.1626 0.9867
vn -0.0000 -0.6362 0.7715
vn -0.0000 -0.8227 0.5685
vn -0.0000 -0.8906 0.4548
vn -0.0838 0.8692 0.4873
vn -0.1104 0.7584 0.6424
vn -0.1520 0.4389 0.8856
vn -0.1667 -0.1631 0.9724
vn -0.1305 -0.6375 0.7593
vn -0.0961 -0.8236 0.5590
vn -0.0769 -0.8912 0.4470
vn -0.1693 0.8712 0.4609
vn -0.2235 0.7614 0.6085
vn -0.3089 0.4421 0.8421
vn -0.3394 -0.1645 0.9262
vn -0.2645 -0.6411 0.7204
vn -0.1944 -0.8261 0.5290
vn -0.1553 -0.8929 0.4227
vn -0.2570 0.8736 0.4132
vn -0.3399 0.7653 0.5466
vn -0.4722 0.4464 0.7601
vn -0.5201 -0.1664 0.8377
vn -0.4032 -0.6457 0.6485
vn -0.2952 -0.8292 0.4747
vn -0.2356 -0.8949 0.3789
vn 0.4132 0.8736 -0.2570
vn 0.5466 0.7653 -0.3399
vn 0.7601 0.4464 -0.4722
vn 0.8377 -0.1663 -0.5201
vn 0.6485 -0.6457 -0.4032
vn 0.4747 -0.8292 -0.2952
vn 0.3789 -0.8949 -0.2356
vn 0.4609 0.8712 -0.1693
vn 0.6085 0.7614 -0.2235
vn 0.8421 0.4421 -0.3089
vn 0.9262 -0.1645 -0.3394
vn 0.7204 -0.6411 -0.2645
vn 0.5290 -0.8261 -0.1944
vn 0.4227 -0.8929 -0.1553
vn 0.4873 0.8692 -0.0838
vn 0.6424 0.7584 -0.1104
vn 0.8856 0.4389 -0.1520
vn 0.9724 -0.1631 -0.1667
vn 0.7593 -0.6375 -0.1305
vn 0.5590 -0.8236 -0.0961
vn 0.4470 -0.8912 -0.0769
vn 0.4957 0.8685 -0.0000
vn 0.6531 0.7573 -0.0000
vn 0.8991 0.4377 -0.0000
vn 0.9867 -0.1626 -0.0000
vn 0.7715 -0.6362 -0.0000
vn 0.5685 -0.8227 -0.0000
vn 0.4548 -0.8906 -0.0000
vn 0.4873 0.8692 0.0838
vn 0.6424 0.7584 0.1104
vn 0.8856 0.4389 0.1520
vn 0.9724 -0.1631 0.1667
vn 0.7593 -0.6375 0.1305
vn 0.5590 -0.8236 0.0961
vn 0.4470 -0.8912 0.0769
vn 0.4609 0.8712 0.1693
vn 0.6085 0.7614 0.2235
vn 0.8421 0.4421 0.3089
vn 0.9262 -0.1645 0.3394
vn 0.7204 -0.6411 0.2645
vn 0.5290 -0.8261 0.1944
vn 0.4227 -0.8929 0.1553
vn 0.4132 0.8736 0.2570
vn 0.5466 0.7653 0.3399
vn 0.7601 0.4464 0.4722
vn 0.8377 -0.1664 0.5201
vn 0.6485 -0.6457 0.4032
vn 0.4747 -0.8292 0.2952
vn 0.3789 -0.8949 0.2356
vn -0.2570 0.8736 -0.4132
vn -0.3399 0.7653 -0.5466
vn -0.4722 0.4464 -0.7601
vn -0.5201 -0.1663 -0.8377
vn -0.4032 -0.6457 -0.6485
vn -0.2952 -0.8292 -0.4747
vn -0.2356 -0.8949 -0.3789
vn -0.1693 0.8712 -0.4609
vn -0.2235 0.7614 -0.6085
vn -0.3089 0.4421 -0.8421
vn -0.3394 -0.1645 -0.9262
vn -0.2645 -0.6411 -0.7204
vn -0.1944 -0.8261 -0.5290
vn -0.1553 -0.8929 -0.4227
vn -0.0838 0.8692 -0.4873
vn -0.1104 0.7584 -0.6424
vn -0.1520 0.4389 -0.8856
vn -0.1667 -0.1631 -0.9724
vn -0.1305 -0.6375 -0.7593
vn -0.0961 -0.8236 -0.5590
vn -0.0769 -0.8912 -0.4470
vn -0.0000 0.8685 -0.4957
vn -0.0000 0.7573 -0.6531
vn -0.0000 0.4377 -0.8991
vn -0.0000 -0.1626 -0.9867
vn -0.0000 -0.6362 -0.7715
vn -0.0000 -0.8227 -0.5685
vn -0.0000 -0.8906 -0.4548
vn 0.0838 0.8692 -0.4873
vn 0.1104 0.7584 -0.6424
vn 0.1520 0.4389 -0.8856
vn 0.1667 -0.1631 -0.9724
vn 0.1305 -0.6375 -0.7593
vn 0.0961 -0.8236 -0.5590
vn 0.0769 -0.8912 -0.4470
vn 0.1693 0.8712 -0.4609
vn 0.2235 0.7614 -0.6085
vn 0.3089 0.4421 -0.8421
vn 0.3394 -0.1645 -0.9262
vn 0.2645 -0.6411 -0.7204
vn 0.1944 -0.8261 -0.5290
vn 0.1553 -0.8929 -0.4227
vn 0.2570 0.8736 -0.4132
vn 0.3399 0.7653 -0.5466
vn 0.4722 0.4464 -0.7601
vn 0.5201 -0.1664 -0.8377
vn 0.4032 -0.6457 -0.6485
vn 0.2952 -0.8292 -0.4747
vn 0.2356 -0.8949 -0.3789
vn -0.4132 0.8736 0.2570
vn -0.5466 0.7653 0.3399
vn -0.7601 0.4464 0.4722
vn -0.8377 -0.1663 0.5201
vn -0.6485 -0.6457 0.4032
vn -0.4747 -0.8292 0.2952
vn -0.3789 -0.8949 0.2356
vn -0.4609 0.8712 0.1693
vn -0.6085 0.7614 0.2235
vn -0.8421 0.4421 0.3089
vn -0.9262 -0.1645 0.3394
vn -0.7204 -0.6411 0.2645
vn -0.5290 -0.8261 0.1944
vn -0.4227 -0.8929 0.1553
vn -0.4873 0.8692 0.0838
vn -0.6424 0.7584 0.1104
vn -0.8856 0.4389 0.1520
vn -0.9724 -0.1631 0.1667
vn -0.7593 -0.6375 0.1305
vn -0.5590 -0.8236 0.0961
vn -0.4470 -0.8912 0.0769
vn -0.4957 0.8685 -0.0000
vn -0.6531 0.7573 -0.0000
vn -0.8991 0.4377 -0.0000
vn -0.9867 -0.1626 -0.0000
vn -0.7715 -0.6362 -0.0000
vn -0.5685 -0.8227 -0.0000
vn -0.4548 -0.8906 -0.0000
vn -0.4873 0.8692 -0.0838
vn -0.6424 0.7584 -0.1104
vn -0.8856 0.4389 -0.1520
vn -0.9724 -0.1631 -0.1667
vn -0.7593 -0.6375 -0.1305
vn -0.5590 -0.8236 -0.0961
vn -0.4470 -0.8912 -0.0769
vn -0.4609 0.8712 -0.1693
vn -0.6085 0.7614 -0.2235
vn -0.8421 0.4421 -0.3089
vn -0.9262 -0.1645 -0.3394
vn -0.7204 -0.6411 -0.2645
vn -0.5290 -0.8261 -0.1944
vn -0.4227 -0.8929 -0.1553
vn -0.4132 0.8736 -0.2570
vn -0.5466 0.7653 -0.3399
vn -0.7601 0.4464 -0.4722
vn -0.8377 -0.1663 -0.5201
vn -0.6485 -0.6457 -0.4032
vn -0.4747 -0.8292 -0.2952
vn -0.3789 -0.8949 -0.2356
vn 0.2008 -0.9248 0.3230
vn 0.2211 -0.9080 0.3558
vn 0.2626 -0.8675 0.4225
vn 0.3229 -0.7911 0.5195
vn 0.3970 -0.6595 0.6383
vn 0.4697 -0.4581 0.7547
vn 0.5176 -0.2022 0.8314
vn 0.1322 -0.9234 0.3603
vn 0.1455 -0.9064 0.3966
vn 0.1726 -0.8654 0.4704
vn 0.2120 -0.7883 0.5775
vn 0.2603 -0.6561 0.7083
vn 0.3074 -0.4549 0.8358
vn 0.3384 -0.2004 0.9194
vn 0.0654 -0.9223 0.3810
vn 0.0720 -0.9051 0.4191
vn 0.0853 -0.8637 0.4968
vn 0.1047 -0.7860 0.6093
vn 0.1283 -0.6533 0.7461
vn 0.1513 -0.4522 0.8790
vn 0.1663 -0.1990 0.9658
vn -0.0000 -0.9218 0.3876
vn -0.0000 -0.9046 0.4263
vn -0.0000 -0.8630 0.5051
vn -0.0000 -0.7852 0.6193
vn -0.0000 -0.6523 0.7580
vn -0.0000 -0.4512 0.8924
vn -0.0000 -0.1985 0.9801
vn -0.0654 -0.9223 0.3810
vn -0.0720 -0.9051 0.4191
vn -0.0853 -0.8637 0.4968
vn -0.1047 -0.7860 0.6093
vn -0.1283 -0.6533 0.7461
vn -0.1513 -0.4522 0.8790
vn -0.1663 -0.1990 0.9658
vn -0.1322 -0.9234 0.3603
vn -0.1455 -0.9064 0.3966
vn -0.1726 -0.8654 0.4704
vn -0.2120 -0.7883 0.5775
vn -0.2603 -0.6561 0.7083
vn -0.3074 -0.4549 0.8358
vn -0.3383 -0.2004 0.9194
vn -0.2008 -0.9248 0.3230
vn -0.2211 -0.9080 0.3558
vn -0.2626 -0.8675 0.4225
vn -0.3229 -0.7911 0.5195
vn -0.3970 -0.6595 0.6383
vn -0.4697 -0.4581 0.7547
vn -0.5176 -0.2022 0.8314
vn 0.3230 -0.9248 -0.2008
vn 0.3558 -0.9080 -0.2211
vn 0.4225 -0.8675 -0.2626
vn 0.5195 -0.7911 -0.3229
vn 0.6383 -0.6595 -0.3970
vn 0.7547 -0.4581 -0.4697
vn 0.8314 -0.2022 -0.5176
vn 0.3603 -0.9234 -0.1322
vn 0.3966 -0.9064 -0.1455
vn 0.4704 -0.8654 -0.1726
vn 0.5775 -0.7883 -0.2120
vn 0.7083 -0.6561 -0.2603
vn 0.8358 -0.4549 -0.3074
vn 0.9194 -0.2004 -0.3384
vn 0.3810 -0.9223 -0.0654
vn 0.4191 -0.9051 -0.0720
vn 0.4968 -0.8637 -0.0853
vn 0.6093 -0.7860 -0.1047
vn 0.7461 -0.6533 -0.1283
vn 0.8790 -0.4522 -0.1513
vn 0.9658 -0.1990 -0.1663
vn 0.3876 -0.9218 -0.0000
vn 0.4263 -0.9046 -0.0000
vn 0.5051 -0.8630 -0.0000
vn 0.6193 -0.7852 -0.0000
vn 0.7580 -0.6523 -0.0000
vn 0.8924 -0.4512 -0.0000
vn 0.9801 -0.1985 -0.0000
vn 0.3810 -0.9223 0.0654
vn 0.4191 -0.9051 0.0720
vn 0.4968 -0.8637 0.0853
vn 0.6093 -0.7860 0.1047
vn 0.7461 -0.6533 0.1283
vn 0.8790 -0.4522 0.1513
vn 0.9658 -0.1990 0.1663
vn 0.3603 -0.9234 0.1322
vn 0.3966 -0.9064 0.1455
vn 0.4704 -0.8654 0.1726
vn 0.5775 -0.7883 0.2120
vn 0.7083 -0.6561 0.2603
vn 0.8358 -0.4549 0.3074
vn 0.9194 -0.2004 0.3384
vn 0.3230 -0.9248 0.2008
vn 0.3558 -0.9080 0.2211
vn 0.4225 -0.8675 0.2626
vn 0.5195 -0.7911 0.3229
vn 0.6383 -0.6595 0.3970
vn 0.7547 -0.4581 0.4697
vn 0.8314 -0.2022 0.5176
vn -0.2008 -0.9248 -0.3230
vn -0.2211 -0.9080 -0.3558
vn -0.2626 -0.8675 -0.4225
vn -0.3229 -0.7911 -0.5195
vn -0.3970 -0.6595 -0.6383
vn -0.4697 -0.4581 -0.7547
vn -0.5176 -0.2022 -0.8314
vn -0.1322 -0.9234 -0.3603
vn -0.1455 -0.9064 -0.3966
vn -0.1726 -0.8654 -0.4704
vn -0.2120 -0.7883 -0.5775
vn -0.2603 -0.6561 -0.7083
vn -0.3074 -0.4549 -0.8358
vn -0.3384 -0.2004 -0.9194
vn -0.0654 -0.9223 -0.3810
vn -0.0720 -0.9051 -0.4191
vn -0.0853 -0.8637 -0.4968
vn -0.1047 -0.7860 -0.6093
vn -0.1283 -0.6533 -0.7461
vn -0.1513 -0.4522 -0.8790
vn -0.1663 -0.1990 -0.9658
vn -0.0000 -0.9218 -0.3876
vn -0.0000 -0.9046 -0.4263
vn -0.0000 -0.8630 -0.5051
vn -0.0000 -0.7852 -0.6193
vn -0.0000 -0.6523 -0.7580
vn -0.0000 -0.4512 -0.8924
vn -0.0000 -0.1985 -0.9801
vn 0.0654 -0.9223 -0.3810
vn 0.0720 -0.9051 -0.4191
vn 0.0853 -0.8637 -0.4968
vn 0.1047 -0.7860 -0.6093
vn 0.1283 -0.6533 -0.7461
vn 0.1513 -0.4522 -0.8790
vn 0.1663 -0.1990 -0.9658
vn 0.1322 -0.9234 -0.3603
vn 0.1455 -0.9064 -0.3966
vn 0.1726 -0.8654 -0.4704
vn 0.2120 -0.7883 -0.5775
vn 0.2603 -0.6561 -0.7083
vn 0.3074 -0.4549 -0.8358
vn 0.3384 -0.2004 -0.9194
vn 0.2008 -0.9248 -0.3230
vn 0.2211 -0.9080 -0.3558
vn 0.2626 -0.8675 -0.4225
vn 0.3229 -0.7911 -0.5195
vn 0.3970 -0.6595 -0.6383
vn 0.4697 -0.4581 -0.7547
vn 0.5176 -0.2022 -0.8314
vn -0.3230 -0.9248 0.2008
vn -0.3558 -0.9080 0.2211
vn -0.4225 -0.8675 0.2626
vn -0.5195 -0.7911 0.3229
vn -0.6383 -0.6595 0.3970
vn -0.7547 -0.4581 0.4697
vn -0.8314 -0.2022 0.5176
vn -0.3603 -0.9234 0.1322
vn -0.3966 -0.9064 0.1455
vn -0.4704 -0.8654 0.1726
vn -0.5775 -0.7883 0.2120
vn -0.7083 -0.6561 0.2603
vn -0.8358 -0.4549 0.3074
vn -0.9194 -0.2004 0.3384
vn -0.3810 -0.9223 0.0654
vn -0.4191 -0.9051 0.0720
vn -0.4968 -0.8637 0.0853
vn -0.6093 -0.7860 0.1047
vn -0.7461 -0.6533 0.1283
vn -0.8790 -0.4522 0.1513
vn -0.9658 -0.1990 0.1663
vn -0.3876 -0.9218 -0.0000
vn -0.4263 -0.9046 -0.0000
vn -0.5051 -0.8630 -0.0000
vn -0.6193 -0.7852 -0.0000
vn -0.7580 -0.6523 -0.0000
vn -0.8924 -0.4512 -0.0000
vn -0.9801 -0.1985 -0.0000
vn -0.3810 -0.9223 -0.0654
vn -0.4191 -0.9051 -0.0720
vn -0.4968 -0.8637 -0.0853
vn -0.6093 -0.7860 -0.1047
vn -0.7461 -0.6533 -0.1283
vn -0.8790 -0.4522 -0.1513
vn -0.9658 -0.1990 -0.1663
vn -0.3603 -0.9234 -0.1322
vn -0.3966 -0.9064 -0.1455
vn -0.4704 -0.8654 -0.1726
vn -0.5775 -0.7883 -0.2120
vn -0.7083 -0.6561 -0.2603
vn -0.8358 -0.4549 -0.3074
vn -0.9194 -0.2004 -0.3384
vn -0.3230 -0.9248 -0.2008
vn -0.3558 -0.9080 -0.2211
vn -0.4225 -0.8675 -0.2626
vn -0.5195 -0.7911 -0.3229
vn -0.6383 -0.6595 -0.3970
vn -0.7547 -0.4581 -0.4697
vn -0.8314 -0.2022 -0.5176
vn -0.8490 0.0144 0.5282
vn -0.8483 0.0437 0.5278
vn -0.8456 0.0896 0.5262
vn -0.8391 0.1525 0.5221
vn -0.8254 0.2346 0.5136
vn -0.7990 0.3381 0.4972
vn -0.7523 0.4636 0.4681
vn -0.9385 0.0143 0.3450
vn -0.9377 0.0433 0.3447
vn -0.9349 0.0886 0.3437
vn -0.9278 0.1510 0.3411
vn -0.9129 0.2323 0.3357
vn -0.8843 0.3351 0.3251
vn -0.8333 0.4601 0.3064
vn -0.9854 0.0141 0.1695
vn -0.9846 0.0429 0.1694
vn -0.9817 0.0879 0.1689
vn -0.9744 0.1497 0.1677
vn -0.9590 0.2305 0.1650
vn -0.9294 0.3327 0.1599
vn -0.8765 0.4572 0.1508
vn -0.9999 0.0141 -0.0000
vn -0.9991 0.0428 -0.0000
vn -0.9962 0.0876 -0.0000
vn -0.9888 0.1493 -0.0000
vn -0.9732 0.2298 -0.0000
vn -0.9434 0.3318 -0.0000
vn -0.8899 0.4561 -0.0000
vn -0.9854 0.0141 -0.1695
vn -0.9846 0.0429 -0.1694
vn -0.9817 0.0879 -0.1689
vn -0.9744 0.1497 -0.1677
vn -0.9590 0.2305 -0.1650
vn -0.9294 0.3327 -0.1599
vn -0.8765 0.4572 -0.1508
vn -0.9385 0.0143 -0.3450
vn -0.9377 0.0432 -0.3447
vn -0.9349 0.0886 -0.3437
vn -0.9278 0.1510 -0.3411
vn -0.9129 0.2323 -0.3357
vn -0.8843 0.3351 -0.3251
vn -0.8333 0.4601 -0.3064
vn -0.8490 0.0144 -0.5282
vn -0.8483 0.0437 -0.5278
vn -0.8456 0.0896 -0.5262
vn -0.8391 0.1525 -0.5221
vn -0.8254 0.2346 -0.5136
vn -0.7990 0.3381 -0.4972
vn -0.7523 0.4636 -0.4681
vn -0.5282 0.0144 -0.8490
vn -0.5278 0.0437 -0.8483
vn -0.5262 0.0896 -0.8456
vn -0.5221 0.1525 -0.8391
vn -0.5136 0.2346 -0.8254
vn -0.4972 0.3381 -0.7990
vn -0.4681 0.4636 -0.7523
vn -0.3450 0.0143 -0.9385
vn -0.3447 0.0432 -0.9377
vn -0.3437 0.0886 -0.9349
vn -0.3411 0.1510 -0.9278
vn -0.3357 0.2323 -0.9129
vn -0.3251 0.3351 -0.8843
vn -0.3064 0.4601 -0.8333
vn -0.1695 0.0141 -0.9854
vn -0.1694 0.0429 -0.9846
vn -0.1689 0.0879 -0.9817
vn -0.1677 0.1497 -0.9744
vn -0.1650 0.2305 -0.9590
vn -0.1599 0.3327 -0.9294
vn -0.1508 0.4572 -0.8765
vn -0.0000 0.0141 -0.9999
vn -0.0000 0.0428 -0.9991
vn -0.0000 0.0876 -0.9962
vn -0.0000 0.1493 -0.9888
vn -0.0000 0.2298 -0.9732
vn -0.0000 0.3318 -0.9434
vn -0.0000 0.4561 -0.8899
vn 0.1695 0.0141 -0.9854
vn 0.1694 0.0429 -0.9846
vn 0.1689 0.0879 -0.9817
vn 0.1677 0.1497 -0.9744
vn 0.1650 0.2305 -0.9590
vn 0.1599 0.3327 -0.9294
vn 0.1508 0.4572 -0.8765
vn 0.3450 0.0143 -0.9385
vn 0.3447 0.0432 -0.9377
vn 0.3437 0.0886 -0.9349
vn 0.3411 0.1510 -0.9278
vn 0.3357 0.2323 -0.9129
vn 0.3251 0.3351 -0.8843
vn 0.3064 0.4601 -0.8333
vn 0.5282 0.0144 -0.8490
vn 0.5278 0.0437 -0.8483
vn 0.5262 0.0896 -0.8456
vn 0.5221 0.1525 -0.8391
vn 0.5136 0.2346 -0.8254
vn 0.4972 0.3381 -0.7990
vn 0.4681 0.4636 -0.7523
vn 0.8490 0.0144 -0.5282
vn 0.8483 0.0437 -0.5278
vn 0.8456 0.0896 -0.5262
vn 0.8391 0.1525 -0.5221
vn 0.8253 0.2346 -0.5136
vn 0.7990 0.3381 -0.4972
vn 0.7523 0.4637 -0.4681
vn 0.9385 0.0143 -0.3450
vn 0.9377 0.0432 -0.3447
vn 0.9349 0.0886 -0.3437
vn 0.9278 0.1510 -0.3411
vn 0.9129 0.2323 -0.3357
vn 0.8843 0.3351 -0.3251
vn 0.8333 0.4601 -0.3064
vn 0.9854 0.0141 -0.1695
vn 0.9846 0.0429 -0.1694
vn 0.9817 0.0879 -0.1689
vn 0.9744 0.1497 -0.1677
vn 0.9590 0.2305 -0.1650
vn 0.9294 0.3327 -0.1599
vn 0.8765 0.4572 -0.1508
vn 0.9999 0.0141 -0.0000
vn 0.9991 0.0428 -0.0000
vn 0.9962 0.0876 -0.0000
vn 0.9888 0.1493 -0.0000
vn 0.9732 0.2298 -0.0000
vn 0.9434 0.3318 -0.0000
vn 0.8899 0.4561 -0.0000
vn 0.9854 0.0141 0.1695
vn 0.9846 0.0429 0.1694
vn 0.9817 0.0879 0.1689
vn 0.9744 0.1497 0.1677
vn 0.9590 0.2305 0.1650
vn 0.9294 0.3327 0.1599
vn 0.8765 0.4572 0.1508
vn 0.9385 0.0143 0.3450
vn 0.9377 0.0432 0.3447
vn 0.9349 0.0886 0.3437
vn 0.9278 0.1510 0.3411
vn 0.9129 0.2323 0.3357
vn 0.8843 0.3351 0.3251
vn 0.8333 0.4601 0.3064
vn 0.8490 0.0144 0.5282
vn 0.8483 0.0437 0.5278
vn 0.8456 0.0896 0.5262
vn 0.8391 0.1525 0.5221
vn 0.8253 0.2346 0.5136
vn 0.7990 0.3381 0.4972
vn 0.7523 0.4636 0.4681
vn 0.5282 0.0144 0.8490
vn 0.5278 0.0437 0.8483
vn 0.5262 0.0896 0.8456
vn 0.5221 0.1525 0.8391
vn 0.5136 0.2346 0.8253
vn 0.4972 0.3381 0.7990
vn 0.4681 0.4637 0.7523
vn 0.3450 0.0143 0.9385
vn 0.3447 0.0432 0.9377
vn 0.3437 0.0886 0.9349
vn 0.3411 0.1510 0.9278
vn 0.3357 0.2323 0.9129
vn 0.3251 0.3351 0.8843
vn 0.3064 0.4601 0.8333
vn 0.1695 0.0141 0.9854
vn 0.1694 0.0429 0.9846
vn 0.1689 0.0879 0.9817
vn 0.1677 0.1497 0.9744
vn 0.1650 0.2305 0.9590
vn 0.1599 0.3327 0.9294
vn 0.1508 0.4572 0.8765
vn -0.0000 0.0141 0.9999
vn -0.0000 0.0428 0.9991
vn -0.0000 0.0876 0.9962
vn -0.0000 0.1493 0.9888
vn -0.0000 0.2298 0.9732
vn -0.0000 0.3318 0.9434
vn -0.0000 0.4561 0.8899
vn -0.1695 0.0142 0.9854
vn -0.1694 0.0429 0.9846
vn -0.1689 0.0879 0.9817
vn -0.1677 0.1497 0.9744
vn -0.1650 0.2305 0.9590
vn -0.1599 0.3327 0.9294
vn -0.1508 0.4572 0.8765
vn -0.3450 0.0143 0.9385
vn -0.3447 0.0432 0.9377
vn -0.3437 0.0886 0.9349
vn -0.3411 0.1510 0.9278
vn -0.3357 0.2323 0.9129
vn -0.3251 0.3351 0.8843
vn -0.3064 0.4601 0.8333
vn -0.5282 0.0144 0.8490
vn -0.5278 0.0437 0.8483
vn -0.5262 0.0896 0.8456
vn -0.5221 0.1525 0.8391
vn -0.5136 0.2346 0.8254
vn -0.4972 0.3381 0.7990
vn -0.4681 0.4637 0.7523
vn -0.5868 0.7228 0.3649
vn -0.5012 0.8073 0.3115
vn -0.4307 0.8619 0.2676
vn -0.3767 0.8963 0.2341
vn -0.3391 0.9169 0.2107
vn -0.3183 0.9271 0.1978
vn -0.3177 0.9274 0.1975
vn -0.6519 0.7195 0.2394
vn -0.5575 0.8046 0.2047
vn -0.4795 0.8597 0.1760
vn -0.4197 0.8945 0.1540
vn -0.3780 0.9153 0.1387
vn -0.3550 0.9257 0.1303
vn -0.3544 0.9260 0.1301
vn -0.6872 0.7168 0.1181
vn -0.5883 0.8023 0.1011
vn -0.5064 0.8579 0.0870
vn -0.4435 0.8930 0.0762
vn -0.3996 0.9141 0.0686
vn -0.3755 0.9246 0.0645
vn -0.3749 0.9248 0.0644
vn -0.6984 0.7157 -0.0000
vn -0.5981 0.8014 -0.0000
vn -0.5150 0.8572 -0.0000
vn -0.4511 0.8925 -0.0000
vn -0.4065 0.9136 -0.0000
vn -0.3820 0.9242 -0.0000
vn -0.3814 0.9244 -0.0000
vn -0.6872 0.7168 -0.1181
vn -0.5883 0.8023 -0.1011
vn -0.5064 0.8579 -0.0870
vn -0.4435 0.8930 -0.0762
vn -0.3996 0.9141 -0.0686
vn -0.3755 0.9246 -0.0645
vn -0.3749 0.9248 -0.0644
vn -0.6519 0.7195 -0.2394
vn -0.5575 0.8046 -0.2047
vn -0.4795 0.8597 -0.1760
vn -0.4197 0.8945 -0.1540
vn -0.3780 0.9153 -0.1387
vn -0.3550 0.9257 -0.1303
vn -0.3544 0.9260 -0.1301
vn -0.5868 0.7228 -0.3649
vn -0.5012 0.8073 -0.3115
vn -0.4307 0.8619 -0.2676
vn -0.3767 0.8963 -0.2341
vn -0.3391 0.9169 -0.2107
vn -0.3183 0.9271 -0.1978
vn -0.3177 0.9274 -0.1975
vn -0.3649 0.7228 -0.5868
vn -0.3115 0.8073 -0.5012
vn -0.2676 0.8619 -0.4307
vn -0.2341 0.8963 -0.3767
vn -0.2107 0.9169 -0.3391
vn -0.1978 0.9271 -0.3183
vn -0.1975 0.9274 -0.3177
vn -0.2394 0.7195 -0.6519
vn -0.2047 0.8046 -0.5575
vn -0.1760 0.8597 -0.4795
vn -0.1540 0.8945 -0.4197
vn -0.1387 0.9153 -0.3780
vn -0.1303 0.9257 -0.3550
vn -0.1301 0.9260 -0.3544
vn -0.1181 0.7168 -0.6872
vn -0.1011 0.8023 -0.5883
vn -0.0870 0.8579 -0.5064
vn -0.0762 0.8930 -0.4435
vn -0.0686 0.9141 -0.3996
vn -0.0645 0.9246 -0.3755
vn -0.0644 0.9248 -0.3749
vn -0.0000 0.7157 -0.6984
vn -0.0000 0.8014 -0.5981
vn -0.0000 0.8572 -0.5150
vn -0.0000 0.8925 -0.4511
vn -0.0000 0.9136 -0.4065
vn -0.0000 0.9242 -0.3820
vn -0.0000 0.9244 -0.3814
vn 0.1181 0.7168 -0.6872
vn 0.1011 0.8023 -0.5883
vn 0.0870 0.8579 -0.5064
vn 0.0762 0.8930 -0.4435
vn 0.0686 0.9141 -0.3996
vn 0.0645 0.9246 -0.3755
vn 0.0644 0.9248 -0.3749
vn 0.2394 0.7195 -0.6519
vn 0.2047 0.8046 -0.5575
vn 0.1760 0.8597 -0.4795
vn 0.1540 0.8945 -0.4197
vn 0.1387 0.9153 -0.3780
vn 0.1303 0.9257 -0.3550
vn 0.1301 0.9260 -0.3544
vn 0.3649 0.7228 -0.5868
vn 0.3115 0.8073 -0.5012
vn 0.2676 0.8619 -0.4307
vn 0.2341 0.8963 -0.3767
vn 0.2107 0.9169 -0.3391
vn 0.1978 0.9271 -0.3183
vn 0.1975 0.9274 -0.3177
vn 0.5868 0.7228 -0.3649
vn 0.5012 0.8073 -0.3115
vn 0.4307 0.8619 -0.2676
vn 0.3767 0.8963 -0.2341
vn 0.3391 0.9169 -0.2107
vn 0.3183 0.9271 -0.1978
vn 0.3177 0.9274 -0.1975
vn 0.6519 0.7195 -0.2394
vn 0.5575 0.8046 -0.2047
vn 0.4795 0.8597 -0.1760
vn 0.4197 0.8945 -0.1540
vn 0.3780 0.9153 -0.1387
vn 0.3550 0.9257 -0.1303
vn 0.3544 0.9260 -0.1301
vn 0.6872 0.7168 -0.1181
vn 0.5883 0.8023 -0.1011
vn 0.5064 0.8579 -0.0870
vn 0.4435 0.8930 -0.0762
vn 0.3996 0.9141 -0.0686
vn 0.3755 0.9246 -0.0645
vn 0.3749 0.9248 -0.0644
vn 0.6984 0.7157 -0.0000
vn 0.5981 0.8014 -0.0000
vn 0.5150 0.8572 -0.0000
vn 0.4511 0.8925 -0.0000
vn 0.4065 0.9136 -0.0000
vn 0.3820 0.9242 -0.0000
vn 0.3814 0.9244 -0.0000
vn 0.6872 0.7168 0.1181
vn 0.5883 0.8023 0.1011
vn 0.5064 0.8579 0.0870
vn 0.4435 0.8930 0.0762
vn 0.3996 0.9141 0.0686
vn 0.3755 0.9246 0.0645
vn 0.3749 0.9248 0.0644
vn 0.6519 0.7195 0.2394
vn 0.5575 0.8046 0.2047
vn 0.4795 0.8597 0.1760
vn 0.4197 0.8945 0.1540
vn 0.3780 0.9153 0.1387
vn 0.3550 0.9257 0.1303
vn 0.3544 0.9260 0.1301
vn 0.5868 0.7228 0.3649
vn 0.5012 0.8073 0.3115
vn 0.4307 0.8619 0.2676
vn 0.3767 0.8963 0.2341
vn 0.3391 0.9169 0.2107
vn 0.3183 0.9271 0.1978
vn 0.3177 0.9274 0.1975
vn 0.3649 0.7228 0.5868
vn 0.3115 0.8073 0.5012
vn 0.2676 0.8619 0.4307
vn 0.2341 0.8963 0.3767
vn 0.2107 0.9169 0.3391
vn 0.1978 0.9271 0.3183
vn 0.1975 0.9274 0.3177
vn 0.2394 0.7195 0.6519
vn 0.2047 0.8046 0.5575
vn 0.1760 0.8597 0.4795
vn 0.1540 0.8945 0.4197
vn 0.1387 0.9153 0.3780
vn 0.1303 0.9257 0.3550
vn 0.1301 0.9260 0.3544
vn 0.1181 0.7168 0.6872
vn 0.1011 0.8023 0.5883
vn 0.0870 0.8579 0.5064
vn 0.0762 0.8930 0.4435
vn 0.0686 0.9141 0.3996
vn 0.0645 0.9246 0.3755
vn 0.0644 0.9248 0.3749
vn -0.0000 0.7157 0.6984
vn -0.0000 0.8015 0.5981
vn -0.0000 0.8572 0.5150
vn -0.0000 0.8925 0.4511
vn -0.0000 0.9136 0.4065
vn -0.0000 0.9242 0.3820
vn -0.0000 0.9244 0.3814
vn -0.1181 0.7168 0.6872
vn -0.1011 0.8023 0.5883
vn -0.0870 0.8579 0.5064
vn -0.0762 0.8930 0.4435
vn -0.0686 0.9141 0.3996
vn -0.0645 0.9246 0.3755
vn -0.0644 0.9248 0.3749
vn -0.2394 0.7195 0.6519
vn -0.2047 0.8046 0.5575
vn -0.1760 0.8597 0.4795
vn -0.1540 0.8945 0.4197
vn -0.1387 0.9153 0.3780
vn -0.1303 0.9257 0.3550
vn -0.1301 0.9260 0.3544
vn -0.3649 0.7228 0.5868
vn -0.3115 0.8073 0.5012
vn -0.2676 0.8619 0.4307
vn -0.2341 0.8963 0.3767
vn -0.2107 0.9169 0.3391
vn -0.1978 0.9271 0.3183
vn -0.1975 0.9274 0.3177
vn 0.2078 -0.9696 0.1293
vn 0.2323 -0.9689 0.0854
vn 0.2461 -0.9683 0.0424
vn 0.2506 -0.9681 -0.0000
vn 0.2461 -0.9683 -0.0424
vn 0.2323 -0.9689 -0.0854
vn 0.2078 -0.9696 -0.1293
vn 0.1490 -0.9845 0.0927
vn 0.1666 -0.9841 0.0612
vn 0.1765 -0.9838 0.0304
vn 0.1797 -0.9837 -0.0000
vn 0.1765 -0.9838 -0.0304
vn 0.1666 -0.9841 -0.0612
vn 0.1490 -0.9845 -0.0927
vn 0.1146 -0.9909 0.0712
vn 0.1281 -0.9906 0.0471
vn 0.1357 -0.9905 0.0233
vn 0.1382 -0.9904 -0.0000
vn 0.1357 -0.9905 -0.0233
vn 0.1281 -0.9906 -0.0471
vn 0.1146 -0.9909 -0.0712
vn 0.0966 -0.9935 0.0601
vn 0.1080 -0.9934 0.0396
vn 0.1143 -0.9932 0.0197
vn 0.1164 -0.9932 -0.0000
vn 0.1143 -0.9932 -0.0197
vn 0.1080 -0.9934 -0.0396
vn 0.0966 -0.9935 -0.0601
vn 0.0921 -0.9941 0.0572
vn 0.1028 -0.9940 0.0377
vn 0.1089 -0.9939 0.0187
vn 0.1108 -0.9938 -0.0000
vn 0.1089 -0.9939 -0.0187
vn 0.1028 -0.9940 -0.0377
vn 0.0921 -0.9941 -0.0572
vn 0.1014 -0.9928 0.0630
vn 0.1132 -0.9927 0.0415
vn 0.1198 -0.9926 0.0206
vn 0.1219 -0.9925 -0.0000
vn 0.1198 -0.9926 -0.0206
vn 0.1132 -0.9927 -0.0415
vn 0.1014 -0.9928 -0.0630
vn 0.1295 -0.9883 0.0804
vn 0.1444 -0.9881 0.0529
vn 0.1528 -0.9879 0.0262
vn 0.1554 -0.9878 -0.0000
vn 0.1528 -0.9879 -0.0262
vn 0.1444 -0.9881 -0.0529
vn 0.1295 -0.9883 -0.0804
vn -0.4820 0.8234 -0.2996
vn -0.5363 0.8207 -0.1969
vn -0.5661 0.8186 -0.0972
vn -0.5755 0.8178 -0.0000
vn -0.5661 0.8186 0.0972
vn -0.5363 0.8207 0.1969
vn -0.4820 0.8234 0.2996
vn -0.4058 0.8785 -0.2522
vn -0.4519 0.8765 -0.1658
vn -0.4773 0.8749 -0.0820
vn -0.4854 0.8743 -0.0000
vn -0.4773 0.8749 0.0820
vn -0.4519 0.8765 0.1658
vn -0.4058 0.8785 0.2521
vn -0.3314 0.9207 -0.2059
vn -0.3693 0.9194 -0.1355
vn -0.3903 0.9182 -0.0670
vn -0.3970 0.9178 -0.0000
vn -0.3903 0.9182 0.0670
vn -0.3693 0.9194 0.1355
vn -0.3314 0.9207 0.2059
vn -0.2656 0.9498 -0.1650
vn -0.2962 0.9489 -0.1086
vn -0.3131 0.9482 -0.0537
vn -0.3185 0.9479 -0.0000
vn -0.3131 0.9482 0.0537
vn -0.2962 0.9489 0.1086
vn -0.2656 0.9498 0.1650
vn -0.2158 0.9672 -0.1340
vn -0.2407 0.9666 -0.0883
vn -0.2546 0.9661 -0.0437
vn -0.2590 0.9659 -0.0000
vn -0.2546 0.9661 0.0437
vn -0.2407 0.9666 0.0883
vn -0.2158 0.9672 0.1340
vn -0.1906 0.9745 -0.1185
vn -0.2128 0.9740 -0.0781
vn -0.2252 0.9735 -0.0387
vn -0.2292 0.9734 -0.0000
vn -0.2252 0.9735 0.0387
vn -0.2128 0.9740 0.0781
vn -0.1906 0.9745 0.1185
vn -0.2033 0.9709 -0.1264
vn -0.2271 0.9703 -0.0834
vn -0.2405 0.9698 -0.0414
vn -0.2448 0.9696 -0.0000
vn -0.2405 0.9698 0.0414
vn -0.2271 0.9703 0.0834
vn -0.2033 0.9709 0.1264
vn -0.2996 0.8234 0.4820
vn -0.1969 0.8207 0.5363
vn -0.0972 0.8186 0.5661
vn -0.0000 0.8178 0.5755
vn 0.0972 0.8186 0.5661
vn 0.1969 0.8207 0.5363
vn 0.2996 0.8234 0.4820
vn -0.2522 0.8785 0.4058
vn -0.1658 0.8765 0.4519
vn -0.0820 0.8749 0.4773
vn -0.0000 0.8743 0.4854
vn 0.0820 0.8749 0.4773
vn 0.1658 0.8765 0.4519
vn 0.2521 0.8785 0.4058
vn -0.2059 0.9207 0.3314
vn -0.1355 0.9194 0.3693
vn -0.0670 0.9182 0.3903
vn -0.0000 0.9178 0.3970
vn 0.0670 0.9182 0.3903
vn 0.1355 0.9194 0.3693
vn 0.2059 0.9207 0.3314
vn -0.1650 0.9498 0.2656
vn -0.1086 0.9489 0.2962
vn -0.0537 0.9482 0.3131
vn -0.0000 0.9479 0.3185
vn 0.0537 0.9482 0.3131
vn 0.1086 0.9489 0.2962
vn 0.1650 0.9498 0.2656
vn -0.1340 0.9672 0.2158
vn -0.0883 0.9666 0.2407
vn -0.0437 0.9661 0.2546
vn -0.0000 0.9659 0.2590
vn 0.0437 0.9661 0.2546
vn 0.0883 0.9666 0.2407
vn 0.1340 0.9672 0.2158
vn -0.1185 0.9745 0.1906
vn -0.0781 0.9740 0.2128
vn -0.0387 0.9735 0.2252
vn -0.0000 0.9734 0.2292
vn 0.0387 0.9735 0.2252
vn 0.0781 0.9740 0.2128
vn 0.1185 0.9745 0.1906
vn -0.1264 0.9709 0.2033
vn -0.0834 0.9703 0.2271
vn -0.0414 0.9698 0.2405
vn -0.0000 0.9696 0.2448
vn 0.0414 0.9698 0.2405
vn 0.0834 0.9703 0.2271
vn 0.1264 0.9709 0.2033
vn 0.2996 0.8234 -0.4820
vn 0.1969 0.8207 -0.5363
vn 0.0972 0.8186 -0.5661
vn -0.0000 0.8178 -0.5755
vn -0.0972 0.8186 -0.5661
vn -0.1969 0.8207 -0.5363
vn -0.2996 0.8234 -0.4820
vn 0.2521 0.8785 -0.4058
vn 0.1658 0.8765 -0.4519
vn 0.0820 0.8749 -0.4773
vn -0.0000 0.8743 -0.4854
vn -0.0820 0.8749 -0.4773
vn -0.1658 0.8765 -0.4519
vn -0.2522 0.8785 -0.4058
vn 0.2059 0.9207 -0.3314
vn 0.1355 0.9194 -0.3693
vn 0.0670 0.9182 -0.3903
vn -0.0000 0.9178 -0.3970
vn -0.0670 0.9182 -0.3903
vn -0.1355 0.9194 -0.3693
vn -0.2059 0.9207 -0.3314
vn 0.1650 0.9498 -0.2656
vn 0.1086 0.9489 -0.2962
vn 0.0537 0.9482 -0.3131
vn -0.0000 0.9479 -0.3185
vn -0.0537 0.9482 -0.3131
vn -0.1086 0.9489 -0.2962
vn -0.1650 0.9498 -0.2656
vn 0.1340 0.9672 -0.2158
vn 0.0883 0.9666 -0.2407
vn 0.0437 0.9661 -0.2546
vn -0.0000 0.9659 -0.2590
vn -0.0437 0.9661 -0.2546
vn -0.0883 0.9666 -0.2407
vn -0.1340 0.9672 -0.2158
vn 0.1185 0.9745 -0.1906
vn 0.0781 0.9740 -0.2128
vn 0.0387 0.9735 -0.2252
vn -0.0000 0.9734 -0.2292
vn -0.0387 0.9735 -0.2252
vn -0.0781 0.9740 -0.2128
vn -0.1184 0.9745 -0.1906
vn 0.1264 0.9709 -0.2033
vn 0.0834 0.9703 -0.2271
vn 0.0414 0.9698 -0.2405
vn -0.0000 0.9696 -0.2448
vn -0.0414 0.9698 -0.2405
vn -0.0834 0.9703 -0.2271
vn -0.1264 0.9709 -0.2033
vn -0.1768 -0.9422 0.2847
vn -0.1162 -0.9413 0.3170
vn -0.0574 -0.9405 0.3350
vn -0.0000 -0.9402 0.3407
vn 0.0574 -0.9405 0.3350
vn 0.1162 -0.9413 0.3170
vn 0.1768 -0.9422 0.2847
vn -0.2723 -0.8565 0.4384
vn -0.1788 -0.8547 0.4874
vn -0.0883 -0.8530 0.5143
vn -0.0000 -0.8524 0.5228
vn 0.0883 -0.8530 0.5143
vn 0.1788 -0.8547 0.4874
vn 0.2723 -0.8565 0.4384
vn -0.4100 -0.6306 0.6590
vn -0.2685 -0.6279 0.7305
vn -0.1323 -0.6255 0.7689
vn -0.0000 -0.6246 0.7810
vn 0.1323 -0.6255 0.7689
vn 0.2685 -0.6279 0.7305
vn 0.4100 -0.6306 0.6590
vn -0.5211 -0.1711 0.8362
vn -0.3407 -0.1700 0.9246
vn -0.1676 -0.1691 0.9712
vn -0.0000 -0.1688 0.9857
vn 0.1676 -0.1691 0.9712
vn 0.3407 -0.1701 0.9246
vn 0.5211 -0.1711 0.8362
vn -0.4970 0.3407 0.7981
vn -0.3251 0.3385 0.8830
vn -0.1599 0.3366 0.9280
vn -0.0000 0.3359 0.9419
vn 0.1599 0.3366 0.9280
vn 0.3251 0.3385 0.8830
vn 0.4970 0.3407 0.7981
vn -0.4000 0.6530 0.6431
vn -0.2622 0.6497 0.7135
vn -0.1292 0.6470 0.7515
vn -0.0000 0.6460 0.7634
vn 0.1292 0.6470 0.7515
vn 0.2622 0.6497 0.7135
vn 0.4000 0.6530 0.6431
vn -0.3180 0.7983 0.5115
vn -0.2088 0.7955 0.5688
vn -0.1031 0.7932 0.6001
vn -0.0000 0.7924 0.6100
vn 0.1031 0.7932 0.6001
vn 0.2088 0.7955 0.5688
vn 0.3180 0.7983 0.5115
vn -0.2078 -0.9696 -0.1293
vn -0.2323 -0.9689 -0.0854
vn -0.2461 -0.9683 -0.0424
vn -0.2506 -0.9681 -0.0000
vn -0.2461 -0.9683 0.0424
vn -0.2323 -0.9689 0.0854
vn -0.2078 -0.9696 0.1293
vn -0.1490 -0.9845 -0.0927
vn -0.1666 -0.9841 -0.0612
vn -0.1765 -0.9838 -0.0304
vn -0.1797 -0.9837 -0.0000
vn -0.1765 -0.9838 0.0304
vn -0.1666 -0.9841 0.0612
vn -0.1490 -0.9845 0.0927
vn -0.1146 -0.9909 -0.0712
vn -0.1281 -0.9906 -0.0471
vn -0.1357 -0.9905 -0.0233
vn -0.1382 -0.9904 -0.0000
vn -0.1357 -0.9905 0.0233
vn -0.1281 -0.9906 0.0471
vn -0.1146 -0.9909 0.0712
vn -0.0966 -0.9935 -0.0601
vn -0.1080 -0.9934 -0.0396
vn -0.1143 -0.9932 -0.0197
vn -0.1164 -0.9932 -0.0000
vn -0.1143 -0.9932 0.0197
vn -0.1080 -0.9934 0.0396
vn -0.0966 -0.9935 0.0601
vn -0.0921 -0.9941 -0.0572
vn -0.1028 -0.9940 -0.0377
vn -0.1089 -0.9939 -0.0187
vn -0.1108 -0.9938 -0.0000
vn -0.1089 -0.9939 0.0187
vn -0.1028 -0.9940 0.0377
vn -0.0921 -0.9941 0.0572
vn -0.1014 -0.9928 -0.0630
vn -0.1132 -0.9927 -0.0415
vn -0.1198 -0.9926 -0.0206
vn -0.1219 -0.9925 -0.0000
vn -0.1198 -0.9926 0.0206
vn -0.1132 -0.9927 0.0415
vn -0.1014 -0.9928 0.0630
vn -0.1295 -0.9883 -0.0804
vn -0.1444 -0.9881 -0.0529
vn -0.1528 -0.9879 -0.0262
vn -0.1554 -0.9878 -0.0000
vn -0.1528 -0.9879 0.0262
vn -0.1444 -0.9881 0.0529
vn -0.1295 -0.9883 0.0804
vn -0.1293 -0.9696 0.2078
vn -0.0854 -0.9689 0.2323
vn -0.0424 -0.9683 0.2461
vn -0.0000 -0.9681 0.2506
vn 0.0424 -0.9683 0.2461
vn 0.0854 -0.9689 0.2323
vn 0.1293 -0.9696 0.2078
vn -0.0927 -0.9845 0.1490
vn -0.0612 -0.9841 0.1666
vn -0.0304 -0.9838 0.1765
vn -0.0000 -0.9837 0.1797
vn 0.0304 -0.9838 0.1765
vn 0.0612 -0.9841 0.1666
vn 0.0927 -0.9845 0.1490
vn -0.0712 -0.9909 0.1146
vn -0.0471 -0.9906 0.1281
vn -0.0233 -0.9905 0.1357
vn -0.0000 -0.9904 0.1382
vn 0.0233 -0.9905 0.1357
vn 0.0471 -0.9906 0.1281
vn 0.0712 -0.9909 0.1146
vn -0.0601 -0.9935 0.0966
vn -0.0396 -0.9934 0.1080
vn -0.0197 -0.9932 0.1143
vn -0.0000 -0.9932 0.1164
vn 0.0197 -0.9932 0.1143
vn 0.0396 -0.9934 0.1080
vn 0.0601 -0.9935 0.0966
vn -0.0572 -0.9941 0.0921
vn -0.0377 -0.9940 0.1028
vn -0.0187 -0.9939 0.1089
vn -0.0000 -0.9938 0.1108
vn 0.0187 -0.9939 0.1089
vn 0.0377 -0.9940 0.1028
vn 0.0572 -0.9941 0.0921
vn -0.0630 -0.9928 0.1014
vn -0.0415 -0.9927 0.1132
vn -0.0206 -0.9926 0.1198
vn -0.0000 -0.9925 0.1219
vn 0.0206 -0.9926 0.1198
vn 0.0415 -0.9927 0.1132
vn 0.0630 -0.9928 0.1014
vn -0.0804 -0.9883 0.1295
vn -0.0529 -0.9881 0.1444
vn -0.0262 -0.9879 0.1528
vn -0.0000 -0.9878 0.1554
vn 0.0262 -0.9879 0.1528
vn 0.0529 -0.9881 0.1444
vn 0.0804 -0.9883 0.1295
vn 0.1293 -0.9696 -0.2078
vn 0.0854 -0.9689 -0.2323
vn 0.0424 -0.9683 -0.2461
vn -0.0000 -0.9681 -0.2506
vn -0.0424 -0.9683 -0.2461
vn -0.0854 -0.9689 -0.2323
vn -0.1293 -0.9696 -0.2078
vn 0.0927 -0.9845 -0.1490
vn 0.0612 -0.9841 -0.1666
vn 0.0304 -0.9838 -0.1765
vn -0.0000 -0.9837 -0.1797
vn -0.0304 -0.9838 -0.1765
vn -0.0612 -0.9841 -0.1666
vn -0.0927 -0.9845 -0.1490
vn 0.0712 -0.9909 -0.1146
vn 0.0471 -0.9906 -0.1281
vn 0.0233 -0.9905 -0.1357
vn -0.0000 -0.9904 -0.1382
vn -0.0233 -0.9905 -0.1357
vn -0.0471 -0.9906 -0.1281
vn -0.0712 -0.9909 -0.1146
vn 0.0601 -0.9935 -0.0966
vn 0.0396 -0.9934 -0.1080
vn 0.0197 -0.9932 -0.1143
vn -0.0000 -0.9932 -0.1164
vn -0.0197 -0.9932 -0.1143
vn -0.0396 -0.9934 -0.1080
vn -0.0601 -0.9935 -0.0966
vn 0.0572 -0.9941 -0.0921
vn 0.0377 -0.9940 -0.1028
vn 0.0187 -0.9939 -0.1089
vn -0.0000 -0.9938 -0.1108
vn -0.0187 -0.9939 -0.1089
vn -0.0377 -0.9940 -0.1028
vn -0.0572 -0.9941 -0.0921
vn 0.0630 -0.9928 -0.1014
vn 0.0415 -0.9927 -0.1132
vn 0.0206 -0.9926 -0.1198
vn -0.0000 -0.9925 -0.1219
vn -0.0206 -0.9926 -0.1198
vn -0.0415 -0.9927 -0.1132
vn -0.0630 -0.9928 -0.1014
vn 0.0804 -0.9883 -0.1295
vn 0.0529 -0.9881 -0.1444
vn 0.0262 -0.9879 -0.1528
vn -0.0000 -0.9878 -0.1554
vn -0.0262 -0.9879 -0.1528
vn -0.0529 -0.9881 -0.1444
vn -0.0804 -0.9883 -0.1295
vn 0.2248 0.9047 -0.3618
vn 0.1480 0.9031 -0.4032
vn 0.0732 0.9017 -0.4261
vn -0.0000 0.9012 -0.4334
vn -0.0732 0.9017 -0.4261
vn -0.1480 0.9031 -0.4032
vn -0.2248 0.9048 -0.3618
vn 0.2033 0.9228 -0.3272
vn 0.1339 0.9214 -0.3648
vn 0.0662 0.9202 -0.3857
vn -0.0000 0.9198 -0.3924
vn -0.0662 0.9202 -0.3857
vn -0.1339 0.9214 -0.3648
vn -0.2033 0.9228 -0.3272
vn 0.1919 0.9316 -0.3088
vn 0.1264 0.9303 -0.3445
vn 0.0626 0.9292 -0.3643
vn -0.0000 0.9288 -0.3706
vn -0.0626 0.9292 -0.3643
vn -0.1264 0.9303 -0.3445
vn -0.1919 0.9316 -0.3088
vn 0.1876 0.9347 -0.3018
vn 0.1236 0.9335 -0.3367
vn 0.0612 0.9324 -0.3561
vn -0.0000 0.9320 -0.3624
vn -0.0612 0.9324 -0.3561
vn -0.1236 0.9335 -0.3367
vn -0.1876 0.9347 -0.3018
vn 0.1889 0.9338 -0.3039
vn 0.1245 0.9325 -0.3391
vn 0.0616 0.9314 -0.3587
vn -0.0000 0.9310 -0.3649
vn -0.0616 0.9314 -0.3587
vn -0.1245 0.9325 -0.3391
vn -0.1889 0.9338 -0.3039
vn 0.1953 0.9290 -0.3142
vn 0.1287 0.9276 -0.3506
vn 0.0637 0.9265 -0.3709
vn -0.0000 0.9261 -0.3774
vn -0.0637 0.9265 -0.3709
vn -0.1287 0.9276 -0.3506
vn -0.1953 0.9290 -0.3142
vn 0.2071 0.9199 -0.3331
vn 0.1365 0.9183 -0.3716
vn 0.0675 0.9170 -0.3931
vn -0.0000 0.9166 -0.3999
vn -0.0675 0.9170 -0.3931
vn -0.1365 0.9183 -0.3716
vn -0.2071 0.9199 -0.3331
vn 0.1767 -0.9422 -0.2847
vn 0.1162 -0.9413 -0.3170
vn 0.0574 -0.9405 -0.3350
vn -0.0000 -0.9402 -0.3407
vn -0.0574 -0.9405 -0.3350
vn -0.1162 -0.9413 -0.3170
vn -0.1768 -0.9422 -0.2847
vn 0.2723 -0.8565 -0.4384
vn 0.1788 -0.8547 -0.4874
vn 0.0883 -0.8530 -0.5143
vn -0.0000 -0.8524 -0.5228
vn -0.0883 -0.8530 -0.5143
vn -0.1788 -0.8547 -0.4874
vn -0.2723 -0.8565 -0.4384
vn 0.4100 -0.6306 -0.6590
vn 0.2685 -0.6279 -0.7305
vn 0.1323 -0.6255 -0.7689
vn -0.0000 -0.6246 -0.7809
vn -0.1323 -0.6255 -0.7689
vn -0.2685 -0.6279 -0.7305
vn -0.4100 -0.6306 -0.6590
vn 0.5211 -0.1711 -0.8362
vn 0.3407 -0.1701 -0.9246
vn 0.1676 -0.1691 -0.9712
vn -0.0000 -0.1688 -0.9857
vn -0.1676 -0.1691 -0.9712
vn -0.3407 -0.1700 -0.9247
vn -0.5211 -0.1711 -0.8362
vn 0.4970 0.3407 -0.7981
vn 0.3251 0.3385 -0.8830
vn 0.1599 0.3366 -0.9280
vn -0.0000 0.3359 -0.9419
vn -0.1599 0.3366 -0.9280
vn -0.3251 0.3385 -0.8830
vn -0.4970 0.3407 -0.7981
vn 0.4000 0.6530 -0.6431
vn 0.2622 0.6497 -0.7135
vn 0.1292 0.6470 -0.7515
vn -0.0000 0.6460 -0.7634
vn -0.1292 0.6470 -0.7515
vn -0.2622 0.6497 -0.7135
vn -0.4000 0.6530 -0.6431
vn 0.3180 0.7983 -0.5115
vn 0.2088 0.7955 -0.5688
vn 0.1031 0.7932 -0.6001
vn -0.0000 0.7924 -0.6100
vn -0.1031 0.7932 -0.6001
vn -0.2088 0.7955 -0.5688
vn -0.3180 0.7983 -0.5115
vn 0.2847 -0.9422 0.1767
vn 0.3170 -0.9413 0.1162
vn 0.3350 -0.9405 0.0574
vn 0.3407 -0.9402 -0.0000
vn 0.3350 -0.9405 -0.0574
vn 0.3170 -0.9413 -0.1162
vn 0.2847 -0.9422 -0.1767
vn 0.4384 -0.8565 0.2723
vn 0.4874 -0.8547 0.1788
vn 0.5143 -0.8530 0.0883
vn 0.5228 -0.8524 -0.0000
vn 0.5143 -0.8530 -0.0883
vn 0.4874 -0.8547 -0.1788
vn 0.4384 -0.8565 -0.2723
vn 0.6590 -0.6306 0.4100
vn 0.7305 -0.6279 0.2685
vn 0.7689 -0.6255 0.1323
vn 0.7809 -0.6246 -0.0000
vn 0.7689 -0.6255 -0.1323
vn 0.7305 -0.6279 -0.2685
vn 0.6590 -0.6306 -0.4100
vn 0.8362 -0.1711 0.5211
vn 0.9247 -0.1700 0.3407
vn 0.9712 -0.1691 0.1676
vn 0.9857 -0.1688 -0.0000
vn 0.9712 -0.1691 -0.1676
vn 0.9247 -0.1700 -0.3407
vn 0.8362 -0.1711 -0.5211
vn 0.7981 0.3407 0.4970
vn 0.8830 0.3385 0.3251
vn 0.9280 0.3366 0.1599
vn 0.9419 0.3359 -0.0000
vn 0.9280 0.3366 -0.1599
vn 0.8830 0.3385 -0.3251
vn 0.7981 0.3407 -0.4970
vn 0.6431 0.6530 0.4000
vn 0.7135 0.6497 0.2622
vn 0.7515 0.6470 0.1292
vn 0.7634 0.6460 -0.0000
vn 0.7515 0.6470 -0.1292
vn 0.7135 0.6497 -0.2622
vn 0.6431 0.6530 -0.4000
vn 0.5115 0.7983 0.3180
vn 0.5688 0.7955 0.2088
vn 0.6001 0.7932 0.1031
vn 0.6100 0.7924 -0.0000
vn 0.6001 0.7932 -0.1031
vn 0.5688 0.7955 -0.2088
vn 0.5115 0.7983 -0.3180
vn -0.2847 -0.9422 -0.1767
vn -0.3171 -0.9413 -0.1162
vn -0.3350 -0.9405 -0.0574
vn -0.3407 -0.9402 -0.0000
vn -0.3350 -0.9405 0.0574
vn -0.3171 -0.9413 0.1162
vn -0.2847 -0.9422 0.1767
vn -0.4384 -0.8565 -0.2723
vn -0.4874 -0.8547 -0.1788
vn -0.5143 -0.8530 -0.0883
vn -0.5228 -0.8524 -0.0000
vn -0.5143 -0.8530 0.0883
vn -0.4874 -0.8547 0.1788
vn -0.4384 -0.8565 0.2723
vn -0.6590 -0.6306 -0.4100
vn -0.7305 -0.6279 -0.2685
vn -0.7689 -0.6255 -0.1323
vn -0.7809 -0.6246 -0.0000
vn -0.7689 -0.6255 0.1323
vn -0.7305 -0.6279 0.2685
vn -0.6590 -0.6306 0.4100
vn -0.8362 -0.1711 -0.5211
vn -0.9246 -0.1701 -0.3407
vn -0.9712 -0.1691 -0.1676
vn -0.9857 -0.1688 -0.0000
vn -0.9712 -0.1691 0.1676
vn -0.9246 -0.1701 0.3407
vn -0.8362 -0.1711 0.5211
vn -0.7981 0.3407 -0.4970
vn -0.8830 0.3385 -0.3251
vn -0.9280 0.3366 -0.1599
vn -0.9419 0.3359 -0.0000
vn -0.9280 0.3366 0.1599
vn -0.8830 0.3385 0.3251
vn -0.7981 0.3407 0.4970
vn -0.6431 0.6530 -0.4000
vn -0.7135 0.6497 -0.2622
vn -0.7515 0.6470 -0.1292
vn -0.7634 0.6460 -0.0000
vn -0.7515 0.6470 0.1292
vn -0.7135 0.6497 0.2622
vn -0.6431 0.6530 0.4000
vn -0.5115 0.7983 -0.3180
vn -0.5688 0.7955 -0.2088
vn -0.6001 0.7932 -0.1031
vn -0.6100 0.7924 -0.0000
vn -0.6001 0.7932 0.1031
vn -0.5688 0.7955 0.2088
vn -0.5115 0.7983 0.3180
vn 0.8369 0.1691 0.5206
vn 0.9254 0.1673 0.3401
vn 0.9719 0.1659 0.1671
vn 0.9862 0.1654 -0.0000
vn 0.9719 0.1659 -0.1671
vn 0.9254 0.1673 -0.3401
vn 0.8369 0.1691 -0.5206
vn 0.8424 0.1255 0.5240
vn 0.9314 0.1241 0.3423
vn 0.9780 0.1231 0.1682
vn 0.9924 0.1227 -0.0000
vn 0.9780 0.1231 -0.1682
vn 0.9314 0.1241 -0.3423
vn 0.8424 0.1255 -0.5240
vn 0.8454 0.0935 0.5259
vn 0.9346 0.0925 0.3435
vn 0.9814 0.0917 0.1688
vn 0.9958 0.0914 -0.0000
vn 0.9814 0.0917 -0.1688
vn 0.9346 0.0925 -0.3435
vn 0.8454 0.0935 -0.5259
vn 0.8470 0.0696 0.5269
vn 0.9364 0.0689 0.3442
vn 0.9832 0.0683 0.1691
vn 0.9977 0.0680 -0.0000
vn 0.9832 0.0683 -0.1691
vn 0.9364 0.0689 -0.3442
vn 0.8470 0.0696 -0.5269
vn 0.8480 0.0516 0.5275
vn 0.9374 0.0510 0.3445
vn 0.9843 0.0506 0.1693
vn 0.9987 0.0504 -0.0000
vn 0.9843 0.0506 -0.1693
vn 0.9374 0.0510 -0.3445
vn 0.8480 0.0516 -0.5275
vn 0.8485 0.0382 0.5278
vn 0.9379 0.0378 0.3447
vn 0.9848 0.0375 0.1694
vn 0.9993 0.0374 -0.0000
vn 0.9848 0.0375 -0.1694
vn 0.9379 0.0378 -0.3447
vn 0.8485 0.0382 -0.5278
vn 0.8487 0.0293 0.5280
vn 0.9382 0.0290 0.3448
vn 0.9851 0.0287 0.1694
vn 0.9996 0.0286 -0.0000
vn 0.9851 0.0287 -0.1694
vn 0.9382 0.0290 -0.3448
vn 0.8487 0.0293 -0.5280
vn 0.3618 0.9048 0.2248
vn 0.4032 0.9031 0.1480
vn 0.4261 0.9017 0.0732
vn 0.4334 0.9012 -0.0000
vn 0.4261 0.9017 -0.0732
vn 0.4032 0.9031 -0.1480
vn 0.3618 0.9047 -0.2248
vn 0.3272 0.9228 0.2033
vn 0.3648 0.9214 0.1339
vn 0.3857 0.9202 0.0662
vn 0.3924 0.9198 -0.0000
vn 0.3857 0.9202 -0.0662
vn 0.3648 0.9214 -0.1339
vn 0.3272 0.9228 -0.2033
vn 0.3088 0.9316 0.1919
vn 0.3445 0.9303 0.1264
vn 0.3643 0.9292 0.0626
vn 0.3706 0.9288 -0.0000
vn 0.3643 0.9292 -0.0626
vn 0.3445 0.9303 -0.1264
vn 0.3088 0.9316 -0.1919
vn 0.3018 0.9347 0.1876
vn 0.3367 0.9335 0.1236
vn 0.3561 0.9324 0.0612
vn 0.3624 0.9320 -0.0000
vn 0.3561 0.9324 -0.0612
vn 0.3367 0.9335 -0.1236
vn 0.3018 0.9347 -0.1876
vn 0.3039 0.9338 0.1889
vn 0.3391 0.9325 0.1245
vn 0.3587 0.9314 0.0616
vn 0.3649 0.9310 -0.0000
vn 0.3587 0.9314 -0.0616
vn 0.3391 0.9325 -0.1245
vn 0.3039 0.9338 -0.1889
vn 0.3142 0.9290 0.1953
vn 0.3506 0.9276 0.1287
vn 0.3709 0.9265 0.0637
vn 0.3774 0.9261 -0.0000
vn 0.3709 0.9265 -0.0637
vn 0.3506 0.9276 -0.1287
vn 0.3142 0.9290 -0.1953
vn 0.3331 0.9199 0.2071
vn 0.3716 0.9183 0.1365
vn 0.3931 0.9170 0.0675
vn 0.3999 0.9166 -0.0000
vn 0.3931 0.9170 -0.0675
vn 0.3716 0.9183 -0.1365
vn 0.3331 0.9199 -0.2071
vn -0.3618 0.9048 -0.2248
vn -0.4032 0.9031 -0.1480
vn -0.4261 0.9017 -0.0732
vn -0.4334 0.9012 -0.0000
vn -0.4261 0.9017 0.0732
vn -0.4032 0.9031 0.1480
vn -0.3618 0.9048 0.2248
vn -0.3272 0.9228 -0.2033
vn -0.3648 0.9214 -0.1339
vn -0.3857 0.9202 -0.0662
vn -0.3924 0.9198 -0.0000
vn -0.3857 0.9202 0.0662
vn -0.3648 0.9214 0.1339
vn -0.3272 0.9228 0.2033
vn -0.3088 0.9316 -0.1919
vn -0.3445 0.9303 -0.1264
vn -0.3643 0.9292 -0.0626
vn -0.3706 0.9288 -0.0000
vn -0.3643 0.9292 0.0626
vn -0.3445 0.9303 0.1264
vn -0.3088 0.9316 0.1919
vn -0.3018 0.9347 -0.1876
vn -0.3367 0.9335 -0.1236
vn -0.3561 0.9324 -0.0612
vn -0.3624 0.9320 -0.0000
vn -0.3561 0.9324 0.0612
vn -0.3367 0.9335 0.1236
vn -0.3018 0.9347 0.1876
vn -0.3039 0.9338 -0.1889
vn -0.3391 0.9325 -0.1245
vn -0.3587 0.9314 -0.0616
vn -0.3649 0.9310 -0.0000
vn -0.3587 0.9314 0.0616
vn -0.3391 0.9325 0.1245
vn -0.3039 0.9338 0.1889
vn -0.3142 0.9290 -0.1953
vn -0.3506 0.9276 -0.1287
vn -0.3709 0.9265 -0.0637
vn -0.3774 0.9261 -0.0000
vn -0.3709 0.9265 0.0637
vn -0.3506 0.9276 0.1287
vn -0.3142 0.9290 0.1953
vn -0.3331 0.9199 -0.2071
vn -0.3716 0.9183 -0.1365
vn -0.3931 0.9170 -0.0675
vn -0.3999 0.9166 -0.0000
vn -0.3931 0.9170 0.0675
vn -0.3716 0.9183 0.1365
vn -0.3331 0.9199 0.2071
vn -0.2248 0.9048 0.3618
vn -0.1480 0.9031 0.4032
vn -0.0732 0.9017 0.4261
vn -0.0000 0.9012 0.4334
vn 0.0732 0.9017 0.4261
vn 0.1480 0.9031 0.4032
vn 0.2248 0.9048 0.3618
vn -0.2033 0.9228 0.3272
vn -0.1339 0.9214 0.3648
vn -0.0662 0.9202 0.3857
vn -0.0000 0.9198 0.3924
vn 0.0662 0.9202 0.3857
vn 0.1339 0.9214 0.3648
vn 0.2033 0.9228 0.3272
vn -0.1919 0.9316 0.3088
vn -0.1264 0.9303 0.3445
vn -0.0626 0.9292 0.3643
vn -0.0000 0.9288 0.3706
vn 0.0626 0.9292 0.3643
vn 0.1264 0.9303 0.3445
vn 0.1919 0.9316 0.3088
vn -0.1876 0.9347 0.3018
vn -0.1236 0.9335 0.3367
vn -0.0612 0.9324 0.3561
vn -0.0000 0.9320 0.3624
vn 0.0612 0.9324 0.3561
vn 0.1236 0.9335 0.3367
vn 0.1876 0.9347 0.3018
vn -0.1889 0.9338 0.3039
vn -0.1245 0.9325 0.3391
vn -0.0616 0.9314 0.3587
vn -0.0000 0.9310 0.3649
vn 0.0616 0.9314 0.3587
vn 0.1245 0.9325 0.3391
vn 0.1889 0.9338 0.3039
vn -0.1953 0.9290 0.3142
vn -0.1287 0.9276 0.3506
vn -0.0637 0.9265 0.3709
vn -0.0000 0.9261 0.3774
vn 0.0637 0.9265 0.3709
vn 0.1287 0.9276 0.3506
vn 0.1953 0.9290 0.3142
vn -0.2071 0.9199 0.3331
vn -0.1365 0.9183 0.3716
vn -0.0675 0.9170 0.3931
vn -0.0000 0.9166 0.3999
vn 0.0675 0.9170 0.3931
vn 0.1365 0.9183 0.3716
vn 0.2071 0.9199 0.3331
vn -0.5282 -0.0008 0.8491
vn -0.3449 -0.0008 0.9386
vn -0.1695 -0.0008 0.9855
vn -0.0000 -0.0008 1.0000
vn 0.1695 -0.0008 0.9855
vn 0.3449 -0.0008 0.9386
vn 0.5282 -0.0008 0.8491
vn -0.5269 -0.0692 0.8471
vn -0.3441 -0.0684 0.9365
vn -0.1690 -0.0678 0.9833
vn -0.0000 -0.0676 0.9977
vn 0.1690 -0.0678 0.9833
vn 0.3441 -0.0684 0.9365
vn 0.5269 -0.0692 0.8471
vn -0.5161 -0.2115 0.8300
vn -0.3371 -0.2092 0.9179
vn -0.1657 -0.2074 0.9641
vn -0.0000 -0.2067 0.9784
vn 0.1657 -0.2074 0.9641
vn 0.3371 -0.2092 0.9179
vn 0.5161 -0.2115 0.8300
vn -0.4754 -0.4350 0.7647
vn -0.3110 -0.4309 0.8471
vn -0.1530 -0.4277 0.8909
vn -0.0000 -0.4265 0.9045
vn 0.1530 -0.4277 0.8909
vn 0.3110 -0.4309 0.8471
vn 0.4754 -0.4350 0.7647
vn -0.3885 -0.6771 0.6249
vn -0.2551 -0.6727 0.6946
vn -0.1259 -0.6692 0.7323
vn -0.0000 -0.6680 0.7442
vn 0.1259 -0.6692 0.7323
vn 0.2551 -0.6727 0.6946
vn 0.3885 -0.6771 0.6249
vn -0.2817 -0.8459 0.4528
vn -0.1856 -0.8429 0.5050
vn -0.0918 -0.8406 0.5338
vn -0.0000 -0.8397 0.5430
vn 0.0918 -0.8406 0.5338
vn 0.1856 -0.8429 0.5050
vn 0.2817 -0.8459 0.4528
vn -0.1966 -0.9281 0.3161
vn -0.1298 -0.9266 0.3531
vn -0.0643 -0.9253 0.3738
vn -0.0000 -0.9248 0.3804
vn 0.0643 -0.9253 0.3738
vn 0.1298 -0.9266 0.3531
vn 0.1966 -0.9281 0.3160
vn -0.8369 0.1691 -0.5206
vn -0.9254 0.1673 -0.3401
vn -0.9719 0.1659 -0.1671
vn -0.9862 0.1654 -0.0000
vn -0.9719 0.1659 0.1671
vn -0.9254 0.1673 0.3401
vn -0.8369 0.1691 0.5206
vn -0.8424 0.1255 -0.5240
vn -0.9314 0.1241 -0.3423
vn -0.9780 0.1231 -0.1682
vn -0.9924 0.1227 -0.0000
vn -0.9780 0.1231 0.1682
vn -0.9314 0.1241 0.3423
vn -0.8424 0.1255 0.5240
vn -0.8454 0.0935 -0.5259
vn -0.9346 0.0925 -0.3435
vn -0.9814 0.0917 -0.1688
vn -0.9958 0.0915 -0.0000
vn -0.9814 0.0917 0.1688
vn -0.9346 0.0925 0.3435
vn -0.8454 0.0935 0.5259
vn -0.8470 0.0696 -0.5269
vn -0.9364 0.0689 -0.3442
vn -0.9832 0.0683 -0.1691
vn -0.9977 0.0680 -0.0000
vn -0.9832 0.0683 0.1691
vn -0.9364 0.0689 0.3442
vn -0.8470 0.0696 0.5269
vn -0.8480 0.0516 -0.5275
vn -0.9374 0.0510 -0.3445
vn -0.9843 0.0506 -0.1693
vn -0.9987 0.0504 -0.0000
vn -0.9843 0.0506 0.1693
vn -0.9374 0.0510 0.3445
vn -0.8480 0.0516 0.5275
vn -0.8485 0.0382 -0.5278
vn -0.9379 0.0378 -0.3447
vn -0.9848 0.0375 -0.1694
vn -0.9993 0.0374 -0.0000
vn -0.9848 0.0375 0.1694
vn -0.9379 0.0378 0.3447
vn -0.8485 0.0382 0.5278
vn -0.8487 0.0293 -0.5280
vn -0.9382 0.0290 -0.3448
vn -0.9851 0.0287 -0.1694
vn -0.9996 0.0286 -0.0000
vn -0.9851 0.0287 0.1694
vn -0.9382 0.0290 0.3448
vn -0.8487 0.0293 0.5280
vn -0.5206 0.1691 0.8369
vn -0.3401 0.1673 0.9254
vn -0.1671 0.1659 0.9719
vn -0.0000 0.1654 0.9862
vn 0.1671 0.1659 0.9719
vn 0.3401 0.1673 0.9254
vn 0.5206 0.1691 0.8369
vn -0.5240 0.1255 0.8424
vn -0.3423 0.1241 0.9314
vn -0.1682 0.1231 0.9780
vn -0.0000 0.1227 0.9924
vn 0.1682 0.1231 0.9780
vn 0.3423 0.1241 0.9314
vn 0.5240 0.1255 0.8424
vn -0.5259 0.0935 0.8454
vn -0.3435 0.0925 0.9346
vn -0.1688 0.0917 0.9814
vn -0.0000 0.0915 0.9958
vn 0.1688 0.0917 0.9814
vn 0.3435 0.0925 0.9346
vn 0.5259 0.0935 0.8454
vn -0.5269 0.0696 0.8470
vn -0.3442 0.0689 0.9364
vn -0.1691 0.0683 0.9832
vn -0.0000 0.0680 0.9977
vn 0.1691 0.0683 0.9832
vn 0.3442 0.0689 0.9364
vn 0.5269 0.0696 0.8470
vn -0.5275 0.0516 0.8480
vn -0.3445 0.0510 0.9374
vn -0.1693 0.0506 0.9843
vn -0.0000 0.0504 0.9987
vn 0.1693 0.0506 0.9843
vn 0.3445 0.0510 0.9374
vn 0.5275 0.0516 0.8480
vn -0.5278 0.0382 0.8485
vn -0.3447 0.0378 0.9379
vn -0.1694 0.0375 0.9848
vn -0.0000 0.0374 0.9993
vn 0.1694 0.0375 0.9848
vn 0.3447 0.0378 0.9379
vn 0.5278 0.0382 0.8485
vn -0.5280 0.0293 0.8487
vn -0.3448 0.0290 0.9382
vn -0.1694 0.0287 0.9851
vn -0.0000 0.0286 0.9996
vn 0.1694 0.0287 0.9851
vn 0.3448 0.0290 0.9382
vn 0.5280 0.0293 0.8487
vn 0.5206 0.1691 -0.8369
vn 0.3401 0.1673 -0.9254
vn 0.1671 0.1659 -0.9719
vn -0.0000 0.1654 -0.9862
vn -0.1671 0.1659 -0.9719
vn -0.3401 0.1673 -0.9254
vn -0.5206 0.1691 -0.8369
vn 0.5240 0.1255 -0.8424
vn 0.3423 0.1241 -0.9314
vn 0.1682 0.1231 -0.9780
vn -0.0000 0.1227 -0.9924
vn -0.1682 0.1231 -0.9780
vn -0.3423 0.1241 -0.9314
vn -0.5240 0.1255 -0.8424
vn 0.5259 0.0935 -0.8454
vn 0.3435 0.0925 -0.9346
vn 0.1688 0.0917 -0.9814
vn -0.0000 0.0914 -0.9958
vn -0.1688 0.0917 -0.9814
vn -0.3435 0.0925 -0.9346
vn -0.5259 0.0935 -0.8454
vn 0.5269 0.0696 -0.8470
vn 0.3442 0.0689 -0.9364
vn 0.1691 0.0683 -0.9832
vn -0.0000 0.0680 -0.9977
vn -0.1691 0.0683 -0.9832
vn -0.3442 0.0689 -0.9364
vn -0.5269 0.0696 -0.8470
vn 0.5275 0.0516 -0.8480
vn 0.3445 0.0510 -0.9374
vn 0.1693 0.0506 -0.9843
vn -0.0000 0.0504 -0.9987
vn -0.1693 0.0506 -0.9843
vn -0.3445 0.0510 -0.9374
vn -0.5275 0.0516 -0.8480
vn 0.5278 0.0382 -0.8485
vn 0.3447 0.0378 -0.9379
vn 0.1694 0.0375 -0.9848
vn -0.0000 0.0374 -0.9993
vn -0.1694 0.0375 -0.9848
vn -0.3447 0.0378 -0.9379
vn -0.5279 0.0382 -0.8485
vn 0.5280 0.0293 -0.8487
vn 0.3448 0.0290 -0.9382
vn 0.1694 0.0287 -0.9851
vn -0.0000 0.0286 -0.9996
vn -0.1694 0.0287 -0.9851
vn -0.3448 0.0290 -0.9382
vn -0.5280 0.0293 -0.8487
vn 0.5281 -0.0189 -0.8490
vn 0.3449 -0.0187 -0.9385
vn 0.1694 -0.0185 -0.9854
vn -0.0000 -0.0185 -0.9998
vn -0.1694 -0.0185 -0.9854
vn -0.3449 -0.0187 -0.9385
vn -0.5281 -0.0189 -0.8490
vn 0.5260 -0.0903 -0.8457
vn 0.3435 -0.0893 -0.9349
vn 0.1688 -0.0885 -0.9817
vn -0.0000 -0.0882 -0.9961
vn -0.1688 -0.0885 -0.9817
vn -0.3435 -0.0893 -0.9349
vn -0.5260 -0.0903 -0.8457
vn 0.5162 -0.2107 -0.8301
vn 0.3372 -0.2084 -0.9181
vn 0.1657 -0.2066 -0.9643
vn -0.0000 -0.2060 -0.9786
vn -0.1657 -0.2066 -0.9643
vn -0.3372 -0.2084 -0.9181
vn -0.5162 -0.2107 -0.8301
vn 0.4895 -0.3751 -0.7872
vn 0.3201 -0.3714 -0.8716
vn 0.1574 -0.3685 -0.9162
vn -0.0000 -0.3674 -0.9300
vn -0.1574 -0.3685 -0.9162
vn -0.3201 -0.3714 -0.8716
vn -0.4895 -0.3751 -0.7872
vn 0.4369 -0.5616 -0.7027
vn 0.2863 -0.5571 -0.7796
vn 0.1410 -0.5536 -0.8208
vn -0.0000 -0.5523 -0.8337
vn -0.1410 -0.5536 -0.8208
vn -0.2863 -0.5571 -0.7796
vn -0.4369 -0.5616 -0.7027
vn 0.3593 -0.7328 -0.5778
vn 0.2361 -0.7287 -0.6428
vn 0.1166 -0.7255 -0.6782
vn -0.0000 -0.7244 -0.6894
vn -0.1166 -0.7255 -0.6782
vn -0.2361 -0.7287 -0.6428
vn -0.3593 -0.7328 -0.5778
vn 0.2706 -0.8588 -0.4350
vn 0.1783 -0.8561 -0.4851
vn 0.0882 -0.8539 -0.5129
vn -0.0000 -0.8531 -0.5218
vn -0.0882 -0.8539 -0.5129
vn -0.1783 -0.8561 -0.4851
vn -0.2706 -0.8588 -0.4350
vn -0.5281 -0.0189 0.8490
vn -0.3449 -0.0187 0.9385
vn -0.1694 -0.0185 0.9854
vn -0.0000 -0.0185 0.9998
vn 0.1694 -0.0185 0.9854
vn 0.3449 -0.0187 0.9385
vn 0.5281 -0.0189 0.8490
vn -0.5260 -0.0903 0.8457
vn -0.3435 -0.0893 0.9349
vn -0.1688 -0.0885 0.9817
vn -0.0000 -0.0882 0.9961
vn 0.1688 -0.0885 0.9817
vn 0.3435 -0.0893 0.9349
vn 0.5260 -0.0903 0.8457
vn -0.5162 -0.2107 0.8301
vn -0.3372 -0.2084 0.9181
vn -0.1657 -0.2066 0.9643
vn -0.0000 -0.2060 0.9786
vn 0.1657 -0.2066 0.9643
vn 0.3372 -0.2084 0.9181
vn 0.5162 -0.2107 0.8301
vn -0.4895 -0.3751 0.7872
vn -0.3201 -0.3714 0.8716
vn -0.1574 -0.3685 0.9162
vn -0.0000 -0.3674 0.9300
vn 0.1574 -0.3685 0.9162
vn 0.3201 -0.3714 0.8716
vn 0.4895 -0.3751 0.7872
vn -0.4369 -0.5616 0.7027
vn -0.2863 -0.5571 0.7796
vn -0.1410 -0.5536 0.8208
vn -0.0000 -0.5523 0.8337
vn 0.1410 -0.5536 0.8208
vn 0.2863 -0.5571 0.7796
vn 0.4369 -0.5616 0.7027
vn -0.3593 -0.7328 0.5778
vn -0.2361 -0.7287 0.6428
vn -0.1166 -0.7255 0.6782
vn -0.0000 -0.7244 0.6894
vn 0.1166 -0.7255 0.6782
vn 0.2361 -0.7287 0.6428
vn 0.3593 -0.7328 0.5778
vn -0.2706 -0.8588 0.4350
vn -0.1783 -0.8561 0.4851
vn -0.0882 -0.8539 0.5129
vn -0.0000 -0.8531 0.5218
vn 0.0882 -0.8539 0.5129
vn 0.1783 -0.8561 0.4851
vn 0.2706 -0.8588 0.4350
vn -0.8490 -0.0189 -0.5281
vn -0.9385 -0.0187 -0.3449
vn -0.9854 -0.0185 -0.1694
vn -0.9998 -0.0185 -0.0000
vn -0.9854 -0.0185 0.1694
vn -0.9385 -0.0187 0.3449
vn -0.8490 -0.0189 0.5281
vn -0.8457 -0.0903 -0.5260
vn -0.9349 -0.0893 -0.3435
vn -0.9817 -0.0885 -0.1688
vn -0.9961 -0.0882 -0.0000
vn -0.9817 -0.0885 0.1688
vn -0.9349 -0.0893 0.3435
vn -0.8457 -0.0903 0.5260
vn -0.8301 -0.2107 -0.5162
vn -0.9181 -0.2084 -0.3372
vn -0.9643 -0.2066 -0.1657
vn -0.9786 -0.2060 -0.0000
vn -0.9643 -0.2066 0.1657
vn -0.9181 -0.2084 0.3372
vn -0.8301 -0.2107 0.5162
vn -0.7872 -0.3751 -0.4895
vn -0.8716 -0.3714 -0.3201
vn -0.9162 -0.3685 -0.1574
vn -0.9300 -0.3674 -0.0000
vn -0.9162 -0.3685 0.1574
vn -0.8716 -0.3714 0.3201
vn -0.7872 -0.3751 0.4895
vn -0.7027 -0.5616 -0.4369
vn -0.7796 -0.5571 -0.2863
vn -0.8208 -0.5536 -0.1410
vn -0.8337 -0.5523 -0.0000
vn -0.8208 -0.5536 0.1410
vn -0.7796 -0.5571 0.2863
vn -0.7027 -0.5616 0.4369
vn -0.5778 -0.7328 -0.3593
vn -0.6428 -0.7287 -0.2361
vn -0.6782 -0.7255 -0.1166
vn -0.6894 -0.7244 -0.0000
vn -0.6782 -0.7255 0.1166
vn -0.6428 -0.7287 0.2361
vn -0.5778 -0.7328 0.3593
vn -0.4350 -0.8588 -0.2706
vn -0.4851 -0.8561 -0.1783
vn -0.5129 -0.8539 -0.0882
vn -0.5218 -0.8531 -0.0000
vn -0.5129 -0.8539 0.0882
vn -0.4851 -0.8561 0.1783
vn -0.4350 -0.8588 0.2706
vn 0.8490 -0.0189 0.5281
vn 0.9385 -0.0187 0.3449
vn 0.9854 -0.0185 0.1694
vn 0.9998 -0.0185 -0.0000
vn 0.9854 -0.0185 -0.1694
vn 0.9385 -0.0187 -0.3449
vn 0.8490 -0.0189 -0.5281
vn 0.8457 -0.0903 0.5260
vn 0.9349 -0.0893 0.3435
vn 0.9817 -0.0885 0.1688
vn 0.9961 -0.0882 -0.0000
vn 0.9817 -0.0885 -0.1688
vn 0.9349 -0.0893 -0.3435
vn 0.8457 -0.0903 -0.5260
vn 0.8301 -0.2107 0.5162
vn 0.9181 -0.2084 0.3372
vn 0.9643 -0.2066 0.1657
vn 0.9786 -0.2060 -0.0000
vn 0.9643 -0.2066 -0.1657
vn 0.9181 -0.2084 -0.3372
vn 0.8301 -0.2107 -0.5162
vn 0.7872 -0.3751 0.4895
vn 0.8716 -0.3714 0.3201
vn 0.9162 -0.3685 0.1574
vn 0.9300 -0.3674 -0.0000
vn 0.9162 -0.3685 -0.1574
vn 0.8716 -0.3714 -0.3201
vn 0.7872 -0.3751 -0.4895
vn 0.7027 -0.5616 0.4369
vn 0.7796 -0.5571 0.2863
vn 0.8208 -0.5536 0.1410
vn 0.8337 -0.5523 -0.0000
vn 0.8208 -0.5536 -0.1410
vn 0.7796 -0.5571 -0.2863
vn 0.7027 -0.5616 -0.4369
vn 0.5778 -0.7328 0.3593
vn 0.6428 -0.7287 0.2361
vn 0.6782 -0.7255 0.1166
vn 0.6894 -0.7244 -0.0000
vn 0.6782 -0.7255 -0.1166
vn 0.6428 -0.7287 -0.2361
vn 0.5778 -0.7328 -0.3593
vn 0.4350 -0.8588 0.2706
vn 0.4851 -0.8561 0.1783
vn 0.5129 -0.8539 0.0882
vn 0.5218 -0.8531 -0.0000
vn 0.5129 -0.8539 -0.0882
vn 0.4851 -0.8561 -0.1783
vn 0.4350 -0.8588 -0.2706
vn 0.3882 0.8894 0.2415
vn 0.4333 0.8871 0.1593
vn 0.4584 0.8853 0.0788
vn 0.4664 0.8846 -0.0000
vn 0.4584 0.8853 -0.0788
vn 0.4333 0.8871 -0.1593
vn 0.3882 0.8894 -0.2415
vn 0.5297 0.7816 0.3294
vn 0.5898 0.7779 0.2167
vn 0.6228 0.7750 0.1071
vn 0.6332 0.7740 -0.0000
vn 0.6228 0.7750 -0.1071
vn 0.5898 0.7779 -0.2167
vn 0.5297 0.7816 -0.3294
vn 0.6659 0.6207 0.4140
vn 0.7393 0.6162 0.2715
vn 0.7789 0.6126 0.1339
vn 0.7913 0.6114 -0.0000
vn 0.7789 0.6126 -0.1339
vn 0.7393 0.6162 -0.2715
vn 0.6659 0.6207 -0.4140
vn 0.7667 0.4299 0.4767
vn 0.8493 0.4259 0.3119
vn 0.8932 0.4227 0.1535
vn 0.9068 0.4216 -0.0000
vn 0.8932 0.4227 -0.1535
vn 0.8493 0.4259 -0.3119
vn 0.7667 0.4299 -0.4767
vn 0.8216 0.2530 0.5109
vn 0.9088 0.2503 0.3338
vn 0.9547 0.2483 0.1641
vn 0.9689 0.2475 -0.0000
vn 0.9547 0.2483 -0.1641
vn 0.9088 0.2504 -0.3338
vn 0.8216 0.2530 -0.5109
vn 0.8428 0.1219 0.5242
vn 0.9318 0.1206 0.3423
vn 0.9785 0.1195 0.1682
vn 0.9929 0.1191 -0.0000
vn 0.9785 0.1195 -0.1682
vn 0.9318 0.1206 -0.3423
vn 0.8428 0.1219 -0.5242
vn 0.8483 0.0454 0.5276
vn 0.9377 0.0449 0.3446
vn 0.9846 0.0445 0.1693
vn 0.9990 0.0443 -0.0000
vn 0.9846 0.0445 -0.1693
vn 0.9377 0.0449 -0.3446
vn 0.8483 0.0454 -0.5276
vn -0.3882 0.8894 -0.2415
vn -0.4333 0.8871 -0.1593
vn -0.4584 0.8853 -0.0788
vn -0.4664 0.8846 -0.0000
vn -0.4584 0.8853 0.0788
vn -0.4333 0.8871 0.1593
vn -0.3882 0.8894 0.2415
vn -0.5297 0.7816 -0.3294
vn -0.5898 0.7779 -0.2167
vn -0.6228 0.7750 -0.1071
vn -0.6332 0.7740 -0.0000
vn -0.6228 0.7750 0.1071
vn -0.5898 0.7779 0.2167
vn -0.5297 0.7816 0.3294
vn -0.6659 0.6207 -0.4140
vn -0.7393 0.6162 -0.2715
vn -0.7789 0.6126 -0.1339
vn -0.7914 0.6114 -0.0000
vn -0.7789 0.6126 0.1339
vn -0.7393 0.6162 0.2715
vn -0.6659 0.6207 0.4140
vn -0.7667 0.4299 -0.4767
vn -0.8493 0.4259 -0.3119
vn -0.8932 0.4227 -0.1535
vn -0.9068 0.4216 -0.0000
vn -0.8932 0.4227 0.1535
vn -0.8493 0.4259 0.3119
vn -0.7667 0.4299 0.4767
vn -0.8216 0.2530 -0.5109
vn -0.9088 0.2504 -0.3338
vn -0.9547 0.2483 -0.1641
vn -0.9689 0.2475 -0.0000
vn -0.9547 0.2483 0.1641
vn -0.9088 0.2504 0.3338
vn -0.8216 0.2530 0.5109
vn -0.8428 0.1219 -0.5242
vn -0.9318 0.1206 -0.3423
vn -0.9785 0.1195 -0.1682
vn -0.9929 0.1191 -0.0000
vn -0.9785 0.1195 0.1682
vn -0.9318 0.1206 0.3423
vn -0.8428 0.1219 0.5242
vn -0.8483 0.0454 -0.5276
vn -0.9377 0.0449 -0.3446
vn -0.9846 0.0445 -0.1693
vn -0.9990 0.0443 -0.0000
vn -0.9846 0.0445 0.1693
vn -0.9377 0.0449 0.3446
vn -0.8483 0.0454 0.5276
vn -0.2415 0.8894 0.3882
vn -0.1593 0.8871 0.4333
vn -0.0788 0.8853 0.4584
vn -0.0000 0.8846 0.4664
vn 0.0788 0.8853 0.4584
vn 0.1593 0.8871 0.4333
vn 0.2415 0.8894 0.3882
vn -0.3294 0.7816 0.5297
vn -0.2167 0.7779 0.5898
vn -0.1071 0.7750 0.6228
vn -0.0000 0.7740 0.6332
vn 0.1071 0.7750 0.6228
vn 0.2167 0.7779 0.5898
vn 0.3294 0.7816 0.5297
vn -0.4140 0.6207 0.6659
vn -0.2715 0.6162 0.7393
vn -0.1339 0.6126 0.7789
vn -0.0000 0.6114 0.7913
vn 0.1339 0.6126 0.7789
vn 0.2715 0.6162 0.7393
vn 0.4140 0.6207 0.6659
vn -0.4767 0.4299 0.7667
vn -0.3119 0.4259 0.8493
vn -0.1535 0.4227 0.8932
vn -0.0000 0.4216 0.9068
vn 0.1535 0.4227 0.8932
vn 0.3119 0.4259 0.8493
vn 0.4767 0.4299 0.7667
vn -0.5109 0.2530 0.8216
vn -0.3338 0.2504 0.9088
vn -0.1641 0.2483 0.9547
vn -0.0000 0.2475 0.9689
vn 0.1641 0.2483 0.9547
vn 0.3338 0.2504 0.9088
vn 0.5109 0.2530 0.8216
vn -0.5242 0.1219 0.8428
vn -0.3423 0.1206 0.9318
vn -0.1682 0.1195 0.9785
vn -0.0000 0.1191 0.9929
vn 0.1682 0.1195 0.9785
vn 0.3423 0.1206 0.9318
vn 0.5242 0.1219 0.8428
vn -0.5276 0.0454 0.8483
vn -0.3446 0.0449 0.9377
vn -0.1693 0.0445 0.9846
vn -0.0000 0.0443 0.9990
vn 0.1693 0.0445 0.9846
vn 0.3446 0.0449 0.9377
vn 0.5276 0.0454 0.8483
vn 0.2415 0.8894 -0.3882
vn 0.1593 0.8871 -0.4333
vn 0.0788 0.8853 -0.4584
vn -0.0000 0.8846 -0.4664
vn -0.0788 0.8853 -0.4584
vn -0.1593 0.8871 -0.4333
vn -0.2415 0.8894 -0.3882
vn 0.3294 0.7816 -0.5297
vn 0.2167 0.7779 -0.5898
vn 0.1071 0.7750 -0.6228
vn -0.0000 0.7740 -0.6332
vn -0.1071 0.7750 -0.6228
vn -0.2167 0.7779 -0.5898
vn -0.3294 0.7816 -0.5297
vn 0.4140 0.6207 -0.6659
vn 0.2715 0.6162 -0.7393
vn 0.1339 0.6126 -0.7789
vn -0.0000 0.6114 -0.7914
vn -0.1339 0.6126 -0.7789
vn -0.2715 0.6162 -0.7393
vn -0.4140 0.6207 -0.6659
vn 0.4767 0.4299 -0.7667
vn 0.3119 0.4259 -0.8493
vn 0.1535 0.4227 -0.8932
vn -0.0000 0.4216 -0.9068
vn -0.1535 0.4227 -0.8932
vn -0.3119 0.4259 -0.8493
vn -0.4767 0.4299 -0.7667
vn 0.5109 0.2530 -0.8216
vn 0.3338 0.2504 -0.9088
vn 0.1641 0.2483 -0.9547
vn -0.0000 0.2475 -0.9689
vn -0.1641 0.2483 -0.9547
vn -0.3338 0.2504 -0.9088
vn -0.5109 0.2530 -0.8216
vn 0.5242 0.1219 -0.8428
vn 0.3423 0.1206 -0.9318
vn 0.1682 0.1195 -0.9785
vn -0.0000 0.1191 -0.9929
vn -0.1682 0.1195 -0.9785
vn -0.3423 0.1206 -0.9318
vn -0.5242 0.1219 -0.8428
vn 0.5276 0.0454 -0.8483
vn 0.3446 0.0449 -0.9377
vn 0.1693 0.0445 -0.9846
vn -0.0000 0.0443 -0.9990
vn -0.1693 0.0445 -0.9846
vn -0.3446 0.0449 -0.9377
vn -0.5276 0.0454 -0.8483
vn 0.2447 0.8862 -0.3935
vn 0.1612 0.8840 -0.4388
vn 0.0797 0.8823 -0.4639
vn -0.0000 0.8817 -0.4719
vn -0.0797 0.8823 -0.4639
vn -0.1612 0.8840 -0.4388
vn -0.2447 0.8862 -0.3935
vn 0.2655 0.8644 -0.4270
vn 0.1748 0.8619 -0.4759
vn 0.0864 0.8600 -0.5030
vn -0.0000 0.8593 -0.5116
vn -0.0864 0.8600 -0.5030
vn -0.1748 0.8619 -0.4759
vn -0.2655 0.8644 -0.4270
vn 0.2856 0.8411 -0.4593
vn 0.1879 0.8384 -0.5117
vn 0.0929 0.8361 -0.5406
vn -0.0000 0.8353 -0.5497
vn -0.0929 0.8361 -0.5406
vn -0.1879 0.8384 -0.5117
vn -0.2856 0.8411 -0.4593
vn 0.3045 0.8170 -0.4898
vn 0.2003 0.8139 -0.5453
vn 0.0990 0.8115 -0.5759
vn -0.0000 0.8106 -0.5856
vn -0.0990 0.8115 -0.5759
vn -0.2003 0.8139 -0.5453
vn -0.3045 0.8170 -0.4898
vn 0.3218 0.7928 -0.5176
vn 0.2116 0.7895 -0.5761
vn 0.1045 0.7869 -0.6081
vn -0.0000 0.7860 -0.6183
vn -0.1045 0.7869 -0.6081
vn -0.2116 0.7895 -0.5761
vn -0.3218 0.7928 -0.5176
vn 0.3372 0.7695 -0.5424
vn 0.2216 0.7660 -0.6034
vn 0.1094 0.7633 -0.6368
vn -0.0000 0.7622 -0.6473
vn -0.1094 0.7633 -0.6368
vn -0.2216 0.7660 -0.6034
vn -0.3372 0.7695 -0.5424
vn 0.3505 0.7478 -0.5638
vn 0.2303 0.7442 -0.6270
vn 0.1137 0.7413 -0.6614
vn -0.0000 0.7403 -0.6723
vn -0.1137 0.7413 -0.6614
vn -0.2303 0.7442 -0.6270
vn -0.3505 0.7478 -0.5638
vn -0.2447 0.8862 0.3935
vn -0.1612 0.8840 0.4388
vn -0.0797 0.8823 0.4639
vn -0.0000 0.8817 0.4719
vn 0.0797 0.8823 0.4639
vn 0.1612 0.8840 0.4388
vn 0.2447 0.8862 0.3935
vn -0.2655 0.8644 0.4270
vn -0.1748 0.8619 0.4759
vn -0.0864 0.8600 0.5030
vn -0.0000 0.8593 0.5116
vn 0.0864 0.8600 0.5030
vn 0.1748 0.8619 0.4759
vn 0.2655 0.8644 0.4270
vn -0.2856 0.8411 0.4593
vn -0.1879 0.8384 0.5117
vn -0.0929 0.8361 0.5406
vn -0.0000 0.8353 0.5497
vn 0.0929 0.8361 0.5406
vn 0.1879 0.8384 0.5117
vn 0.2856 0.8411 0.4593
vn -0.3045 0.8170 0.4898
vn -0.2003 0.8139 0.5453
vn -0.0990 0.8115 0.5759
vn -0.0000 0.8106 0.5856
vn 0.0990 0.8115 0.5759
vn 0.2003 0.8139 0.5453
vn 0.3045 0.8170 0.4898
vn -0.3218 0.7928 0.5176
vn -0.2116 0.7895 0.5761
vn -0.1045 0.7869 0.6081
vn -0.0000 0.7860 0.6183
vn 0.1045 0.7869 0.6081
vn 0.2116 0.7895 0.5761
vn 0.3218 0.7928 0.5176
vn -0.3372 0.7695 0.5424
vn -0.2216 0.7660 0.6034
vn -0.1094 0.7633 0.6368
vn -0.0000 0.7622 0.6473
vn 0.1094 0.7633 0.6368
vn 0.2216 0.7660 0.6034
vn 0.3372 0.7695 0.5424
vn -0.3505 0.7478 0.5638
vn -0.2303 0.7442 0.6270
vn -0.1137 0.7413 0.6614
vn -0.0000 0.7403 0.6723
vn 0.1137 0.7413 0.6614
vn 0.2303 0.7442 0.6270
vn 0.3505 0.7478 0.5638
vn -0.3935 0.8862 -0.2447
vn -0.4388 0.8840 -0.1612
vn -0.4639 0.8823 -0.0797
vn -0.4719 0.8817 -0.0000
vn -0.4639 0.8823 0.0797
vn -0.4388 0.8840 0.1612
vn -0.3935 0.8862 0.2447
vn -0.4270 0.8644 -0.2655
vn -0.4759 0.8619 -0.1748
vn -0.5030 0.8600 -0.0864
vn -0.5116 0.8593 -0.0000
vn -0.5030 0.8600 0.0864
vn -0.4759 0.8619 0.1748
vn -0.4270 0.8644 0.2655
vn -0.4593 0.8411 -0.2856
vn -0.5117 0.8384 -0.1879
vn -0.5406 0.8361 -0.0929
vn -0.5497 0.8353 -0.0000
vn -0.5406 0.8361 0.0929
vn -0.5117 0.8384 0.1879
vn -0.4593 0.8411 0.2856
vn -0.4898 0.8170 -0.3045
vn -0.5453 0.8139 -0.2003
vn -0.5759 0.8115 -0.0990
vn -0.5856 0.8106 -0.0000
vn -0.5759 0.8115 0.0990
vn -0.5453 0.8139 0.2003
vn -0.4898 0.8170 0.3045
vn -0.5176 0.7928 -0.3218
vn -0.5761 0.7895 -0.2116
vn -0.6081 0.7869 -0.1045
vn -0.6183 0.7860 -0.0000
vn -0.6081 0.7869 0.1045
vn -0.5761 0.7895 0.2116
vn -0.5176 0.7928 0.3218
vn -0.5424 0.7695 -0.3372
vn -0.6034 0.7660 -0.2216
vn -0.6368 0.7633 -0.1094
vn -0.6473 0.7622 -0.0000
vn -0.6368 0.7633 0.1094
vn -0.6034 0.7660 0.2216
vn -0.5424 0.7695 0.3372
vn -0.5638 0.7478 -0.3505
vn -0.6270 0.7442 -0.2303
vn -0.6614 0.7413 -0.1137
vn -0.6723 0.7403 -0.0000
vn -0.6614 0.7413 0.1137
vn -0.6270 0.7442 0.2303
vn -0.5638 0.7478 0.3505
vn 0.3935 0.8862 0.2447
vn 0.4388 0.8840 0.1612
vn 0.4639 0.8823 0.0797
vn 0.4719 0.8817 -0.0000
vn 0.4639 0.8823 -0.0797
vn 0.4388 0.8840 -0.1612
vn 0.3935 0.8862 -0.2447
vn 0.4270 0.8644 0.2655
vn 0.4759 0.8619 0.1748
vn 0.5030 0.8600 0.0864
vn 0.5116 0.8593 -0.0000
vn 0.5030 0.8600 -0.0864
vn 0.4759 0.8619 -0.1748
vn 0.4270 0.8644 -0.2655
vn 0.4593 0.8411 0.2856
vn 0.5117 0.8384 0.1879
vn 0.5406 0.8361 0.0929
vn 0.5497 0.8353 -0.0000
vn 0.5406 0.8361 -0.0929
vn 0.5117 0.8384 -0.1879
vn 0.4593 0.8411 -0.2856
vn 0.4898 0.8170 0.3045
vn 0.5453 0.8139 0.2003
vn 0.5759 0.8115 0.0990
vn 0.5856 0.8106 -0.0000
vn 0.5759 0.8115 -0.0990
vn 0.5453 0.8139 -0.2003
vn 0.4898 0.8170 -0.3045
vn 0.5176 0.7928 0.3218
vn 0.5761 0.7895 0.2116
vn 0.6081 0.7869 0.1045
vn 0.6183 0.7860 -0.0000
vn 0.6081 0.7869 -0.1045
vn 0.5761 0.7895 -0.2116
vn 0.5176 0.7928 -0.3218
vn 0.5424 0.7695 0.3372
vn 0.6034 0.7660 0.2216
vn 0.6368 0.7633 0.1094
vn 0.6473 0.7622 -0.0000
vn 0.6368 0.7633 -0.1094
vn 0.6034 0.7660 -0.2216
vn 0.5424 0.7695 -0.3372
vn 0.5638 0.7478 0.3505
vn 0.6270 0.7442 0.2303
vn 0.6614 0.7413 0.1137
vn 0.6723 0.7403 -0.0000
vn 0.6614 0.7413 -0.1137
vn 0.6270 0.7442 -0.2303
vn 0.5638 0.7478 -0.3505
vn 0.3769 0.7003 -0.6062
vn 0.2474 0.6964 -0.6737
vn 0.1221 0.6932 -0.7103
vn -0.0000 0.6921 -0.7218
vn -0.1221 0.6932 -0.7103
vn -0.2474 0.6964 -0.6737
vn -0.3769 0.7003 -0.6062
vn 0.3969 0.6596 -0.6383
vn 0.2604 0.6555 -0.7089
vn 0.1284 0.6522 -0.7471
vn -0.0000 0.6510 -0.7591
vn -0.1284 0.6522 -0.7471
vn -0.2604 0.6555 -0.7089
vn -0.3969 0.6596 -0.6383
vn 0.4207 0.6044 -0.6765
vn 0.2758 0.6001 -0.7509
vn 0.1359 0.5967 -0.7909
vn -0.0000 0.5955 -0.8034
vn -0.1359 0.5967 -0.7909
vn -0.2758 0.6001 -0.7509
vn -0.4207 0.6044 -0.6765
vn 0.4455 0.5369 -0.7164
vn 0.2918 0.5326 -0.7944
vn 0.1437 0.5292 -0.8362
vn -0.0000 0.5280 -0.8492
vn -0.1437 0.5292 -0.8362
vn -0.2918 0.5326 -0.7944
vn -0.4455 0.5369 -0.7164
vn 0.4687 0.4609 -0.7536
vn 0.3067 0.4569 -0.8350
vn 0.1510 0.4537 -0.8783
vn -0.0000 0.4525 -0.8918
vn -0.1510 0.4537 -0.8783
vn -0.3067 0.4569 -0.8350
vn -0.4687 0.4609 -0.7536
vn 0.4883 0.3811 -0.7851
vn 0.3193 0.3775 -0.8692
vn 0.1571 0.3746 -0.9138
vn -0.0000 0.3736 -0.9276
vn -0.1571 0.3746 -0.9138
vn -0.3193 0.3775 -0.8692
vn -0.4883 0.3811 -0.7851
vn 0.5035 0.3021 -0.8095
vn 0.3291 0.2990 -0.8957
vn 0.1618 0.2966 -0.9412
vn -0.0000 0.2958 -0.9553
vn -0.1618 0.2966 -0.9412
vn -0.3291 0.2990 -0.8957
vn -0.5035 0.3021 -0.8095
vn -0.3769 0.7003 0.6062
vn -0.2474 0.6964 0.6737
vn -0.1221 0.6932 0.7103
vn -0.0000 0.6921 0.7218
vn 0.1221 0.6932 0.7103
vn 0.2474 0.6964 0.6737
vn 0.3769 0.7003 0.6062
vn -0.3969 0.6596 0.6383
vn -0.2604 0.6555 0.7089
vn -0.1284 0.6522 0.7471
vn -0.0000 0.6510 0.7591
vn 0.1284 0.6522 0.7471
vn 0.2604 0.6555 0.7089
vn 0.3969 0.6596 0.6383
vn -0.4207 0.6044 0.6765
vn -0.2758 0.6001 0.7509
vn -0.1359 0.5967 0.7909
vn -0.0000 0.5955 0.8034
vn 0.1359 0.5967 0.7909
vn 0.2758 0.6001 0.7509
vn 0.4207 0.6044 0.6765
vn -0.4455 0.5369 0.7164
vn -0.2918 0.5326 0.7944
vn -0.1437 0.5292 0.8362
vn -0.0000 0.5280 0.8492
vn 0.1437 0.5292 0.8362
vn 0.2918 0.5326 0.7944
vn 0.4455 0.5369 0.7164
vn -0.4687 0.4609 0.7536
vn -0.3067 0.4569 0.8350
vn -0.1510 0.4537 0.8783
vn -0.0000 0.4525 0.8918
vn 0.1510 0.4537 0.8783
vn 0.3067 0.4569 0.8350
vn 0.4687 0.4609 0.7536
vn -0.4883 0.3811 0.7851
vn -0.3193 0.3775 0.8692
vn -0.1571 0.3746 0.9138
vn -0.0000 0.3736 0.9276
vn 0.1571 0.3746 0.9138
vn 0.3193 0.3775 0.8692
vn 0.4883 0.3811 0.7851
vn -0.5035 0.3021 0.8095
vn -0.3291 0.2990 0.8957
vn -0.1618 0.2966 0.9412
vn -0.0000 0.2958 0.9553
vn 0.1618 0.2966 0.9412
vn 0.3291 0.2990 0.8957
vn 0.5035 0.3021 0.8095
vn -0.6062 0.7003 -0.3769
vn -0.6737 0.6964 -0.2474
vn -0.7103 0.6932 -0.1221
vn -0.7218 0.6921 -0.0000
vn -0.7103 0.6932 0.1221
vn -0.6737 0.6964 0.2474
vn -0.6062 0.7003 0.3769
vn -0.6383 0.6596 -0.3969
vn -0.7089 0.6555 -0.2604
vn -0.7471 0.6522 -0.1284
vn -0.7591 0.6510 -0.0000
vn -0.7471 0.6522 0.1284
vn -0.7089 0.6555 0.2604
vn -0.6383 0.6596 0.3969
vn -0.6765 0.6044 -0.4207
vn -0.7509 0.6001 -0.2758
vn -0.7909 0.5967 -0.1359
vn -0.8034 0.5955 -0.0000
vn -0.7909 0.5967 0.1359
vn -0.7509 0.6001 0.2758
vn -0.6765 0.6044 0.4207
vn -0.7164 0.5369 -0.4455
vn -0.7944 0.5326 -0.2918
vn -0.8362 0.5292 -0.1437
vn -0.8492 0.5280 -0.0000
vn -0.8362 0.5292 0.1437
vn -0.7944 0.5326 0.2918
vn -0.7164 0.5369 0.4455
vn -0.7536 0.4609 -0.4687
vn -0.8350 0.4569 -0.3067
vn -0.8783 0.4537 -0.1510
vn -0.8918 0.4525 -0.0000
vn -0.8783 0.4537 0.1510
vn -0.8350 0.4569 0.3067
vn -0.7536 0.4609 0.4687
vn -0.7851 0.3811 -0.4883
vn -0.8692 0.3775 -0.3193
vn -0.9138 0.3746 -0.1571
vn -0.9276 0.3736 -0.0000
vn -0.9138 0.3746 0.1571
vn -0.8692 0.3775 0.3193
vn -0.7851 0.3811 0.4883
vn -0.8095 0.3021 -0.5035
vn -0.8957 0.2990 -0.3291
vn -0.9412 0.2966 -0.1618
vn -0.9553 0.2958 -0.0000
vn -0.9412 0.2966 0.1618
vn -0.8957 0.2990 0.3291
vn -0.8095 0.3021 0.5035
vn 0.6062 0.7003 0.3769
vn 0.6737 0.6964 0.2474
vn 0.7103 0.6932 0.1221
vn 0.7218 0.6921 -0.0000
vn 0.7103 0.6932 -0.1221
vn 0.6737 0.6964 -0.2474
vn 0.6062 0.7003 -0.3769
vn 0.6383 0.6596 0.3969
vn 0.7089 0.6555 0.2604
vn 0.7471 0.6522 0.1284
vn 0.7591 0.6510 -0.0000
vn 0.7471 0.6522 -0.1284
vn 0.7089 0.6555 -0.2604
vn 0.6383 0.6596 -0.3969
vn 0.6765 0.6044 0.4207
vn 0.7509 0.6001 0.2758
vn 0.7909 0.5967 0.1359
vn 0.8034 0.5955 -0.0000
vn 0.7909 0.5967 -0.1359
vn 0.7509 0.6001 -0.2758
vn 0.6765 0.6044 -0.4207
vn 0.7164 0.5369 0.4455
vn 0.7944 0.5326 0.2918
vn 0.8362 0.5292 0.1437
vn 0.8492 0.5280 -0.0000
vn 0.8362 0.5292 -0.1437
vn 0.7944 0.5326 -0.2918
vn 0.7164 0.5369 -0.4455
vn 0.7536 0.4609 0.4687
vn 0.8350 0.4569 0.3067
vn 0.8783 0.4537 0.1510
vn 0.8918 0.4525 -0.0000
vn 0.8783 0.4537 -0.1510
vn 0.8350 0.4569 -0.3067
vn 0.7536 0.4609 -0.4687
vn 0.7851 0.3811 0.4883
vn 0.8692 0.3775 0.3193
vn 0.9138 0.3746 0.1571
vn 0.9276 0.3736 -0.0000
vn 0.9138 0.3746 -0.1571
vn 0.8692 0.3775 -0.3193
vn 0.7851 0.3811 -0.4883
vn 0.8095 0.3021 0.5035
vn 0.8957 0.2990 0.3291
vn 0.9412 0.2966 0.1618
vn 0.9553 0.2958 -0.0000
vn 0.9412 0.2966 -0.1618
vn 0.8957 0.2990 -0.3291
vn 0.8095 0.3021 -0.5035
vn -0.1196 -0.9740 0.1923
vn -0.0789 -0.9735 0.2148
vn -0.0391 -0.9730 0.2275
vn -0.0000 -0.9728 0.2315
vn 0.0391 -0.9730 0.2275
vn 0.0789 -0.9735 0.2148
vn 0.1196 -0.9740 0.1923
vn -0.1111 -0.9776 0.1787
vn -0.0733 -0.9771 0.1996
vn -0.0363 -0.9767 0.2113
vn -0.0000 -0.9766 0.2150
vn 0.0363 -0.9767 0.2113
vn 0.0733 -0.9771 0.1996
vn 0.1111 -0.9776 0.1787
vn -0.1137 -0.9765 0.1830
vn -0.0750 -0.9760 0.2043
vn -0.0371 -0.9756 0.2162
vn -0.0000 -0.9755 0.2200
vn 0.0371 -0.9756 0.2162
vn 0.0750 -0.9760 0.2043
vn 0.1137 -0.9765 0.1830
vn -0.1255 -0.9713 0.2021
vn -0.0827 -0.9707 0.2255
vn -0.0409 -0.9703 0.2385
vn -0.0000 -0.9701 0.2427
vn 0.0409 -0.9703 0.2385
vn 0.0827 -0.9707 0.2255
vn 0.1255 -0.9713 0.2021
vn -0.1470 -0.9604 0.2366
vn -0.0968 -0.9597 0.2639
vn -0.0479 -0.9591 0.2791
vn -0.0000 -0.9588 0.2840
vn 0.0479 -0.9591 0.2791
vn 0.0968 -0.9597 0.2639
vn 0.1470 -0.9604 0.2366
vn -0.1804 -0.9397 0.2904
vn -0.1187 -0.9387 0.3237
vn -0.0587 -0.9378 0.3422
vn -0.0000 -0.9374 0.3481
vn 0.0587 -0.9378 0.3422
vn 0.1187 -0.9387 0.3237
vn 0.1804 -0.9397 0.2904
vn -0.2303 -0.8998 0.3706
vn -0.1514 -0.8982 0.4128
vn -0.0748 -0.8968 0.4360
vn -0.0000 -0.8963 0.4434
vn 0.0748 -0.8968 0.4360
vn 0.1514 -0.8982 0.4128
vn 0.2303 -0.8998 0.3706
vn 0.5282 -0.0008 -0.8491
vn 0.3449 -0.0008 -0.9386
vn 0.1695 -0.0008 -0.9855
vn -0.0000 -0.0008 -1.0000
vn -0.1695 -0.0008 -0.9855
vn -0.3449 -0.0008 -0.9386
vn -0.5282 -0.0008 -0.8491
vn 0.5269 -0.0692 -0.8471
vn 0.3441 -0.0684 -0.9365
vn 0.1690 -0.0678 -0.9833
vn -0.0000 -0.0676 -0.9977
vn -0.1690 -0.0678 -0.9833
vn -0.3441 -0.0684 -0.9365
vn -0.5269 -0.0692 -0.8471
vn 0.5161 -0.2115 -0.8300
vn 0.3371 -0.2092 -0.9179
vn 0.1657 -0.2074 -0.9641
vn -0.0000 -0.2067 -0.9784
vn -0.1657 -0.2074 -0.9641
vn -0.3371 -0.2092 -0.9179
vn -0.5161 -0.2115 -0.8300
vn 0.4754 -0.4350 -0.7647
vn 0.3110 -0.4309 -0.8471
vn 0.1530 -0.4277 -0.8909
vn -0.0000 -0.4265 -0.9045
vn -0.1530 -0.4277 -0.8909
vn -0.3110 -0.4309 -0.8471
vn -0.4754 -0.4350 -0.7647
vn 0.3885 -0.6771 -0.6249
vn 0.2551 -0.6727 -0.6946
vn 0.1259 -0.6692 -0.7323
vn -0.0000 -0.6680 -0.7442
vn -0.1259 -0.6692 -0.7323
vn -0.2551 -0.6727 -0.6946
vn -0.3885 -0.6771 -0.6249
vn 0.2817 -0.8459 -0.4528
vn 0.1856 -0.8429 -0.5050
vn 0.0918 -0.8406 -0.5338
vn -0.0000 -0.8397 -0.5430
vn -0.0918 -0.8406 -0.5338
vn -0.1856 -0.8429 -0.5050
vn -0.2817 -0.8459 -0.4528
vn 0.1966 -0.9281 -0.3160
vn 0.1298 -0.9266 -0.3531
vn 0.0643 -0.9253 -0.3738
vn -0.0000 -0.9248 -0.3804
vn -0.0643 -0.9253 -0.3738
vn -0.1298 -0.9266 -0.3531
vn -0.1966 -0.9281 -0.3160
vn 0.8491 -0.0008 0.5282
vn 0.9386 -0.0008 0.3449
vn 0.9855 -0.0008 0.1695
vn 1.0000 -0.0008 -0.0000
vn 0.9855 -0.0008 -0.1695
vn 0.9386 -0.0008 -0.3449
vn 0.8491 -0.0008 -0.5282
vn 0.8471 -0.0692 0.5269
vn 0.9365 -0.0684 0.3441
vn 0.9833 -0.0678 0.1690
vn 0.9977 -0.0676 -0.0000
vn 0.9833 -0.0678 -0.1690
vn 0.9365 -0.0684 -0.3441
vn 0.8471 -0.0692 -0.5269
vn 0.8300 -0.2115 0.5161
vn 0.9179 -0.2092 0.3371
vn 0.9641 -0.2074 0.1657
vn 0.9784 -0.2067 -0.0000
vn 0.9641 -0.2074 -0.1657
vn 0.9179 -0.2092 -0.3371
vn 0.8300 -0.2115 -0.5161
vn 0.7647 -0.4350 0.4754
vn 0.8471 -0.4309 0.3110
vn 0.8909 -0.4277 0.1530
vn 0.9045 -0.4265 -0.0000
vn 0.8909 -0.4277 -0.1530
vn 0.8471 -0.4309 -0.3110
vn 0.7647 -0.4350 -0.4754
vn 0.6249 -0.6771 0.3885
vn 0.6946 -0.6727 0.2551
vn 0.7323 -0.6692 0.1259
vn 0.7442 -0.6680 -0.0000
vn 0.7323 -0.6692 -0.1259
vn 0.6946 -0.6727 -0.2551
vn 0.6249 -0.6771 -0.3885
vn 0.4528 -0.8459 0.2817
vn 0.5050 -0.8429 0.1856
vn 0.5338 -0.8406 0.0918
vn 0.5430 -0.8397 -0.0000
vn 0.5338 -0.8406 -0.0918
vn 0.5050 -0.8429 -0.1856
vn 0.4528 -0.8459 -0.2817
vn 0.3160 -0.9281 0.1966
vn 0.3531 -0.9266 0.1298
vn 0.3738 -0.9253 0.0643
vn 0.3804 -0.9248 -0.0000
vn 0.3738 -0.9253 -0.0643
vn 0.3531 -0.9266 -0.1298
vn 0.3160 -0.9281 -0.1966
vn -0.8491 -0.0008 -0.5282
vn -0.9386 -0.0008 -0.3449
vn -0.9855 -0.0008 -0.1695
vn -1.0000 -0.0008 -0.0000
vn -0.9855 -0.0008 0.1695
vn -0.9386 -0.0008 0.3449
vn -0.8491 -0.0008 0.5282
vn -0.8471 -0.0692 -0.5269
vn -0.9365 -0.0684 -0.3441
vn -0.9833 -0.0678 -0.1690
vn -0.9977 -0.0676 -0.0000
vn -0.9833 -0.0678 0.1690
vn -0.9365 -0.0684 0.3441
vn -0.8471 -0.0692 0.5269
vn -0.8300 -0.2115 -0.5161
vn -0.9179 -0.2092 -0.3371
vn -0.9641 -0.2074 -0.1657
vn -0.9784 -0.2067 -0.0000
vn -0.9641 -0.2074 0.1657
vn -0.9179 -0.2092 0.3371
vn -0.8300 -0.2115 0.5161
vn -0.7647 -0.4350 -0.4754
vn -0.8471 -0.4309 -0.3110
vn -0.8909 -0.4277 -0.1530
vn -0.9045 -0.4265 -0.0000
vn -0.8909 -0.4277 0.1530
vn -0.8471 -0.4309 0.3110
vn -0.7647 -0.4350 0.4754
vn -0.6249 -0.6771 -0.3885
vn -0.6946 -0.6727 -0.2551
vn -0.7323 -0.6692 -0.1259
vn -0.7442 -0.6680 -0.0000
vn -0.7323 -0.6692 0.1259
vn -0.6946 -0.6727 0.2551
vn -0.6249 -0.6771 0.3885
vn -0.4528 -0.8459 -0.2817
vn -0.5050 -0.8429 -0.1856
vn -0.5338 -0.8406 -0.0918
vn -0.5430 -0.8397 -0.0000
vn -0.5338 -0.8406 0.0918
vn -0.5050 -0.8429 0.1856
vn -0.4528 -0.8459 0.2817
vn -0.3161 -0.9281 -0.1966
vn -0.3531 -0.9266 -0.1298
vn -0.3738 -0.9253 -0.0643
vn -0.3804 -0.9248 -0.0000
vn -0.3738 -0.9253 0.0643
vn -0.3531 -0.9266 0.1298
vn -0.3160 -0.9281 0.1966
vn 0.6123 -0.6929 0.3808
vn 0.6798 -0.6896 0.2497
vn 0.7163 -0.6869 0.1231
vn 0.7277 -0.6859 -0.0000
vn 0.7163 -0.6869 -0.1231
vn 0.6798 -0.6896 -0.2497
vn 0.6123 -0.6929 -0.3808
vn 0.7327 -0.5053 0.4559
vn 0.8118 -0.5019 0.2985
vn 0.8540 -0.4991 0.1470
vn 0.8672 -0.4980 -0.0000
vn 0.8540 -0.4991 -0.1470
vn 0.8118 -0.5019 -0.2985
vn 0.7327 -0.5053 -0.4559
vn 0.8197 -0.2603 0.5103
vn 0.9067 -0.2581 0.3336
vn 0.9526 -0.2563 0.1641
vn 0.9668 -0.2557 -0.0000
vn 0.9526 -0.2563 -0.1641
vn 0.9067 -0.2581 -0.3336
vn 0.8197 -0.2603 -0.5103
vn 0.8486 0.0250 0.5284
vn 0.9382 0.0248 0.3453
vn 0.9852 0.0246 0.1697
vn 0.9997 0.0246 -0.0000
vn 0.9852 0.0246 -0.1697
vn 0.9382 0.0248 -0.3453
vn 0.8486 0.0251 -0.5284
vn 0.8064 0.3125 0.5020
vn 0.8922 0.3100 0.3283
vn 0.9376 0.3080 0.1615
vn 0.9516 0.3072 -0.0000
vn 0.9376 0.3080 -0.1615
vn 0.8922 0.3100 -0.3283
vn 0.8064 0.3125 -0.5020
vn 0.7033 0.5604 0.4375
vn 0.7795 0.5569 0.2866
vn 0.8204 0.5541 0.1411
vn 0.8332 0.5530 -0.0000
vn 0.8204 0.5541 -0.1411
vn 0.7795 0.5569 -0.2866
vn 0.7033 0.5604 -0.4375
vn 0.5659 0.7457 0.3518
vn 0.6286 0.7427 0.2308
vn 0.6626 0.7403 0.1139
vn 0.6733 0.7393 -0.0000
vn 0.6626 0.7403 -0.1139
vn 0.6286 0.7427 -0.2308
vn 0.5659 0.7457 -0.3518
vn 0.1196 -0.9740 -0.1923
vn 0.0789 -0.9735 -0.2148
vn 0.0391 -0.9730 -0.2275
vn -0.0000 -0.9728 -0.2315
vn -0.0391 -0.9730 -0.2275
vn -0.0789 -0.9735 -0.2148
vn -0.1196 -0.9740 -0.1923
vn 0.1111 -0.9776 -0.1787
vn 0.0733 -0.9771 -0.1996
vn 0.0363 -0.9767 -0.2113
vn -0.0000 -0.9766 -0.2150
vn -0.0363 -0.9767 -0.2113
vn -0.0733 -0.9771 -0.1996
vn -0.1111 -0.9776 -0.1787
vn 0.1137 -0.9765 -0.1830
vn 0.0750 -0.9760 -0.2043
vn 0.0371 -0.9756 -0.2162
vn -0.0000 -0.9755 -0.2200
vn -0.0371 -0.9756 -0.2162
vn -0.0750 -0.9760 -0.2043
vn -0.1137 -0.9765 -0.1830
vn 0.1255 -0.9713 -0.2021
vn 0.0827 -0.9707 -0.2255
vn 0.0409 -0.9703 -0.2385
vn -0.0000 -0.9701 -0.2427
vn -0.0409 -0.9703 -0.2385
vn -0.0827 -0.9707 -0.2255
vn -0.1255 -0.9713 -0.2021
vn 0.1470 -0.9604 -0.2366
vn 0.0968 -0.9597 -0.2639
vn 0.0479 -0.9591 -0.2791
vn -0.0000 -0.9588 -0.2840
vn -0.0479 -0.9591 -0.2791
vn -0.0968 -0.9597 -0.2639
vn -0.1470 -0.9604 -0.2366
vn 0.1804 -0.9397 -0.2904
vn 0.1187 -0.9387 -0.3237
vn 0.0587 -0.9378 -0.3422
vn -0.0000 -0.9374 -0.3481
vn -0.0587 -0.9378 -0.3422
vn -0.1187 -0.9387 -0.3237
vn -0.1804 -0.9397 -0.2904
vn 0.2303 -0.8998 -0.3706
vn 0.1514 -0.8982 -0.4128
vn 0.0748 -0.8968 -0.4360
vn -0.0000 -0.8963 -0.4434
vn -0.0748 -0.8968 -0.4360
vn -0.1514 -0.8982 -0.4128
vn -0.2303 -0.8998 -0.3706
vn 0.1923 -0.9740 0.1196
vn 0.2148 -0.9735 0.0789
vn 0.2275 -0.9730 0.0391
vn 0.2315 -0.9728 -0.0000
vn 0.2275 -0.9730 -0.0391
vn 0.2148 -0.9735 -0.0789
vn 0.1923 -0.9740 -0.1196
vn 0.1787 -0.9776 0.1111
vn 0.1996 -0.9771 0.0733
vn 0.2113 -0.9767 0.0363
vn 0.2150 -0.9766 -0.0000
vn 0.2113 -0.9767 -0.0363
vn 0.1996 -0.9771 -0.0733
vn 0.1787 -0.9776 -0.1111
vn 0.1830 -0.9765 0.1137
vn 0.2043 -0.9760 0.0750
vn 0.2162 -0.9756 0.0371
vn 0.2200 -0.9755 -0.0000
vn 0.2162 -0.9756 -0.0371
vn 0.2043 -0.9760 -0.0750
vn 0.1830 -0.9765 -0.1137
vn 0.2021 -0.9713 0.1255
vn 0.2255 -0.9707 0.0827
vn 0.2385 -0.9703 0.0409
vn 0.2427 -0.9701 -0.0000
vn 0.2385 -0.9703 -0.0409
vn 0.2255 -0.9707 -0.0827
vn 0.2021 -0.9713 -0.1255
vn 0.2366 -0.9604 0.1470
vn 0.2639 -0.9597 0.0968
vn 0.2791 -0.9591 0.0479
vn 0.2840 -0.9588 -0.0000
vn 0.2791 -0.9591 -0.0479
vn 0.2639 -0.9597 -0.0968
vn 0.2366 -0.9604 -0.1470
vn 0.2904 -0.9397 0.1804
vn 0.3237 -0.9387 0.1187
vn 0.3422 -0.9378 0.0587
vn 0.3481 -0.9374 -0.0000
vn 0.3422 -0.9378 -0.0587
vn 0.3237 -0.9387 -0.1187
vn 0.2904 -0.9397 -0.1804
vn 0.3706 -0.8998 0.2303
vn 0.4128 -0.8982 0.1514
vn 0.4360 -0.8968 0.0748
vn 0.4434 -0.8963 -0.0000
vn 0.4360 -0.8968 -0.0748
vn 0.4128 -0.8982 -0.1514
vn 0.3706 -0.8998 -0.2303
vn -0.1923 -0.9740 -0.1196
vn -0.2148 -0.9735 -0.0789
vn -0.2275 -0.9730 -0.0391
vn -0.2315 -0.9728 -0.0000
vn -0.2275 -0.9730 0.0391
vn -0.2148 -0.9735 0.0789
vn -0.1923 -0.9740 0.1196
vn -0.1787 -0.9776 -0.1111
vn -0.1996 -0.9771 -0.0733
vn -0.2113 -0.9767 -0.0363
vn -0.2150 -0.9766 -0.0000
vn -0.2113 -0.9767 0.0363
vn -0.1996 -0.9771 0.0733
vn -0.1787 -0.9776 0.1111
vn -0.1830 -0.9765 -0.1137
vn -0.2043 -0.9760 -0.0750
vn -0.2162 -0.9756 -0.0371
vn -0.2200 -0.9755 -0.0000
vn -0.2162 -0.9756 0.0371
vn -0.2043 -0.9760 0.0750
vn -0.1830 -0.9765 0.1137
vn -0.2021 -0.9713 -0.1255
vn -0.2255 -0.9707 -0.0827
vn -0.2385 -0.9703 -0.0409
vn -0.2427 -0.9701 -0.0000
vn -0.2385 -0.9703 0.0409
vn -0.2255 -0.9707 0.0827
vn -0.2021 -0.9713 0.1255
vn -0.2366 -0.9604 -0.1470
vn -0.2639 -0.9597 -0.0968
vn -0.2791 -0.9591 -0.0479
vn -0.2840 -0.9588 -0.0000
vn -0.2791 -0.9591 0.0479
vn -0.2639 -0.9597 0.0968
vn -0.2366 -0.9604 0.1470
vn -0.2904 -0.9397 -0.1804
vn -0.3237 -0.9387 -0.1187
vn -0.3422 -0.9378 -0.0587
vn -0.3481 -0.9374 -0.0000
vn -0.3422 -0.9378 0.0587
vn -0.3237 -0.9387 0.1187
vn -0.2904 -0.9397 0.1804
vn -0.3706 -0.8998 -0.2303
vn -0.4128 -0.8982 -0.1514
vn -0.4360 -0.8968 -0.0748
vn -0.4434 -0.8963 -0.0000
vn -0.4360 -0.8968 0.0748
vn -0.4128 -0.8982 0.1514
vn -0.3706 -0.8998 0.2303
vn 0.3027 0.9344 0.1880
vn 0.3372 0.9333 0.1236
vn 0.3563 0.9324 0.0611
vn 0.3563 0.9324 -0.0611
vn 0.3372 0.9333 -0.1236
vn 0.3027 0.9344 -0.1880
vn 0.2169 0.9669 0.1347
vn 0.2418 0.9663 0.0886
vn 0.2556 0.9658 0.0438
vn 0.2600 0.9656 -0.0000
vn 0.2556 0.9658 -0.0438
vn 0.2418 0.9663 -0.0886
vn 0.2169 0.9669 -0.1347
vn 0.1571 0.9828 0.0975
vn 0.1751 0.9824 0.0642
vn 0.1852 0.9822 0.0318
vn 0.1884 0.9821 -0.0000
vn 0.1852 0.9822 -0.0318
vn 0.1751 0.9824 -0.0642
vn 0.1571 0.9828 -0.0975
vn 0.1145 0.9909 0.0711
vn 0.1277 0.9907 0.0468
vn 0.1350 0.9906 0.0232
vn 0.1374 0.9905 -0.0000
vn 0.1350 0.9906 -0.0232
vn 0.1277 0.9907 -0.0468
vn 0.1145 0.9909 -0.0711
vn 0.0839 0.9951 0.0521
vn 0.0936 0.9950 0.0343
vn 0.0990 0.9949 0.0170
vn 0.1007 0.9949 -0.0000
vn 0.0990 0.9949 -0.0170
vn 0.0936 0.9950 -0.0343
vn 0.0839 0.9951 -0.0521
vn 0.0624 0.9973 0.0388
vn 0.0696 0.9972 0.0255
vn 0.0737 0.9972 0.0126
vn 0.0750 0.9972 -0.0000
vn 0.0737 0.9972 -0.0126
vn 0.0696 0.9972 -0.0255
vn 0.0624 0.9973 -0.0388
vn 0.0488 0.9983 0.0303
vn 0.0545 0.9983 0.0200
vn 0.0577 0.9983 0.0099
vn 0.0587 0.9983 -0.0000
vn 0.0577 0.9983 -0.0099
vn 0.0545 0.9983 -0.0200
vn 0.0488 0.9983 -0.0303
vn -0.6123 -0.6929 -0.3808
vn -0.6798 -0.6896 -0.2497
vn -0.7163 -0.6869 -0.1231
vn -0.7277 -0.6859 -0.0000
vn -0.7163 -0.6869 0.1231
vn -0.6798 -0.6896 0.2497
vn -0.6123 -0.6929 0.3808
vn -0.7327 -0.5053 -0.4559
vn -0.8118 -0.5019 -0.2985
vn -0.8540 -0.4991 -0.1470
vn -0.8672 -0.4980 -0.0000
vn -0.8540 -0.4991 0.1470
vn -0.8118 -0.5019 0.2985
vn -0.7327 -0.5053 0.4559
vn -0.8197 -0.2603 -0.5103
vn -0.9067 -0.2581 -0.3336
vn -0.9526 -0.2563 -0.1641
vn -0.9668 -0.2557 -0.0000
vn -0.9526 -0.2563 0.1641
vn -0.9067 -0.2581 0.3336
vn -0.8197 -0.2603 0.5103
vn -0.8486 0.0251 -0.5284
vn -0.9382 0.0248 -0.3453
vn -0.9852 0.0246 -0.1697
vn -0.9997 0.0246 -0.0000
vn -0.9852 0.0246 0.1697
vn -0.9382 0.0248 0.3453
vn -0.8486 0.0251 0.5284
vn -0.8064 0.3125 -0.5020
vn -0.8922 0.3100 -0.3283
vn -0.9376 0.3080 -0.1615
vn -0.9516 0.3072 -0.0000
vn -0.9376 0.3080 0.1615
vn -0.8922 0.3100 0.3283
vn -0.8064 0.3125 0.5020
vn -0.7033 0.5604 -0.4375
vn -0.7795 0.5569 -0.2866
vn -0.8204 0.5541 -0.1411
vn -0.8332 0.5530 -0.0000
vn -0.8204 0.5541 0.1411
vn -0.7795 0.5569 0.2866
vn -0.7033 0.5604 0.4375
vn -0.5659 0.7457 -0.3518
vn -0.6286 0.7427 -0.2308
vn -0.6626 0.7403 -0.1139
vn -0.6733 0.7393 -0.0000
vn -0.6626 0.7403 0.1139
vn -0.6286 0.7427 0.2308
vn -0.5659 0.7457 0.3518
vn -0.3808 -0.6929 0.6123
vn -0.2497 -0.6896 0.6798
vn -0.1231 -0.6869 0.7163
vn -0.0000 -0.6859 0.7277
vn 0.1231 -0.6869 0.7163
vn 0.2497 -0.6896 0.6798
vn 0.3808 -0.6929 0.6123
vn -0.4559 -0.5053 0.7327
vn -0.2985 -0.5019 0.8118
vn -0.1470 -0.4991 0.8540
vn -0.0000 -0.4980 0.8672
vn 0.1470 -0.4991 0.8540
vn 0.2985 -0.5019 0.8118
vn 0.4559 -0.5053 0.7327
vn -0.5103 -0.2603 0.8197
vn -0.3336 -0.2581 0.9067
vn -0.1641 -0.2563 0.9526
vn -0.0000 -0.2557 0.9668
vn 0.1641 -0.2563 0.9526
vn 0.3336 -0.2581 0.9067
vn 0.5103 -0.2603 0.8197
vn -0.5284 0.0251 0.8486
vn -0.3453 0.0248 0.9382
vn -0.1697 0.0246 0.9852
vn -0.0000 0.0246 0.9997
vn 0.1697 0.0246 0.9852
vn 0.3453 0.0248 0.9382
vn 0.5284 0.0250 0.8486
vn -0.5020 0.3125 0.8064
vn -0.3283 0.3100 0.8922
vn -0.1615 0.3080 0.9376
vn -0.0000 0.3072 0.9516
vn 0.1615 0.3080 0.9376
vn 0.3283 0.3100 0.8922
vn 0.5020 0.3125 0.8064
vn -0.4375 0.5604 0.7033
vn -0.2866 0.5569 0.7795
vn -0.1411 0.5541 0.8204
vn -0.0000 0.5530 0.8332
vn 0.1411 0.5541 0.8204
vn 0.2866 0.5569 0.7795
vn 0.4375 0.5604 0.7033
vn -0.3518 0.7457 0.5659
vn -0.2308 0.7427 0.6286
vn -0.1139 0.7403 0.6626
vn -0.0000 0.7393 0.6733
vn 0.1139 0.7403 0.6626
vn 0.2308 0.7427 0.6286
vn 0.3518 0.7457 0.5659
vn 0.3808 -0.6929 -0.6123
vn 0.2497 -0.6896 -0.6798
vn 0.1231 -0.6869 -0.7163
vn -0.0000 -0.6859 -0.7277
vn -0.1231 -0.6869 -0.7163
vn -0.2497 -0.6896 -0.6798
vn -0.3808 -0.6929 -0.6123
vn 0.4559 -0.5053 -0.7327
vn 0.2985 -0.5019 -0.8118
vn 0.1470 -0.4991 -0.8540
vn -0.0000 -0.4980 -0.8672
vn -0.1470 -0.4991 -0.8540
vn -0.2985 -0.5019 -0.8118
vn -0.4559 -0.5053 -0.7327
vn 0.5103 -0.2603 -0.8197
vn 0.3336 -0.2581 -0.9067
vn 0.1641 -0.2563 -0.9526
vn -0.0000 -0.2557 -0.9668
vn -0.1641 -0.2563 -0.9526
vn -0.3336 -0.2581 -0.9067
vn -0.5103 -0.2603 -0.8197
vn 0.5284 0.0250 -0.8486
vn 0.3453 0.0248 -0.9382
vn 0.1697 0.0246 -0.9852
vn -0.0000 0.0246 -0.9997
vn -0.1697 0.0246 -0.9852
vn -0.3453 0.0248 -0.9382
vn -0.5284 0.0251 -0.8486
vn 0.5020 0.3125 -0.8064
vn 0.3283 0.3100 -0.8922
vn 0.1615 0.3080 -0.9376
vn -0.0000 0.3072 -0.9516
vn -0.1615 0.3080 -0.9376
vn -0.3283 0.3100 -0.8922
vn -0.5020 0.3125 -0.8064
vn 0.4375 0.5604 -0.7033
vn 0.2866 0.5569 -0.7795
vn 0.1411 0.5541 -0.8204
vn -0.0000 0.5530 -0.8332
vn -0.1411 0.5541 -0.8204
vn -0.2866 0.5569 -0.7795
vn -0.4375 0.5604 -0.7033
vn 0.3518 0.7457 -0.5659
vn 0.2308 0.7427 -0.6286
vn 0.1139 0.7403 -0.6626
vn -0.0000 0.7393 -0.6733
vn -0.1139 0.7403 -0.6626
vn -0.2308 0.7427 -0.6286
vn -0.3518 0.7457 -0.5659
vn -0.0265 0.9987 0.0427
vn -0.0175 0.9987 0.0477
vn -0.0087 0.9987 0.0505
vn -0.0000 0.9987 0.0514
vn 0.0087 0.9987 0.0505
vn 0.0175 0.9987 0.0477
vn 0.0265 0.9987 0.0427
vn -0.0282 0.9986 0.0453
vn -0.0186 0.9985 0.0507
vn -0.0092 0.9985 0.0537
vn -0.0000 0.9985 0.0546
vn 0.0092 0.9985 0.0537
vn 0.0186 0.9985 0.0507
vn 0.0282 0.9986 0.0453
vn -0.0320 0.9982 0.0515
vn -0.0212 0.9981 0.0576
vn -0.0105 0.9981 0.0610
vn -0.0000 0.9981 0.0621
vn 0.0105 0.9981 0.0610
vn 0.0212 0.9981 0.0576
vn 0.0320 0.9982 0.0515
vn -0.0398 0.9972 0.0639
vn -0.0263 0.9971 0.0715
vn -0.0130 0.9970 0.0758
vn -0.0000 0.9970 0.0771
vn 0.0130 0.9970 0.0758
vn 0.0263 0.9971 0.0715
vn 0.0398 0.9972 0.0639
vn -0.0541 0.9947 0.0870
vn -0.0358 0.9946 0.0974
vn -0.0178 0.9945 0.1032
vn -0.0000 0.9945 0.1051
vn 0.0178 0.9945 0.1032
vn 0.0358 0.9946 0.0974
vn 0.0541 0.9947 0.0870
vn -0.0798 0.9885 0.1282
vn -0.0527 0.9883 0.1434
vn -0.0262 0.9880 0.1520
vn -0.0000 0.9879 0.1548
vn 0.0262 0.9880 0.1520
vn 0.0527 0.9883 0.1434
vn 0.0798 0.9885 0.1282
vn -0.1222 0.9729 0.1965
vn -0.0808 0.9722 0.2198
vn -0.0401 0.9717 0.2329
vn -0.0000 0.9715 0.2371
vn 0.0401 0.9717 0.2329
vn 0.0808 0.9722 0.2198
vn 0.1223 0.9729 0.1965
vn -0.3027 0.9344 -0.1880
vn -0.3372 0.9333 -0.1236
vn -0.3563 0.9324 -0.0611
vn -0.3563 0.9324 0.0611
vn -0.3372 0.9333 0.1236
vn -0.3027 0.9344 0.1880
vn -0.2169 0.9669 -0.1347
vn -0.2418 0.9663 -0.0886
vn -0.2556 0.9658 -0.0438
vn -0.2600 0.9656 -0.0000
vn -0.2556 0.9658 0.0438
vn -0.2418 0.9663 0.0886
vn -0.2169 0.9669 0.1347
vn -0.1571 0.9828 -0.0975
vn -0.1751 0.9824 -0.0642
vn -0.1852 0.9822 -0.0318
vn -0.1884 0.9821 -0.0000
vn -0.1852 0.9822 0.0318
vn -0.1751 0.9824 0.0642
vn -0.1571 0.9828 0.0975
vn -0.1145 0.9909 -0.0711
vn -0.1277 0.9907 -0.0468
vn -0.1350 0.9906 -0.0232
vn -0.1374 0.9905 -0.0000
vn -0.1350 0.9906 0.0232
vn -0.1277 0.9907 0.0468
vn -0.1145 0.9909 0.0711
vn -0.0839 0.9951 -0.0521
vn -0.0936 0.9950 -0.0343
vn -0.0990 0.9949 -0.0170
vn -0.1007 0.9949 -0.0000
vn -0.0990 0.9949 0.0170
vn -0.0936 0.9950 0.0343
vn -0.0839 0.9951 0.0521
vn -0.0624 0.9973 -0.0388
vn -0.0696 0.9972 -0.0255
vn -0.0737 0.9972 -0.0126
vn -0.0750 0.9972 -0.0000
vn -0.0737 0.9972 0.0126
vn -0.0696 0.9972 0.0255
vn -0.0624 0.9973 0.0388
vn -0.0488 0.9983 -0.0303
vn -0.0545 0.9983 -0.0200
vn -0.0577 0.9983 -0.0099
vn -0.0587 0.9983 -0.0000
vn -0.0577 0.9983 0.0099
vn -0.0545 0.9983 0.0200
vn -0.0488 0.9983 0.0303
vn -0.1880 0.9344 0.3027
vn -0.1236 0.9333 0.3372
vn -0.0611 0.9324 0.3563
vn 0.0611 0.9324 0.3563
vn 0.1236 0.9333 0.3372
vn 0.1880 0.9344 0.3027
vn -0.1347 0.9669 0.2169
vn -0.0886 0.9663 0.2418
vn -0.0438 0.9658 0.2556
vn -0.0000 0.9656 0.2600
vn 0.0438 0.9658 0.2556
vn 0.0886 0.9663 0.2418
vn 0.1347 0.9669 0.2169
vn -0.0975 0.9828 0.1571
vn -0.0642 0.9824 0.1751
vn -0.0318 0.9822 0.1852
vn -0.0000 0.9821 0.1884
vn 0.0318 0.9822 0.1852
vn 0.0642 0.9824 0.1751
vn 0.0975 0.9828 0.1571
vn -0.0711 0.9909 0.1145
vn -0.0468 0.9907 0.1277
vn -0.0232 0.9906 0.1351
vn -0.0000 0.9905 0.1374
vn 0.0232 0.9906 0.1350
vn 0.0468 0.9907 0.1277
vn 0.0711 0.9909 0.1145
vn -0.0521 0.9951 0.0839
vn -0.0343 0.9950 0.0936
vn -0.0170 0.9949 0.0990
vn -0.0000 0.9949 0.1007
vn 0.0170 0.9949 0.0990
vn 0.0343 0.9950 0.0936
vn 0.0521 0.9951 0.0839
vn -0.0388 0.9973 0.0624
vn -0.0255 0.9972 0.0696
vn -0.0126 0.9972 0.0737
vn -0.0000 0.9972 0.0749
vn 0.0126 0.9972 0.0737
vn 0.0255 0.9972 0.0696
vn 0.0388 0.9973 0.0624
vn -0.0303 0.9983 0.0488
vn -0.0200 0.9983 0.0545
vn -0.0099 0.9983 0.0577
vn -0.0000 0.9983 0.0587
vn 0.0099 0.9983 0.0577
vn 0.0200 0.9983 0.0545
vn 0.0303 0.9983 0.0488
vn 0.1880 0.9344 -0.3027
vn 0.1236 0.9333 -0.3372
vn 0.0611 0.9324 -0.3563
vn -0.0611 0.9324 -0.3563
vn -0.1236 0.9333 -0.3372
vn -0.1880 0.9344 -0.3027
vn 0.1347 0.9669 -0.2169
vn 0.0886 0.9663 -0.2418
vn 0.0438 0.9658 -0.2556
vn -0.0000 0.9656 -0.2600
vn -0.0438 0.9658 -0.2556
vn -0.0886 0.9663 -0.2418
vn -0.1347 0.9669 -0.2169
vn 0.0975 0.9828 -0.1571
vn 0.0642 0.9824 -0.1751
vn 0.0318 0.9822 -0.1852
vn -0.0000 0.9821 -0.1884
vn -0.0318 0.9822 -0.1852
vn -0.0642 0.9824 -0.1751
vn -0.0975 0.9828 -0.1571
vn 0.0711 0.9909 -0.1145
vn 0.0468 0.9907 -0.1277
vn 0.0232 0.9906 -0.1350
vn -0.0000 0.9905 -0.1374
vn -0.0232 0.9906 -0.1350
vn -0.0468 0.9907 -0.1277
vn -0.0711 0.9909 -0.1145
vn 0.0521 0.9951 -0.0839
vn 0.0343 0.9950 -0.0936
vn 0.0170 0.9949 -0.0990
vn -0.0000 0.9949 -0.1007
vn -0.0170 0.9949 -0.0990
vn -0.0343 0.9950 -0.0936
vn -0.0521 0.9951 -0.0839
vn 0.0388 0.9973 -0.0624
vn 0.0255 0.9972 -0.0696
vn 0.0126 0.9972 -0.0737
vn -0.0000 0.9972 -0.0749
vn -0.0126 0.9972 -0.0737
vn -0.0255 0.9972 -0.0696
vn -0.0388 0.9973 -0.0624
vn 0.0303 0.9983 -0.0488
vn 0.0200 0.9983 -0.0545
vn 0.0099 0.9983 -0.0577
vn -0.0000 0.9983 -0.0587
vn -0.0099 0.9983 -0.0577
vn -0.0200 0.9983 -0.0545
vn -0.0303 0.9983 -0.0488
vn 0.5205 0.7901 0.3238
vn 0.5800 0.7862 0.2132
vn 0.6127 0.7833 0.1054
vn 0.6230 0.7822 -0.0000
vn 0.6127 0.7833 -0.1054
vn 0.5800 0.7862 -0.2132
vn 0.5205 0.7901 -0.3238
vn 0.8113 0.2971 0.5036
vn 0.8975 0.2940 0.3288
vn 0.9428 0.2917 0.1615
vn 0.9568 0.2909 -0.0000
vn 0.9428 0.2917 -0.1615
vn 0.8975 0.2940 -0.3288
vn 0.8113 0.2971 -0.5036
vn 0.7932 -0.3578 0.4927
vn 0.8780 -0.3541 0.3220
vn 0.9228 -0.3513 0.1583
vn 0.9366 -0.3503 -0.0000
vn 0.9228 -0.3513 -0.1583
vn 0.8780 -0.3541 -0.3220
vn 0.7932 -0.3578 -0.4928
vn 0.6295 -0.6712 0.3914
vn 0.6995 -0.6668 0.2569
vn 0.7375 -0.6634 0.1267
vn 0.7494 -0.6622 -0.0000
vn 0.7375 -0.6634 -0.1267
vn 0.6995 -0.6668 -0.2569
vn 0.6295 -0.6712 -0.3914
vn 0.5306 -0.7807 0.3300
vn 0.5906 -0.7772 0.2169
vn 0.6235 -0.7745 0.1072
vn 0.6339 -0.7734 -0.0000
vn 0.6235 -0.7745 -0.1072
vn 0.5906 -0.7772 -0.2169
vn 0.5306 -0.7807 -0.3300
vn 0.4764 -0.8278 0.2962
vn 0.5306 -0.8249 0.1949
vn 0.5605 -0.8226 0.0963
vn 0.5699 -0.8217 -0.0000
vn 0.5605 -0.8226 -0.0963
vn 0.5306 -0.8249 -0.1949
vn 0.4764 -0.8278 -0.2962
vn 0.4443 -0.8522 0.2762
vn 0.4950 -0.8496 0.1818
vn 0.5230 -0.8476 0.0899
vn 0.5319 -0.8468 -0.0000
vn 0.5230 -0.8476 -0.0899
vn 0.4950 -0.8496 -0.1818
vn 0.4443 -0.8522 -0.2762
vn 0.0265 0.9987 -0.0427
vn 0.0175 0.9987 -0.0477
vn 0.0087 0.9987 -0.0505
vn -0.0000 0.9987 -0.0514
vn -0.0087 0.9987 -0.0505
vn -0.0175 0.9987 -0.0477
vn -0.0265 0.9987 -0.0427
vn 0.0282 0.9986 -0.0453
vn 0.0186 0.9985 -0.0507
vn 0.0092 0.9985 -0.0537
vn -0.0000 0.9985 -0.0546
vn -0.0092 0.9985 -0.0537
vn -0.0186 0.9985 -0.0507
vn -0.0282 0.9986 -0.0453
vn 0.0320 0.9982 -0.0515
vn 0.0212 0.9981 -0.0576
vn 0.0105 0.9981 -0.0610
vn -0.0000 0.9981 -0.0621
vn -0.0105 0.9981 -0.0610
vn -0.0212 0.9981 -0.0576
vn -0.0320 0.9982 -0.0515
vn 0.0398 0.9972 -0.0639
vn 0.0263 0.9971 -0.0715
vn 0.0130 0.9970 -0.0758
vn -0.0000 0.9970 -0.0771
vn -0.0130 0.9970 -0.0758
vn -0.0263 0.9971 -0.0715
vn -0.0398 0.9972 -0.0639
vn 0.0541 0.9947 -0.0870
vn 0.0358 0.9946 -0.0974
vn 0.0178 0.9945 -0.1032
vn -0.0000 0.9945 -0.1051
vn -0.0178 0.9945 -0.1032
vn -0.0358 0.9946 -0.0974
vn -0.0541 0.9947 -0.0870
vn 0.0798 0.9885 -0.1282
vn 0.0527 0.9883 -0.1434
vn 0.0262 0.9880 -0.1520
vn -0.0000 0.9879 -0.1548
vn -0.0262 0.9880 -0.1520
vn -0.0527 0.9883 -0.1434
vn -0.0798 0.9885 -0.1282
vn 0.1223 0.9729 -0.1965
vn 0.0808 0.9722 -0.2198
vn 0.0401 0.9717 -0.2329
vn -0.0000 0.9715 -0.2371
vn -0.0401 0.9717 -0.2329
vn -0.0808 0.9722 -0.2198
vn -0.1223 0.9729 -0.1965
vn 0.0427 0.9987 0.0265
vn 0.0477 0.9987 0.0175
vn 0.0505 0.9987 0.0087
vn 0.0514 0.9987 -0.0000
vn 0.0505 0.9987 -0.0087
vn 0.0477 0.9987 -0.0175
vn 0.0427 0.9987 -0.0265
vn 0.0453 0.9986 0.0282
vn 0.0507 0.9985 0.0186
vn 0.0537 0.9985 0.0092
vn 0.0546 0.9985 -0.0000
vn 0.0537 0.9985 -0.0092
vn 0.0507 0.9985 -0.0186
vn 0.0453 0.9986 -0.0282
vn 0.0515 0.9982 0.0320
vn 0.0576 0.9981 0.0212
vn 0.0610 0.9981 0.0105
vn 0.0621 0.9981 -0.0000
vn 0.0610 0.9981 -0.0105
vn 0.0576 0.9981 -0.0212
vn 0.0515 0.9982 -0.0320
vn 0.0639 0.9972 0.0398
vn 0.0715 0.9971 0.0263
vn 0.0758 0.9970 0.0130
vn 0.0771 0.9970 -0.0000
vn 0.0757 0.9970 -0.0130
vn 0.0715 0.9971 -0.0263
vn 0.0639 0.9972 -0.0398
vn 0.0870 0.9947 0.0541
vn 0.0974 0.9946 0.0358
vn 0.1032 0.9945 0.0178
vn 0.1051 0.9945 -0.0000
vn 0.1032 0.9945 -0.0178
vn 0.0974 0.9946 -0.0358
vn 0.0870 0.9947 -0.0541
vn 0.1282 0.9885 0.0798
vn 0.1434 0.9883 0.0527
vn 0.1521 0.9880 0.0262
vn 0.1548 0.9879 -0.0000
vn 0.1521 0.9880 -0.0262
vn 0.1434 0.9883 -0.0527
vn 0.1282 0.9885 -0.0798
vn 0.1965 0.9729 0.1223
vn 0.2198 0.9722 0.0808
vn 0.2329 0.9717 0.0401
vn 0.2371 0.9715 -0.0000
vn 0.2329 0.9717 -0.0401
vn 0.2198 0.9722 -0.0808
vn 0.1965 0.9729 -0.1223
vn -0.0427 0.9987 -0.0265
vn -0.0477 0.9987 -0.0175
vn -0.0505 0.9987 -0.0087
vn -0.0514 0.9987 -0.0000
vn -0.0505 0.9987 0.0087
vn -0.0477 0.9987 0.0175
vn -0.0427 0.9987 0.0265
vn -0.0453 0.9986 -0.0282
vn -0.0507 0.9985 -0.0186
vn -0.0537 0.9985 -0.0092
vn -0.0546 0.9985 -0.0000
vn -0.0537 0.9985 0.0092
vn -0.0507 0.9985 0.0186
vn -0.0453 0.9986 0.0282
vn -0.0515 0.9982 -0.0320
vn -0.0576 0.9981 -0.0212
vn -0.0610 0.9981 -0.0105
vn -0.0621 0.9981 -0.0000
vn -0.0610 0.9981 0.0105
vn -0.0576 0.9981 0.0212
vn -0.0515 0.9982 0.0320
vn -0.0639 0.9972 -0.0398
vn -0.0715 0.9971 -0.0263
vn -0.0758 0.9970 -0.0130
vn -0.0771 0.9970 -0.0000
vn -0.0757 0.9970 0.0130
vn -0.0715 0.9971 0.0263
vn -0.0639 0.9972 0.0398
vn -0.0870 0.9947 -0.0541
vn -0.0974 0.9946 -0.0358
vn -0.1032 0.9945 -0.0178
vn -0.1051 0.9945 -0.0000
vn -0.1032 0.9945 0.0178
vn -0.0974 0.9946 0.0358
vn -0.0870 0.9947 0.0541
vn -0.1281 0.9885 -0.0797
vn -0.1434 0.9883 -0.0527
vn -0.1521 0.9880 -0.0262
vn -0.1548 0.9879 -0.0000
vn -0.1520 0.9880 0.0262
vn -0.1434 0.9883 0.0527
vn -0.1282 0.9885 0.0798
vn -0.1965 0.9729 -0.1223
vn -0.2198 0.9722 -0.0808
vn -0.2329 0.9717 -0.0401
vn -0.2371 0.9715 -0.0000
vn -0.2329 0.9717 0.0401
vn -0.2198 0.9722 0.0808
vn -0.1965 0.9729 0.1223
vn 0.6497 0.6439 0.4040
vn 0.7209 0.6405 0.2647
vn 0.7591 0.6377 0.1304
vn 0.7711 0.6367 -0.0000
vn 0.7591 0.6377 -0.1304
vn 0.7209 0.6405 -0.2647
vn 0.6497 0.6439 -0.4040
vn 0.5938 0.7151 0.3689
vn 0.6588 0.7124 0.2416
vn 0.6937 0.7104 0.1190
vn 0.7046 0.7097 -0.0000
vn 0.6937 0.7104 -0.1190
vn 0.6588 0.7124 -0.2416
vn 0.5938 0.7151 -0.3689
vn 0.5365 0.7755 0.3329
vn 0.5951 0.7736 0.2177
vn 0.6262 0.7723 0.1071
vn 0.6358 0.7718 -0.0000
vn 0.6262 0.7723 -0.1071
vn 0.5951 0.7736 -0.2177
vn 0.5365 0.7755 -0.3329
vn 0.4775 0.8273 0.2960
vn 0.5292 0.8262 0.1934
vn 0.5564 0.8254 0.0951
vn 0.5648 0.8252 -0.0000
vn 0.5564 0.8254 -0.0951
vn 0.5292 0.8262 -0.1934
vn 0.4775 0.8273 -0.2960
vn 0.4178 0.8708 0.2592
vn 0.4616 0.8708 0.1691
vn 0.4843 0.8709 0.0833
vn 0.4913 0.8710 -0.0000
vn 0.4843 0.8709 -0.0833
vn 0.4616 0.8708 -0.1691
vn 0.4178 0.8708 -0.2592
vn 0.3587 0.9062 0.2240
vn 0.3929 0.9079 0.1464
vn 0.4105 0.9090 0.0727
vn 0.4161 0.9093 -0.0000
vn 0.4105 0.9090 -0.0727
vn 0.3929 0.9079 -0.1464
vn 0.3587 0.9062 -0.2240
vn 0.3006 0.9342 0.1921
vn 0.3230 0.9377 0.1278
vn 0.3362 0.9396 0.0647
vn 0.3407 0.9402 -0.0000
vn 0.3362 0.9396 -0.0647
vn 0.3230 0.9377 -0.1278
vn 0.3006 0.9342 -0.1921
vn -0.5205 0.7901 -0.3238
vn -0.5800 0.7862 -0.2132
vn -0.6126 0.7833 -0.1054
vn -0.6230 0.7822 -0.0000
vn -0.6127 0.7833 0.1054
vn -0.5800 0.7862 0.2132
vn -0.5205 0.7901 0.3238
vn -0.8113 0.2970 -0.5036
vn -0.8975 0.2939 -0.3288
vn -0.9428 0.2916 -0.1615
vn -0.9568 0.2908 -0.0000
vn -0.9428 0.2916 0.1615
vn -0.8975 0.2939 0.3288
vn -0.8113 0.2970 0.5036
vn -0.7932 -0.3578 -0.4928
vn -0.8780 -0.3541 -0.3220
vn -0.9228 -0.3513 -0.1583
vn -0.9366 -0.3503 -0.0000
vn -0.9228 -0.3513 0.1583
vn -0.8780 -0.3541 0.3220
vn -0.7932 -0.3578 0.4927
vn -0.6295 -0.6712 -0.3914
vn -0.6995 -0.6668 -0.2569
vn -0.7375 -0.6634 -0.1267
vn -0.7494 -0.6622 -0.0000
vn -0.7375 -0.6634 0.1267
vn -0.6995 -0.6668 0.2569
vn -0.6295 -0.6712 0.3914
vn -0.5306 -0.7807 -0.3300
vn -0.5906 -0.7772 -0.2169
vn -0.6235 -0.7745 -0.1072
vn -0.6339 -0.7734 -0.0000
vn -0.6235 -0.7745 0.1072
vn -0.5906 -0.7772 0.2169
vn -0.5306 -0.7807 0.3300
vn -0.4764 -0.8278 -0.2962
vn -0.5306 -0.8249 -0.1949
vn -0.5605 -0.8226 -0.0963
vn -0.5699 -0.8217 -0.0000
vn -0.5605 -0.8226 0.0963
vn -0.5306 -0.8249 0.1949
vn -0.4764 -0.8278 0.2962
vn -0.4443 -0.8522 -0.2762
vn -0.4950 -0.8496 -0.1818
vn -0.5230 -0.8476 -0.0899
vn -0.5319 -0.8468 -0.0000
vn -0.5230 -0.8476 0.0899
vn -0.4950 -0.8496 0.1818
vn -0.4443 -0.8522 0.2762
vn -0.3238 0.7901 0.5205
vn -0.2132 0.7862 0.5800
vn -0.1054 0.7833 0.6127
vn -0.0000 0.7822 0.6230
vn 0.1054 0.7833 0.6127
vn 0.2132 0.7862 0.5800
vn 0.3238 0.7901 0.5205
vn -0.5036 0.2970 0.8113
vn -0.3288 0.2939 0.8975
vn -0.1615 0.2917 0.9428
vn -0.0000 0.2909 0.9568
vn 0.1616 0.2917 0.9428
vn 0.3288 0.2939 0.8975
vn 0.5036 0.2970 0.8113
vn -0.4927 -0.3578 0.7932
vn -0.3220 -0.3541 0.8780
vn -0.1583 -0.3513 0.9228
vn -0.0000 -0.3503 0.9366
vn 0.1583 -0.3513 0.9228
vn 0.3220 -0.3541 0.8780
vn 0.4928 -0.3578 0.7932
vn -0.3914 -0.6712 0.6295
vn -0.2569 -0.6668 0.6995
vn -0.1267 -0.6634 0.7374
vn -0.0000 -0.6622 0.7494
vn 0.1267 -0.6634 0.7374
vn 0.2569 -0.6668 0.6995
vn 0.3914 -0.6712 0.6295
vn -0.3300 -0.7807 0.5306
vn -0.2169 -0.7772 0.5906
vn -0.1072 -0.7745 0.6235
vn -0.0000 -0.7734 0.6339
vn 0.1072 -0.7745 0.6235
vn 0.2169 -0.7772 0.5906
vn 0.3299 -0.7807 0.5306
vn -0.2962 -0.8278 0.4764
vn -0.1949 -0.8249 0.5306
vn -0.0963 -0.8226 0.5605
vn -0.0000 -0.8217 0.5699
vn 0.0963 -0.8226 0.5605
vn 0.1949 -0.8249 0.5306
vn 0.2962 -0.8278 0.4764
vn -0.2762 -0.8522 0.4443
vn -0.1818 -0.8496 0.4950
vn -0.0899 -0.8476 0.5230
vn -0.0000 -0.8468 0.5319
vn 0.0899 -0.8476 0.5230
vn 0.1818 -0.8496 0.4950
vn 0.2762 -0.8522 0.4443
vn 0.3238 0.7901 -0.5205
vn 0.2132 0.7862 -0.5800
vn 0.1054 0.7833 -0.6127
vn -0.0000 0.7822 -0.6230
vn -0.1054 0.7833 -0.6127
vn -0.2132 0.7862 -0.5800
vn -0.3238 0.7901 -0.5205
vn 0.5036 0.2971 -0.8113
vn 0.3288 0.2940 -0.8975
vn 0.1615 0.2917 -0.9428
vn -0.0000 0.2909 -0.9568
vn -0.1615 0.2917 -0.9428
vn -0.3288 0.2940 -0.8975
vn -0.5036 0.2970 -0.8113
vn 0.4928 -0.3578 -0.7932
vn 0.3220 -0.3541 -0.8780
vn 0.1583 -0.3513 -0.9228
vn -0.0000 -0.3503 -0.9366
vn -0.1583 -0.3513 -0.9228
vn -0.3220 -0.3541 -0.8780
vn -0.4928 -0.3578 -0.7932
vn 0.3914 -0.6712 -0.6295
vn 0.2569 -0.6668 -0.6995
vn 0.1267 -0.6634 -0.7374
vn -0.0000 -0.6622 -0.7494
vn -0.1267 -0.6634 -0.7375
vn -0.2569 -0.6668 -0.6995
vn -0.3914 -0.6712 -0.6295
vn 0.3300 -0.7807 -0.5306
vn 0.2169 -0.7772 -0.5906
vn 0.1072 -0.7745 -0.6235
vn -0.0000 -0.7734 -0.6339
vn -0.1072 -0.7745 -0.6235
vn -0.2169 -0.7772 -0.5906
vn -0.3300 -0.7807 -0.5306
vn 0.2962 -0.8278 -0.4764
vn 0.1949 -0.8249 -0.5306
vn 0.0963 -0.8226 -0.5605
vn -0.0000 -0.8217 -0.5699
vn -0.0963 -0.8226 -0.5605
vn -0.1949 -0.8249 -0.5306
vn -0.2962 -0.8278 -0.4764
vn 0.2762 -0.8522 -0.4443
vn 0.1818 -0.8496 -0.4950
vn 0.0899 -0.8476 -0.5230
vn -0.0000 -0.8468 -0.5319
vn -0.0899 -0.8476 -0.5230
vn -0.1818 -0.8496 -0.4950
vn -0.2762 -0.8522 -0.4443
vn 0.1751 0.9689 -0.1751
vn 0.1182 0.9754 -0.1862
vn 0.0605 0.9791 -0.1940
vn -0.0000 0.9804 -0.1968
vn -0.0605 0.9791 -0.1940
vn -0.1182 0.9754 -0.1862
vn -0.1751 0.9689 -0.1751
vn 0.1862 0.9754 -0.1182
vn 0.1234 0.9846 -0.1234
vn 0.0622 0.9898 -0.1279
vn -0.0000 0.9916 -0.1296
vn -0.0622 0.9898 -0.1279
vn -0.1234 0.9846 -0.1234
vn -0.1862 0.9754 -0.1182
vn 0.1940 0.9791 -0.0605
vn 0.1279 0.9898 -0.0622
vn 0.0638 0.9959 -0.0638
vn -0.0000 0.9979 -0.0644
vn -0.0638 0.9959 -0.0638
vn -0.1279 0.9898 -0.0622
vn -0.1940 0.9791 -0.0605
vn 0.1968 0.9804 -0.0000
vn 0.1296 0.9916 -0.0000
vn 0.0644 0.9979 -0.0000
vn -0.0000 1.0000 -0.0000
vn -0.0644 0.9979 -0.0000
vn -0.1296 0.9916 -0.0000
vn -0.1968 0.9804 -0.0000
vn 0.1940 0.9791 0.0605
vn 0.1279 0.9898 0.0622
vn 0.0638 0.9959 0.0638
vn -0.0000 0.9979 0.0644
vn -0.0638 0.9959 0.0638
vn -0.1279 0.9898 0.0622
vn -0.1940 0.9791 0.0605
vn 0.1862 0.9754 0.1182
vn 0.1234 0.9846 0.1234
vn 0.0622 0.9898 0.1279
vn -0.0000 0.9916 0.1296
vn -0.0622 0.9898 0.1279
vn -0.1234 0.9846 0.1234
vn -0.1862 0.9754 0.1182
vn 0.1751 0.9689 0.1751
vn 0.1182 0.9754 0.1862
vn 0.0605 0.9791 0.1940
vn -0.0000 0.9804 0.1968
vn -0.0605 0.9791 0.1940
vn -0.1182 0.9754 0.1862
vn -0.1751 0.9689 0.1751
vn -0.6497 0.6439 -0.4040
vn -0.7209 0.6405 -0.2647
vn -0.7591 0.6377 -0.1304
vn -0.7711 0.6367 -0.0000
vn -0.7591 0.6377 0.1304
vn -0.7209 0.6405 0.2647
vn -0.6497 0.6439 0.4040
vn -0.5938 0.7151 -0.3689
vn -0.6588 0.7124 -0.2416
vn -0.6937 0.7104 -0.1190
vn -0.7046 0.7097 -0.0000
vn -0.6937 0.7104 0.1190
vn -0.6588 0.7124 0.2416
vn -0.5938 0.7151 0.3689
vn -0.5365 0.7755 -0.3329
vn -0.5951 0.7736 -0.2177
vn -0.6262 0.7723 -0.1071
vn -0.6358 0.7718 -0.0000
vn -0.6262 0.7723 0.1071
vn -0.5951 0.7736 0.2177
vn -0.5365 0.7755 0.3329
vn -0.4775 0.8273 -0.2960
vn -0.5292 0.8262 -0.1934
vn -0.5564 0.8254 -0.0951
vn -0.5648 0.8252 -0.0000
vn -0.5564 0.8254 0.0951
vn -0.5292 0.8262 0.1934
vn -0.4775 0.8273 0.2960
vn -0.4178 0.8708 -0.2592
vn -0.4616 0.8708 -0.1691
vn -0.4843 0.8709 -0.0833
vn -0.4913 0.8710 -0.0000
vn -0.4843 0.8709 0.0833
vn -0.4616 0.8708 0.1691
vn -0.4178 0.8708 0.2592
vn -0.3587 0.9062 -0.2240
vn -0.3929 0.9079 -0.1464
vn -0.4105 0.9090 -0.0727
vn -0.4161 0.9093 -0.0000
vn -0.4105 0.9090 0.0727
vn -0.3929 0.9079 0.1464
vn -0.3587 0.9062 0.2240
vn -0.3006 0.9342 -0.1921
vn -0.3230 0.9377 -0.1278
vn -0.3362 0.9396 -0.0647
vn -0.3407 0.9402 -0.0000
vn -0.3362 0.9396 0.0647
vn -0.3230 0.9377 0.1278
vn -0.3006 0.9342 0.1921
vn -0.4040 0.6439 0.6497
vn -0.2647 0.6405 0.7209
vn -0.1304 0.6377 0.7591
vn -0.0000 0.6367 0.7711
vn 0.1304 0.6377 0.7591
vn 0.2647 0.6405 0.7209
vn 0.4040 0.6439 0.6497
vn -0.3689 0.7151 0.5938
vn -0.2416 0.7124 0.6588
vn -0.1190 0.7104 0.6937
vn -0.0000 0.7097 0.7046
vn 0.1190 0.7104 0.6937
vn 0.2416 0.7124 0.6588
vn 0.3689 0.7151 0.5938
vn -0.3329 0.7755 0.5365
vn -0.2177 0.7736 0.5951
vn -0.1071 0.7723 0.6262
vn -0.0000 0.7718 0.6358
vn 0.1071 0.7723 0.6262
vn 0.2177 0.7736 0.5951
vn 0.3329 0.7755 0.5365
vn -0.2960 0.8273 0.4775
vn -0.1934 0.8262 0.5292
vn -0.0951 0.8254 0.5564
vn -0.0000 0.8252 0.5648
vn 0.0951 0.8254 0.5564
vn 0.1934 0.8262 0.5292
vn 0.2960 0.8273 0.4775
vn -0.2592 0.8708 0.4178
vn -0.1691 0.8708 0.4616
vn -0.0833 0.8709 0.4843
vn -0.0000 0.8710 0.4913
vn 0.0833 0.8709 0.4843
vn 0.1691 0.8708 0.4616
vn 0.2592 0.8708 0.4178
vn -0.2240 0.9062 0.3587
vn -0.1464 0.9079 0.3929
vn -0.0727 0.9090 0.4105
vn -0.0000 0.9093 0.4161
vn 0.0727 0.9090 0.4105
vn 0.1464 0.9079 0.3929
vn 0.2240 0.9062 0.3587
vn -0.1921 0.9342 0.3006
vn -0.1278 0.9377 0.3230
vn -0.0647 0.9396 0.3362
vn -0.0000 0.9402 0.3407
vn 0.0647 0.9396 0.3362
vn 0.1278 0.9377 0.3230
vn 0.1921 0.9342 0.3006
vn 0.4040 0.6439 -0.6497
vn 0.2647 0.6405 -0.7209
vn 0.1304 0.6377 -0.7591
vn -0.0000 0.6367 -0.7711
vn -0.1304 0.6377 -0.7591
vn -0.2647 0.6405 -0.7209
vn -0.4040 0.6439 -0.6497
vn 0.3689 0.7151 -0.5938
vn 0.2416 0.7124 -0.6588
vn 0.1190 0.7104 -0.6937
vn -0.0000 0.7097 -0.7046
vn -0.1190 0.7104 -0.6937
vn -0.2416 0.7124 -0.6588
vn -0.3689 0.7151 -0.5938
vn 0.3329 0.7755 -0.5365
vn 0.2177 0.7736 -0.5951
vn 0.1071 0.7723 -0.6262
vn -0.0000 0.7718 -0.6358
vn -0.1071 0.7723 -0.6262
vn -0.2177 0.7736 -0.5951
vn -0.3329 0.7755 -0.5365
vn 0.2960 0.8273 -0.4775
vn 0.1934 0.8262 -0.5292
vn 0.0951 0.8254 -0.5564
vn -0.0000 0.8252 -0.5648
vn -0.0951 0.8254 -0.5564
vn -0.1934 0.8262 -0.5292
vn -0.2960 0.8273 -0.4775
vn 0.2592 0.8708 -0.4178
vn 0.1691 0.8708 -0.4616
vn 0.0833 0.8709 -0.4843
vn -0.0000 0.8710 -0.4913
vn -0.0833 0.8709 -0.4843
vn -0.1691 0.8708 -0.4616
vn -0.2592 0.8708 -0.4178
vn 0.2240 0.9062 -0.3587
vn 0.1464 0.9079 -0.3929
vn 0.0727 0.9090 -0.4105
vn -0.0000 0.9093 -0.4161
vn -0.0727 0.9090 -0.4105
vn -0.1464 0.9079 -0.3929
vn -0.2240 0.9062 -0.3587
vn 0.1921 0.9342 -0.3006
vn 0.1278 0.9377 -0.3230
vn 0.0647 0.9396 -0.3362
vn -0.0000 0.9402 -0.3407
vn -0.0647 0.9396 -0.3362
vn -0.1278 0.9377 -0.3230
vn -0.1921 0.9342 -0.3006
vn 0.4607 -0.4891 -0.7406
vn 0.3016 -0.4854 -0.8206
vn 0.1485 -0.4824 -0.8633
vn -0.0000 -0.4813 -0.8766
vn -0.1485 -0.4824 -0.8633
vn -0.3016 -0.4854 -0.8206
vn -0.4607 -0.4891 -0.7406
vn 0.4859 -0.3926 -0.7809
vn 0.3178 -0.3893 -0.8646
vn 0.1564 -0.3865 -0.9089
vn -0.0000 -0.3855 -0.9227
vn -0.1564 -0.3865 -0.9089
vn -0.3178 -0.3893 -0.8646
vn -0.4859 -0.3926 -0.7809
vn 0.5033 -0.3039 -0.8089
vn 0.3291 -0.3011 -0.8950
vn 0.1618 -0.2988 -0.9405
vn -0.0000 -0.2980 -0.9546
vn -0.1618 -0.2988 -0.9405
vn -0.3291 -0.3011 -0.8950
vn -0.5033 -0.3039 -0.8089
vn 0.5148 -0.2247 -0.8273
vn 0.3364 -0.2225 -0.9150
vn 0.1654 -0.2207 -0.9612
vn -0.0000 -0.2201 -0.9755
vn -0.1654 -0.2207 -0.9612
vn -0.3364 -0.2225 -0.9150
vn -0.5148 -0.2247 -0.8273
vn 0.5219 -0.1554 -0.8387
vn 0.3410 -0.1538 -0.9274
vn 0.1676 -0.1525 -0.9740
vn -0.0000 -0.1521 -0.9884
vn -0.1676 -0.1525 -0.9740
vn -0.3410 -0.1538 -0.9274
vn -0.5219 -0.1554 -0.8387
vn 0.5259 -0.0955 -0.8452
vn 0.3435 -0.0946 -0.9344
vn 0.1688 -0.0938 -0.9812
vn -0.0000 -0.0935 -0.9956
vn -0.1688 -0.0938 -0.9812
vn -0.3435 -0.0946 -0.9344
vn -0.5259 -0.0955 -0.8452
vn 0.5278 -0.0444 -0.8482
vn 0.3447 -0.0440 -0.9377
vn 0.1694 -0.0436 -0.9846
vn -0.0000 -0.0435 -0.9991
vn -0.1694 -0.0436 -0.9846
vn -0.3447 -0.0440 -0.9377
vn -0.5278 -0.0444 -0.8482
vn -0.4607 -0.4892 0.7406
vn -0.3016 -0.4854 0.8206
vn -0.1485 -0.4824 0.8633
vn -0.0000 -0.4813 0.8766
vn 0.1485 -0.4824 0.8633
vn 0.3016 -0.4854 0.8206
vn 0.4607 -0.4892 0.7406
vn -0.4859 -0.3926 0.7809
vn -0.3178 -0.3893 0.8646
vn -0.1564 -0.3865 0.9089
vn -0.0000 -0.3855 0.9227
vn 0.1564 -0.3865 0.9089
vn 0.3178 -0.3893 0.8646
vn 0.4859 -0.3926 0.7809
vn -0.5033 -0.3039 0.8089
vn -0.3291 -0.3011 0.8950
vn -0.1618 -0.2988 0.9405
vn -0.0000 -0.2980 0.9546
vn 0.1618 -0.2988 0.9405
vn 0.3291 -0.3011 0.8950
vn 0.5033 -0.3039 0.8089
vn -0.5148 -0.2247 0.8273
vn -0.3364 -0.2225 0.9150
vn -0.1654 -0.2207 0.9612
vn -0.0000 -0.2201 0.9755
vn 0.1654 -0.2207 0.9612
vn 0.3364 -0.2225 0.9150
vn 0.5148 -0.2247 0.8273
vn -0.5219 -0.1554 0.8387
vn -0.3410 -0.1538 0.9274
vn -0.1676 -0.1525 0.9740
vn -0.0000 -0.1521 0.9884
vn 0.1676 -0.1525 0.9740
vn 0.3410 -0.1538 0.9274
vn 0.5219 -0.1554 0.8387
vn -0.5259 -0.0955 0.8452
vn -0.3435 -0.0946 0.9344
vn -0.1688 -0.0938 0.9812
vn -0.0000 -0.0935 0.9956
vn 0.1688 -0.0938 0.9812
vn 0.3435 -0.0946 0.9344
vn 0.5259 -0.0955 0.8452
vn -0.5278 -0.0444 0.8482
vn -0.3447 -0.0440 0.9377
vn -0.1694 -0.0436 0.9846
vn -0.0000 -0.0435 0.9991
vn 0.1694 -0.0436 0.9846
vn 0.3447 -0.0440 0.9377
vn 0.5278 -0.0444 0.8482
vn -0.7406 -0.4891 -0.4607
vn -0.8206 -0.4854 -0.3016
vn -0.8633 -0.4824 -0.1485
vn -0.8766 -0.4813 -0.0000
vn -0.8633 -0.4824 0.1485
vn -0.8206 -0.4854 0.3016
vn -0.7406 -0.4892 0.4607
vn -0.7809 -0.3926 -0.4859
vn -0.8646 -0.3893 -0.3178
vn -0.9089 -0.3865 -0.1564
vn -0.9227 -0.3855 -0.0000
vn -0.9089 -0.3865 0.1564
vn -0.8646 -0.3893 0.3178
vn -0.7809 -0.3926 0.4859
vn -0.8089 -0.3039 -0.5033
vn -0.8950 -0.3011 -0.3291
vn -0.9405 -0.2988 -0.1618
vn -0.9546 -0.2980 -0.0000
vn -0.9405 -0.2988 0.1618
vn -0.8950 -0.3011 0.3291
vn -0.8089 -0.3039 0.5033
vn -0.8273 -0.2247 -0.5148
vn -0.9150 -0.2225 -0.3364
vn -0.9612 -0.2207 -0.1654
vn -0.9755 -0.2201 -0.0000
vn -0.9612 -0.2207 0.1654
vn -0.9150 -0.2225 0.3364
vn -0.8273 -0.2247 0.5148
vn -0.8387 -0.1554 -0.5219
vn -0.9274 -0.1538 -0.3410
vn -0.9740 -0.1525 -0.1676
vn -0.9884 -0.1521 -0.0000
vn -0.9740 -0.1525 0.1676
vn -0.9274 -0.1538 0.3410
vn -0.8387 -0.1554 0.5219
vn -0.8452 -0.0955 -0.5259
vn -0.9344 -0.0946 -0.3435
vn -0.9812 -0.0938 -0.1688
vn -0.9956 -0.0935 -0.0000
vn -0.9812 -0.0938 0.1688
vn -0.9344 -0.0946 0.3435
vn -0.8452 -0.0955 0.5259
vn -0.8482 -0.0444 -0.5278
vn -0.9377 -0.0440 -0.3447
vn -0.9846 -0.0436 -0.1694
vn -0.9991 -0.0435 -0.0000
vn -0.9846 -0.0436 0.1694
vn -0.9377 -0.0440 0.3447
vn -0.8482 -0.0444 0.5278
vn 0.7406 -0.4891 0.4607
vn 0.8206 -0.4854 0.3016
vn 0.8633 -0.4824 0.1485
vn 0.8766 -0.4813 -0.0000
vn 0.8633 -0.4824 -0.1485
vn 0.8206 -0.4854 -0.3016
vn 0.7406 -0.4891 -0.4607
vn 0.7809 -0.3926 0.4859
vn 0.8646 -0.3893 0.3178
vn 0.9089 -0.3865 0.1564
vn 0.9227 -0.3855 -0.0000
vn 0.9089 -0.3865 -0.1564
vn 0.8646 -0.3893 -0.3178
vn 0.7809 -0.3926 -0.4859
vn 0.8089 -0.3039 0.5033
vn 0.8950 -0.3011 0.3291
vn 0.9405 -0.2988 0.1618
vn 0.9546 -0.2980 -0.0000
vn 0.9405 -0.2988 -0.1618
vn 0.8950 -0.3011 -0.3291
vn 0.8089 -0.3039 -0.5033
vn 0.8273 -0.2247 0.5148
vn 0.9150 -0.2225 0.3364
vn 0.9612 -0.2207 0.1654
vn 0.9755 -0.2201 -0.0000
vn 0.9612 -0.2207 -0.1654
vn 0.9150 -0.2225 -0.3364
vn 0.8273 -0.2247 -0.5148
vn 0.8387 -0.1554 0.5219
vn 0.9274 -0.1538 0.3410
vn 0.9740 -0.1525 0.1676
vn 0.9884 -0.1521 -0.0000
vn 0.9740 -0.1525 -0.1676
vn 0.9274 -0.1538 -0.3410
vn 0.8387 -0.1554 -0.5219
vn 0.8452 -0.0955 0.5259
vn 0.9344 -0.0946 0.3435
vn 0.9812 -0.0938 0.1688
vn 0.9956 -0.0935 -0.0000
vn 0.9812 -0.0938 -0.1688
vn 0.9344 -0.0946 -0.3435
vn 0.8452 -0.0955 -0.5259
vn 0.8482 -0.0444 0.5278
vn 0.9377 -0.0440 0.3447
vn 0.9846 -0.0436 0.1694
vn 0.9991 -0.0435 -0.0000
vn 0.9846 -0.0436 -0.1694
vn 0.9377 -0.0440 -0.3447
vn 0.8482 -0.0444 -0.5278
vn 0.5278 0.0444 -0.8482
vn 0.3447 0.0439 -0.9377
vn 0.1694 0.0435 -0.9846
vn -0.0000 0.0434 -0.9991
vn -0.1694 0.0435 -0.9846
vn -0.3447 0.0439 -0.9377
vn -0.5278 0.0444 -0.8482
vn 0.5259 0.0951 -0.8452
vn 0.3435 0.0941 -0.9344
vn 0.1688 0.0934 -0.9812
vn -0.0000 0.0931 -0.9957
vn -0.1688 0.0934 -0.9812
vn -0.3435 0.0941 -0.9344
vn -0.5259 0.0951 -0.8452
vn 0.5220 0.1540 -0.8389
vn 0.3410 0.1524 -0.9276
vn 0.1676 0.1512 -0.9742
vn -0.0000 0.1507 -0.9886
vn -0.1676 0.1512 -0.9742
vn -0.3410 0.1524 -0.9276
vn -0.5220 0.1540 -0.8389
vn 0.5152 0.2213 -0.8280
vn 0.3367 0.2191 -0.9158
vn 0.1655 0.2174 -0.9619
vn -0.0000 0.2168 -0.9762
vn -0.1655 0.2174 -0.9619
vn -0.3367 0.2191 -0.9158
vn -0.5152 0.2213 -0.8280
vn 0.5045 0.2970 -0.8107
vn 0.3298 0.2942 -0.8970
vn 0.1622 0.2920 -0.9426
vn -0.0000 0.2912 -0.9567
vn -0.1622 0.2920 -0.9426
vn -0.3298 0.2942 -0.8970
vn -0.5045 0.2970 -0.8107
vn 0.4886 0.3803 -0.7853
vn 0.3196 0.3770 -0.8693
vn 0.1572 0.3744 -0.9139
vn -0.0000 0.3734 -0.9277
vn -0.1572 0.3744 -0.9139
vn -0.3196 0.3770 -0.8693
vn -0.4886 0.3803 -0.7853
vn 0.4664 0.4695 -0.7497
vn 0.3053 0.4658 -0.8306
vn 0.1503 0.4628 -0.8736
vn -0.0000 0.4617 -0.8870
vn -0.1503 0.4628 -0.8736
vn -0.3053 0.4658 -0.8306
vn -0.4664 0.4695 -0.7497
vn -0.5278 0.0444 0.8482
vn -0.3447 0.0439 0.9377
vn -0.1694 0.0435 0.9846
vn -0.0000 0.0434 0.9991
vn 0.1694 0.0435 0.9846
vn 0.3447 0.0439 0.9377
vn 0.5278 0.0444 0.8482
vn -0.5259 0.0951 0.8452
vn -0.3435 0.0941 0.9344
vn -0.1688 0.0934 0.9812
vn -0.0000 0.0931 0.9957
vn 0.1688 0.0934 0.9812
vn 0.3435 0.0941 0.9344
vn 0.5259 0.0951 0.8452
vn -0.5220 0.1540 0.8389
vn -0.3410 0.1524 0.9276
vn -0.1676 0.1512 0.9742
vn -0.0000 0.1507 0.9886
vn 0.1676 0.1512 0.9742
vn 0.3410 0.1524 0.9276
vn 0.5220 0.1540 0.8389
vn -0.5152 0.2213 0.8280
vn -0.3367 0.2191 0.9158
vn -0.1655 0.2174 0.9619
vn -0.0000 0.2168 0.9762
vn 0.1655 0.2174 0.9619
vn 0.3367 0.2191 0.9158
vn 0.5152 0.2213 0.8280
vn -0.5045 0.2970 0.8107
vn -0.3298 0.2942 0.8970
vn -0.1622 0.2920 0.9426
vn -0.0000 0.2912 0.9567
vn 0.1622 0.2920 0.9426
vn 0.3298 0.2942 0.8970
vn 0.5045 0.2970 0.8107
vn -0.4886 0.3803 0.7853
vn -0.3196 0.3770 0.8693
vn -0.1572 0.3744 0.9139
vn -0.0000 0.3734 0.9277
vn 0.1572 0.3744 0.9139
vn 0.3196 0.3770 0.8693
vn 0.4886 0.3803 0.7853
vn -0.4664 0.4695 0.7497
vn -0.3053 0.4658 0.8306
vn -0.1503 0.4628 0.8736
vn -0.0000 0.4617 0.8870
vn 0.1503 0.4628 0.8736
vn 0.3053 0.4658 0.8306
vn 0.4664 0.4695 0.7497
vn -0.8482 0.0444 -0.5278
vn -0.9377 0.0439 -0.3447
vn -0.9846 0.0435 -0.1694
vn -0.9991 0.0434 -0.0000
vn -0.9846 0.0435 0.1694
vn -0.9377 0.0439 0.3447
vn -0.8482 0.0444 0.5278
vn -0.8452 0.0951 -0.5259
vn -0.9344 0.0941 -0.3435
vn -0.9812 0.0934 -0.1688
vn -0.9957 0.0931 -0.0000
vn -0.9812 0.0934 0.1688
vn -0.9344 0.0941 0.3435
vn -0.8452 0.0951 0.5259
vn -0.8389 0.1540 -0.5220
vn -0.9276 0.1524 -0.3410
vn -0.9742 0.1512 -0.1676
vn -0.9886 0.1507 -0.0000
vn -0.9742 0.1512 0.1676
vn -0.9276 0.1524 0.3410
vn -0.8389 0.1540 0.5220
vn -0.8280 0.2213 -0.5152
vn -0.9158 0.2191 -0.3367
vn -0.9619 0.2174 -0.1655
vn -0.9762 0.2168 -0.0000
vn -0.9619 0.2174 0.1655
vn -0.9158 0.2191 0.3367
vn -0.8280 0.2213 0.5152
vn -0.8107 0.2970 -0.5045
vn -0.8970 0.2942 -0.3298
vn -0.9426 0.2920 -0.1622
vn -0.9567 0.2912 -0.0000
vn -0.9426 0.2920 0.1622
vn -0.8970 0.2942 0.3298
vn -0.8107 0.2970 0.5045
vn -0.7853 0.3803 -0.4886
vn -0.8693 0.3770 -0.3196
vn -0.9139 0.3744 -0.1572
vn -0.9277 0.3734 -0.0000
vn -0.9139 0.3744 0.1572
vn -0.8693 0.3770 0.3196
vn -0.7853 0.3803 0.4886
vn -0.7497 0.4695 -0.4664
vn -0.8306 0.4658 -0.3053
vn -0.8736 0.4628 -0.1503
vn -0.8870 0.4617 -0.0000
vn -0.8736 0.4628 0.1503
vn -0.8306 0.4658 0.3053
vn -0.7497 0.4695 0.4664
vn 0.8482 0.0444 0.5278
vn 0.9377 0.0439 0.3447
vn 0.9846 0.0435 0.1694
vn 0.9991 0.0434 -0.0000
vn 0.9846 0.0435 -0.1694
vn 0.9377 0.0439 -0.3447
vn 0.8482 0.0444 -0.5278
vn 0.8452 0.0951 0.5259
vn 0.9344 0.0941 0.3435
vn 0.9812 0.0934 0.1688
vn 0.9957 0.0931 -0.0000
vn 0.9812 0.0934 -0.1688
vn 0.9344 0.0941 -0.3435
vn 0.8452 0.0951 -0.5259
vn 0.8389 0.1540 0.5220
vn 0.9276 0.1524 0.3410
vn 0.9742 0.1512 0.1676
vn 0.9886 0.1507 -0.0000
vn 0.9742 0.1512 -0.1676
vn 0.9276 0.1524 -0.3410
vn 0.8389 0.1540 -0.5220
vn 0.8280 0.2213 0.5152
vn 0.9158 0.2191 0.3367
vn 0.9619 0.2174 0.1655
vn 0.9762 0.2168 -0.0000
vn 0.9619 0.2174 -0.1655
vn 0.9158 0.2191 -0.3367
vn 0.8280 0.2213 -0.5152
vn 0.8107 0.2970 0.5045
vn 0.8970 0.2942 0.3298
vn 0.9426 0.2920 0.1622
vn 0.9567 0.2912 -0.0000
vn 0.9426 0.2920 -0.1622
vn 0.8970 0.2942 -0.3298
vn 0.8107 0.2970 -0.5045
vn 0.7853 0.3803 0.4886
vn 0.8693 0.3770 0.3196
vn 0.9139 0.3744 0.1572
vn 0.9277 0.3734 -0.0000
vn 0.9139 0.3744 -0.1572
vn 0.8693 0.3770 -0.3196
vn 0.7853 0.3803 -0.4886
vn 0.7497 0.4695 0.4664
vn 0.8306 0.4658 0.3053
vn 0.8736 0.4628 0.1503
vn 0.8870 0.4617 -0.0000
vn 0.8736 0.4628 -0.1503
vn 0.8306 0.4658 -0.3053
vn 0.7497 0.4695 -0.4664
vn 0.4213 -0.8683 0.2619
vn 0.4694 -0.8660 0.1723
vn 0.4960 -0.8642 0.0852
vn 0.5044 -0.8635 -0.0000
vn 0.4960 -0.8642 -0.0852
vn 0.4694 -0.8660 -0.1723
vn 0.4213 -0.8683 -0.2619
vn 0.4316 -0.8612 0.2683
vn 0.4808 -0.8589 0.1765
vn 0.5079 -0.8570 0.0873
vn 0.5166 -0.8563 -0.0000
vn 0.5079 -0.8570 -0.0873
vn 0.4808 -0.8589 -0.1765
vn 0.4316 -0.8612 -0.2683
vn 0.4532 -0.8458 0.2817
vn 0.5046 -0.8432 0.1853
vn 0.5330 -0.8412 0.0916
vn 0.5419 -0.8404 -0.0000
vn 0.5330 -0.8412 -0.0916
vn 0.5046 -0.8432 -0.1853
vn 0.4532 -0.8458 -0.2817
vn 0.4840 -0.8217 0.3009
vn 0.5387 -0.8190 0.1978
vn 0.5687 -0.8167 0.0977
vn 0.5782 -0.8159 -0.0000
vn 0.5687 -0.8167 -0.0977
vn 0.5387 -0.8190 -0.1978
vn 0.4840 -0.8217 -0.3009
vn 0.5235 -0.7875 0.3254
vn 0.5823 -0.7844 0.2138
vn 0.6144 -0.7819 0.1056
vn 0.6246 -0.7810 -0.0000
vn 0.6144 -0.7819 -0.1056
vn 0.5823 -0.7844 -0.2138
vn 0.5235 -0.7875 -0.3254
vn 0.5714 -0.7398 0.3553
vn 0.6351 -0.7364 0.2332
vn 0.6697 -0.7336 0.1151
vn 0.6807 -0.7326 -0.0000
vn 0.6697 -0.7336 -0.1151
vn 0.6351 -0.7364 -0.2332
vn 0.5714 -0.7398 -0.3553
vn 0.6271 -0.6743 0.3900
vn 0.6964 -0.6706 0.2558
vn 0.7338 -0.6676 0.1261
vn 0.7456 -0.6664 -0.0000
vn 0.7338 -0.6676 -0.1261
vn 0.6964 -0.6706 -0.2558
vn 0.6271 -0.6743 -0.3900
vn -0.4213 -0.8683 -0.2619
vn -0.4694 -0.8660 -0.1723
vn -0.4960 -0.8642 -0.0852
vn -0.5044 -0.8635 -0.0000
vn -0.4960 -0.8642 0.0852
vn -0.4694 -0.8660 0.1723
vn -0.4213 -0.8683 0.2619
vn -0.4316 -0.8612 -0.2683
vn -0.4808 -0.8589 -0.1765
vn -0.5079 -0.8570 -0.0873
vn -0.5166 -0.8563 -0.0000
vn -0.5079 -0.8570 0.0873
vn -0.4808 -0.8589 0.1765
vn -0.4316 -0.8612 0.2683
vn -0.4532 -0.8458 -0.2817
vn -0.5046 -0.8432 -0.1853
vn -0.5330 -0.8412 -0.0916
vn -0.5419 -0.8404 -0.0000
vn -0.5330 -0.8412 0.0916
vn -0.5046 -0.8432 0.1853
vn -0.4532 -0.8458 0.2817
vn -0.4840 -0.8217 -0.3008
vn -0.5387 -0.8190 -0.1978
vn -0.5687 -0.8167 -0.0977
vn -0.5782 -0.8159 -0.0000
vn -0.5687 -0.8167 0.0977
vn -0.5387 -0.8190 0.1978
vn -0.4840 -0.8217 0.3009
vn -0.5235 -0.7875 -0.3254
vn -0.5823 -0.7844 -0.2138
vn -0.6144 -0.7819 -0.1056
vn -0.6246 -0.7810 -0.0000
vn -0.6144 -0.7819 0.1056
vn -0.5823 -0.7844 0.2138
vn -0.5235 -0.7875 0.3254
vn -0.5714 -0.7398 -0.3553
vn -0.6351 -0.7364 -0.2332
vn -0.6697 -0.7336 -0.1151
vn -0.6807 -0.7326 -0.0000
vn -0.6697 -0.7336 0.1151
vn -0.6351 -0.7364 0.2332
vn -0.5714 -0.7398 0.3553
vn -0.6271 -0.6743 -0.3900
vn -0.6964 -0.6706 -0.2558
vn -0.7338 -0.6675 -0.1261
vn -0.7456 -0.6664 -0.0000
vn -0.7338 -0.6676 0.1261
vn -0.6964 -0.6706 0.2558
vn -0.6271 -0.6743 0.3900
vn -0.2619 -0.8683 0.4213
vn -0.1723 -0.8660 0.4694
vn -0.0852 -0.8642 0.4960
vn -0.0000 -0.8635 0.5044
vn 0.0852 -0.8642 0.4960
vn 0.1723 -0.8660 0.4694
vn 0.2619 -0.8683 0.4213
vn -0.2683 -0.8612 0.4316
vn -0.1765 -0.8589 0.4808
vn -0.0873 -0.8570 0.5079
vn -0.0000 -0.8563 0.5166
vn 0.0873 -0.8570 0.5079
vn 0.1765 -0.8589 0.4808
vn 0.2683 -0.8612 0.4316
vn -0.2817 -0.8458 0.4532
vn -0.1853 -0.8432 0.5046
vn -0.0916 -0.8412 0.5330
vn -0.0000 -0.8404 0.5419
vn 0.0916 -0.8412 0.5330
vn 0.1853 -0.8432 0.5046
vn 0.2817 -0.8458 0.4532
vn -0.3009 -0.8217 0.4840
vn -0.1978 -0.8190 0.5387
vn -0.0977 -0.8167 0.5687
vn -0.0000 -0.8159 0.5782
vn 0.0977 -0.8167 0.5687
vn 0.1978 -0.8190 0.5387
vn 0.3009 -0.8217 0.4840
vn -0.3254 -0.7875 0.5235
vn -0.2138 -0.7844 0.5823
vn -0.1056 -0.7819 0.6144
vn -0.0000 -0.7810 0.6246
vn 0.1056 -0.7819 0.6144
vn 0.2138 -0.7844 0.5823
vn 0.3254 -0.7875 0.5235
vn -0.3553 -0.7398 0.5714
vn -0.2332 -0.7364 0.6351
vn -0.1151 -0.7336 0.6697
vn -0.0000 -0.7326 0.6807
vn 0.1151 -0.7336 0.6697
vn 0.2332 -0.7364 0.6351
vn 0.3553 -0.7398 0.5714
vn -0.3900 -0.6743 0.6271
vn -0.2558 -0.6706 0.6964
vn -0.1261 -0.6676 0.7338
vn -0.0000 -0.6664 0.7456
vn 0.1261 -0.6676 0.7338
vn 0.2558 -0.6706 0.6964
vn 0.3900 -0.6743 0.6271
vn 0.2619 -0.8683 -0.4213
vn 0.1723 -0.8660 -0.4694
vn 0.0852 -0.8642 -0.4960
vn -0.0000 -0.8635 -0.5044
vn -0.0852 -0.8642 -0.4960
vn -0.1723 -0.8660 -0.4694
vn -0.2619 -0.8683 -0.4213
vn 0.2683 -0.8612 -0.4316
vn 0.1765 -0.8589 -0.4808
vn 0.0873 -0.8570 -0.5079
vn -0.0000 -0.8563 -0.5166
vn -0.0873 -0.8570 -0.5079
vn -0.1765 -0.8589 -0.4808
vn -0.2683 -0.8612 -0.4316
vn 0.2817 -0.8458 -0.4532
vn 0.1853 -0.8432 -0.5046
vn 0.0916 -0.8412 -0.5330
vn -0.0000 -0.8404 -0.5419
vn -0.0916 -0.8412 -0.5330
vn -0.1853 -0.8432 -0.5046
vn -0.2817 -0.8458 -0.4532
vn 0.3009 -0.8217 -0.4840
vn 0.1978 -0.8190 -0.5387
vn 0.0977 -0.8167 -0.5687
vn -0.0000 -0.8159 -0.5782
vn -0.0977 -0.8167 -0.5687
vn -0.1978 -0.8190 -0.5387
vn -0.3009 -0.8217 -0.4840
vn 0.3254 -0.7875 -0.5235
vn 0.2138 -0.7844 -0.5823
vn 0.1056 -0.7819 -0.6144
vn -0.0000 -0.7810 -0.6246
vn -0.1056 -0.7819 -0.6144
vn -0.2138 -0.7844 -0.5823
vn -0.3254 -0.7875 -0.5235
vn 0.3553 -0.7398 -0.5714
vn 0.2332 -0.7364 -0.6351
vn 0.1151 -0.7336 -0.6697
vn -0.0000 -0.7326 -0.6807
vn -0.1151 -0.7336 -0.6697
vn -0.2332 -0.7364 -0.6351
vn -0.3553 -0.7398 -0.5714
vn 0.3900 -0.6743 -0.6271
vn 0.2558 -0.6706 -0.6964
vn 0.1261 -0.6676 -0.7338
vn -0.0000 -0.6664 -0.7456
vn -0.1261 -0.6676 -0.7338
vn -0.2558 -0.6706 -0.6964
vn -0.3900 -0.6743 -0.6271
vt 0.498628 0.031250
vt 0.514979 0.031250
vt 0.517172 0.062500
vt 0.502413 0.062500
vt 0.532272 0.031250
vt 0.533213 0.062500
vt 0.549897 0.031250
vt 0.549800 0.062500
vt 0.567477 0.031250
vt 0.566304 0.062500
vt 0.584612 0.031250
vt 0.582055 0.062500
vt 0.600618 0.031250
vt 0.596247 0.062500
vt 0.518853 0.093750
vt 0.504965 0.093750
vt 0.534000 0.093750
vt 0.549717 0.093750
vt 0.565320 0.093750
vt 0.580094 0.093750
vt 0.593300 0.093750
vt 0.520017 0.125000
vt 0.506567 0.125000
vt 0.534588 0.125000
vt 0.549653 0.125000
vt 0.564583 0.125000
vt 0.578733 0.125000
vt 0.591450 0.125000
vt 0.520730 0.156250
vt 0.507520 0.156250
vt 0.534954 0.156250
vt 0.549613 0.156250
vt 0.564124 0.156250
vt 0.577900 0.156250
vt 0.590348 0.156250
vt 0.521096 0.187500
vt 0.508010 0.187500
vt 0.535142 0.187500
vt 0.549592 0.187500
vt 0.563888 0.187500
vt 0.577472 0.187500
vt 0.589782 0.187500
vt 0.521231 0.218750
vt 0.508190 0.218750
vt 0.535212 0.218750
vt 0.549585 0.218750
vt 0.563801 0.218750
vt 0.577314 0.218750
vt 0.589574 0.218750
vt 0.475000 0.000000
vt 0.493750 0.000000
vt 0.485241 0.031250
vt 0.512500 0.000000
vt 0.531250 0.000000
vt 0.550000 0.000000
vt 0.568750 0.000000
vt 0.587500 0.000000
vt 0.606250 0.000000
vt 0.625000 0.000000
vt 0.613184 0.031250
vt 0.607552 0.062500
vt 0.604134 0.093750
vt 0.602083 0.125000
vt 0.600879 0.156250
vt 0.600260 0.187500
vt 0.600033 0.218750
vt 0.600000 0.250000
vt 0.589544 0.250000
vt 0.577292 0.250000
vt 0.563789 0.250000
vt 0.549583 0.250000
vt 0.535221 0.250000
vt 0.521250 0.250000
vt 0.508216 0.250000
vt 0.496638 0.218750
vt 0.496667 0.250000
vt 0.496441 0.187500
vt 0.495905 0.156250
vt 0.494861 0.125000
vt 0.493084 0.093750
vt 0.490122 0.062500
vt 0.508216 0.281250
vt 0.521250 0.281250
vt 0.521250 0.312500
vt 0.508216 0.312500
vt 0.535221 0.281250
vt 0.535221 0.312500
vt 0.549583 0.281250
vt 0.549583 0.312500
vt 0.563789 0.281250
vt 0.563789 0.312500
vt 0.577292 0.281250
vt 0.577292 0.312500
vt 0.589544 0.281250
vt 0.589544 0.312500
vt 0.521250 0.343750
vt 0.508216 0.343750
vt 0.535221 0.343750
vt 0.549583 0.343750
vt 0.563789 0.343750
vt 0.577292 0.343750
vt 0.589544 0.343750
vt 0.521250 0.375000
vt 0.508216 0.375000
vt 0.535221 0.375000
vt 0.549583 0.375000
vt 0.563789 0.375000
vt 0.577292 0.375000
vt 0.589544 0.375000
vt 0.521250 0.406250
vt 0.508216 0.406250
vt 0.535221 0.406250
vt 0.549583 0.406250
vt 0.563789 0.406250
vt 0.577292 0.406250
vt 0.589544 0.406250
vt 0.521250 0.437500
vt 0.508216 0.437500
vt 0.535221 0.437500
vt 0.549583 0.437500
vt 0.563789 0.437500
vt 0.577292 0.437500
vt 0.589544 0.437500
vt 0.521250 0.468750
vt 0.508216 0.468750
vt 0.535221 0.468750
vt 0.549583 0.468750
vt 0.563789 0.468750
vt 0.577292 0.468750
vt 0.589544 0.468750
vt 0.496667 0.281250
vt 0.600000 0.281250
vt 0.600000 0.312500
vt 0.600000 0.343750
vt 0.600000 0.375000
vt 0.600000 0.406250
vt 0.600000 0.437500
vt 0.600000 0.468750
vt 0.600000 0.500000
vt 0.589544 0.500000
vt 0.577292 0.500000
vt 0.563789 0.500000
vt 0.549583 0.500000
vt 0.535221 0.500000
vt 0.521250 0.500000
vt 0.508216 0.500000
vt 0.496667 0.468750
vt 0.496667 0.500000
vt 0.496667 0.437500
vt 0.496667 0.406250
vt 0.496667 0.375000
vt 0.496667 0.343750
vt 0.496667 0.312500
vt 0.508216 0.531250
vt 0.521250 0.531250
vt 0.521250 0.562500
vt 0.508216 0.562500
vt 0.535221 0.531250
vt 0.535221 0.562500
vt 0.549583 0.531250
vt 0.549583 0.562500
vt 0.563789 0.531250
vt 0.563789 0.562500
vt 0.577292 0.531250
vt 0.577292 0.562500
vt 0.589544 0.531250
vt 0.589544 0.562500
vt 0.521250 0.593750
vt 0.508216 0.593750
vt 0.535221 0.593750
vt 0.549583 0.593750
vt 0.563789 0.593750
vt 0.577292 0.593750
vt 0.589544 0.593750
vt 0.521250 0.625000
vt 0.508216 0.625000
vt 0.535221 0.625000
vt 0.549583 0.625000
vt 0.563789 0.625000
vt 0.577292 0.625000
vt 0.589544 0.625000
vt 0.521250 0.656250
vt 0.508216 0.656250
vt 0.535221 0.656250
vt 0.549583 0.656250
vt 0.563789 0.656250
vt 0.577292 0.656250
vt 0.589544 0.656250
vt 0.521250 0.687500
vt 0.508216 0.687500
vt 0.535221 0.687500
vt 0.549583 0.687500
vt 0.563789 0.687500
vt 0.577292 0.687500
vt 0.589544 0.687500
vt 0.521250 0.718750
vt 0.508216 0.718750
vt 0.535221 0.718750
vt 0.549583 0.718750
vt 0.563789 0.718750
vt 0.577292 0.718750
vt 0.589544 0.718750
vt 0.496667 0.531250
vt 0.600000 0.531250
vt 0.600000 0.562500
vt 0.600000 0.593750
vt 0.600000 0.625000
vt 0.600000 0.656250
vt 0.600000 0.687500
vt 0.600000 0.718750
vt 0.600000 0.750000
vt 0.589544 0.750000
vt 0.577292 0.750000
vt 0.563789 0.750000
vt 0.549583 0.750000
vt 0.535221 0.750000
vt 0.521250 0.750000
vt 0.508216 0.750000
vt 0.496667 0.718750
vt 0.496667 0.750000
vt 0.496667 0.687500
vt 0.496667 0.656250
vt 0.496667 0.625000
vt 0.496667 0.593750
vt 0.496667 0.562500
vt 0.508190 0.781250
vt 0.521231 0.781250
vt 0.521096 0.812500
vt 0.508010 0.812500
vt 0.535211 0.781250
vt 0.535142 0.812500
vt 0.549585 0.781250
vt 0.549592 0.812500
vt 0.563801 0.781250
vt 0.563888 0.812500
vt 0.577314 0.781250
vt 0.577472 0.812500
vt 0.589574 0.781250
vt 0.589782 0.812500
vt 0.520730 0.843750
vt 0.507520 0.843750
vt 0.534954 0.843750
vt 0.549613 0.843750
vt 0.564124 0.843750
vt 0.577900 0.843750
vt 0.590348 0.843750
vt 0.520017 0.875000
vt 0.506567 0.875000
vt 0.534588 0.875000
vt 0.549653 0.875000
vt 0.564583 0.875000
vt 0.578733 0.875000
vt 0.591450 0.875000
vt 0.518853 0.906250
vt 0.504965 0.906250
vt 0.534000 0.906250
vt 0.549717 0.906250
vt 0.565320 0.906250
vt 0.580094 0.906250
vt 0.593300 0.906250
vt 0.517172 0.937500
vt 0.502413 0.937500
vt 0.533213 0.937500
vt 0.549800 0.937500
vt 0.566304 0.937500
vt 0.582055 0.937500
vt 0.596247 0.937500
vt 0.514979 0.968750
vt 0.498628 0.968750
vt 0.532272 0.968750
vt 0.549897 0.968750
vt 0.567477 0.968750
vt 0.584612 0.968750
vt 0.600618 0.968750
vt 0.496639 0.781250
vt 0.600033 0.781250
vt 0.600261 0.812500
vt 0.600879 0.843750
vt 0.602083 0.875000
vt 0.604134 0.906250
vt 0.607552 0.937500
vt 0.613184 0.968750
vt 0.625000 1.000000
vt 0.606250 1.000000
vt 0.587500 1.000000
vt 0.568750 1.000000
vt 0.550000 1.000000
vt 0.531250 1.000000
vt 0.512500 1.000000
vt 0.493750 1.000000
vt 0.485241 0.968750
vt 0.475000 1.000000
vt 0.490122 0.937500
vt 0.493084 0.906250
vt 0.494861 0.875000
vt 0.495905 0.843750
vt 0.496441 0.812500
vt 0.381674 0.531250
vt 0.381660 0.562500
vt 0.378907 0.562500
vt 0.379014 0.531250
vt 0.381649 0.593750
vt 0.378820 0.593750
vt 0.381645 0.625000
vt 0.378785 0.625000
vt 0.381649 0.656250
vt 0.378820 0.656250
vt 0.381660 0.687500
vt 0.378907 0.687500
vt 0.381674 0.718750
vt 0.379014 0.718750
vt 0.376389 0.562500
vt 0.376749 0.531250
vt 0.376097 0.593750
vt 0.375977 0.625000
vt 0.376097 0.656250
vt 0.376389 0.687500
vt 0.376749 0.718750
vt 0.373754 0.562500
vt 0.374609 0.531250
vt 0.373063 0.593750
vt 0.372778 0.625000
vt 0.373063 0.656250
vt 0.373754 0.687500
vt 0.374609 0.718750
vt 0.370548 0.562500
vt 0.372291 0.531250
vt 0.369184 0.593750
vt 0.368637 0.625000
vt 0.369184 0.656250
vt 0.370548 0.687500
vt 0.372291 0.718750
vt 0.365892 0.562500
vt 0.369370 0.531250
vt 0.363453 0.593750
vt 0.362569 0.625000
vt 0.363453 0.656250
vt 0.365892 0.687500
vt 0.369370 0.718750
vt 0.358555 0.562500
vt 0.364940 0.531250
vt 0.354713 0.593750
vt 0.353481 0.625000
vt 0.354713 0.656250
vt 0.358555 0.687500
vt 0.364940 0.718750
vt 0.385000 0.500000
vt 0.385000 0.531250
vt 0.381686 0.500000
vt 0.385000 0.562500
vt 0.385000 0.593750
vt 0.385000 0.625000
vt 0.385000 0.656250
vt 0.385000 0.687500
vt 0.385000 0.718750
vt 0.385000 0.750000
vt 0.381686 0.750000
vt 0.379110 0.750000
vt 0.377075 0.750000
vt 0.375382 0.750000
vt 0.373873 0.750000
vt 0.372552 0.750000
vt 0.371666 0.750000
vt 0.375000 0.750000
vt 0.355164 0.718750
vt 0.346300 0.687500
vt 0.341682 0.656250
vt 0.340278 0.625000
vt 0.341682 0.593750
vt 0.346300 0.562500
vt 0.355164 0.531250
vt 0.371666 0.500000
vt 0.375000 0.500000
vt 0.372552 0.500000
vt 0.373873 0.500000
vt 0.375382 0.500000
vt 0.377075 0.500000
vt 0.379110 0.500000
vt 0.608252 0.718750
vt 0.608252 0.687500
vt 0.614453 0.687500
vt 0.614453 0.718750
vt 0.608252 0.656250
vt 0.614453 0.656250
vt 0.608252 0.625000
vt 0.614453 0.625000
vt 0.608252 0.593750
vt 0.614453 0.593750
vt 0.608252 0.562500
vt 0.614453 0.562500
vt 0.608252 0.531250
vt 0.614453 0.531250
vt 0.618897 0.687500
vt 0.618897 0.718750
vt 0.618897 0.656250
vt 0.618896 0.625000
vt 0.618897 0.593750
vt 0.618897 0.562500
vt 0.618897 0.531250
vt 0.621875 0.687500
vt 0.621875 0.718750
vt 0.621875 0.656250
vt 0.621875 0.625000
vt 0.621875 0.593750
vt 0.621875 0.562500
vt 0.621875 0.531250
vt 0.623682 0.687500
vt 0.623682 0.718750
vt 0.623682 0.656250
vt 0.623682 0.625000
vt 0.623682 0.593750
vt 0.623682 0.562500
vt 0.623682 0.531250
vt 0.624609 0.687500
vt 0.624609 0.718750
vt 0.624609 0.656250
vt 0.624609 0.625000
vt 0.624609 0.593750
vt 0.624609 0.562500
vt 0.624609 0.531250
vt 0.624951 0.687500
vt 0.624951 0.718750
vt 0.624951 0.656250
vt 0.624951 0.625000
vt 0.624951 0.593750
vt 0.624951 0.562500
vt 0.624951 0.531250
vt 0.608252 0.750000
vt 0.608252 0.500000
vt 0.614453 0.500000
vt 0.618896 0.500000
vt 0.621875 0.500000
vt 0.623682 0.500000
vt 0.624609 0.500000
vt 0.624951 0.500000
vt 0.625000 0.500000
vt 0.625000 0.531250
vt 0.625000 0.562500
vt 0.625000 0.593750
vt 0.625000 0.625000
vt 0.625000 0.656250
vt 0.625000 0.687500
vt 0.625000 0.718750
vt 0.624951 0.750000
vt 0.625000 0.750000
vt 0.624609 0.750000
vt 0.623682 0.750000
vt 0.621875 0.750000
vt 0.618896 0.750000
vt 0.614453 0.750000
vt 0.156230 0.531250
vt 0.187341 0.531250
vt 0.187202 0.562500
vt 0.156213 0.562500
vt 0.218212 0.531250
vt 0.217743 0.562500
vt 0.248725 0.531250
vt 0.247613 0.562500
vt 0.278684 0.531250
vt 0.276466 0.562500
vt 0.307587 0.531250
vt 0.303467 0.562500
vt 0.334382 0.531250
vt 0.327437 0.562500
vt 0.187103 0.593750
vt 0.156200 0.593750
vt 0.217411 0.593750
vt 0.246826 0.593750
vt 0.274931 0.593750
vt 0.300825 0.593750
vt 0.323462 0.593750
vt 0.187066 0.625000
vt 0.156196 0.625000
vt 0.217285 0.625000
vt 0.246528 0.625000
vt 0.274360 0.625000
vt 0.299913 0.625000
vt 0.322211 0.625000
vt 0.187103 0.656250
vt 0.156200 0.656250
vt 0.217411 0.656250
vt 0.246826 0.656250
vt 0.274931 0.656250
vt 0.300825 0.656250
vt 0.323462 0.656250
vt 0.187202 0.687500
vt 0.156213 0.687500
vt 0.217743 0.687500
vt 0.247613 0.687500
vt 0.276466 0.687500
vt 0.303467 0.687500
vt 0.327437 0.687500
vt 0.187341 0.718750
vt 0.156230 0.718750
vt 0.218212 0.718750
vt 0.248725 0.718750
vt 0.278684 0.718750
vt 0.307587 0.718750
vt 0.334382 0.718750
vt 0.125000 0.500000
vt 0.156250 0.500000
vt 0.125000 0.531250
vt 0.187500 0.500000
vt 0.218750 0.500000
vt 0.250000 0.500000
vt 0.281250 0.500000
vt 0.312500 0.500000
vt 0.343750 0.500000
vt 0.343750 0.750000
vt 0.312500 0.750000
vt 0.281250 0.750000
vt 0.250000 0.750000
vt 0.218750 0.750000
vt 0.187500 0.750000
vt 0.156250 0.750000
vt 0.125000 0.718750
vt 0.125000 0.750000
vt 0.125000 0.687500
vt 0.125000 0.656250
vt 0.125000 0.625000
vt 0.125000 0.593750
vt 0.125000 0.562500
vt 0.381682 0.781250
vt 0.381602 0.812500
vt 0.379130 0.812500
vt 0.379164 0.781250
vt 0.381376 0.843750
vt 0.378964 0.843750
vt 0.380934 0.875000
vt 0.378620 0.875000
vt 0.380192 0.906250
vt 0.378055 0.906250
vt 0.379009 0.937500
vt 0.377243 0.937500
vt 0.377257 0.968750
vt 0.376189 0.968750
vt 0.377346 0.812500
vt 0.377281 0.781250
vt 0.377270 0.843750
vt 0.377048 0.875000
vt 0.376683 0.906250
vt 0.376198 0.937500
vt 0.375622 0.968750
vt 0.376115 0.812500
vt 0.375881 0.781250
vt 0.376149 0.843750
vt 0.376042 0.875000
vt 0.375850 0.906250
vt 0.375599 0.937500
vt 0.375309 0.968750
vt 0.375321 0.812500
vt 0.374856 0.781250
vt 0.375466 0.843750
vt 0.375439 0.875000
vt 0.375358 0.906250
vt 0.375253 0.937500
vt 0.375130 0.968750
vt 0.374922 0.812500
vt 0.374283 0.781250
vt 0.375116 0.843750
vt 0.375130 0.875000
vt 0.375106 0.906250
vt 0.375075 0.937500
vt 0.375039 0.968750
vt 0.374868 0.812500
vt 0.374308 0.781250
vt 0.374999 0.843750
vt 0.375016 0.875000
vt 0.375013 0.906250
vt 0.375009 0.937500
vt 0.375005 0.968750
vt 0.384987 0.781250
vt 0.384896 0.812500
vt 0.384648 0.843750
vt 0.384167 0.875000
vt 0.383346 0.906250
vt 0.381979 0.937500
vt 0.379727 0.968750
vt 0.375000 1.000000
vt 0.375000 1.000000
vt 0.375000 1.000000
vt 0.375000 0.968750
vt 0.375000 0.937500
vt 0.375000 0.906250
vt 0.375000 0.875000
vt 0.375000 0.843750
vt 0.375000 0.812500
vt 0.375000 0.781250
vt 0.381699 0.281250
vt 0.381699 0.312500
vt 0.379219 0.312500
vt 0.379219 0.281250
vt 0.381699 0.343750
vt 0.379219 0.343750
vt 0.381699 0.375000
vt 0.379219 0.375000
vt 0.381699 0.406250
vt 0.379217 0.406250
vt 0.381698 0.437500
vt 0.379205 0.437500
vt 0.381694 0.468750
vt 0.379173 0.468750
vt 0.377441 0.312500
vt 0.377441 0.281250
vt 0.377441 0.343750
vt 0.377441 0.375000
vt 0.377436 0.406250
vt 0.377396 0.437500
vt 0.377287 0.468750
vt 0.376250 0.312500
vt 0.376250 0.281250
vt 0.376250 0.343750
vt 0.376250 0.375000
vt 0.376236 0.406250
vt 0.376142 0.437500
vt 0.375884 0.468750
vt 0.375527 0.312500
vt 0.375527 0.281250
vt 0.375527 0.343750
vt 0.375527 0.375000
vt 0.375503 0.406250
vt 0.375332 0.437500
vt 0.374857 0.468750
vt 0.375156 0.312500
vt 0.375156 0.281250
vt 0.375156 0.343750
vt 0.375156 0.375000
vt 0.375127 0.406250
vt 0.374926 0.437500
vt 0.374283 0.468750
vt 0.375020 0.312500
vt 0.375020 0.281250
vt 0.375020 0.343750
vt 0.375020 0.375000
vt 0.375001 0.406250
vt 0.374869 0.437500
vt 0.374309 0.468750
vt 0.385000 0.250000
vt 0.385000 0.281250
vt 0.381699 0.250000
vt 0.385000 0.312500
vt 0.385000 0.343750
vt 0.385000 0.375000
vt 0.385000 0.406250
vt 0.385000 0.437500
vt 0.385000 0.468750
vt 0.375000 0.468750
vt 0.375000 0.437500
vt 0.375000 0.406250
vt 0.375000 0.375000
vt 0.375000 0.343750
vt 0.375000 0.312500
vt 0.375000 0.281250
vt 0.375020 0.250000
vt 0.375000 0.250000
vt 0.375156 0.250000
vt 0.375527 0.250000
vt 0.376250 0.250000
vt 0.377441 0.250000
vt 0.379219 0.250000
vt 0.377257 0.031250
vt 0.379009 0.062500
vt 0.377243 0.062500
vt 0.376189 0.031250
vt 0.380192 0.093750
vt 0.378055 0.093750
vt 0.380934 0.125000
vt 0.378620 0.125000
vt 0.381377 0.156250
vt 0.378966 0.156250
vt 0.381604 0.187500
vt 0.379144 0.187500
vt 0.381687 0.218750
vt 0.379209 0.218750
vt 0.376198 0.062500
vt 0.375622 0.031250
vt 0.376683 0.093750
vt 0.377048 0.125000
vt 0.377275 0.156250
vt 0.377392 0.187500
vt 0.377435 0.218750
vt 0.375599 0.062500
vt 0.375309 0.031250
vt 0.375850 0.093750
vt 0.376042 0.125000
vt 0.376162 0.156250
vt 0.376224 0.187500
vt 0.376247 0.218750
vt 0.375253 0.062500
vt 0.375130 0.031250
vt 0.375358 0.093750
vt 0.375440 0.125000
vt 0.375490 0.156250
vt 0.375516 0.187500
vt 0.375526 0.218750
vt 0.375075 0.062500
vt 0.375039 0.031250
vt 0.375106 0.093750
vt 0.375130 0.125000
vt 0.375145 0.156250
vt 0.375153 0.187500
vt 0.375156 0.218750
vt 0.375009 0.062500
vt 0.375005 0.031250
vt 0.375013 0.093750
vt 0.375016 0.125000
vt 0.375018 0.156250
vt 0.375019 0.187500
vt 0.375019 0.218750
vt 0.375000 0.000000
vt 0.379727 0.031250
vt 0.375000 0.000000
vt 0.381979 0.062500
vt 0.383346 0.093750
vt 0.384167 0.125000
vt 0.384648 0.156250
vt 0.384896 0.187500
vt 0.384987 0.218750
vt 0.375000 0.218750
vt 0.375000 0.187500
vt 0.375000 0.156250
vt 0.375000 0.125000
vt 0.375000 0.093750
vt 0.375000 0.062500
vt 0.375000 0.031250
vt 0.375000 0.000000
vt 0.446253 0.781250
vt 0.447526 0.781250
vt 0.447525 0.812500
vt 0.446253 0.812500
vt 0.448838 0.781250
vt 0.448836 0.812500
vt 0.450208 0.781250
vt 0.450204 0.812500
vt 0.451656 0.781250
vt 0.451649 0.812500
vt 0.453202 0.781250
vt 0.453191 0.812500
vt 0.454865 0.781250
vt 0.454851 0.812500
vt 0.447524 0.843750
vt 0.446253 0.843750
vt 0.448832 0.843750
vt 0.450194 0.843750
vt 0.451629 0.843750
vt 0.453161 0.843750
vt 0.454813 0.843750
vt 0.447522 0.875000
vt 0.446253 0.875000
vt 0.448823 0.875000
vt 0.450174 0.875000
vt 0.451591 0.875000
vt 0.453103 0.875000
vt 0.454739 0.875000
vt 0.447518 0.906250
vt 0.446252 0.906250
vt 0.448810 0.906250
vt 0.450142 0.906250
vt 0.451530 0.906250
vt 0.453009 0.906250
vt 0.454615 0.906250
vt 0.447513 0.937500
vt 0.446252 0.937500
vt 0.448792 0.937500
vt 0.450100 0.937500
vt 0.451450 0.937500
vt 0.452874 0.937500
vt 0.454418 0.937500
vt 0.447507 0.968750
vt 0.446251 0.968750
vt 0.448772 0.968750
vt 0.450052 0.968750
vt 0.451354 0.968750
vt 0.452698 0.968750
vt 0.454126 0.968750
vt 0.445000 0.750000
vt 0.446253 0.750000
vt 0.445000 0.781250
vt 0.447526 0.750000
vt 0.448838 0.750000
vt 0.450208 0.750000
vt 0.451657 0.750000
vt 0.453203 0.750000
vt 0.454867 0.750000
vt 0.456667 0.750000
vt 0.456665 0.781250
vt 0.456649 0.812500
vt 0.456608 0.843750
vt 0.456528 0.875000
vt 0.456391 0.906250
vt 0.456163 0.937500
vt 0.455788 0.968750
vt 0.455000 1.000000
vt 0.453750 1.000000
vt 0.452500 1.000000
vt 0.451250 1.000000
vt 0.450000 1.000000
vt 0.448750 1.000000
vt 0.447500 1.000000
vt 0.446250 1.000000
vt 0.445000 0.968750
vt 0.445000 1.000000
vt 0.445000 0.937500
vt 0.445000 0.906250
vt 0.445000 0.875000
vt 0.445000 0.843750
vt 0.445000 0.812500
vt 0.446253 0.531250
vt 0.447526 0.531250
vt 0.447526 0.562500
vt 0.446253 0.562500
vt 0.448838 0.531250
vt 0.448838 0.562500
vt 0.450208 0.531250
vt 0.450208 0.562500
vt 0.451657 0.531250
vt 0.451657 0.562500
vt 0.453203 0.531250
vt 0.453203 0.562500
vt 0.454867 0.531250
vt 0.454867 0.562500
vt 0.447526 0.593750
vt 0.446253 0.593750
vt 0.448838 0.593750
vt 0.450208 0.593750
vt 0.451657 0.593750
vt 0.453203 0.593750
vt 0.454867 0.593750
vt 0.447526 0.625000
vt 0.446253 0.625000
vt 0.448838 0.625000
vt 0.450208 0.625000
vt 0.451657 0.625000
vt 0.453203 0.625000
vt 0.454867 0.625000
vt 0.447526 0.656250
vt 0.446253 0.656250
vt 0.448838 0.656250
vt 0.450208 0.656250
vt 0.451657 0.656250
vt 0.453203 0.656250
vt 0.454867 0.656250
vt 0.447526 0.687500
vt 0.446253 0.687500
vt 0.448838 0.687500
vt 0.450208 0.687500
vt 0.451657 0.687500
vt 0.453203 0.687500
vt 0.454867 0.687500
vt 0.447526 0.718750
vt 0.446253 0.718750
vt 0.448838 0.718750
vt 0.450208 0.718750
vt 0.451657 0.718750
vt 0.453203 0.718750
vt 0.454867 0.718750
vt 0.445000 0.500000
vt 0.446253 0.500000
vt 0.445000 0.531250
vt 0.447526 0.500000
vt 0.448838 0.500000
vt 0.450208 0.500000
vt 0.451657 0.500000
vt 0.453203 0.500000
vt 0.454867 0.500000
vt 0.456667 0.500000
vt 0.456667 0.531250
vt 0.456667 0.562500
vt 0.456667 0.593750
vt 0.456667 0.625000
vt 0.456667 0.656250
vt 0.456667 0.687500
vt 0.456667 0.718750
vt 0.445000 0.718750
vt 0.445000 0.687500
vt 0.445000 0.656250
vt 0.445000 0.625000
vt 0.445000 0.593750
vt 0.445000 0.562500
vt 0.446253 0.281250
vt 0.447526 0.281250
vt 0.447526 0.312500
vt 0.446253 0.312500
vt 0.448838 0.281250
vt 0.448838 0.312500
vt 0.450208 0.281250
vt 0.450208 0.312500
vt 0.451657 0.281250
vt 0.451657 0.312500
vt 0.453203 0.281250
vt 0.453203 0.312500
vt 0.454867 0.281250
vt 0.454867 0.312500
vt 0.447526 0.343750
vt 0.446253 0.343750
vt 0.448838 0.343750
vt 0.450208 0.343750
vt 0.451657 0.343750
vt 0.453203 0.343750
vt 0.454867 0.343750
vt 0.447526 0.375000
vt 0.446253 0.375000
vt 0.448838 0.375000
vt 0.450208 0.375000
vt 0.451657 0.375000
vt 0.453203 0.375000
vt 0.454867 0.375000
vt 0.447526 0.406250
vt 0.446253 0.406250
vt 0.448838 0.406250
vt 0.450208 0.406250
vt 0.451657 0.406250
vt 0.453203 0.406250
vt 0.454867 0.406250
vt 0.447526 0.437500
vt 0.446253 0.437500
vt 0.448838 0.437500
vt 0.450208 0.437500
vt 0.451657 0.437500
vt 0.453203 0.437500
vt 0.454867 0.437500
vt 0.447526 0.468750
vt 0.446253 0.468750
vt 0.448838 0.468750
vt 0.450208 0.468750
vt 0.451657 0.468750
vt 0.453203 0.468750
vt 0.454867 0.468750
vt 0.445000 0.250000
vt 0.446253 0.250000
vt 0.445000 0.281250
vt 0.447526 0.250000
vt 0.448838 0.250000
vt 0.450208 0.250000
vt 0.451657 0.250000
vt 0.453203 0.250000
vt 0.454867 0.250000
vt 0.456667 0.250000
vt 0.456667 0.281250
vt 0.456667 0.312500
vt 0.456667 0.343750
vt 0.456667 0.375000
vt 0.456667 0.406250
vt 0.456667 0.437500
vt 0.456667 0.468750
vt 0.445000 0.468750
vt 0.445000 0.437500
vt 0.445000 0.406250
vt 0.445000 0.375000
vt 0.445000 0.343750
vt 0.445000 0.312500
vt 0.446251 0.031250
vt 0.447506 0.031250
vt 0.447513 0.062500
vt 0.446252 0.062500
vt 0.448772 0.031250
vt 0.448792 0.062500
vt 0.450052 0.031250
vt 0.450100 0.062500
vt 0.451354 0.031250
vt 0.451450 0.062500
vt 0.452698 0.031250
vt 0.452874 0.062500
vt 0.454126 0.031250
vt 0.454418 0.062500
vt 0.447518 0.093750
vt 0.446252 0.093750
vt 0.448810 0.093750
vt 0.450142 0.093750
vt 0.451531 0.093750
vt 0.453009 0.093750
vt 0.454615 0.093750
vt 0.447522 0.125000
vt 0.446253 0.125000
vt 0.448823 0.125000
vt 0.450174 0.125000
vt 0.451591 0.125000
vt 0.453103 0.125000
vt 0.454739 0.125000
vt 0.447524 0.156250
vt 0.446253 0.156250
vt 0.448832 0.156250
vt 0.450194 0.156250
vt 0.451629 0.156250
vt 0.453161 0.156250
vt 0.454813 0.156250
vt 0.447526 0.187500
vt 0.446253 0.187500
vt 0.448836 0.187500
vt 0.450204 0.187500
vt 0.451649 0.187500
vt 0.453191 0.187500
vt 0.454851 0.187500
vt 0.447526 0.218750
vt 0.446253 0.218750
vt 0.448838 0.218750
vt 0.450208 0.218750
vt 0.451656 0.218750
vt 0.453202 0.218750
vt 0.454865 0.218750
vt 0.445000 0.000000
vt 0.446250 0.000000
vt 0.445000 0.031250
vt 0.447500 0.000000
vt 0.448750 0.000000
vt 0.450000 0.000000
vt 0.451250 0.000000
vt 0.452500 0.000000
vt 0.453750 0.000000
vt 0.455000 0.000000
vt 0.455788 0.031250
vt 0.456163 0.062500
vt 0.456391 0.093750
vt 0.456528 0.125000
vt 0.456608 0.156250
vt 0.456649 0.187500
vt 0.456664 0.218750
vt 0.445000 0.218750
vt 0.445000 0.187500
vt 0.445000 0.156250
vt 0.445000 0.125000
vt 0.445000 0.093750
vt 0.445000 0.062500
vt 0.458657 0.781250
vt 0.461039 0.781250
vt 0.461022 0.812500
vt 0.458642 0.812500
vt 0.464045 0.781250
vt 0.464017 0.812500
vt 0.467909 0.781250
vt 0.467856 0.812500
vt 0.472864 0.781250
vt 0.472769 0.812500
vt 0.479146 0.781250
vt 0.479004 0.812500
vt 0.486992 0.781250
vt 0.486811 0.812500
vt 0.460976 0.843750
vt 0.458602 0.843750
vt 0.463941 0.843750
vt 0.467712 0.843750
vt 0.472511 0.843750
vt 0.478617 0.843750
vt 0.486319 0.843750
vt 0.460885 0.875000
vt 0.458524 0.875000
vt 0.463793 0.875000
vt 0.467431 0.875000
vt 0.472010 0.875000
vt 0.477865 0.875000
vt 0.485360 0.875000
vt 0.460739 0.906250
vt 0.458394 0.906250
vt 0.463557 0.906250
vt 0.466982 0.906250
vt 0.471206 0.906250
vt 0.476636 0.906250
vt 0.483751 0.906250
vt 0.460536 0.937500
vt 0.458189 0.937500
vt 0.463247 0.937500
vt 0.466398 0.937500
vt 0.470137 0.937500
vt 0.474872 0.937500
vt 0.481188 0.937500
vt 0.460282 0.968750
vt 0.457887 0.968750
vt 0.462886 0.968750
vt 0.465722 0.968750
vt 0.468870 0.968750
vt 0.472582 0.968750
vt 0.477391 0.968750
vt 0.458659 0.750000
vt 0.461042 0.750000
vt 0.464049 0.750000
vt 0.467917 0.750000
vt 0.472878 0.750000
vt 0.479167 0.750000
vt 0.487018 0.750000
vt 0.472500 1.000000
vt 0.470000 1.000000
vt 0.467500 1.000000
vt 0.465000 1.000000
vt 0.462500 1.000000
vt 0.460000 1.000000
vt 0.457500 1.000000
vt 0.458659 0.531250
vt 0.461042 0.531250
vt 0.461042 0.562500
vt 0.458659 0.562500
vt 0.464050 0.531250
vt 0.464050 0.562500
vt 0.467917 0.531250
vt 0.467917 0.562500
vt 0.472878 0.531250
vt 0.472878 0.562500
vt 0.479167 0.531250
vt 0.479167 0.562500
vt 0.487018 0.531250
vt 0.487018 0.562500
vt 0.461042 0.593750
vt 0.458659 0.593750
vt 0.464050 0.593750
vt 0.467917 0.593750
vt 0.472878 0.593750
vt 0.479167 0.593750
vt 0.487018 0.593750
vt 0.461042 0.625000
vt 0.458659 0.625000
vt 0.464050 0.625000
vt 0.467917 0.625000
vt 0.472878 0.625000
vt 0.479167 0.625000
vt 0.487018 0.625000
vt 0.461042 0.656250
vt 0.458659 0.656250
vt 0.464050 0.656250
vt 0.467917 0.656250
vt 0.472878 0.656250
vt 0.479167 0.656250
vt 0.487018 0.656250
vt 0.461042 0.687500
vt 0.458659 0.687500
vt 0.464050 0.687500
vt 0.467917 0.687500
vt 0.472878 0.687500
vt 0.479167 0.687500
vt 0.487018 0.687500
vt 0.461042 0.718750
vt 0.458659 0.718750
vt 0.464050 0.718750
vt 0.467917 0.718750
vt 0.472878 0.718750
vt 0.479167 0.718750
vt 0.487018 0.718750
vt 0.458659 0.500000
vt 0.461042 0.500000
vt 0.464050 0.500000
vt 0.467917 0.500000
vt 0.472878 0.500000
vt 0.479167 0.500000
vt 0.487018 0.500000
vt 0.458659 0.281250
vt 0.461042 0.281250
vt 0.461042 0.312500
vt 0.458659 0.312500
vt 0.464050 0.281250
vt 0.464050 0.312500
vt 0.467917 0.281250
vt 0.467917 0.312500
vt 0.472878 0.281250
vt 0.472878 0.312500
vt 0.479167 0.281250
vt 0.479167 0.312500
vt 0.487018 0.281250
vt 0.487018 0.312500
vt 0.461042 0.343750
vt 0.458659 0.343750
vt 0.464050 0.343750
vt 0.467917 0.343750
vt 0.472878 0.343750
vt 0.479167 0.343750
vt 0.487018 0.343750
vt 0.461042 0.375000
vt 0.458659 0.375000
vt 0.464050 0.375000
vt 0.467917 0.375000
vt 0.472878 0.375000
vt 0.479167 0.375000
vt 0.487018 0.375000
vt 0.461042 0.406250
vt 0.458659 0.406250
vt 0.464050 0.406250
vt 0.467917 0.406250
vt 0.472878 0.406250
vt 0.479167 0.406250
vt 0.487018 0.406250
vt 0.461042 0.437500
vt 0.458659 0.437500
vt 0.464050 0.437500
vt 0.467917 0.437500
vt 0.472878 0.437500
vt 0.479167 0.437500
vt 0.487018 0.437500
vt 0.461042 0.468750
vt 0.458659 0.468750
vt 0.464050 0.468750
vt 0.467917 0.468750
vt 0.472878 0.468750
vt 0.479167 0.468750
vt 0.487018 0.468750
vt 0.458659 0.250000
vt 0.461042 0.250000
vt 0.464050 0.250000
vt 0.467917 0.250000
vt 0.472878 0.250000
vt 0.479167 0.250000
vt 0.487018 0.250000
vt 0.457887 0.031250
vt 0.460282 0.031250
vt 0.460536 0.062500
vt 0.458189 0.062500
vt 0.462886 0.031250
vt 0.463247 0.062500
vt 0.465722 0.031250
vt 0.466398 0.062500
vt 0.468870 0.031250
vt 0.470137 0.062500
vt 0.472582 0.031250
vt 0.474872 0.062500
vt 0.477391 0.031250
vt 0.481188 0.062500
vt 0.460739 0.093750
vt 0.458394 0.093750
vt 0.463557 0.093750
vt 0.466982 0.093750
vt 0.471206 0.093750
vt 0.476636 0.093750
vt 0.483751 0.093750
vt 0.460885 0.125000
vt 0.458524 0.125000
vt 0.463793 0.125000
vt 0.467431 0.125000
vt 0.472010 0.125000
vt 0.477865 0.125000
vt 0.485360 0.125000
vt 0.460976 0.156250
vt 0.458602 0.156250
vt 0.463941 0.156250
vt 0.467712 0.156250
vt 0.472511 0.156250
vt 0.478617 0.156250
vt 0.486319 0.156250
vt 0.461022 0.187500
vt 0.458642 0.187500
vt 0.464018 0.187500
vt 0.467856 0.187500
vt 0.472769 0.187500
vt 0.479004 0.187500
vt 0.486811 0.187500
vt 0.461039 0.218750
vt 0.458657 0.218750
vt 0.464045 0.218750
vt 0.467909 0.218750
vt 0.472864 0.218750
vt 0.479146 0.218750
vt 0.486992 0.218750
vt 0.457500 0.000000
vt 0.460000 0.000000
vt 0.462500 0.000000
vt 0.465000 0.000000
vt 0.467500 0.000000
vt 0.470000 0.000000
vt 0.472500 0.000000
vt 0.384753 0.031250
vt 0.391156 0.031250
vt 0.392180 0.062500
vt 0.386501 0.062500
vt 0.398013 0.031250
vt 0.398487 0.062500
vt 0.405052 0.031250
vt 0.405100 0.062500
vt 0.412112 0.031250
vt 0.411755 0.062500
vt 0.419048 0.031250
vt 0.418206 0.062500
vt 0.425624 0.031250
vt 0.424168 0.062500
vt 0.392966 0.093750
vt 0.387681 0.093750
vt 0.398884 0.093750
vt 0.405142 0.093750
vt 0.411456 0.093750
vt 0.417561 0.093750
vt 0.423187 0.093750
vt 0.393511 0.125000
vt 0.388421 0.125000
vt 0.399181 0.125000
vt 0.405174 0.125000
vt 0.411233 0.125000
vt 0.417114 0.125000
vt 0.422571 0.125000
vt 0.393845 0.156250
vt 0.388861 0.156250
vt 0.399367 0.156250
vt 0.405194 0.156250
vt 0.411094 0.156250
vt 0.416840 0.156250
vt 0.422204 0.156250
vt 0.394016 0.187500
vt 0.389088 0.187500
vt 0.399462 0.187500
vt 0.405204 0.187500
vt 0.411023 0.187500
vt 0.416700 0.187500
vt 0.422016 0.187500
vt 0.394080 0.218750
vt 0.389171 0.218750
vt 0.399497 0.218750
vt 0.405208 0.218750
vt 0.410997 0.218750
vt 0.416648 0.218750
vt 0.421947 0.218750
vt 0.382500 0.000000
vt 0.390000 0.000000
vt 0.397500 0.000000
vt 0.405000 0.000000
vt 0.412500 0.000000
vt 0.420000 0.000000
vt 0.427500 0.000000
vt 0.435000 0.000000
vt 0.431061 0.031250
vt 0.429184 0.062500
vt 0.428045 0.093750
vt 0.427361 0.125000
vt 0.426960 0.156250
vt 0.426754 0.187500
vt 0.426678 0.218750
vt 0.426667 0.250000
vt 0.421937 0.250000
vt 0.416641 0.250000
vt 0.410993 0.250000
vt 0.405208 0.250000
vt 0.399502 0.250000
vt 0.394089 0.250000
vt 0.389183 0.250000
vt 0.389183 0.281250
vt 0.394089 0.281250
vt 0.394089 0.312500
vt 0.389183 0.312500
vt 0.399502 0.281250
vt 0.399502 0.312500
vt 0.405208 0.281250
vt 0.405208 0.312500
vt 0.410993 0.281250
vt 0.410993 0.312500
vt 0.416641 0.281250
vt 0.416641 0.312500
vt 0.421937 0.281250
vt 0.421937 0.312500
vt 0.394089 0.343750
vt 0.389183 0.343750
vt 0.399502 0.343750
vt 0.405208 0.343750
vt 0.410993 0.343750
vt 0.416641 0.343750
vt 0.421937 0.343750
vt 0.394089 0.375000
vt 0.389183 0.375000
vt 0.399502 0.375000
vt 0.405208 0.375000
vt 0.410993 0.375000
vt 0.416641 0.375000
vt 0.421937 0.375000
vt 0.394089 0.406250
vt 0.389183 0.406250
vt 0.399502 0.406250
vt 0.405208 0.406250
vt 0.410993 0.406250
vt 0.416641 0.406250
vt 0.421937 0.406250
vt 0.394089 0.437500
vt 0.389183 0.437500
vt 0.399502 0.437500
vt 0.405208 0.437500
vt 0.410993 0.437500
vt 0.416641 0.437500
vt 0.421937 0.437500
vt 0.394089 0.468750
vt 0.389183 0.468750
vt 0.399502 0.468750
vt 0.405208 0.468750
vt 0.410993 0.468750
vt 0.416641 0.468750
vt 0.421937 0.468750
vt 0.426667 0.281250
vt 0.426667 0.312500
vt 0.426667 0.343750
vt 0.426667 0.375000
vt 0.426667 0.406250
vt 0.426667 0.437500
vt 0.426667 0.468750
vt 0.426667 0.500000
vt 0.421937 0.500000
vt 0.416641 0.500000
vt 0.410993 0.500000
vt 0.405208 0.500000
vt 0.399502 0.500000
vt 0.394089 0.500000
vt 0.389183 0.500000
vt 0.389183 0.531250
vt 0.394089 0.531250
vt 0.394089 0.562500
vt 0.389183 0.562500
vt 0.399502 0.531250
vt 0.399502 0.562500
vt 0.405208 0.531250
vt 0.405208 0.562500
vt 0.410993 0.531250
vt 0.410993 0.562500
vt 0.416641 0.531250
vt 0.416641 0.562500
vt 0.421937 0.531250
vt 0.421937 0.562500
vt 0.394089 0.593750
vt 0.389183 0.593750
vt 0.399502 0.593750
vt 0.405208 0.593750
vt 0.410993 0.593750
vt 0.416641 0.593750
vt 0.421937 0.593750
vt 0.394089 0.625000
vt 0.389183 0.625000
vt 0.399502 0.625000
vt 0.405208 0.625000
vt 0.410993 0.625000
vt 0.416641 0.625000
vt 0.421937 0.625000
vt 0.394089 0.656250
vt 0.389183 0.656250
vt 0.399502 0.656250
vt 0.405208 0.656250
vt 0.410993 0.656250
vt 0.416641 0.656250
vt 0.421937 0.656250
vt 0.394089 0.687500
vt 0.389183 0.687500
vt 0.399502 0.687500
vt 0.405208 0.687500
vt 0.410993 0.687500
vt 0.416641 0.687500
vt 0.421937 0.687500
vt 0.394089 0.718750
vt 0.389183 0.718750
vt 0.399502 0.718750
vt 0.405208 0.718750
vt 0.410993 0.718750
vt 0.416641 0.718750
vt 0.421937 0.718750
vt 0.426667 0.531250
vt 0.426667 0.562500
vt 0.426667 0.593750
vt 0.426667 0.625000
vt 0.426667 0.656250
vt 0.426667 0.687500
vt 0.426667 0.718750
vt 0.426667 0.750000
vt 0.421937 0.750000
vt 0.416641 0.750000
vt 0.410993 0.750000
vt 0.405208 0.750000
vt 0.399502 0.750000
vt 0.394089 0.750000
vt 0.389183 0.750000
vt 0.389171 0.781250
vt 0.394080 0.781250
vt 0.394016 0.812500
vt 0.389088 0.812500
vt 0.399497 0.781250
vt 0.399462 0.812500
vt 0.405208 0.781250
vt 0.405204 0.812500
vt 0.410997 0.781250
vt 0.411023 0.812500
vt 0.416648 0.781250
vt 0.416700 0.812500
vt 0.421947 0.781250
vt 0.422016 0.812500
vt 0.393845 0.843750
vt 0.388861 0.843750
vt 0.399367 0.843750
vt 0.405194 0.843750
vt 0.411094 0.843750
vt 0.416840 0.843750
vt 0.422204 0.843750
vt 0.393511 0.875000
vt 0.388421 0.875000
vt 0.399181 0.875000
vt 0.405174 0.875000
vt 0.411233 0.875000
vt 0.417114 0.875000
vt 0.422571 0.875000
vt 0.392966 0.906250
vt 0.387681 0.906250
vt 0.398884 0.906250
vt 0.405142 0.906250
vt 0.411456 0.906250
vt 0.417561 0.906250
vt 0.423187 0.906250
vt 0.392180 0.937500
vt 0.386501 0.937500
vt 0.398487 0.937500
vt 0.405100 0.937500
vt 0.411755 0.937500
vt 0.418206 0.937500
vt 0.424168 0.937500
vt 0.391156 0.968750
vt 0.384753 0.968750
vt 0.398013 0.968750
vt 0.405052 0.968750
vt 0.412112 0.968750
vt 0.419048 0.968750
vt 0.425624 0.968750
vt 0.426678 0.781250
vt 0.426754 0.812500
vt 0.426960 0.843750
vt 0.427361 0.875000
vt 0.428045 0.906250
vt 0.429184 0.937500
vt 0.431061 0.968750
vt 0.435000 1.000000
vt 0.427500 1.000000
vt 0.420000 1.000000
vt 0.412500 1.000000
vt 0.405000 1.000000
vt 0.397500 1.000000
vt 0.390000 1.000000
vt 0.382500 1.000000
vt 0.434369 0.031250
vt 0.436510 0.031250
vt 0.435631 0.062500
vt 0.432909 0.062500
vt 0.438232 0.031250
vt 0.437752 0.062500
vt 0.439742 0.031250
vt 0.439501 0.062500
vt 0.441141 0.031250
vt 0.441040 0.062500
vt 0.442468 0.031250
vt 0.442438 0.062500
vt 0.443746 0.031250
vt 0.443742 0.062500
vt 0.434955 0.093750
vt 0.431924 0.093750
vt 0.437348 0.093750
vt 0.439292 0.093750
vt 0.440951 0.093750
vt 0.442412 0.093750
vt 0.443739 0.093750
vt 0.434484 0.125000
vt 0.431305 0.125000
vt 0.437044 0.125000
vt 0.439132 0.125000
vt 0.440884 0.125000
vt 0.442392 0.125000
vt 0.443736 0.125000
vt 0.434195 0.156250
vt 0.430936 0.156250
vt 0.436854 0.156250
vt 0.439032 0.156250
vt 0.440841 0.156250
vt 0.442379 0.156250
vt 0.443735 0.156250
vt 0.434047 0.187500
vt 0.430747 0.187500
vt 0.436757 0.187500
vt 0.438980 0.187500
vt 0.440820 0.187500
vt 0.442373 0.187500
vt 0.443734 0.187500
vt 0.433992 0.218750
vt 0.430677 0.218750
vt 0.436721 0.218750
vt 0.438961 0.218750
vt 0.440812 0.218750
vt 0.442370 0.218750
vt 0.443734 0.218750
vt 0.436250 0.000000
vt 0.437500 0.000000
vt 0.438750 0.000000
vt 0.440000 0.000000
vt 0.441250 0.000000
vt 0.442500 0.000000
vt 0.443750 0.000000
vt 0.443734 0.250000
vt 0.442370 0.250000
vt 0.440811 0.250000
vt 0.438958 0.250000
vt 0.436716 0.250000
vt 0.433984 0.250000
vt 0.430667 0.250000
vt 0.430667 0.281250
vt 0.433984 0.281250
vt 0.433984 0.312500
vt 0.430667 0.312500
vt 0.436716 0.281250
vt 0.436715 0.312500
vt 0.438958 0.281250
vt 0.438958 0.312500
vt 0.440811 0.281250
vt 0.440811 0.312500
vt 0.442370 0.281250
vt 0.442370 0.312500
vt 0.443734 0.281250
vt 0.443734 0.312500
vt 0.433984 0.343750
vt 0.430667 0.343750
vt 0.436716 0.343750
vt 0.438958 0.343750
vt 0.440811 0.343750
vt 0.442370 0.343750
vt 0.443734 0.343750
vt 0.433984 0.375000
vt 0.430667 0.375000
vt 0.436716 0.375000
vt 0.438958 0.375000
vt 0.440811 0.375000
vt 0.442370 0.375000
vt 0.443734 0.375000
vt 0.433984 0.406250
vt 0.430667 0.406250
vt 0.436716 0.406250
vt 0.438958 0.406250
vt 0.440811 0.406250
vt 0.442370 0.406250
vt 0.443734 0.406250
vt 0.433984 0.437500
vt 0.430667 0.437500
vt 0.436716 0.437500
vt 0.438958 0.437500
vt 0.440811 0.437500
vt 0.442370 0.437500
vt 0.443734 0.437500
vt 0.433984 0.468750
vt 0.430667 0.468750
vt 0.436716 0.468750
vt 0.438958 0.468750
vt 0.440811 0.468750
vt 0.442370 0.468750
vt 0.443734 0.468750
vt 0.443734 0.500000
vt 0.442370 0.500000
vt 0.440811 0.500000
vt 0.438958 0.500000
vt 0.436716 0.500000
vt 0.433984 0.500000
vt 0.430667 0.500000
vt 0.430667 0.531250
vt 0.433984 0.531250
vt 0.433984 0.562500
vt 0.430667 0.562500
vt 0.436716 0.531250
vt 0.436715 0.562500
vt 0.438958 0.531250
vt 0.438958 0.562500
vt 0.440811 0.531250
vt 0.440811 0.562500
vt 0.442370 0.531250
vt 0.442370 0.562500
vt 0.443734 0.531250
vt 0.443734 0.562500
vt 0.433984 0.593750
vt 0.430667 0.593750
vt 0.436716 0.593750
vt 0.438958 0.593750
vt 0.440811 0.593750
vt 0.442370 0.593750
vt 0.443734 0.593750
vt 0.433984 0.625000
vt 0.430667 0.625000
vt 0.436716 0.625000
vt 0.438958 0.625000
vt 0.440811 0.625000
vt 0.442370 0.625000
vt 0.443734 0.625000
vt 0.433984 0.656250
vt 0.430667 0.656250
vt 0.436716 0.656250
vt 0.438958 0.656250
vt 0.440811 0.656250
vt 0.442370 0.656250
vt 0.443734 0.656250
vt 0.433984 0.687500
vt 0.430667 0.687500
vt 0.436716 0.687500
vt 0.438958 0.687500
vt 0.440811 0.687500
vt 0.442370 0.687500
vt 0.443734 0.687500
vt 0.433984 0.718750
vt 0.430667 0.718750
vt 0.436716 0.718750
vt 0.438958 0.718750
vt 0.440811 0.718750
vt 0.442370 0.718750
vt 0.443734 0.718750
vt 0.443734 0.750000
vt 0.442370 0.750000
vt 0.440811 0.750000
vt 0.438958 0.750000
vt 0.436716 0.750000
vt 0.433984 0.750000
vt 0.430667 0.750000
vt 0.430677 0.781250
vt 0.433992 0.781250
vt 0.434047 0.812500
vt 0.430747 0.812500
vt 0.436721 0.781250
vt 0.436757 0.812500
vt 0.438961 0.781250
vt 0.438980 0.812500
vt 0.440812 0.781250
vt 0.440820 0.812500
vt 0.442370 0.781250
vt 0.442373 0.812500
vt 0.443734 0.781250
vt 0.443734 0.812500
vt 0.434195 0.843750
vt 0.430936 0.843750
vt 0.436854 0.843750
vt 0.439032 0.843750
vt 0.440841 0.843750
vt 0.442379 0.843750
vt 0.443735 0.843750
vt 0.434484 0.875000
vt 0.431305 0.875000
vt 0.437044 0.875000
vt 0.439132 0.875000
vt 0.440884 0.875000
vt 0.442392 0.875000
vt 0.443736 0.875000
vt 0.434955 0.906250
vt 0.431924 0.906250
vt 0.437348 0.906250
vt 0.439292 0.906250
vt 0.440951 0.906250
vt 0.442412 0.906250
vt 0.443739 0.906250
vt 0.435631 0.937500
vt 0.432909 0.937500
vt 0.437752 0.937500
vt 0.439501 0.937500
vt 0.441039 0.937500
vt 0.442438 0.937500
vt 0.443742 0.937500
vt 0.436510 0.968750
vt 0.434369 0.968750
vt 0.438232 0.968750
vt 0.439742 0.968750
vt 0.441141 0.968750
vt 0.442468 0.968750
vt 0.443746 0.968750
vt 0.443750 1.000000
vt 0.442500 1.000000
vt 0.441250 1.000000
vt 0.440000 1.000000
vt 0.438750 1.000000
vt 0.437500 1.000000
vt 0.436250 1.000000
vt 0.625000 0.718750
vt 0.625000 0.687500
vt 0.625000 0.718750
vt 0.625000 0.656250
vt 0.625000 0.656250
vt 0.625000 0.625000
vt 0.625000 0.625000
vt 0.625000 0.593750
vt 0.625000 0.562500
vt 0.625000 0.562500
vt 0.625000 0.531250
vt 0.625000 0.718750
vt 0.625000 0.718750
vt 0.625000 0.593750
vt 0.625000 0.531250
vt 0.625000 0.718750
vt 0.625000 0.656250
vt 0.625000 0.593750
vt 0.625000 0.531250
vt 0.625000 0.687500
vt 0.625000 0.593750
vt 0.625000 0.562500
vt 0.625000 0.625000
vt 0.625000 0.750000
vt 0.625000 0.687500
vt 0.625000 0.531250
vt 0.625000 0.500000
vt 0.625000 0.500000
vt 0.625000 0.500000
vt 0.625000 0.500000
vt 0.625000 0.750000
vt 0.625000 0.750000
vt 0.625000 0.750000
vt 0.608282 0.218750
vt 0.608491 0.187500
vt 0.614640 0.187500
vt 0.614477 0.218750
vt 0.609059 0.156250
vt 0.615085 0.156250
vt 0.610164 0.125000
vt 0.615951 0.125000
vt 0.612021 0.093750
vt 0.617364 0.093750
vt 0.614977 0.062500
vt 0.619393 0.062500
vt 0.619358 0.031250
vt 0.622029 0.031250
vt 0.619020 0.187500
vt 0.618912 0.218750
vt 0.619312 0.156250
vt 0.619881 0.125000
vt 0.620793 0.093750
vt 0.622006 0.062500
vt 0.623445 0.031250
vt 0.621940 0.187500
vt 0.621883 0.218750
vt 0.622095 0.156250
vt 0.622396 0.125000
vt 0.622876 0.093750
vt 0.623503 0.062500
vt 0.624227 0.031250
vt 0.623709 0.187500
vt 0.623685 0.218750
vt 0.623774 0.156250
vt 0.623901 0.125000
vt 0.624104 0.093750
vt 0.624368 0.062500
vt 0.624674 0.031250
vt 0.624618 0.187500
vt 0.624610 0.218750
vt 0.624637 0.156250
vt 0.624675 0.125000
vt 0.624735 0.093750
vt 0.624813 0.062500
vt 0.624903 0.031250
vt 0.624952 0.187500
vt 0.624951 0.218750
vt 0.624955 0.156250
vt 0.624959 0.125000
vt 0.624967 0.093750
vt 0.624977 0.062500
vt 0.624988 0.031250
vt 0.608252 0.250000
vt 0.625000 0.000000
vt 0.625000 0.000000
vt 0.625000 0.031250
vt 0.625000 0.062500
vt 0.625000 0.093750
vt 0.625000 0.125000
vt 0.625000 0.156250
vt 0.625000 0.187500
vt 0.625000 0.218750
vt 0.624951 0.250000
vt 0.625000 0.250000
vt 0.624609 0.250000
vt 0.623682 0.250000
vt 0.621875 0.250000
vt 0.618896 0.250000
vt 0.614453 0.250000
vt 0.619358 0.968750
vt 0.614977 0.937500
vt 0.619393 0.937500
vt 0.622029 0.968750
vt 0.612021 0.906250
vt 0.617364 0.906250
vt 0.610164 0.875000
vt 0.615951 0.875000
vt 0.609059 0.843750
vt 0.615085 0.843750
vt 0.608491 0.812500
vt 0.614640 0.812500
vt 0.608282 0.781250
vt 0.614477 0.781250
vt 0.622006 0.937500
vt 0.623445 0.968750
vt 0.620793 0.906250
vt 0.619881 0.875000
vt 0.619312 0.843750
vt 0.619020 0.812500
vt 0.618912 0.781250
vt 0.623503 0.937500
vt 0.624227 0.968750
vt 0.622876 0.906250
vt 0.622396 0.875000
vt 0.622095 0.843750
vt 0.621940 0.812500
vt 0.621883 0.781250
vt 0.624368 0.937500
vt 0.624674 0.968750
vt 0.624104 0.906250
vt 0.623901 0.875000
vt 0.623774 0.843750
vt 0.623709 0.812500
vt 0.623685 0.781250
vt 0.624813 0.937500
vt 0.624903 0.968750
vt 0.624735 0.906250
vt 0.624674 0.875000
vt 0.624637 0.843750
vt 0.624618 0.812500
vt 0.624610 0.781250
vt 0.624977 0.937500
vt 0.624988 0.968750
vt 0.624967 0.906250
vt 0.624959 0.875000
vt 0.624955 0.843750
vt 0.624952 0.812500
vt 0.624951 0.781250
vt 0.625000 1.000000
vt 0.625000 0.781250
vt 0.625000 0.812500
vt 0.625000 0.843750
vt 0.625000 0.875000
vt 0.625000 0.906250
vt 0.625000 0.937500
vt 0.625000 0.968750
vt 0.625000 1.000000
vt 0.608252 0.468750
vt 0.608252 0.437500
vt 0.614453 0.437500
vt 0.614453 0.468750
vt 0.608252 0.406250
vt 0.614453 0.406250
vt 0.608252 0.375000
vt 0.614453 0.375000
vt 0.608252 0.343750
vt 0.614453 0.343750
vt 0.608252 0.312500
vt 0.614453 0.312500
vt 0.608252 0.281250
vt 0.614453 0.281250
vt 0.618897 0.437500
vt 0.618897 0.468750
vt 0.618897 0.406250
vt 0.618896 0.375000
vt 0.618897 0.343750
vt 0.618897 0.312500
vt 0.618897 0.281250
vt 0.621875 0.437500
vt 0.621875 0.468750
vt 0.621875 0.406250
vt 0.621875 0.375000
vt 0.621875 0.343750
vt 0.621875 0.312500
vt 0.621875 0.281250
vt 0.623682 0.437500
vt 0.623682 0.468750
vt 0.623682 0.406250
vt 0.623682 0.375000
vt 0.623682 0.343750
vt 0.623682 0.312500
vt 0.623682 0.281250
vt 0.624609 0.437500
vt 0.624609 0.468750
vt 0.624609 0.406250
vt 0.624609 0.375000
vt 0.624609 0.343750
vt 0.624609 0.312500
vt 0.624609 0.281250
vt 0.624951 0.437500
vt 0.624951 0.468750
vt 0.624951 0.406250
vt 0.624951 0.375000
vt 0.624951 0.343750
vt 0.624951 0.312500
vt 0.624951 0.281250
vt 0.625000 0.281250
vt 0.625000 0.312500
vt 0.625000 0.343750
vt 0.625000 0.375000
vt 0.625000 0.406250
vt 0.625000 0.437500
vt 0.625000 0.468750
vt 0.625000 0.968750
vt 0.625000 0.937500
vt 0.625000 0.968750
vt 0.625000 0.906250
vt 0.625000 0.906250
vt 0.625000 0.875000
vt 0.625000 0.875000
vt 0.625000 0.843750
vt 0.625000 0.843750
vt 0.625000 0.812500
vt 0.625000 0.812500
vt 0.625000 0.781250
vt 0.625000 0.781250
vt 0.625000 0.968750
vt 0.625000 0.843750
vt 0.625000 0.812500
vt 0.625000 0.781250
vt 0.625000 0.843750
vt 0.625000 1.000000
vt 0.625000 0.218750
vt 0.625000 0.187500
vt 0.625000 0.187500
vt 0.625000 0.218750
vt 0.625000 0.156250
vt 0.625000 0.156250
vt 0.625000 0.125000
vt 0.625000 0.093750
vt 0.625000 0.062500
vt 0.625000 0.031250
vt 0.625000 0.218750
vt 0.625000 0.031250
vt 0.625000 0.187500
vt 0.625000 0.218750
vt 0.625000 0.031250
vt 0.625000 0.250000
vt 0.625000 0.250000
vt 0.625000 0.031250
vt 0.625000 0.250000
vt 0.625000 0.250000
vt 0.625000 0.468750
vt 0.625000 0.437500
vt 0.625000 0.437500
vt 0.625000 0.468750
vt 0.625000 0.406250
vt 0.625000 0.406250
vt 0.625000 0.375000
vt 0.625000 0.375000
vt 0.625000 0.343750
vt 0.625000 0.343750
vt 0.625000 0.312500
vt 0.625000 0.312500
vt 0.625000 0.281250
vt 0.625000 0.281250
vt 0.625000 0.468750
vt 0.625000 0.375000
vt 0.625000 0.343750
vt 0.625000 0.437500
vt 0.625000 0.468750
vt 0.625000 0.343750
vt 0.625000 0.312500
vt 0.625000 0.281250
vt 0.625000 0.437500
vt 0.625000 0.406250
vt 0.625000 0.343750
vt 0.625000 0.468750
vt 0.625000 0.375000
vt 0.625000 0.312500
vt 0.625000 0.437500
vt 0.625000 0.375000
vt 0.625000 0.437500
vt 0.625000 0.437500
vt 0.625000 0.500000
vt 0.625000 0.500000
vt 0.625000 0.625000
vt 0.625000 0.625000
vt 0.625000 0.656250
vt 0.625000 0.562500
vt 0.625000 0.750000
vt 0.625000 0.750000
vt 0.625000 0.437500
vt 0.625000 0.437500
vt 0.625000 0.406250
vt 0.625000 0.375000
vt 0.625000 0.343750
vt 0.625000 0.312500
vt 0.625000 0.281250
vt 0.625000 0.468750
vt 0.625000 0.406250
vt 0.625000 0.375000
vt 0.625000 0.343750
vt 0.625000 0.437500
vt 0.625000 0.468750
vt 0.625000 0.375000
vt 0.625000 0.343750
vt 0.625000 0.500000
vt 0.625000 0.500000
vt 0.625000 0.500000
vt 0.625000 0.968750
vt 0.625000 0.937500
vt 0.625000 0.937500
vt 0.625000 0.968750
vt 0.625000 0.906250
vt 0.625000 0.875000
vt 0.625000 0.937500
vt 0.625000 0.968750
vt 0.625000 0.875000
vt 0.625000 0.843750
vt 0.625000 0.812500
vt 0.625000 0.781250
vt 0.625000 0.937500
vt 0.625000 0.781250
vt 0.625000 0.750000
vt 0.625000 0.187500
vt 0.625000 0.187500
vt 0.625000 0.125000
vt 0.625000 0.125000
vt 0.625000 0.093750
vt 0.625000 0.062500
vt 0.625000 0.062500
vt 0.625000 0.218750
vt 0.625000 0.156250
vt 0.625000 0.093750
vt 0.625000 0.031250
vt 0.625000 0.031250
vt 0.625000 0.718750
vt 0.625000 0.687500
vt 0.625000 0.656250
vt 0.625000 0.625000
vt 0.625000 0.625000
vt 0.625000 0.531250
vt 0.625000 0.687500
vt 0.625000 0.718750
vt 0.625000 0.593750
vt 0.625000 0.562500
vt 0.625000 0.687500
vt 0.625000 0.718750
vt 0.625000 0.656250
vt 0.625000 0.593750
vt 0.625000 0.718750
vt 0.625000 0.687500
vt 0.625000 0.531250
vt 0.625000 0.718750
vt 0.625000 0.687500
vt 0.625000 0.531250
vt 0.625000 0.031250
vt 0.625000 0.031250
vt 0.625000 0.062500
vt 0.625000 0.125000
vt 0.625000 0.093750
vt 0.625000 0.968750
vt 0.625000 0.968750
vt 0.625000 0.937500
vt 0.625000 0.937500
vt 0.625000 0.906250
vt 0.625000 0.875000
vt 0.625000 0.875000
vt 0.625000 0.843750
vt 0.625000 0.281250
vt 0.625026 0.718750
vt 0.625039 0.687500
vt 0.625312 0.687500
vt 0.625205 0.718750
vt 0.625050 0.656250
vt 0.625399 0.656250
vt 0.625054 0.625000
vt 0.625434 0.625000
vt 0.625050 0.593750
vt 0.625398 0.593750
vt 0.625039 0.562500
vt 0.625312 0.562500
vt 0.625026 0.531250
vt 0.625205 0.531250
vt 0.626053 0.687500
vt 0.625692 0.718750
vt 0.626345 0.656250
vt 0.626465 0.625000
vt 0.626345 0.593750
vt 0.626053 0.562500
vt 0.625692 0.531250
vt 0.627496 0.687500
vt 0.626641 0.718750
vt 0.628188 0.656250
vt 0.628472 0.625000
vt 0.628187 0.593750
vt 0.627496 0.562500
vt 0.626641 0.531250
vt 0.629980 0.687500
vt 0.628236 0.718750
vt 0.631344 0.656250
vt 0.631890 0.625000
vt 0.631344 0.593750
vt 0.629979 0.562500
vt 0.628236 0.531250
vt 0.634264 0.687500
vt 0.630786 0.718750
vt 0.636704 0.656250
vt 0.637587 0.625000
vt 0.636704 0.593750
vt 0.634264 0.562500
vt 0.630786 0.531250
vt 0.641464 0.687500
vt 0.635080 0.718750
vt 0.645307 0.656250
vt 0.646539 0.625000
vt 0.645307 0.593750
vt 0.641464 0.562500
vt 0.635080 0.531250
vt 0.625014 0.750000
vt 0.625014 0.500000
vt 0.625109 0.500000
vt 0.625366 0.500000
vt 0.625868 0.500000
vt 0.626655 0.500000
vt 0.627604 0.500000
vt 0.628354 0.500000
vt 0.644836 0.531250
vt 0.653700 0.562500
vt 0.658319 0.593750
vt 0.659722 0.625000
vt 0.658318 0.656250
vt 0.653700 0.687500
vt 0.644836 0.718750
vt 0.628354 0.750000
vt 0.627604 0.750000
vt 0.626655 0.750000
vt 0.625868 0.750000
vt 0.625366 0.750000
vt 0.625109 0.750000
vt 0.665618 0.531250
vt 0.692413 0.531250
vt 0.696533 0.562500
vt 0.672563 0.562500
vt 0.721316 0.531250
vt 0.723535 0.562500
vt 0.751275 0.531250
vt 0.752387 0.562500
vt 0.781788 0.531250
vt 0.782257 0.562500
vt 0.812659 0.531250
vt 0.812798 0.562500
vt 0.843770 0.531250
vt 0.843787 0.562500
vt 0.699175 0.593750
vt 0.676538 0.593750
vt 0.725069 0.593750
vt 0.753174 0.593750
vt 0.782589 0.593750
vt 0.812897 0.593750
vt 0.843800 0.593750
vt 0.700087 0.625000
vt 0.677789 0.625000
vt 0.725640 0.625000
vt 0.753472 0.625000
vt 0.782715 0.625000
vt 0.812934 0.625000
vt 0.843804 0.625000
vt 0.699175 0.656250
vt 0.676538 0.656250
vt 0.725069 0.656250
vt 0.753174 0.656250
vt 0.782589 0.656250
vt 0.812897 0.656250
vt 0.843800 0.656250
vt 0.696533 0.687500
vt 0.672563 0.687500
vt 0.723535 0.687500
vt 0.752387 0.687500
vt 0.782257 0.687500
vt 0.812798 0.687500
vt 0.843787 0.687500
vt 0.692413 0.718750
vt 0.665619 0.718750
vt 0.721317 0.718750
vt 0.751275 0.718750
vt 0.781788 0.718750
vt 0.812659 0.718750
vt 0.843770 0.718750
vt 0.656250 0.500000
vt 0.687500 0.500000
vt 0.718750 0.500000
vt 0.750000 0.500000
vt 0.781250 0.500000
vt 0.812500 0.500000
vt 0.843750 0.500000
vt 0.875000 0.500000
vt 0.875000 0.531250
vt 0.875000 0.562500
vt 0.875000 0.593750
vt 0.875000 0.625000
vt 0.875000 0.656250
vt 0.875000 0.687500
vt 0.875000 0.718750
vt 0.875000 0.750000
vt 0.843750 0.750000
vt 0.812500 0.750000
vt 0.781250 0.750000
vt 0.750000 0.750000
vt 0.718750 0.750000
vt 0.687500 0.750000
vt 0.656250 0.750000
vt 0.625000 0.093750
vt 0.625000 0.843750
vt 0.625002 0.843750
vt 0.625002 0.812500
vt 0.625014 0.812500
vt 0.625006 0.781250
vt 0.625046 0.781250
vt 0.625006 0.843750
vt 0.625046 0.812500
vt 0.625155 0.781250
vt 0.625014 0.843750
vt 0.625109 0.812500
vt 0.625366 0.781250
vt 0.625024 0.843750
vt 0.625195 0.812500
vt 0.625670 0.781250
vt 0.625029 0.843750
vt 0.625231 0.812500
vt 0.625873 0.781250
vt 0.625019 0.843750
vt 0.625151 0.812500
vt 0.625711 0.781250
vt 0.625006 0.468750
vt 0.625002 0.437500
vt 0.625014 0.437500
vt 0.625046 0.468750
vt 0.625000 0.406250
vt 0.625002 0.406250
vt 0.625046 0.437500
vt 0.625155 0.468750
vt 0.625006 0.406250
vt 0.625109 0.437500
vt 0.625366 0.468750
vt 0.625014 0.406250
vt 0.625195 0.437500
vt 0.625670 0.468750
vt 0.625024 0.406250
vt 0.625231 0.437500
vt 0.625873 0.468750
vt 0.625029 0.406250
vt 0.625151 0.437500
vt 0.625711 0.468750
vt 0.625019 0.406250
s 1
usemtl blanc
f 1533/1/1533 1534/2/1534 1541/3/1541 1540/4/1540
f 1534/2/1534 1535/5/1535 1542/6/1542 1541/3/1541
f 1535/5/1535 1536/7/1536 1543/8/1543 1542/6/1542
f 1536/7/1536 1537/9/1537 1544/10/1544 1543/8/1543
f 1537/9/1537 1538/11/1538 1545/12/1545 1544/10/1544
f 1538/11/1538 1539/13/1539 1546/14/1546 1545/12/1545
f 1540/4/1540 1541/3/1541 1548/15/1548 1547/16/1547
f 1541/3/1541 1542/6/1542 1549/17/1549 1548/15/1548
f 1542/6/1542 1543/8/1543 1550/18/1550 1549/17/1549
f 1543/8/1543 1544/10/1544 1551/19/1551 1550/18/1550
f 1544/10/1544 1545/12/1545 1552/20/1552 1551/19/1551
f 1545/12/1545 1546/14/1546 1553/21/1553 1552/20/1552
f 1547/16/1547 1548/15/1548 1555/22/1555 1554/23/1554
f 1548/15/1548 1549/17/1549 1556/24/1556 1555/22/1555
f 1549/17/1549 1550/18/1550 1557/25/1557 1556/24/1556
f 1550/18/1550 1551/19/1551 1558/26/1558 1557/25/1557
f 1551/19/1551 1552/20/1552 1559/27/1559 1558/26/1558
f 1552/20/1552 1553/21/1553 1560/28/1560 1559/27/1559
f 1554/23/1554 1555/22/1555 1562/29/1562 1561/30/1561
f 1555/22/1555 1556/24/1556 1563/31/1563 1562/29/1562
f 1556/24/1556 1557/25/1557 1564/32/1564 1563/31/1563
f 1557/25/1557 1558/26/1558 1565/33/1565 1564/32/1564
f 1558/26/1558 1559/27/1559 1566/34/1566 1565/33/1565
f 1559/27/1559 1560/28/1560 1567/35/1567 1566/34/1566
f 1561/30/1561 1562/29/1562 1569/36/1569 1568/37/1568
f 1562/29/1562 1563/31/1563 1570/38/1570 1569/36/1569
f 1563/31/1563 1564/32/1564 1571/39/1571 1570/38/1570
f 1564/32/1564 1565/33/1565 1572/40/1572 1571/39/1571
f 1565/33/1565 1566/34/1566 1573/41/1573 1572/40/1572
f 1566/34/1566 1567/35/1567 1574/42/1574 1573/41/1573
f 1568/37/1568 1569/36/1569 1576/43/1576 1575/44/1575
f 1569/36/1569 1570/38/1570 1577/45/1577 1576/43/1576
f 1570/38/1570 1571/39/1571 1578/46/1578 1577/45/1577
f 1571/39/1571 1572/40/1572 1579/47/1579 1578/46/1578
f 1572/40/1572 1573/41/1573 1580/48/1580 1579/47/1579
f 1573/41/1573 1574/42/1574 1581/49/1581 1580/48/1580
f 17/50/17 112/51/112 1533/1/1533 350/52/350
f 112/51/112 113/53/113 1534/2/1534 1533/1/1533
f 113/53/113 114/54/114 1535/5/1535 1534/2/1534
f 114/54/114 115/55/115 1536/7/1536 1535/5/1535
f 115/55/115 116/56/116 1537/9/1537 1536/7/1536
f 116/56/116 117/57/117 1538/11/1538 1537/9/1537
f 117/57/117 118/58/118 1539/13/1539 1538/11/1538
f 118/58/118 2/59/2 119/60/119 1539/13/1539
f 1539/13/1539 119/60/119 120/61/120 1546/14/1546
f 1546/14/1546 120/61/120 121/62/121 1553/21/1553
f 1553/21/1553 121/62/121 122/63/122 1560/28/1560
f 1560/28/1560 122/63/122 123/64/123 1567/35/1567
f 1567/35/1567 123/64/123 124/65/124 1574/42/1574
f 1574/42/1574 124/65/124 125/66/125 1581/49/1581
f 1581/49/1581 125/66/125 4/67/4 308/68/308
f 1580/48/1580 1581/49/1581 308/68/308 309/69/309
f 1579/47/1579 1580/48/1580 309/69/309 310/70/310
f 1578/46/1578 1579/47/1579 310/70/310 311/71/311
f 1577/45/1577 1578/46/1578 311/71/311 312/72/312
f 1576/43/1576 1577/45/1577 312/72/312 313/73/313
f 1575/44/1575 1576/43/1576 313/73/313 314/74/314
f 356/75/356 1575/44/1575 314/74/314 18/76/18
f 355/77/355 1568/37/1568 1575/44/1575 356/75/356
f 354/78/354 1561/30/1561 1568/37/1568 355/77/355
f 353/79/353 1554/23/1554 1561/30/1561 354/78/354
f 352/80/352 1547/16/1547 1554/23/1554 353/79/353
f 351/81/351 1540/4/1540 1547/16/1547 352/80/352
f 350/52/350 1533/1/1533 1540/4/1540 351/81/351
f 1582/82/1582 1583/83/1583 1590/84/1590 1589/85/1589
f 1583/83/1583 1584/86/1584 1591/87/1591 1590/84/1590
f 1584/86/1584 1585/88/1585 1592/89/1592 1591/87/1591
f 1585/88/1585 1586/90/1586 1593/91/1593 1592/89/1592
f 1586/90/1586 1587/92/1587 1594/93/1594 1593/91/1593
f 1587/92/1587 1588/94/1588 1595/95/1595 1594/93/1594
f 1589/85/1589 1590/84/1590 1597/96/1597 1596/97/1596
f 1590/84/1590 1591/87/1591 1598/98/1598 1597/96/1597
f 1591/87/1591 1592/89/1592 1599/99/1599 1598/98/1598
f 1592/89/1592 1593/91/1593 1600/100/1600 1599/99/1599
f 1593/91/1593 1594/93/1594 1601/101/1601 1600/100/1600
f 1594/93/1594 1595/95/1595 1602/102/1602 1601/101/1601
f 1596/97/1596 1597/96/1597 1604/103/1604 1603/104/1603
f 1597/96/1597 1598/98/1598 1605/105/1605 1604/103/1604
f 1598/98/1598 1599/99/1599 1606/106/1606 1605/105/1605
f 1599/99/1599 1600/100/1600 1607/107/1607 1606/106/1606
f 1600/100/1600 1601/101/1601 1608/108/1608 1607/107/1607
f 1601/101/1601 1602/102/1602 1609/109/1609 1608/108/1608
f 1603/104/1603 1604/103/1604 1611/110/1611 1610/111/1610
f 1604/103/1604 1605/105/1605 1612/112/1612 1611/110/1611
f 1605/105/1605 1606/106/1606 1613/113/1613 1612/112/1612
f 1606/106/1606 1607/107/1607 1614/114/1614 1613/113/1613
f 1607/107/1607 1608/108/1608 1615/115/1615 1614/114/1614
f 1608/108/1608 1609/109/1609 1616/116/1616 1615/115/1615
f 1610/111/1610 1611/110/1611 1618/117/1618 1617/118/1617
f 1611/110/1611 1612/112/1612 1619/119/1619 1618/117/1618
f 1612/112/1612 1613/113/1613 1620/120/1620 1619/119/1619
f 1613/113/1613 1614/114/1614 1621/121/1621 1620/120/1620
f 1614/114/1614 1615/115/1615 1622/122/1622 1621/121/1621
f 1615/115/1615 1616/116/1616 1623/123/1623 1622/122/1622
f 1617/118/1617 1618/117/1618 1625/124/1625 1624/125/1624
f 1618/117/1618 1619/119/1619 1626/126/1626 1625/124/1625
f 1619/119/1619 1620/120/1620 1627/127/1627 1626/126/1626
f 1620/120/1620 1621/121/1621 1628/128/1628 1627/127/1627
f 1621/121/1621 1622/122/1622 1629/129/1629 1628/128/1628
f 1622/122/1622 1623/123/1623 1630/130/1630 1629/129/1629
f 18/76/18 314/74/314 1582/82/1582 343/131/343
f 314/74/314 313/73/313 1583/83/1583 1582/82/1582
f 313/73/313 312/72/312 1584/86/1584 1583/83/1583
f 312/72/312 311/71/311 1585/88/1585 1584/86/1584
f 311/71/311 310/70/310 1586/90/1586 1585/88/1585
f 310/70/310 309/69/309 1587/92/1587 1586/90/1586
f 309/69/309 308/68/308 1588/94/1588 1587/92/1587
f 308/68/308 4/67/4 140/132/140 1588/94/1588
f 1588/94/1588 140/132/140 141/133/141 1595/95/1595
f 1595/95/1595 141/133/141 142/134/142 1602/102/1602
f 1602/102/1602 142/134/142 143/135/143 1609/109/1609
f 1609/109/1609 143/135/143 144/136/144 1616/116/1616
f 1616/116/1616 144/136/144 145/137/145 1623/123/1623
f 1623/123/1623 145/137/145 146/138/146 1630/130/1630
f 1630/130/1630 146/138/146 8/139/8 315/140/315
f 1629/129/1629 1630/130/1630 315/140/315 316/141/316
f 1628/128/1628 1629/129/1629 316/141/316 317/142/317
f 1627/127/1627 1628/128/1628 317/142/317 318/143/318
f 1626/126/1626 1627/127/1627 318/143/318 319/144/319
f 1625/124/1625 1626/126/1626 319/144/319 320/145/320
f 1624/125/1624 1625/124/1625 320/145/320 321/146/321
f 349/147/349 1624/125/1624 321/146/321 19/148/19
f 348/149/348 1617/118/1617 1624/125/1624 349/147/349
f 347/150/347 1610/111/1610 1617/118/1617 348/149/348
f 346/151/346 1603/104/1603 1610/111/1610 347/150/347
f 345/152/345 1596/97/1596 1603/104/1603 346/151/346
f 344/153/344 1589/85/1589 1596/97/1596 345/152/345
f 343/131/343 1582/82/1582 1589/85/1589 344/153/344
f 1631/154/1631 1632/155/1632 1639/156/1639 1638/157/1638
f 1632/155/1632 1633/158/1633 1640/159/1640 1639/156/1639
f 1633/158/1633 1634/160/1634 1641/161/1641 1640/159/1640
f 1634/160/1634 1635/162/1635 1642/163/1642 1641/161/1641
f 1635/162/1635 1636/164/1636 1643/165/1643 1642/163/1642
f 1636/164/1636 1637/166/1637 1644/167/1644 1643/165/1643
f 1638/157/1638 1639/156/1639 1646/168/1646 1645/169/1645
f 1639/156/1639 1640/159/1640 1647/170/1647 1646/168/1646
f 1640/159/1640 1641/161/1641 1648/171/1648 1647/170/1647
f 1641/161/1641 1642/163/1642 1649/172/1649 1648/171/1648
f 1642/163/1642 1643/165/1643 1650/173/1650 1649/172/1649
f 1643/165/1643 1644/167/1644 1651/174/1651 1650/173/1650
f 1645/169/1645 1646/168/1646 1653/175/1653 1652/176/1652
f 1646/168/1646 1647/170/1647 1654/177/1654 1653/175/1653
f 1647/170/1647 1648/171/1648 1655/178/1655 1654/177/1654
f 1648/171/1648 1649/172/1649 1656/179/1656 1655/178/1655
f 1649/172/1649 1650/173/1650 1657/180/1657 1656/179/1656
f 1650/173/1650 1651/174/1651 1658/181/1658 1657/180/1657
f 1652/176/1652 1653/175/1653 1660/182/1660 1659/183/1659
f 1653/175/1653 1654/177/1654 1661/184/1661 1660/182/1660
f 1654/177/1654 1655/178/1655 1662/185/1662 1661/184/1661
f 1655/178/1655 1656/179/1656 1663/186/1663 1662/185/1662
f 1656/179/1656 1657/180/1657 1664/187/1664 1663/186/1663
f 1657/180/1657 1658/181/1658 1665/188/1665 1664/187/1664
f 1659/183/1659 1660/182/1660 1667/189/1667 1666/190/1666
f 1660/182/1660 1661/184/1661 1668/191/1668 1667/189/1667
f 1661/184/1661 1662/185/1662 1669/192/1669 1668/191/1668
f 1662/185/1662 1663/186/1663 1670/193/1670 1669/192/1669
f 1663/186/1663 1664/187/1664 1671/194/1671 1670/193/1670
f 1664/187/1664 1665/188/1665 1672/195/1672 1671/194/1671
f 1666/190/1666 1667/189/1667 1674/196/1674 1673/197/1673
f 1667/189/1667 1668/191/1668 1675/198/1675 1674/196/1674
f 1668/191/1668 1669/192/1669 1676/199/1676 1675/198/1675
f 1669/192/1669 1670/193/1670 1677/200/1677 1676/199/1676
f 1670/193/1670 1671/194/1671 1678/201/1678 1677/200/1677
f 1671/194/1671 1672/195/1672 1679/202/1679 1678/201/1678
f 19/148/19 321/146/321 1631/154/1631 336/203/336
f 321/146/321 320/145/320 1632/155/1632 1631/154/1631
f 320/145/320 319/144/319 1633/158/1633 1632/155/1632
f 319/144/319 318/143/318 1634/160/1634 1633/158/1633
f 318/143/318 317/142/317 1635/162/1635 1634/160/1634
f 317/142/317 316/141/316 1636/164/1636 1635/162/1635
f 316/141/316 315/140/315 1637/166/1637 1636/164/1636
f 315/140/315 8/139/8 161/204/161 1637/166/1637
f 1637/166/1637 161/204/161 162/205/162 1644/167/1644
f 1644/167/1644 162/205/162 163/206/163 1651/174/1651
f 1651/174/1651 163/206/163 164/207/164 1658/181/1658
f 1658/181/1658 164/207/164 165/208/165 1665/188/1665
f 1665/188/1665 165/208/165 166/209/166 1672/195/1672
f 1672/195/1672 166/209/166 167/210/167 1679/202/1679
f 1679/202/1679 167/210/167 6/211/6 322/212/322
f 1678/201/1678 1679/202/1679 322/212/322 323/213/323
f 1677/200/1677 1678/201/1678 323/213/323 324/214/324
f 1676/199/1676 1677/200/1677 324/214/324 325/215/325
f 1675/198/1675 1676/199/1676 325/215/325 326/216/326
f 1674/196/1674 1675/198/1675 326/216/326 327/217/327
f 1673/197/1673 1674/196/1674 327/217/327 328/218/328
f 342/219/342 1673/197/1673 328/218/328 20/220/20
f 341/221/341 1666/190/1666 1673/197/1673 342/219/342
f 340/222/340 1659/183/1659 1666/190/1666 341/221/341
f 339/223/339 1652/176/1652 1659/183/1659 340/222/340
f 338/224/338 1645/169/1645 1652/176/1652 339/223/339
f 337/225/337 1638/157/1638 1645/169/1645 338/224/338
f 336/203/336 1631/154/1631 1638/157/1638 337/225/337
f 1680/226/1680 1681/227/1681 1688/228/1688 1687/229/1687
f 1681/227/1681 1682/230/1682 1689/231/1689 1688/228/1688
f 1682/230/1682 1683/232/1683 1690/233/1690 1689/231/1689
f 1683/232/1683 1684/234/1684 1691/235/1691 1690/233/1690
f 1684/234/1684 1685/236/1685 1692/237/1692 1691/235/1691
f 1685/236/1685 1686/238/1686 1693/239/1693 1692/237/1692
f 1687/229/1687 1688/228/1688 1695/240/1695 1694/241/1694
f 1688/228/1688 1689/231/1689 1696/242/1696 1695/240/1695
f 1689/231/1689 1690/233/1690 1697/243/1697 1696/242/1696
f 1690/233/1690 1691/235/1691 1698/244/1698 1697/243/1697
f 1691/235/1691 1692/237/1692 1699/245/1699 1698/244/1698
f 1692/237/1692 1693/239/1693 1700/246/1700 1699/245/1699
f 1694/241/1694 1695/240/1695 1702/247/1702 1701/248/1701
f 1695/240/1695 1696/242/1696 1703/249/1703 1702/247/1702
f 1696/242/1696 1697/243/1697 1704/250/1704 1703/249/1703
f 1697/243/1697 1698/244/1698 1705/251/1705 1704/250/1704
f 1698/244/1698 1699/245/1699 1706/252/1706 1705/251/1705
f 1699/245/1699 1700/246/1700 1707/253/1707 1706/252/1706
f 1701/248/1701 1702/247/1702 1709/254/1709 1708/255/1708
f 1702/247/1702 1703/249/1703 1710/256/1710 1709/254/1709
f 1703/249/1703 1704/250/1704 1711/257/1711 1710/256/1710
f 1704/250/1704 1705/251/1705 1712/258/1712 1711/257/1711
f 1705/251/1705 1706/252/1706 1713/259/1713 1712/258/1712
f 1706/252/1706 1707/253/1707 1714/260/1714 1713/259/1713
f 1708/255/1708 1709/254/1709 1716/261/1716 1715/262/1715
f 1709/254/1709 1710/256/1710 1717/263/1717 1716/261/1716
f 1710/256/1710 1711/257/1711 1718/264/1718 1717/263/1717
f 1711/257/1711 1712/258/1712 1719/265/1719 1718/264/1718
f 1712/258/1712 1713/259/1713 1720/266/1720 1719/265/1719
f 1713/259/1713 1714/260/1714 1721/267/1721 1720/266/1720
f 1715/262/1715 1716/261/1716 1723/268/1723 1722/269/1722
f 1716/261/1716 1717/263/1717 1724/270/1724 1723/268/1723
f 1717/263/1717 1718/264/1718 1725/271/1725 1724/270/1724
f 1718/264/1718 1719/265/1719 1726/272/1726 1725/271/1725
f 1719/265/1719 1720/266/1720 1727/273/1727 1726/272/1726
f 1720/266/1720 1721/267/1721 1728/274/1728 1727/273/1727
f 20/220/20 328/218/328 1680/226/1680 329/275/329
f 328/218/328 327/217/327 1681/227/1681 1680/226/1680
f 327/217/327 326/216/326 1682/230/1682 1681/227/1681
f 326/216/326 325/215/325 1683/232/1683 1682/230/1682
f 325/215/325 324/214/324 1684/234/1684 1683/232/1683
f 324/214/324 323/213/323 1685/236/1685 1684/234/1684
f 323/213/323 322/212/322 1686/238/1686 1685/236/1685
f 322/212/322 6/211/6 182/276/182 1686/238/1686
f 1686/238/1686 182/276/182 183/277/183 1693/239/1693
f 1693/239/1693 183/277/183 184/278/184 1700/246/1700
f 1700/246/1700 184/278/184 185/279/185 1707/253/1707
f 1707/253/1707 185/279/185 186/280/186 1714/260/1714
f 1714/260/1714 186/280/186 187/281/187 1721/267/1721
f 1721/267/1721 187/281/187 188/282/188 1728/274/1728
f 1728/274/1728 188/282/188 2/283/2 118/284/118
f 1727/273/1727 1728/274/1728 118/284/118 117/285/117
f 1726/272/1726 1727/273/1727 117/285/117 116/286/116
f 1725/271/1725 1726/272/1726 116/286/116 115/287/115
f 1724/270/1724 1725/271/1725 115/287/115 114/288/114
f 1723/268/1723 1724/270/1724 114/288/114 113/289/113
f 1722/269/1722 1723/268/1723 113/289/113 112/290/112
f 335/291/335 1722/269/1722 112/290/112 17/292/17
f 334/293/334 1715/262/1715 1722/269/1722 335/291/335
f 333/294/333 1708/255/1708 1715/262/1715 334/293/334
f 332/295/332 1701/248/1701 1708/255/1708 333/294/333
f 331/296/331 1694/241/1694 1701/248/1701 332/295/332
f 330/297/330 1687/229/1687 1694/241/1694 331/296/331
f 329/275/329 1680/226/1680 1687/229/1687 330/297/330
f 1729/298/1729 1730/299/1730 1737/300/1737 1736/301/1736
f 1730/299/1730 1731/302/1731 1738/303/1738 1737/300/1737
f 1731/302/1731 1732/304/1732 1739/305/1739 1738/303/1738
f 1732/304/1732 1733/306/1733 1740/307/1740 1739/305/1739
f 1733/306/1733 1734/308/1734 1741/309/1741 1740/307/1740
f 1734/308/1734 1735/310/1735 1742/311/1742 1741/309/1741
f 1736/301/1736 1737/300/1737 1744/312/1744 1743/313/1743
f 1737/300/1737 1738/303/1738 1745/314/1745 1744/312/1744
f 1738/303/1738 1739/305/1739 1746/315/1746 1745/314/1745
f 1739/305/1739 1740/307/1740 1747/316/1747 1746/315/1746
f 1740/307/1740 1741/309/1741 1748/317/1748 1747/316/1747
f 1741/309/1741 1742/311/1742 1749/318/1749 1748/317/1748
f 1743/313/1743 1744/312/1744 1751/319/1751 1750/320/1750
f 1744/312/1744 1745/314/1745 1752/321/1752 1751/319/1751
f 1745/314/1745 1746/315/1746 1753/322/1753 1752/321/1752
f 1746/315/1746 1747/316/1747 1754/323/1754 1753/322/1753
f 1747/316/1747 1748/317/1748 1755/324/1755 1754/323/1754
f 1748/317/1748 1749/318/1749 1756/325/1756 1755/324/1755
f 1750/320/1750 1751/319/1751 1758/326/1758 1757/327/1757
f 1751/319/1751 1752/321/1752 1759/328/1759 1758/326/1758
f 1752/321/1752 1753/322/1753 1760/329/1760 1759/328/1759
f 1753/322/1753 1754/323/1754 1761/330/1761 1760/329/1760
f 1754/323/1754 1755/324/1755 1762/331/1762 1761/330/1761
f 1755/324/1755 1756/325/1756 1763/332/1763 1762/331/1762
f 1757/327/1757 1758/326/1758 1765/333/1765 1764/334/1764
f 1758/326/1758 1759/328/1759 1766/335/1766 1765/333/1765
f 1759/328/1759 1760/329/1760 1767/336/1767 1766/335/1766
f 1760/329/1760 1761/330/1761 1768/337/1768 1767/336/1767
f 1761/330/1761 1762/331/1762 1769/338/1769 1768/337/1768
f 1762/331/1762 1763/332/1763 1770/339/1770 1769/338/1769
f 1764/334/1764 1765/333/1765 1772/340/1772 1771/341/1771
f 1765/333/1765 1766/335/1766 1773/342/1773 1772/340/1772
f 1766/335/1766 1767/336/1767 1774/343/1774 1773/342/1773
f 1767/336/1767 1768/337/1768 1775/344/1775 1774/343/1774
f 1768/337/1768 1769/338/1769 1776/345/1776 1775/344/1775
f 1769/338/1769 1770/339/1770 1777/346/1777 1776/345/1776
f 7/347/7 160/348/160 1729/298/1729 230/349/230
f 160/348/160 159/350/159 1730/299/1730 1729/298/1729
f 159/350/159 158/351/158 1731/302/1731 1730/299/1730
f 158/351/158 157/352/157 1732/304/1732 1731/302/1731
f 157/352/157 156/353/156 1733/306/1733 1732/304/1732
f 156/353/156 155/354/155 1734/308/1734 1733/306/1733
f 155/354/155 154/355/154 1735/310/1735 1734/308/1734
f 154/355/154 5/356/5 217/357/217 1735/310/1735
f 1735/310/1735 217/357/217 218/358/218 1742/311/1742
f 1742/311/1742 218/358/218 219/359/219 1749/318/1749
f 1749/318/1749 219/359/219 220/360/220 1756/325/1756
f 1756/325/1756 220/360/220 221/361/221 1763/332/1763
f 1763/332/1763 221/361/221 222/362/222 1770/339/1770
f 1770/339/1770 222/362/222 223/363/223 1777/346/1777
f 1777/346/1777 223/363/223 12/364/12 203/365/203
f 1776/345/1776 1777/346/1777 203/365/203 204/366/204
f 1775/344/1775 1776/345/1776 204/366/204 205/367/205
f 1774/343/1774 1775/344/1775 205/367/205 206/368/206
f 1773/342/1773 1774/343/1774 206/368/206 207/369/207
f 1772/340/1772 1773/342/1773 207/369/207 208/370/208
f 1771/341/1771 1772/340/1772 208/370/208 209/371/209
f 224/372/224 1771/341/1771 209/371/209 11/373/11
f 225/374/225 1764/334/1764 1771/341/1771 224/372/224
f 226/375/226 1757/327/1757 1764/334/1764 225/374/225
f 227/376/227 1750/320/1750 1757/327/1757 226/375/226
f 228/377/228 1743/313/1743 1750/320/1750 227/376/227
f 229/378/229 1736/301/1736 1743/313/1743 228/377/228
f 230/349/230 1729/298/1729 1736/301/1736 229/378/229
f 1778/379/1778 1779/380/1779 1786/381/1786 1785/382/1785
f 1779/380/1779 1780/383/1780 1787/384/1787 1786/381/1786
f 1780/383/1780 1781/385/1781 1788/386/1788 1787/384/1787
f 1781/385/1781 1782/387/1782 1789/388/1789 1788/386/1788
f 1782/387/1782 1783/389/1783 1790/390/1790 1789/388/1789
f 1783/389/1783 1784/391/1784 1791/392/1791 1790/390/1790
f 1785/382/1785 1786/381/1786 1793/393/1793 1792/394/1792
f 1786/381/1786 1787/384/1787 1794/395/1794 1793/393/1793
f 1787/384/1787 1788/386/1788 1795/396/1795 1794/395/1794
f 1788/386/1788 1789/388/1789 1796/397/1796 1795/396/1795
f 1789/388/1789 1790/390/1790 1797/398/1797 1796/397/1796
f 1790/390/1790 1791/392/1791 1798/399/1798 1797/398/1797
f 1792/394/1792 1793/393/1793 1800/400/1800 1799/401/1799
f 1793/393/1793 1794/395/1794 1801/402/1801 1800/400/1800
f 1794/395/1794 1795/396/1795 1802/403/1802 1801/402/1801
f 1795/396/1795 1796/397/1796 1803/404/1803 1802/403/1802
f 1796/397/1796 1797/398/1797 1804/405/1804 1803/404/1803
f 1797/398/1797 1798/399/1798 1805/406/1805 1804/405/1804
f 1799/401/1799 1800/400/1800 1807/407/1807 1806/408/1806
f 1800/400/1800 1801/402/1801 1808/409/1808 1807/407/1807
f 1801/402/1801 1802/403/1802 1809/410/1809 1808/409/1808
f 1802/403/1802 1803/404/1803 1810/411/1810 1809/410/1809
f 1803/404/1803 1804/405/1804 1811/412/1811 1810/411/1810
f 1804/405/1804 1805/406/1805 1812/413/1812 1811/412/1811
f 1806/408/1806 1807/407/1807 1814/414/1814 1813/415/1813
f 1807/407/1807 1808/409/1808 1815/416/1815 1814/414/1814
f 1808/409/1808 1809/410/1809 1816/417/1816 1815/416/1815
f 1809/410/1809 1810/411/1810 1817/418/1817 1816/417/1816
f 1810/411/1810 1811/412/1811 1818/419/1818 1817/418/1817
f 1811/412/1811 1812/413/1812 1819/420/1819 1818/419/1818
f 1813/415/1813 1814/414/1814 1821/421/1821 1820/422/1820
f 1814/414/1814 1815/416/1815 1822/423/1822 1821/421/1821
f 1815/416/1815 1816/417/1816 1823/424/1823 1822/423/1822
f 1816/417/1816 1817/418/1817 1824/425/1824 1823/424/1823
f 1817/418/1817 1818/419/1818 1825/426/1825 1824/425/1824
f 1818/419/1818 1819/420/1819 1826/427/1826 1825/426/1825
f 6/211/6 167/210/167 1778/379/1778 510/428/510
f 167/210/167 166/209/166 1779/380/1779 1778/379/1778
f 166/209/166 165/208/165 1780/383/1780 1779/380/1779
f 165/208/165 164/207/164 1781/385/1781 1780/383/1780
f 164/207/164 163/206/163 1782/387/1782 1781/385/1781
f 163/206/163 162/205/162 1783/389/1783 1782/387/1782
f 162/205/162 161/204/161 1784/391/1784 1783/389/1783
f 161/204/161 8/139/8 497/429/497 1784/391/1784
f 1784/391/1784 497/429/497 498/430/498 1791/392/1791
f 1791/392/1791 498/430/498 499/431/499 1798/399/1798
f 1798/399/1798 499/431/499 500/432/500 1805/406/1805
f 1805/406/1805 500/432/500 501/433/501 1812/413/1812
f 1812/413/1812 501/433/501 502/434/502 1819/420/1819
f 1819/420/1819 502/434/502 503/435/503 1826/427/1826
f 1826/427/1826 503/435/503 31/436/31 483/437/483
f 1825/426/1825 1826/427/1826 483/437/483 484/438/484
f 1824/425/1824 1825/426/1825 484/438/484 485/439/485
f 1823/424/1823 1824/425/1824 485/439/485 486/440/486
f 1822/423/1822 1823/424/1823 486/440/486 487/441/487
f 1821/421/1821 1822/423/1822 487/441/487 488/442/488
f 1820/422/1820 1821/421/1821 488/442/488 489/443/489
f 504/444/504 1820/422/1820 489/443/489 32/445/32
f 505/446/505 1813/415/1813 1820/422/1820 504/444/504
f 506/447/506 1806/408/1806 1813/415/1813 505/446/505
f 507/448/507 1799/401/1799 1806/408/1806 506/447/506
f 508/449/508 1792/394/1792 1799/401/1799 507/448/507
f 509/450/509 1785/382/1785 1792/394/1792 508/449/508
f 510/428/510 1778/379/1778 1785/382/1785 509/450/509
f 1827/451/1827 1828/452/1828 1835/453/1835 1834/454/1834
f 1828/452/1828 1829/455/1829 1836/456/1836 1835/453/1835
f 1829/455/1829 1830/457/1830 1837/458/1837 1836/456/1836
f 1830/457/1830 1831/459/1831 1838/460/1838 1837/458/1837
f 1831/459/1831 1832/461/1832 1839/462/1839 1838/460/1838
f 1832/461/1832 1833/463/1833 1840/464/1840 1839/462/1839
f 1834/454/1834 1835/453/1835 1842/465/1842 1841/466/1841
f 1835/453/1835 1836/456/1836 1843/467/1843 1842/465/1842
f 1836/456/1836 1837/458/1837 1844/468/1844 1843/467/1843
f 1837/458/1837 1838/460/1838 1845/469/1845 1844/468/1844
f 1838/460/1838 1839/462/1839 1846/470/1846 1845/469/1845
f 1839/462/1839 1840/464/1840 1847/471/1847 1846/470/1846
f 1841/466/1841 1842/465/1842 1849/472/1849 1848/473/1848
f 1842/465/1842 1843/467/1843 1850/474/1850 1849/472/1849
f 1843/467/1843 1844/468/1844 1851/475/1851 1850/474/1850
f 1844/468/1844 1845/469/1845 1852/476/1852 1851/475/1851
f 1845/469/1845 1846/470/1846 1853/477/1853 1852/476/1852
f 1846/470/1846 1847/471/1847 1854/478/1854 1853/477/1853
f 1848/473/1848 1849/472/1849 1856/479/1856 1855/480/1855
f 1849/472/1849 1850/474/1850 1857/481/1857 1856/479/1856
f 1850/474/1850 1851/475/1851 1858/482/1858 1857/481/1857
f 1851/475/1851 1852/476/1852 1859/483/1859 1858/482/1858
f 1852/476/1852 1853/477/1853 1860/484/1860 1859/483/1859
f 1853/477/1853 1854/478/1854 1861/485/1861 1860/484/1860
f 1855/480/1855 1856/479/1856 1863/486/1863 1862/487/1862
f 1856/479/1856 1857/481/1857 1864/488/1864 1863/486/1863
f 1857/481/1857 1858/482/1858 1865/489/1865 1864/488/1864
f 1858/482/1858 1859/483/1859 1866/490/1866 1865/489/1865
f 1859/483/1859 1860/484/1860 1867/491/1867 1866/490/1866
f 1860/484/1860 1861/485/1861 1868/492/1868 1867/491/1867
f 1862/487/1862 1863/486/1863 1870/493/1870 1869/494/1869
f 1863/486/1863 1864/488/1864 1871/495/1871 1870/493/1870
f 1864/488/1864 1865/489/1865 1872/496/1872 1871/495/1871
f 1865/489/1865 1866/490/1866 1873/497/1873 1872/496/1872
f 1866/490/1866 1867/491/1867 1874/498/1874 1873/497/1873
f 1867/491/1867 1868/492/1868 1875/499/1875 1874/498/1874
f 9/500/9 202/501/202 1827/451/1827 189/502/189
f 202/501/202 201/503/201 1828/452/1828 1827/451/1827
f 201/503/201 200/504/200 1829/455/1829 1828/452/1828
f 200/504/200 199/505/199 1830/457/1830 1829/455/1829
f 199/505/199 198/506/198 1831/459/1831 1830/457/1830
f 198/506/198 197/507/197 1832/461/1832 1831/459/1831
f 197/507/197 196/508/196 1833/463/1833 1832/461/1832
f 196/508/196 11/373/11 209/371/209 1833/463/1833
f 1833/463/1833 209/371/209 208/370/208 1840/464/1840
f 1840/464/1840 208/370/208 207/369/207 1847/471/1847
f 1847/471/1847 207/369/207 206/368/206 1854/478/1854
f 1854/478/1854 206/368/206 205/367/205 1861/485/1861
f 1861/485/1861 205/367/205 204/366/204 1868/492/1868
f 1868/492/1868 204/366/204 203/365/203 1875/499/1875
f 1875/499/1875 203/365/203 12/364/12 216/509/216
f 1874/498/1874 1875/499/1875 216/509/216 215/510/215
f 1873/497/1873 1874/498/1874 215/510/215 214/511/214
f 1872/496/1872 1873/497/1873 214/511/214 213/512/213
f 1871/495/1871 1872/496/1872 213/512/213 212/513/212
f 1870/493/1870 1871/495/1871 212/513/212 211/514/211
f 1869/494/1869 1870/493/1870 211/514/211 210/515/210
f 195/516/195 1869/494/1869 210/515/210 10/517/10
f 194/518/194 1862/487/1862 1869/494/1869 195/516/195
f 193/519/193 1855/480/1855 1862/487/1862 194/518/194
f 192/520/192 1848/473/1848 1855/480/1855 193/519/193
f 191/521/191 1841/466/1841 1848/473/1848 192/520/192
f 190/522/190 1834/454/1834 1841/466/1841 191/521/191
f 189/502/189 1827/451/1827 1834/454/1834 190/522/190
f 1876/523/1876 1877/524/1877 1884/525/1884 1883/526/1883
f 1877/524/1877 1878/527/1878 1885/528/1885 1884/525/1884
f 1878/527/1878 1879/529/1879 1886/530/1886 1885/528/1885
f 1879/529/1879 1880/531/1880 1887/532/1887 1886/530/1886
f 1880/531/1880 1881/533/1881 1888/534/1888 1887/532/1887
f 1881/533/1881 1882/535/1882 1889/536/1889 1888/534/1888
f 1883/526/1883 1884/525/1884 1891/537/1891 1890/538/1890
f 1884/525/1884 1885/528/1885 1892/539/1892 1891/537/1891
f 1885/528/1885 1886/530/1886 1893/540/1893 1892/539/1892
f 1886/530/1886 1887/532/1887 1894/541/1894 1893/540/1893
f 1887/532/1887 1888/534/1888 1895/542/1895 1894/541/1894
f 1888/534/1888 1889/536/1889 1896/543/1896 1895/542/1895
f 1890/538/1890 1891/537/1891 1898/544/1898 1897/545/1897
f 1891/537/1891 1892/539/1892 1899/546/1899 1898/544/1898
f 1892/539/1892 1893/540/1893 1900/547/1900 1899/546/1899
f 1893/540/1893 1894/541/1894 1901/548/1901 1900/547/1900
f 1894/541/1894 1895/542/1895 1902/549/1902 1901/548/1901
f 1895/542/1895 1896/543/1896 1903/550/1903 1902/549/1902
f 1897/545/1897 1898/544/1898 1905/551/1905 1904/552/1904
f 1898/544/1898 1899/546/1899 1906/553/1906 1905/551/1905
f 1899/546/1899 1900/547/1900 1907/554/1907 1906/553/1906
f 1900/547/1900 1901/548/1901 1908/555/1908 1907/554/1907
f 1901/548/1901 1902/549/1902 1909/556/1909 1908/555/1908
f 1902/549/1902 1903/550/1903 1910/557/1910 1909/556/1909
f 1904/552/1904 1905/551/1905 1912/558/1912 1911/559/1911
f 1905/551/1905 1906/553/1906 1913/560/1913 1912/558/1912
f 1906/553/1906 1907/554/1907 1914/561/1914 1913/560/1913
f 1907/554/1907 1908/555/1908 1915/562/1915 1914/561/1914
f 1908/555/1908 1909/556/1909 1916/563/1916 1915/562/1915
f 1909/556/1909 1910/557/1910 1917/564/1917 1916/563/1916
f 1911/559/1911 1912/558/1912 1919/565/1919 1918/566/1918
f 1912/558/1912 1913/560/1913 1920/567/1920 1919/565/1919
f 1913/560/1913 1914/561/1914 1921/568/1921 1920/567/1920
f 1914/561/1914 1915/562/1915 1922/569/1922 1921/568/1921
f 1915/562/1915 1916/563/1916 1923/570/1923 1922/569/1922
f 1916/563/1916 1917/564/1917 1924/571/1924 1923/570/1923
f 5/356/5 181/572/181 1876/523/1876 217/357/217
f 181/572/181 180/573/180 1877/524/1877 1876/523/1876
f 180/573/180 179/574/179 1878/527/1878 1877/524/1877
f 179/574/179 178/575/178 1879/529/1879 1878/527/1878
f 178/575/178 177/576/177 1880/531/1880 1879/529/1879
f 177/576/177 176/577/176 1881/533/1881 1880/531/1880
f 176/577/176 175/578/175 1882/535/1882 1881/533/1881
f 175/578/175 1/579/1 231/580/231 1882/535/1882
f 1882/535/1882 231/580/231 232/580/232 1889/536/1889
f 1889/536/1889 232/580/232 233/580/233 1896/543/1896
f 1896/543/1896 233/580/233 234/580/234 1903/550/1903
f 1903/550/1903 234/580/234 235/580/235 1910/557/1910
f 1910/557/1910 235/580/235 236/580/236 1917/564/1917
f 1917/564/1917 236/580/236 237/580/237 1924/571/1924
f 1924/571/1924 237/580/237 10/581/10 210/582/210
f 1923/570/1923 1924/571/1924 210/582/210 211/583/211
f 1922/569/1922 1923/570/1923 211/583/211 212/584/212
f 1921/568/1921 1922/569/1922 212/584/212 213/585/213
f 1920/567/1920 1921/568/1921 213/585/213 214/586/214
f 1919/565/1919 1920/567/1920 214/586/214 215/587/215
f 1918/566/1918 1919/565/1919 215/587/215 216/588/216
f 223/363/223 1918/566/1918 216/588/216 12/364/12
f 222/362/222 1911/559/1911 1918/566/1918 223/363/223
f 221/361/221 1904/552/1904 1911/559/1911 222/362/222
f 220/360/220 1897/545/1897 1904/552/1904 221/361/221
f 219/359/219 1890/538/1890 1897/545/1897 220/360/220
f 218/358/218 1883/526/1883 1890/538/1890 219/359/219
f 217/357/217 1876/523/1876 1883/526/1883 218/358/218
f 1925/589/1925 1926/590/1926 1933/591/1933 1932/592/1932
f 1926/590/1926 1927/593/1927 1934/594/1934 1933/591/1933
f 1927/593/1927 1928/595/1928 1935/596/1935 1934/594/1934
f 1928/595/1928 1929/597/1929 1936/598/1936 1935/596/1935
f 1929/597/1929 1930/599/1930 1937/600/1937 1936/598/1936
f 1930/599/1930 1931/601/1931 1938/602/1938 1937/600/1937
f 1932/592/1932 1933/591/1933 1940/603/1940 1939/604/1939
f 1933/591/1933 1934/594/1934 1941/605/1941 1940/603/1940
f 1934/594/1934 1935/596/1935 1942/606/1942 1941/605/1941
f 1935/596/1935 1936/598/1936 1943/607/1943 1942/606/1942
f 1936/598/1936 1937/600/1937 1944/608/1944 1943/607/1943
f 1937/600/1937 1938/602/1938 1945/609/1945 1944/608/1944
f 1939/604/1939 1940/603/1940 1947/610/1947 1946/611/1946
f 1940/603/1940 1941/605/1941 1948/612/1948 1947/610/1947
f 1941/605/1941 1942/606/1942 1949/613/1949 1948/612/1948
f 1942/606/1942 1943/607/1943 1950/614/1950 1949/613/1949
f 1943/607/1943 1944/608/1944 1951/615/1951 1950/614/1950
f 1944/608/1944 1945/609/1945 1952/616/1952 1951/615/1951
f 1946/611/1946 1947/610/1947 1954/617/1954 1953/618/1953
f 1947/610/1947 1948/612/1948 1955/619/1955 1954/617/1954
f 1948/612/1948 1949/613/1949 1956/620/1956 1955/619/1955
f 1949/613/1949 1950/614/1950 1957/621/1957 1956/620/1956
f 1950/614/1950 1951/615/1951 1958/622/1958 1957/621/1957
f 1951/615/1951 1952/616/1952 1959/623/1959 1958/622/1958
f 1953/618/1953 1954/617/1954 1961/624/1961 1960/625/1960
f 1954/617/1954 1955/619/1955 1962/626/1962 1961/624/1961
f 1955/619/1955 1956/620/1956 1963/627/1963 1962/626/1962
f 1956/620/1956 1957/621/1957 1964/628/1964 1963/627/1963
f 1957/621/1957 1958/622/1958 1965/629/1965 1964/628/1964
f 1958/622/1958 1959/623/1959 1966/630/1966 1965/629/1965
f 1960/625/1960 1961/624/1961 1968/631/1968 1967/632/1967
f 1961/624/1961 1962/626/1962 1969/633/1969 1968/631/1968
f 1962/626/1962 1963/627/1963 1970/634/1970 1969/633/1969
f 1963/627/1963 1964/628/1964 1971/635/1971 1970/634/1970
f 1964/628/1964 1965/629/1965 1972/636/1972 1971/635/1971
f 1965/629/1965 1966/630/1966 1973/637/1973 1972/636/1972
f 3/638/3 139/639/139 1925/589/1925 244/640/244
f 139/639/139 138/641/138 1926/590/1926 1925/589/1925
f 138/641/138 137/642/137 1927/593/1927 1926/590/1926
f 137/642/137 136/643/136 1928/595/1928 1927/593/1927
f 136/643/136 135/644/135 1929/597/1929 1928/595/1928
f 135/644/135 134/645/134 1930/599/1930 1929/597/1929
f 134/645/134 133/646/133 1931/601/1931 1930/599/1930
f 133/646/133 7/347/7 230/349/230 1931/601/1931
f 1931/601/1931 230/349/230 229/378/229 1938/602/1938
f 1938/602/1938 229/378/229 228/377/228 1945/609/1945
f 1945/609/1945 228/377/228 227/376/227 1952/616/1952
f 1952/616/1952 227/376/227 226/375/226 1959/623/1959
f 1959/623/1959 226/375/226 225/374/225 1966/630/1966
f 1966/630/1966 225/374/225 224/372/224 1973/637/1973
f 1973/637/1973 224/372/224 11/373/11 196/647/196
f 1972/636/1972 1973/637/1973 196/647/196 197/648/197
f 1971/635/1971 1972/636/1972 197/648/197 198/649/198
f 1970/634/1970 1971/635/1971 198/649/198 199/650/199
f 1969/633/1969 1970/634/1970 199/650/199 200/651/200
f 1968/631/1968 1969/633/1969 200/651/200 201/652/201
f 1967/632/1967 1968/631/1968 201/652/201 202/653/202
f 238/654/238 1967/632/1967 202/653/202 9/655/9
f 239/656/239 1960/625/1960 1967/632/1967 238/654/238
f 240/657/240 1953/618/1953 1960/625/1960 239/656/239
f 241/658/241 1946/611/1946 1953/618/1953 240/657/240
f 242/659/242 1939/604/1939 1946/611/1946 241/658/241
f 243/660/243 1932/592/1932 1939/604/1939 242/659/242
f 244/640/244 1925/589/1925 1932/592/1932 243/660/243
f 1974/661/1974 1975/662/1975 1982/663/1982 1981/664/1981
f 1975/662/1975 1976/665/1976 1983/666/1983 1982/663/1982
f 1976/665/1976 1977/667/1977 1984/668/1984 1983/666/1983
f 1977/667/1977 1978/669/1978 1985/670/1985 1984/668/1984
f 1978/669/1978 1979/671/1979 1986/672/1986 1985/670/1985
f 1979/671/1979 1980/673/1980 1987/674/1987 1986/672/1986
f 1981/664/1981 1982/663/1982 1989/675/1989 1988/676/1988
f 1982/663/1982 1983/666/1983 1990/677/1990 1989/675/1989
f 1983/666/1983 1984/668/1984 1991/678/1991 1990/677/1990
f 1984/668/1984 1985/670/1985 1992/679/1992 1991/678/1991
f 1985/670/1985 1986/672/1986 1993/680/1993 1992/679/1992
f 1986/672/1986 1987/674/1987 1994/681/1994 1993/680/1993
f 1988/676/1988 1989/675/1989 1996/682/1996 1995/683/1995
f 1989/675/1989 1990/677/1990 1997/684/1997 1996/682/1996
f 1990/677/1990 1991/678/1991 1998/685/1998 1997/684/1997
f 1991/678/1991 1992/679/1992 1999/686/1999 1998/685/1998
f 1992/679/1992 1993/680/1993 2000/687/2000 1999/686/1999
f 1993/680/1993 1994/681/1994 2001/688/2001 2000/687/2000
f 1995/683/1995 1996/682/1996 2003/689/2003 2002/690/2002
f 1996/682/1996 1997/684/1997 2004/691/2004 2003/689/2003
f 1997/684/1997 1998/685/1998 2005/692/2005 2004/691/2004
f 1998/685/1998 1999/686/1999 2006/693/2006 2005/692/2005
f 1999/686/1999 2000/687/2000 2007/694/2007 2006/693/2006
f 2000/687/2000 2001/688/2001 2008/695/2008 2007/694/2007
f 2002/690/2002 2003/689/2003 2010/696/2010 2009/697/2009
f 2003/689/2003 2004/691/2004 2011/698/2011 2010/696/2010
f 2004/691/2004 2005/692/2005 2012/699/2012 2011/698/2011
f 2005/692/2005 2006/693/2006 2013/700/2013 2012/699/2012
f 2006/693/2006 2007/694/2007 2014/701/2014 2013/700/2013
f 2007/694/2007 2008/695/2008 2015/702/2015 2014/701/2014
f 2009/697/2009 2010/696/2010 2017/703/2017 2016/704/2016
f 2010/696/2010 2011/698/2011 2018/705/2018 2017/703/2017
f 2011/698/2011 2012/699/2012 2019/706/2019 2018/705/2018
f 2012/699/2012 2013/700/2013 2020/707/2020 2019/706/2019
f 2013/700/2013 2014/701/2014 2021/708/2021 2020/707/2020
f 2014/701/2014 2015/702/2015 2022/709/2022 2021/708/2021
f 1/710/1 111/711/111 1974/661/1974 231/712/231
f 111/711/111 110/713/110 1975/662/1975 1974/661/1974
f 110/713/110 109/714/109 1976/665/1976 1975/662/1975
f 109/714/109 108/715/108 1977/667/1977 1976/665/1976
f 108/715/108 107/716/107 1978/669/1978 1977/667/1977
f 107/716/107 106/717/106 1979/671/1979 1978/669/1978
f 106/717/106 105/718/105 1980/673/1980 1979/671/1979
f 105/718/105 3/638/3 244/640/244 1980/673/1980
f 1980/673/1980 244/640/244 243/660/243 1987/674/1987
f 1987/674/1987 243/660/243 242/659/242 1994/681/1994
f 1994/681/1994 242/659/242 241/658/241 2001/688/2001
f 2001/688/2001 241/658/241 240/657/240 2008/695/2008
f 2008/695/2008 240/657/240 239/656/239 2015/702/2015
f 2015/702/2015 239/656/239 238/654/238 2022/709/2022
f 2022/709/2022 238/654/238 9/655/9 189/719/189
f 2021/708/2021 2022/709/2022 189/719/189 190/720/190
f 2020/707/2020 2021/708/2021 190/720/190 191/721/191
f 2019/706/2019 2020/707/2020 191/721/191 192/722/192
f 2018/705/2018 2019/706/2019 192/722/192 193/723/193
f 2017/703/2017 2018/705/2018 193/723/193 194/724/194
f 2016/704/2016 2017/703/2017 194/724/194 195/725/195
f 237/712/237 2016/704/2016 195/725/195 10/726/10
f 236/712/236 2009/697/2009 2016/704/2016 237/712/237
f 235/712/235 2002/690/2002 2009/697/2009 236/712/236
f 234/712/234 1995/683/1995 2002/690/2002 235/712/235
f 233/712/233 1988/676/1988 1995/683/1995 234/712/234
f 232/712/232 1981/664/1981 1988/676/1988 233/712/233
f 231/712/231 1974/661/1974 1981/664/1981 232/712/232
f 2023/727/2023 2024/728/2024 2031/729/2031 2030/730/2030
f 2024/728/2024 2025/731/2025 2032/732/2032 2031/729/2031
f 2025/731/2025 2026/733/2026 2033/734/2033 2032/732/2032
f 2026/733/2026 2027/735/2027 2034/736/2034 2033/734/2033
f 2027/735/2027 2028/737/2028 2035/738/2035 2034/736/2034
f 2028/737/2028 2029/739/2029 2036/740/2036 2035/738/2035
f 2030/730/2030 2031/729/2031 2038/741/2038 2037/742/2037
f 2031/729/2031 2032/732/2032 2039/743/2039 2038/741/2038
f 2032/732/2032 2033/734/2033 2040/744/2040 2039/743/2039
f 2033/734/2033 2034/736/2034 2041/745/2041 2040/744/2040
f 2034/736/2034 2035/738/2035 2042/746/2042 2041/745/2041
f 2035/738/2035 2036/740/2036 2043/747/2043 2042/746/2042
f 2037/742/2037 2038/741/2038 2045/748/2045 2044/749/2044
f 2038/741/2038 2039/743/2039 2046/750/2046 2045/748/2045
f 2039/743/2039 2040/744/2040 2047/751/2047 2046/750/2046
f 2040/744/2040 2041/745/2041 2048/752/2048 2047/751/2047
f 2041/745/2041 2042/746/2042 2049/753/2049 2048/752/2048
f 2042/746/2042 2043/747/2043 2050/754/2050 2049/753/2049
f 2044/749/2044 2045/748/2045 2052/755/2052 2051/756/2051
f 2045/748/2045 2046/750/2046 2053/757/2053 2052/755/2052
f 2046/750/2046 2047/751/2047 2054/758/2054 2053/757/2053
f 2047/751/2047 2048/752/2048 2055/759/2055 2054/758/2054
f 2048/752/2048 2049/753/2049 2056/760/2056 2055/759/2055
f 2049/753/2049 2050/754/2050 2057/761/2057 2056/760/2056
f 2051/756/2051 2052/755/2052 2059/762/2059 2058/763/2058
f 2052/755/2052 2053/757/2053 2060/764/2060 2059/762/2059
f 2053/757/2053 2054/758/2054 2061/765/2061 2060/764/2060
f 2054/758/2054 2055/759/2055 2062/766/2062 2061/765/2061
f 2055/759/2055 2056/760/2056 2063/767/2063 2062/766/2062
f 2056/760/2056 2057/761/2057 2064/768/2064 2063/767/2063
f 2058/763/2058 2059/762/2059 2066/769/2066 2065/770/2065
f 2059/762/2059 2060/764/2060 2067/771/2067 2066/769/2066
f 2060/764/2060 2061/765/2061 2068/772/2068 2067/771/2067
f 2061/765/2061 2062/766/2062 2069/773/2069 2068/772/2068
f 2062/766/2062 2063/767/2063 2070/774/2070 2069/773/2069
f 2063/767/2063 2064/768/2064 2071/775/2071 2070/774/2070
f 28/776/28 440/777/440 2023/727/2023 462/778/462
f 440/777/440 439/779/439 2024/728/2024 2023/727/2023
f 439/779/439 438/780/438 2025/731/2025 2024/728/2024
f 438/780/438 437/781/437 2026/733/2026 2025/731/2025
f 437/781/437 436/782/436 2027/735/2027 2026/733/2026
f 436/782/436 435/783/435 2028/737/2028 2027/735/2027
f 435/783/435 434/784/434 2029/739/2029 2028/737/2028
f 434/784/434 16/785/16 273/786/273 2029/739/2029
f 2029/739/2029 273/786/273 274/787/274 2036/740/2036
f 2036/740/2036 274/787/274 275/788/275 2043/747/2043
f 2043/747/2043 275/788/275 276/789/276 2050/754/2050
f 2050/754/2050 276/789/276 277/790/277 2057/761/2057
f 2057/761/2057 277/790/277 278/791/278 2064/768/2064
f 2064/768/2064 278/791/278 279/792/279 2071/775/2071
f 2071/775/2071 279/792/279 13/793/13 251/794/251
f 2070/774/2070 2071/775/2071 251/794/251 250/795/250
f 2069/773/2069 2070/774/2070 250/795/250 249/796/249
f 2068/772/2068 2069/773/2069 249/796/249 248/797/248
f 2067/771/2067 2068/772/2068 248/797/248 247/798/247
f 2066/769/2066 2067/771/2067 247/798/247 246/799/246
f 2065/770/2065 2066/769/2066 246/799/246 245/800/245
f 468/801/468 2065/770/2065 245/800/245 25/802/25
f 467/803/467 2058/763/2058 2065/770/2065 468/801/468
f 466/804/466 2051/756/2051 2058/763/2058 467/803/467
f 465/805/465 2044/749/2044 2051/756/2051 466/804/466
f 464/806/464 2037/742/2037 2044/749/2044 465/805/465
f 463/807/463 2030/730/2030 2037/742/2037 464/806/464
f 462/778/462 2023/727/2023 2030/730/2030 463/807/463
f 2072/808/2072 2073/809/2073 2080/810/2080 2079/811/2079
f 2073/809/2073 2074/812/2074 2081/813/2081 2080/810/2080
f 2074/812/2074 2075/814/2075 2082/815/2082 2081/813/2081
f 2075/814/2075 2076/816/2076 2083/817/2083 2082/815/2082
f 2076/816/2076 2077/818/2077 2084/819/2084 2083/817/2083
f 2077/818/2077 2078/820/2078 2085/821/2085 2084/819/2084
f 2079/811/2079 2080/810/2080 2087/822/2087 2086/823/2086
f 2080/810/2080 2081/813/2081 2088/824/2088 2087/822/2087
f 2081/813/2081 2082/815/2082 2089/825/2089 2088/824/2088
f 2082/815/2082 2083/817/2083 2090/826/2090 2089/825/2089
f 2083/817/2083 2084/819/2084 2091/827/2091 2090/826/2090
f 2084/819/2084 2085/821/2085 2092/828/2092 2091/827/2091
f 2086/823/2086 2087/822/2087 2094/829/2094 2093/830/2093
f 2087/822/2087 2088/824/2088 2095/831/2095 2094/829/2094
f 2088/824/2088 2089/825/2089 2096/832/2096 2095/831/2095
f 2089/825/2089 2090/826/2090 2097/833/2097 2096/832/2096
f 2090/826/2090 2091/827/2091 2098/834/2098 2097/833/2097
f 2091/827/2091 2092/828/2092 2099/835/2099 2098/834/2098
f 2093/830/2093 2094/829/2094 2101/836/2101 2100/837/2100
f 2094/829/2094 2095/831/2095 2102/838/2102 2101/836/2101
f 2095/831/2095 2096/832/2096 2103/839/2103 2102/838/2102
f 2096/832/2096 2097/833/2097 2104/840/2104 2103/839/2103
f 2097/833/2097 2098/834/2098 2105/841/2105 2104/840/2104
f 2098/834/2098 2099/835/2099 2106/842/2106 2105/841/2105
f 2100/837/2100 2101/836/2101 2108/843/2108 2107/844/2107
f 2101/836/2101 2102/838/2102 2109/845/2109 2108/843/2108
f 2102/838/2102 2103/839/2103 2110/846/2110 2109/845/2109
f 2103/839/2103 2104/840/2104 2111/847/2111 2110/846/2110
f 2104/840/2104 2105/841/2105 2112/848/2112 2111/847/2111
f 2105/841/2105 2106/842/2106 2113/849/2113 2112/848/2112
f 2107/844/2107 2108/843/2108 2115/850/2115 2114/851/2114
f 2108/843/2108 2109/845/2109 2116/852/2116 2115/850/2115
f 2109/845/2109 2110/846/2110 2117/853/2117 2116/852/2116
f 2110/846/2110 2111/847/2111 2118/854/2118 2117/853/2117
f 2111/847/2111 2112/848/2112 2119/855/2119 2118/854/2118
f 2112/848/2112 2113/849/2113 2120/856/2120 2119/855/2119
f 27/857/27 433/858/433 2072/808/2072 455/859/455
f 433/858/433 432/860/432 2073/809/2073 2072/808/2072
f 432/860/432 431/861/431 2074/812/2074 2073/809/2073
f 431/861/431 430/862/430 2075/814/2075 2074/812/2074
f 430/862/430 429/863/429 2076/816/2076 2075/814/2075
f 429/863/429 428/864/428 2077/818/2077 2076/816/2076
f 428/864/428 427/865/427 2078/820/2078 2077/818/2077
f 427/865/427 15/866/15 280/867/280 2078/820/2078
f 2078/820/2078 280/867/280 281/868/281 2085/821/2085
f 2085/821/2085 281/868/281 282/869/282 2092/828/2092
f 2092/828/2092 282/869/282 283/870/283 2099/835/2099
f 2099/835/2099 283/870/283 284/871/284 2106/842/2106
f 2106/842/2106 284/871/284 285/872/285 2113/849/2113
f 2113/849/2113 285/872/285 286/873/286 2120/856/2120
f 2120/856/2120 286/873/286 16/785/16 434/784/434
f 2119/855/2119 2120/856/2120 434/784/434 435/783/435
f 2118/854/2118 2119/855/2119 435/783/435 436/782/436
f 2117/853/2117 2118/854/2118 436/782/436 437/781/437
f 2116/852/2116 2117/853/2117 437/781/437 438/780/438
f 2115/850/2115 2116/852/2116 438/780/438 439/779/439
f 2114/851/2114 2115/850/2115 439/779/439 440/777/440
f 461/874/461 2114/851/2114 440/777/440 28/776/28
f 460/875/460 2107/844/2107 2114/851/2114 461/874/461
f 459/876/459 2100/837/2100 2107/844/2107 460/875/460
f 458/877/458 2093/830/2093 2100/837/2100 459/876/459
f 457/878/457 2086/823/2086 2093/830/2093 458/877/458
f 456/879/456 2079/811/2079 2086/823/2086 457/878/457
f 455/859/455 2072/808/2072 2079/811/2079 456/879/456
f 2121/880/2121 2122/881/2122 2129/882/2129 2128/883/2128
f 2122/881/2122 2123/884/2123 2130/885/2130 2129/882/2129
f 2123/884/2123 2124/886/2124 2131/887/2131 2130/885/2130
f 2124/886/2124 2125/888/2125 2132/889/2132 2131/887/2131
f 2125/888/2125 2126/890/2126 2133/891/2133 2132/889/2132
f 2126/890/2126 2127/892/2127 2134/893/2134 2133/891/2133
f 2128/883/2128 2129/882/2129 2136/894/2136 2135/895/2135
f 2129/882/2129 2130/885/2130 2137/896/2137 2136/894/2136
f 2130/885/2130 2131/887/2131 2138/897/2138 2137/896/2137
f 2131/887/2131 2132/889/2132 2139/898/2139 2138/897/2138
f 2132/889/2132 2133/891/2133 2140/899/2140 2139/898/2139
f 2133/891/2133 2134/893/2134 2141/900/2141 2140/899/2140
f 2135/895/2135 2136/894/2136 2143/901/2143 2142/902/2142
f 2136/894/2136 2137/896/2137 2144/903/2144 2143/901/2143
f 2137/896/2137 2138/897/2138 2145/904/2145 2144/903/2144
f 2138/897/2138 2139/898/2139 2146/905/2146 2145/904/2145
f 2139/898/2139 2140/899/2140 2147/906/2147 2146/905/2146
f 2140/899/2140 2141/900/2141 2148/907/2148 2147/906/2147
f 2142/902/2142 2143/901/2143 2150/908/2150 2149/909/2149
f 2143/901/2143 2144/903/2144 2151/910/2151 2150/908/2150
f 2144/903/2144 2145/904/2145 2152/911/2152 2151/910/2151
f 2145/904/2145 2146/905/2146 2153/912/2153 2152/911/2152
f 2146/905/2146 2147/906/2147 2154/913/2154 2153/912/2153
f 2147/906/2147 2148/907/2148 2155/914/2155 2154/913/2154
f 2149/909/2149 2150/908/2150 2157/915/2157 2156/916/2156
f 2150/908/2150 2151/910/2151 2158/917/2158 2157/915/2157
f 2151/910/2151 2152/911/2152 2159/918/2159 2158/917/2158
f 2152/911/2152 2153/912/2153 2160/919/2160 2159/918/2159
f 2153/912/2153 2154/913/2154 2161/920/2161 2160/919/2160
f 2154/913/2154 2155/914/2155 2162/921/2162 2161/920/2161
f 2156/916/2156 2157/915/2157 2164/922/2164 2163/923/2163
f 2157/915/2157 2158/917/2158 2165/924/2165 2164/922/2164
f 2158/917/2158 2159/918/2159 2166/925/2166 2165/924/2165
f 2159/918/2159 2160/919/2160 2167/926/2167 2166/925/2166
f 2160/919/2160 2161/920/2161 2168/927/2168 2167/926/2167
f 2161/920/2161 2162/921/2162 2169/928/2169 2168/927/2168
f 26/929/26 426/930/426 2121/880/2121 448/931/448
f 426/930/426 425/932/425 2122/881/2122 2121/880/2121
f 425/932/425 424/933/424 2123/884/2123 2122/881/2122
f 424/933/424 423/934/423 2124/886/2124 2123/884/2123
f 423/934/423 422/935/422 2125/888/2125 2124/886/2124
f 422/935/422 421/936/421 2126/890/2126 2125/888/2125
f 421/936/421 420/937/420 2127/892/2127 2126/890/2126
f 420/937/420 14/938/14 287/939/287 2127/892/2127
f 2127/892/2127 287/939/287 288/940/288 2134/893/2134
f 2134/893/2134 288/940/288 289/941/289 2141/900/2141
f 2141/900/2141 289/941/289 290/942/290 2148/907/2148
f 2148/907/2148 290/942/290 291/943/291 2155/914/2155
f 2155/914/2155 291/943/291 292/944/292 2162/921/2162
f 2162/921/2162 292/944/292 293/945/293 2169/928/2169
f 2169/928/2169 293/945/293 15/866/15 427/865/427
f 2168/927/2168 2169/928/2169 427/865/427 428/864/428
f 2167/926/2167 2168/927/2168 428/864/428 429/863/429
f 2166/925/2166 2167/926/2167 429/863/429 430/862/430
f 2165/924/2165 2166/925/2166 430/862/430 431/861/431
f 2164/922/2164 2165/924/2165 431/861/431 432/860/432
f 2163/923/2163 2164/922/2164 432/860/432 433/858/433
f 454/946/454 2163/923/2163 433/858/433 27/857/27
f 453/947/453 2156/916/2156 2163/923/2163 454/946/454
f 452/948/452 2149/909/2149 2156/916/2156 453/947/453
f 451/949/451 2142/902/2142 2149/909/2149 452/948/452
f 450/950/450 2135/895/2135 2142/902/2142 451/949/451
f 449/951/449 2128/883/2128 2135/895/2135 450/950/450
f 448/931/448 2121/880/2121 2128/883/2128 449/951/449
f 2170/952/2170 2171/953/2171 2178/954/2178 2177/955/2177
f 2171/953/2171 2172/956/2172 2179/957/2179 2178/954/2178
f 2172/956/2172 2173/958/2173 2180/959/2180 2179/957/2179
f 2173/958/2173 2174/960/2174 2181/961/2181 2180/959/2180
f 2174/960/2174 2175/962/2175 2182/963/2182 2181/961/2181
f 2175/962/2175 2176/964/2176 2183/965/2183 2182/963/2182
f 2177/955/2177 2178/954/2178 2185/966/2185 2184/967/2184
f 2178/954/2178 2179/957/2179 2186/968/2186 2185/966/2185
f 2179/957/2179 2180/959/2180 2187/969/2187 2186/968/2186
f 2180/959/2180 2181/961/2181 2188/970/2188 2187/969/2187
f 2181/961/2181 2182/963/2182 2189/971/2189 2188/970/2188
f 2182/963/2182 2183/965/2183 2190/972/2190 2189/971/2189
f 2184/967/2184 2185/966/2185 2192/973/2192 2191/974/2191
f 2185/966/2185 2186/968/2186 2193/975/2193 2192/973/2192
f 2186/968/2186 2187/969/2187 2194/976/2194 2193/975/2193
f 2187/969/2187 2188/970/2188 2195/977/2195 2194/976/2194
f 2188/970/2188 2189/971/2189 2196/978/2196 2195/977/2195
f 2189/971/2189 2190/972/2190 2197/979/2197 2196/978/2196
f 2191/974/2191 2192/973/2192 2199/980/2199 2198/981/2198
f 2192/973/2192 2193/975/2193 2200/982/2200 2199/980/2199
f 2193/975/2193 2194/976/2194 2201/983/2201 2200/982/2200
f 2194/976/2194 2195/977/2195 2202/984/2202 2201/983/2201
f 2195/977/2195 2196/978/2196 2203/985/2203 2202/984/2202
f 2196/978/2196 2197/979/2197 2204/986/2204 2203/985/2203
f 2198/981/2198 2199/980/2199 2206/987/2206 2205/988/2205
f 2199/980/2199 2200/982/2200 2207/989/2207 2206/987/2206
f 2200/982/2200 2201/983/2201 2208/990/2208 2207/989/2207
f 2201/983/2201 2202/984/2202 2209/991/2209 2208/990/2208
f 2202/984/2202 2203/985/2203 2210/992/2210 2209/991/2209
f 2203/985/2203 2204/986/2204 2211/993/2211 2210/992/2210
f 2205/988/2205 2206/987/2206 2213/994/2213 2212/995/2212
f 2206/987/2206 2207/989/2207 2214/996/2214 2213/994/2213
f 2207/989/2207 2208/990/2208 2215/997/2215 2214/996/2214
f 2208/990/2208 2209/991/2209 2216/998/2216 2215/997/2215
f 2209/991/2209 2210/992/2210 2217/999/2217 2216/998/2216
f 2210/992/2210 2211/993/2211 2218/1000/2218 2217/999/2217
f 25/1001/25 245/1002/245 2170/952/2170 441/1003/441
f 245/1002/245 246/1004/246 2171/953/2171 2170/952/2170
f 246/1004/246 247/1005/247 2172/956/2172 2171/953/2171
f 247/1005/247 248/1006/248 2173/958/2173 2172/956/2172
f 248/1006/248 249/1007/249 2174/960/2174 2173/958/2173
f 249/1007/249 250/1008/250 2175/962/2175 2174/960/2174
f 250/1008/250 251/1009/251 2176/964/2176 2175/962/2175
f 251/1009/251 13/1010/13 294/1011/294 2176/964/2176
f 2176/964/2176 294/1011/294 295/1012/295 2183/965/2183
f 2183/965/2183 295/1012/295 296/1013/296 2190/972/2190
f 2190/972/2190 296/1013/296 297/1014/297 2197/979/2197
f 2197/979/2197 297/1014/297 298/1015/298 2204/986/2204
f 2204/986/2204 298/1015/298 299/1016/299 2211/993/2211
f 2211/993/2211 299/1016/299 300/1017/300 2218/1000/2218
f 2218/1000/2218 300/1017/300 14/938/14 420/937/420
f 2217/999/2217 2218/1000/2218 420/937/420 421/936/421
f 2216/998/2216 2217/999/2217 421/936/421 422/935/422
f 2215/997/2215 2216/998/2216 422/935/422 423/934/423
f 2214/996/2214 2215/997/2215 423/934/423 424/933/424
f 2213/994/2213 2214/996/2214 424/933/424 425/932/425
f 2212/995/2212 2213/994/2213 425/932/425 426/930/426
f 447/1018/447 2212/995/2212 426/930/426 26/929/26
f 446/1019/446 2205/988/2205 2212/995/2212 447/1018/447
f 445/1020/445 2198/981/2198 2205/988/2205 446/1019/446
f 444/1021/444 2191/974/2191 2198/981/2198 445/1020/445
f 443/1022/443 2184/967/2184 2191/974/2191 444/1021/444
f 442/1023/442 2177/955/2177 2184/967/2184 443/1022/443
f 441/1003/441 2170/952/2170 2177/955/2177 442/1023/442
f 2219/1024/2219 2220/1025/2220 2227/1026/2227 2226/1027/2226
f 2220/1025/2220 2221/1028/2221 2228/1029/2228 2227/1026/2227
f 2221/1028/2221 2222/1030/2222 2229/1031/2229 2228/1029/2228
f 2222/1030/2222 2223/1032/2223 2230/1033/2230 2229/1031/2229
f 2223/1032/2223 2224/1034/2224 2231/1035/2231 2230/1033/2230
f 2224/1034/2224 2225/1036/2225 2232/1037/2232 2231/1035/2231
f 2226/1027/2226 2227/1026/2227 2234/1038/2234 2233/1039/2233
f 2227/1026/2227 2228/1029/2228 2235/1040/2235 2234/1038/2234
f 2228/1029/2228 2229/1031/2229 2236/1041/2236 2235/1040/2235
f 2229/1031/2229 2230/1033/2230 2237/1042/2237 2236/1041/2236
f 2230/1033/2230 2231/1035/2231 2238/1043/2238 2237/1042/2237
f 2231/1035/2231 2232/1037/2232 2239/1044/2239 2238/1043/2238
f 2233/1039/2233 2234/1038/2234 2241/1045/2241 2240/1046/2240
f 2234/1038/2234 2235/1040/2235 2242/1047/2242 2241/1045/2241
f 2235/1040/2235 2236/1041/2236 2243/1048/2243 2242/1047/2242
f 2236/1041/2236 2237/1042/2237 2244/1049/2244 2243/1048/2243
f 2237/1042/2237 2238/1043/2238 2245/1050/2245 2244/1049/2244
f 2238/1043/2238 2239/1044/2239 2246/1051/2246 2245/1050/2245
f 2240/1046/2240 2241/1045/2241 2248/1052/2248 2247/1053/2247
f 2241/1045/2241 2242/1047/2242 2249/1054/2249 2248/1052/2248
f 2242/1047/2242 2243/1048/2243 2250/1055/2250 2249/1054/2249
f 2243/1048/2243 2244/1049/2244 2251/1056/2251 2250/1055/2250
f 2244/1049/2244 2245/1050/2245 2252/1057/2252 2251/1056/2251
f 2245/1050/2245 2246/1051/2246 2253/1058/2253 2252/1057/2252
f 2247/1053/2247 2248/1052/2248 2255/1059/2255 2254/1060/2254
f 2248/1052/2248 2249/1054/2249 2256/1061/2256 2255/1059/2255
f 2249/1054/2249 2250/1055/2250 2257/1062/2257 2256/1061/2256
f 2250/1055/2250 2251/1056/2251 2258/1063/2258 2257/1062/2257
f 2251/1056/2251 2252/1057/2252 2259/1064/2259 2258/1063/2258
f 2252/1057/2252 2253/1058/2253 2260/1065/2260 2259/1064/2259
f 2254/1060/2254 2255/1059/2255 2262/1066/2262 2261/1067/2261
f 2255/1059/2255 2256/1061/2256 2263/1068/2263 2262/1066/2262
f 2256/1061/2256 2257/1062/2257 2264/1069/2264 2263/1068/2263
f 2257/1062/2257 2258/1063/2258 2265/1070/2265 2264/1069/2264
f 2258/1063/2258 2259/1064/2259 2266/1071/2266 2265/1070/2265
f 2259/1064/2259 2260/1065/2260 2267/1072/2267 2266/1071/2266
f 16/785/16 272/1073/272 2219/1024/2219 273/786/273
f 272/1073/272 271/1074/271 2220/1025/2220 2219/1024/2219
f 271/1074/271 270/1075/270 2221/1028/2221 2220/1025/2220
f 270/1075/270 269/1076/269 2222/1030/2222 2221/1028/2221
f 269/1076/269 268/1077/268 2223/1032/2223 2222/1030/2222
f 268/1077/268 267/1078/267 2224/1034/2224 2223/1032/2223
f 267/1078/267 266/1079/266 2225/1036/2225 2224/1034/2224
f 266/1079/266 20/220/20 329/275/329 2225/1036/2225
f 2225/1036/2225 329/275/329 330/297/330 2232/1037/2232
f 2232/1037/2232 330/297/330 331/296/331 2239/1044/2239
f 2239/1044/2239 331/296/331 332/295/332 2246/1051/2246
f 2246/1051/2246 332/295/332 333/294/333 2253/1058/2253
f 2253/1058/2253 333/294/333 334/293/334 2260/1065/2260
f 2260/1065/2260 334/293/334 335/291/335 2267/1072/2267
f 2267/1072/2267 335/291/335 17/292/17 307/1080/307
f 2266/1071/2266 2267/1072/2267 307/1080/307 306/1081/306
f 2265/1070/2265 2266/1071/2266 306/1081/306 305/1082/305
f 2264/1069/2264 2265/1070/2265 305/1082/305 304/1083/304
f 2263/1068/2263 2264/1069/2264 304/1083/304 303/1084/303
f 2262/1066/2262 2263/1068/2263 303/1084/303 302/1085/302
f 2261/1067/2261 2262/1066/2262 302/1085/302 301/1086/301
f 279/792/279 2261/1067/2261 301/1086/301 13/793/13
f 278/791/278 2254/1060/2254 2261/1067/2261 279/792/279
f 277/790/277 2247/1053/2247 2254/1060/2254 278/791/278
f 276/789/276 2240/1046/2240 2247/1053/2247 277/790/277
f 275/788/275 2233/1039/2233 2240/1046/2240 276/789/276
f 274/787/274 2226/1027/2226 2233/1039/2233 275/788/275
f 273/786/273 2219/1024/2219 2226/1027/2226 274/787/274
f 2268/1087/2268 2269/1088/2269 2276/1089/2276 2275/1090/2275
f 2269/1088/2269 2270/1091/2270 2277/1092/2277 2276/1089/2276
f 2270/1091/2270 2271/1093/2271 2278/1094/2278 2277/1092/2277
f 2271/1093/2271 2272/1095/2272 2279/1096/2279 2278/1094/2278
f 2272/1095/2272 2273/1097/2273 2280/1098/2280 2279/1096/2279
f 2273/1097/2273 2274/1099/2274 2281/1100/2281 2280/1098/2280
f 2275/1090/2275 2276/1089/2276 2283/1101/2283 2282/1102/2282
f 2276/1089/2276 2277/1092/2277 2284/1103/2284 2283/1101/2283
f 2277/1092/2277 2278/1094/2278 2285/1104/2285 2284/1103/2284
f 2278/1094/2278 2279/1096/2279 2286/1105/2286 2285/1104/2285
f 2279/1096/2279 2280/1098/2280 2287/1106/2287 2286/1105/2286
f 2280/1098/2280 2281/1100/2281 2288/1107/2288 2287/1106/2287
f 2282/1102/2282 2283/1101/2283 2290/1108/2290 2289/1109/2289
f 2283/1101/2283 2284/1103/2284 2291/1110/2291 2290/1108/2290
f 2284/1103/2284 2285/1104/2285 2292/1111/2292 2291/1110/2291
f 2285/1104/2285 2286/1105/2286 2293/1112/2293 2292/1111/2292
f 2286/1105/2286 2287/1106/2287 2294/1113/2294 2293/1112/2293
f 2287/1106/2287 2288/1107/2288 2295/1114/2295 2294/1113/2294
f 2289/1109/2289 2290/1108/2290 2297/1115/2297 2296/1116/2296
f 2290/1108/2290 2291/1110/2291 2298/1117/2298 2297/1115/2297
f 2291/1110/2291 2292/1111/2292 2299/1118/2299 2298/1117/2298
f 2292/1111/2292 2293/1112/2293 2300/1119/2300 2299/1118/2299
f 2293/1112/2293 2294/1113/2294 2301/1120/2301 2300/1119/2300
f 2294/1113/2294 2295/1114/2295 2302/1121/2302 2301/1120/2301
f 2296/1116/2296 2297/1115/2297 2304/1122/2304 2303/1123/2303
f 2297/1115/2297 2298/1117/2298 2305/1124/2305 2304/1122/2304
f 2298/1117/2298 2299/1118/2299 2306/1125/2306 2305/1124/2305
f 2299/1118/2299 2300/1119/2300 2307/1126/2307 2306/1125/2306
f 2300/1119/2300 2301/1120/2301 2308/1127/2308 2307/1126/2307
f 2301/1120/2301 2302/1121/2302 2309/1128/2309 2308/1127/2308
f 2303/1123/2303 2304/1122/2304 2311/1129/2311 2310/1130/2310
f 2304/1122/2304 2305/1124/2305 2312/1131/2312 2311/1129/2311
f 2305/1124/2305 2306/1125/2306 2313/1132/2313 2312/1131/2312
f 2306/1125/2306 2307/1126/2307 2314/1133/2314 2313/1132/2313
f 2307/1126/2307 2308/1127/2308 2315/1134/2315 2314/1133/2314
f 2308/1127/2308 2309/1128/2309 2316/1135/2316 2315/1134/2315
f 15/866/15 265/1136/265 2268/1087/2268 280/867/280
f 265/1136/265 264/1137/264 2269/1088/2269 2268/1087/2268
f 264/1137/264 263/1138/263 2270/1091/2270 2269/1088/2269
f 263/1138/263 262/1139/262 2271/1093/2271 2270/1091/2270
f 262/1139/262 261/1140/261 2272/1095/2272 2271/1093/2271
f 261/1140/261 260/1141/260 2273/1097/2273 2272/1095/2272
f 260/1141/260 259/1142/259 2274/1099/2274 2273/1097/2273
f 259/1142/259 19/148/19 336/203/336 2274/1099/2274
f 2274/1099/2274 336/203/336 337/225/337 2281/1100/2281
f 2281/1100/2281 337/225/337 338/224/338 2288/1107/2288
f 2288/1107/2288 338/224/338 339/223/339 2295/1114/2295
f 2295/1114/2295 339/223/339 340/222/340 2302/1121/2302
f 2302/1121/2302 340/222/340 341/221/341 2309/1128/2309
f 2309/1128/2309 341/221/341 342/219/342 2316/1135/2316
f 2316/1135/2316 342/219/342 20/220/20 266/1079/266
f 2315/1134/2315 2316/1135/2316 266/1079/266 267/1078/267
f 2314/1133/2314 2315/1134/2315 267/1078/267 268/1077/268
f 2313/1132/2313 2314/1133/2314 268/1077/268 269/1076/269
f 2312/1131/2312 2313/1132/2313 269/1076/269 270/1075/270
f 2311/1129/2311 2312/1131/2312 270/1075/270 271/1074/271
f 2310/1130/2310 2311/1129/2311 271/1074/271 272/1073/272
f 286/873/286 2310/1130/2310 272/1073/272 16/785/16
f 285/872/285 2303/1123/2303 2310/1130/2310 286/873/286
f 284/871/284 2296/1116/2296 2303/1123/2303 285/872/285
f 283/870/283 2289/1109/2289 2296/1116/2296 284/871/284
f 282/869/282 2282/1102/2282 2289/1109/2289 283/870/283
f 281/868/281 2275/1090/2275 2282/1102/2282 282/869/282
f 280/867/280 2268/1087/2268 2275/1090/2275 281/868/281
f 2317/1143/2317 2318/1144/2318 2325/1145/2325 2324/1146/2324
f 2318/1144/2318 2319/1147/2319 2326/1148/2326 2325/1145/2325
f 2319/1147/2319 2320/1149/2320 2327/1150/2327 2326/1148/2326
f 2320/1149/2320 2321/1151/2321 2328/1152/2328 2327/1150/2327
f 2321/1151/2321 2322/1153/2322 2329/1154/2329 2328/1152/2328
f 2322/1153/2322 2323/1155/2323 2330/1156/2330 2329/1154/2329
f 2324/1146/2324 2325/1145/2325 2332/1157/2332 2331/1158/2331
f 2325/1145/2325 2326/1148/2326 2333/1159/2333 2332/1157/2332
f 2326/1148/2326 2327/1150/2327 2334/1160/2334 2333/1159/2333
f 2327/1150/2327 2328/1152/2328 2335/1161/2335 2334/1160/2334
f 2328/1152/2328 2329/1154/2329 2336/1162/2336 2335/1161/2335
f 2329/1154/2329 2330/1156/2330 2337/1163/2337 2336/1162/2336
f 2331/1158/2331 2332/1157/2332 2339/1164/2339 2338/1165/2338
f 2332/1157/2332 2333/1159/2333 2340/1166/2340 2339/1164/2339
f 2333/1159/2333 2334/1160/2334 2341/1167/2341 2340/1166/2340
f 2334/1160/2334 2335/1161/2335 2342/1168/2342 2341/1167/2341
f 2335/1161/2335 2336/1162/2336 2343/1169/2343 2342/1168/2342
f 2336/1162/2336 2337/1163/2337 2344/1170/2344 2343/1169/2343
f 2338/1165/2338 2339/1164/2339 2346/1171/2346 2345/1172/2345
f 2339/1164/2339 2340/1166/2340 2347/1173/2347 2346/1171/2346
f 2340/1166/2340 2341/1167/2341 2348/1174/2348 2347/1173/2347
f 2341/1167/2341 2342/1168/2342 2349/1175/2349 2348/1174/2348
f 2342/1168/2342 2343/1169/2343 2350/1176/2350 2349/1175/2349
f 2343/1169/2343 2344/1170/2344 2351/1177/2351 2350/1176/2350
f 2345/1172/2345 2346/1171/2346 2353/1178/2353 2352/1179/2352
f 2346/1171/2346 2347/1173/2347 2354/1180/2354 2353/1178/2353
f 2347/1173/2347 2348/1174/2348 2355/1181/2355 2354/1180/2354
f 2348/1174/2348 2349/1175/2349 2356/1182/2356 2355/1181/2355
f 2349/1175/2349 2350/1176/2350 2357/1183/2357 2356/1182/2356
f 2350/1176/2350 2351/1177/2351 2358/1184/2358 2357/1183/2357
f 2352/1179/2352 2353/1178/2353 2360/1185/2360 2359/1186/2359
f 2353/1178/2353 2354/1180/2354 2361/1187/2361 2360/1185/2360
f 2354/1180/2354 2355/1181/2355 2362/1188/2362 2361/1187/2361
f 2355/1181/2355 2356/1182/2356 2363/1189/2363 2362/1188/2362
f 2356/1182/2356 2357/1183/2357 2364/1190/2364 2363/1189/2363
f 2357/1183/2357 2358/1184/2358 2365/1191/2365 2364/1190/2364
f 14/938/14 258/1192/258 2317/1143/2317 287/939/287
f 258/1192/258 257/1193/257 2318/1144/2318 2317/1143/2317
f 257/1193/257 256/1194/256 2319/1147/2319 2318/1144/2318
f 256/1194/256 255/1195/255 2320/1149/2320 2319/1147/2319
f 255/1195/255 254/1196/254 2321/1151/2321 2320/1149/2320
f 254/1196/254 253/1197/253 2322/1153/2322 2321/1151/2321
f 253/1197/253 252/1198/252 2323/1155/2323 2322/1153/2322
f 252/1198/252 18/76/18 343/131/343 2323/1155/2323
f 2323/1155/2323 343/131/343 344/153/344 2330/1156/2330
f 2330/1156/2330 344/153/344 345/152/345 2337/1163/2337
f 2337/1163/2337 345/152/345 346/151/346 2344/1170/2344
f 2344/1170/2344 346/151/346 347/150/347 2351/1177/2351
f 2351/1177/2351 347/150/347 348/149/348 2358/1184/2358
f 2358/1184/2358 348/149/348 349/147/349 2365/1191/2365
f 2365/1191/2365 349/147/349 19/148/19 259/1142/259
f 2364/1190/2364 2365/1191/2365 259/1142/259 260/1141/260
f 2363/1189/2363 2364/1190/2364 260/1141/260 261/1140/261
f 2362/1188/2362 2363/1189/2363 261/1140/261 262/1139/262
f 2361/1187/2361 2362/1188/2362 262/1139/262 263/1138/263
f 2360/1185/2360 2361/1187/2361 263/1138/263 264/1137/264
f 2359/1186/2359 2360/1185/2360 264/1137/264 265/1136/265
f 293/945/293 2359/1186/2359 265/1136/265 15/866/15
f 292/944/292 2352/1179/2352 2359/1186/2359 293/945/293
f 291/943/291 2345/1172/2345 2352/1179/2352 292/944/292
f 290/942/290 2338/1165/2338 2345/1172/2345 291/943/291
f 289/941/289 2331/1158/2331 2338/1165/2338 290/942/290
f 288/940/288 2324/1146/2324 2331/1158/2331 289/941/289
f 287/939/287 2317/1143/2317 2324/1146/2324 288/940/288
f 2366/1199/2366 2367/1200/2367 2374/1201/2374 2373/1202/2373
f 2367/1200/2367 2368/1203/2368 2375/1204/2375 2374/1201/2374
f 2368/1203/2368 2369/1205/2369 2376/1206/2376 2375/1204/2375
f 2369/1205/2369 2370/1207/2370 2377/1208/2377 2376/1206/2376
f 2370/1207/2370 2371/1209/2371 2378/1210/2378 2377/1208/2377
f 2371/1209/2371 2372/1211/2372 2379/1212/2379 2378/1210/2378
f 2373/1202/2373 2374/1201/2374 2381/1213/2381 2380/1214/2380
f 2374/1201/2374 2375/1204/2375 2382/1215/2382 2381/1213/2381
f 2375/1204/2375 2376/1206/2376 2383/1216/2383 2382/1215/2382
f 2376/1206/2376 2377/1208/2377 2384/1217/2384 2383/1216/2383
f 2377/1208/2377 2378/1210/2378 2385/1218/2385 2384/1217/2384
f 2378/1210/2378 2379/1212/2379 2386/1219/2386 2385/1218/2385
f 2380/1214/2380 2381/1213/2381 2388/1220/2388 2387/1221/2387
f 2381/1213/2381 2382/1215/2382 2389/1222/2389 2388/1220/2388
f 2382/1215/2382 2383/1216/2383 2390/1223/2390 2389/1222/2389
f 2383/1216/2383 2384/1217/2384 2391/1224/2391 2390/1223/2390
f 2384/1217/2384 2385/1218/2385 2392/1225/2392 2391/1224/2391
f 2385/1218/2385 2386/1219/2386 2393/1226/2393 2392/1225/2392
f 2387/1221/2387 2388/1220/2388 2395/1227/2395 2394/1228/2394
f 2388/1220/2388 2389/1222/2389 2396/1229/2396 2395/1227/2395
f 2389/1222/2389 2390/1223/2390 2397/1230/2397 2396/1229/2396
f 2390/1223/2390 2391/1224/2391 2398/1231/2398 2397/1230/2397
f 2391/1224/2391 2392/1225/2392 2399/1232/2399 2398/1231/2398
f 2392/1225/2392 2393/1226/2393 2400/1233/2400 2399/1232/2399
f 2394/1228/2394 2395/1227/2395 2402/1234/2402 2401/1235/2401
f 2395/1227/2395 2396/1229/2396 2403/1236/2403 2402/1234/2402
f 2396/1229/2396 2397/1230/2397 2404/1237/2404 2403/1236/2403
f 2397/1230/2397 2398/1231/2398 2405/1238/2405 2404/1237/2404
f 2398/1231/2398 2399/1232/2399 2406/1239/2406 2405/1238/2405
f 2399/1232/2399 2400/1233/2400 2407/1240/2407 2406/1239/2406
f 2401/1235/2401 2402/1234/2402 2409/1241/2409 2408/1242/2408
f 2402/1234/2402 2403/1236/2403 2410/1243/2410 2409/1241/2409
f 2403/1236/2403 2404/1237/2404 2411/1244/2411 2410/1243/2410
f 2404/1237/2404 2405/1238/2405 2412/1245/2412 2411/1244/2411
f 2405/1238/2405 2406/1239/2406 2413/1246/2413 2412/1245/2412
f 2406/1239/2406 2407/1240/2407 2414/1247/2414 2413/1246/2413
f 13/1010/13 301/1248/301 2366/1199/2366 294/1011/294
f 301/1248/301 302/1249/302 2367/1200/2367 2366/1199/2366
f 302/1249/302 303/1250/303 2368/1203/2368 2367/1200/2367
f 303/1250/303 304/1251/304 2369/1205/2369 2368/1203/2368
f 304/1251/304 305/1252/305 2370/1207/2370 2369/1205/2369
f 305/1252/305 306/1253/306 2371/1209/2371 2370/1207/2370
f 306/1253/306 307/1254/307 2372/1211/2372 2371/1209/2371
f 307/1254/307 17/50/17 350/52/350 2372/1211/2372
f 2372/1211/2372 350/52/350 351/81/351 2379/1212/2379
f 2379/1212/2379 351/81/351 352/80/352 2386/1219/2386
f 2386/1219/2386 352/80/352 353/79/353 2393/1226/2393
f 2393/1226/2393 353/79/353 354/78/354 2400/1233/2400
f 2400/1233/2400 354/78/354 355/77/355 2407/1240/2407
f 2407/1240/2407 355/77/355 356/75/356 2414/1247/2414
f 2414/1247/2414 356/75/356 18/76/18 252/1198/252
f 2413/1246/2413 2414/1247/2414 252/1198/252 253/1197/253
f 2412/1245/2412 2413/1246/2413 253/1197/253 254/1196/254
f 2411/1244/2411 2412/1245/2412 254/1196/254 255/1195/255
f 2410/1243/2410 2411/1244/2411 255/1195/255 256/1194/256
f 2409/1241/2409 2410/1243/2410 256/1194/256 257/1193/257
f 2408/1242/2408 2409/1241/2409 257/1193/257 258/1192/258
f 300/1017/300 2408/1242/2408 258/1192/258 14/938/14
f 299/1016/299 2401/1235/2401 2408/1242/2408 300/1017/300
f 298/1015/298 2394/1228/2394 2401/1235/2401 299/1016/299
f 297/1014/297 2387/1221/2387 2394/1228/2394 298/1015/298
f 296/1013/296 2380/1214/2380 2387/1221/2387 297/1014/297
f 295/1012/295 2373/1202/2373 2380/1214/2380 296/1013/296
f 294/1011/294 2366/1199/2366 2373/1202/2373 295/1012/295
f 2415/1255/2415 2416/1256/2416 2423/1257/2423 2422/1258/2422
f 2416/1256/2416 2417/1259/2417 2424/1260/2424 2423/1257/2423
f 2417/1259/2417 2418/1261/2418 2425/1262/2425 2424/1260/2424
f 2418/1261/2418 2419/1263/2419 2426/1264/2426 2425/1262/2425
f 2419/1263/2419 2420/1265/2420 2427/1266/2427 2426/1264/2426
f 2420/1265/2420 2421/1267/2421 2428/1268/2428 2427/1266/2427
f 2422/1258/2422 2423/1257/2423 2430/1269/2430 2429/1270/2429
f 2423/1257/2423 2424/1260/2424 2431/1271/2431 2430/1269/2430
f 2424/1260/2424 2425/1262/2425 2432/1272/2432 2431/1271/2431
f 2425/1262/2425 2426/1264/2426 2433/1273/2433 2432/1272/2432
f 2426/1264/2426 2427/1266/2427 2434/1274/2434 2433/1273/2433
f 2427/1266/2427 2428/1268/2428 2435/1275/2435 2434/1274/2434
f 2429/1270/2429 2430/1269/2430 2437/1276/2437 2436/1277/2436
f 2430/1269/2430 2431/1271/2431 2438/1278/2438 2437/1276/2437
f 2431/1271/2431 2432/1272/2432 2439/1279/2439 2438/1278/2438
f 2432/1272/2432 2433/1273/2433 2440/1280/2440 2439/1279/2439
f 2433/1273/2433 2434/1274/2434 2441/1281/2441 2440/1280/2440
f 2434/1274/2434 2435/1275/2435 2442/1282/2442 2441/1281/2441
f 2436/1277/2436 2437/1276/2437 2444/1283/2444 2443/1284/2443
f 2437/1276/2437 2438/1278/2438 2445/1285/2445 2444/1283/2444
f 2438/1278/2438 2439/1279/2439 2446/1286/2446 2445/1285/2445
f 2439/1279/2439 2440/1280/2440 2447/1287/2447 2446/1286/2446
f 2440/1280/2440 2441/1281/2441 2448/1288/2448 2447/1287/2447
f 2441/1281/2441 2442/1282/2442 2449/1289/2449 2448/1288/2448
f 2443/1284/2443 2444/1283/2444 2451/1290/2451 2450/1291/2450
f 2444/1283/2444 2445/1285/2445 2452/1292/2452 2451/1290/2451
f 2445/1285/2445 2446/1286/2446 2453/1293/2453 2452/1292/2452
f 2446/1286/2446 2447/1287/2447 2454/1294/2454 2453/1293/2453
f 2447/1287/2447 2448/1288/2448 2455/1295/2455 2454/1294/2454
f 2448/1288/2448 2449/1289/2449 2456/1296/2456 2455/1295/2455
f 2450/1291/2450 2451/1290/2451 2458/1297/2458 2457/1298/2457
f 2451/1290/2451 2452/1292/2452 2459/1299/2459 2458/1297/2458
f 2452/1292/2452 2453/1293/2453 2460/1300/2460 2459/1299/2459
f 2453/1293/2453 2454/1294/2454 2461/1301/2461 2460/1300/2460
f 2454/1294/2454 2455/1295/2455 2462/1302/2462 2461/1301/2461
f 2455/1295/2455 2456/1296/2456 2463/1303/2463 2462/1302/2462
f 1/710/1 378/1304/378 2415/1255/2415 111/711/111
f 378/1304/378 379/1305/379 2416/1256/2416 2415/1255/2415
f 379/1305/379 380/1306/380 2417/1259/2417 2416/1256/2416
f 380/1306/380 381/1307/381 2418/1261/2418 2417/1259/2417
f 381/1307/381 382/1308/382 2419/1263/2419 2418/1261/2418
f 382/1308/382 383/1309/383 2420/1265/2420 2419/1263/2419
f 383/1309/383 384/1310/384 2421/1267/2421 2420/1265/2420
f 384/1310/384 24/1311/24 385/1312/385 2421/1267/2421
f 2421/1267/2421 385/1312/385 386/1313/386 2428/1268/2428
f 2428/1268/2428 386/1313/386 387/1314/387 2435/1275/2435
f 2435/1275/2435 387/1314/387 388/1315/388 2442/1282/2442
f 2442/1282/2442 388/1315/388 389/1316/389 2449/1289/2449
f 2449/1289/2449 389/1316/389 390/1317/390 2456/1296/2456
f 2456/1296/2456 390/1317/390 391/1318/391 2463/1303/2463
f 2463/1303/2463 391/1318/391 21/1319/21 126/1320/126
f 2462/1302/2462 2463/1303/2463 126/1320/126 127/1321/127
f 2461/1301/2461 2462/1302/2462 127/1321/127 128/1322/128
f 2460/1300/2460 2461/1301/2461 128/1322/128 129/1323/129
f 2459/1299/2459 2460/1300/2460 129/1323/129 130/1324/130
f 2458/1297/2458 2459/1299/2459 130/1324/130 131/1325/131
f 2457/1298/2457 2458/1297/2458 131/1325/131 132/1326/132
f 105/718/105 2457/1298/2457 132/1326/132 3/638/3
f 106/717/106 2450/1291/2450 2457/1298/2457 105/718/105
f 107/716/107 2443/1284/2443 2450/1291/2450 106/717/106
f 108/715/108 2436/1277/2436 2443/1284/2443 107/716/107
f 109/714/109 2429/1270/2429 2436/1277/2436 108/715/108
f 110/713/110 2422/1258/2422 2429/1270/2429 109/714/109
f 111/711/111 2415/1255/2415 2422/1258/2422 110/713/110
f 2464/1327/2464 2465/1328/2465 2472/1329/2472 2471/1330/2471
f 2465/1328/2465 2466/1331/2466 2473/1332/2473 2472/1329/2472
f 2466/1331/2466 2467/1333/2467 2474/1334/2474 2473/1332/2473
f 2467/1333/2467 2468/1335/2468 2475/1336/2475 2474/1334/2474
f 2468/1335/2468 2469/1337/2469 2476/1338/2476 2475/1336/2475
f 2469/1337/2469 2470/1339/2470 2477/1340/2477 2476/1338/2476
f 2471/1330/2471 2472/1329/2472 2479/1341/2479 2478/1342/2478
f 2472/1329/2472 2473/1332/2473 2480/1343/2480 2479/1341/2479
f 2473/1332/2473 2474/1334/2474 2481/1344/2481 2480/1343/2480
f 2474/1334/2474 2475/1336/2475 2482/1345/2482 2481/1344/2481
f 2475/1336/2475 2476/1338/2476 2483/1346/2483 2482/1345/2482
f 2476/1338/2476 2477/1340/2477 2484/1347/2484 2483/1346/2483
f 2478/1342/2478 2479/1341/2479 2486/1348/2486 2485/1349/2485
f 2479/1341/2479 2480/1343/2480 2487/1350/2487 2486/1348/2486
f 2480/1343/2480 2481/1344/2481 2488/1351/2488 2487/1350/2487
f 2481/1344/2481 2482/1345/2482 2489/1352/2489 2488/1351/2488
f 2482/1345/2482 2483/1346/2483 2490/1353/2490 2489/1352/2489
f 2483/1346/2483 2484/1347/2484 2491/1354/2491 2490/1353/2490
f 2485/1349/2485 2486/1348/2486 2493/1355/2493 2492/1356/2492
f 2486/1348/2486 2487/1350/2487 2494/1357/2494 2493/1355/2493
f 2487/1350/2487 2488/1351/2488 2495/1358/2495 2494/1357/2494
f 2488/1351/2488 2489/1352/2489 2496/1359/2496 2495/1358/2495
f 2489/1352/2489 2490/1353/2490 2497/1360/2497 2496/1359/2496
f 2490/1353/2490 2491/1354/2491 2498/1361/2498 2497/1360/2497
f 2492/1356/2492 2493/1355/2493 2500/1362/2500 2499/1363/2499
f 2493/1355/2493 2494/1357/2494 2501/1364/2501 2500/1362/2500
f 2494/1357/2494 2495/1358/2495 2502/1365/2502 2501/1364/2501
f 2495/1358/2495 2496/1359/2496 2503/1366/2503 2502/1365/2502
f 2496/1359/2496 2497/1360/2497 2504/1367/2504 2503/1366/2503
f 2497/1360/2497 2498/1361/2498 2505/1368/2505 2504/1367/2504
f 2499/1363/2499 2500/1362/2500 2507/1369/2507 2506/1370/2506
f 2500/1362/2500 2501/1364/2501 2508/1371/2508 2507/1369/2507
f 2501/1364/2501 2502/1365/2502 2509/1372/2509 2508/1371/2508
f 2502/1365/2502 2503/1366/2503 2510/1373/2510 2509/1372/2509
f 2503/1366/2503 2504/1367/2504 2511/1374/2511 2510/1373/2510
f 2504/1367/2504 2505/1368/2505 2512/1375/2512 2511/1374/2511
f 3/638/3 132/1326/132 2464/1327/2464 139/639/139
f 132/1326/132 131/1325/131 2465/1328/2465 2464/1327/2464
f 131/1325/131 130/1324/130 2466/1331/2466 2465/1328/2465
f 130/1324/130 129/1323/129 2467/1333/2467 2466/1331/2466
f 129/1323/129 128/1322/128 2468/1335/2468 2467/1333/2467
f 128/1322/128 127/1321/127 2469/1337/2469 2468/1335/2468
f 127/1321/127 126/1320/126 2470/1339/2470 2469/1337/2469
f 126/1320/126 21/1319/21 392/1376/392 2470/1339/2470
f 2470/1339/2470 392/1376/392 393/1377/393 2477/1340/2477
f 2477/1340/2477 393/1377/393 394/1378/394 2484/1347/2484
f 2484/1347/2484 394/1378/394 395/1379/395 2491/1354/2491
f 2491/1354/2491 395/1379/395 396/1380/396 2498/1361/2498
f 2498/1361/2498 396/1380/396 397/1381/397 2505/1368/2505
f 2505/1368/2505 397/1381/397 398/1382/398 2512/1375/2512
f 2512/1375/2512 398/1382/398 22/1383/22 147/1384/147
f 2511/1374/2511 2512/1375/2512 147/1384/147 148/1385/148
f 2510/1373/2510 2511/1374/2511 148/1385/148 149/1386/149
f 2509/1372/2509 2510/1373/2510 149/1386/149 150/1387/150
f 2508/1371/2508 2509/1372/2509 150/1387/150 151/1388/151
f 2507/1369/2507 2508/1371/2508 151/1388/151 152/1389/152
f 2506/1370/2506 2507/1369/2507 152/1389/152 153/1390/153
f 133/646/133 2506/1370/2506 153/1390/153 7/347/7
f 134/645/134 2499/1363/2499 2506/1370/2506 133/646/133
f 135/644/135 2492/1356/2492 2499/1363/2499 134/645/134
f 136/643/136 2485/1349/2485 2492/1356/2492 135/644/135
f 137/642/137 2478/1342/2478 2485/1349/2485 136/643/136
f 138/641/138 2471/1330/2471 2478/1342/2478 137/642/137
f 139/639/139 2464/1327/2464 2471/1330/2471 138/641/138
f 2513/1391/2513 2514/1392/2514 2521/1393/2521 2520/1394/2520
f 2514/1392/2514 2515/1395/2515 2522/1396/2522 2521/1393/2521
f 2515/1395/2515 2516/1397/2516 2523/1398/2523 2522/1396/2522
f 2516/1397/2516 2517/1399/2517 2524/1400/2524 2523/1398/2523
f 2517/1399/2517 2518/1401/2518 2525/1402/2525 2524/1400/2524
f 2518/1401/2518 2519/1403/2519 2526/1404/2526 2525/1402/2525
f 2520/1394/2520 2521/1393/2521 2528/1405/2528 2527/1406/2527
f 2521/1393/2521 2522/1396/2522 2529/1407/2529 2528/1405/2528
f 2522/1396/2522 2523/1398/2523 2530/1408/2530 2529/1407/2529
f 2523/1398/2523 2524/1400/2524 2531/1409/2531 2530/1408/2530
f 2524/1400/2524 2525/1402/2525 2532/1410/2532 2531/1409/2531
f 2525/1402/2525 2526/1404/2526 2533/1411/2533 2532/1410/2532
f 2527/1406/2527 2528/1405/2528 2535/1412/2535 2534/1413/2534
f 2528/1405/2528 2529/1407/2529 2536/1414/2536 2535/1412/2535
f 2529/1407/2529 2530/1408/2530 2537/1415/2537 2536/1414/2536
f 2530/1408/2530 2531/1409/2531 2538/1416/2538 2537/1415/2537
f 2531/1409/2531 2532/1410/2532 2539/1417/2539 2538/1416/2538
f 2532/1410/2532 2533/1411/2533 2540/1418/2540 2539/1417/2539
f 2534/1413/2534 2535/1412/2535 2542/1419/2542 2541/1420/2541
f 2535/1412/2535 2536/1414/2536 2543/1421/2543 2542/1419/2542
f 2536/1414/2536 2537/1415/2537 2544/1422/2544 2543/1421/2543
f 2537/1415/2537 2538/1416/2538 2545/1423/2545 2544/1422/2544
f 2538/1416/2538 2539/1417/2539 2546/1424/2546 2545/1423/2545
f 2539/1417/2539 2540/1418/2540 2547/1425/2547 2546/1424/2546
f 2541/1420/2541 2542/1419/2542 2549/1426/2549 2548/1427/2548
f 2542/1419/2542 2543/1421/2543 2550/1428/2550 2549/1426/2549
f 2543/1421/2543 2544/1422/2544 2551/1429/2551 2550/1428/2550
f 2544/1422/2544 2545/1423/2545 2552/1430/2552 2551/1429/2551
f 2545/1423/2545 2546/1424/2546 2553/1431/2553 2552/1430/2552
f 2546/1424/2546 2547/1425/2547 2554/1432/2554 2553/1431/2553
f 2548/1427/2548 2549/1426/2549 2556/1433/2556 2555/1434/2555
f 2549/1426/2549 2550/1428/2550 2557/1435/2557 2556/1433/2556
f 2550/1428/2550 2551/1429/2551 2558/1436/2558 2557/1435/2557
f 2551/1429/2551 2552/1430/2552 2559/1437/2559 2558/1436/2558
f 2552/1430/2552 2553/1431/2553 2560/1438/2560 2559/1437/2559
f 2553/1431/2553 2554/1432/2554 2561/1439/2561 2560/1438/2560
f 7/347/7 153/1390/153 2513/1391/2513 160/348/160
f 153/1390/153 152/1389/152 2514/1392/2514 2513/1391/2513
f 152/1389/152 151/1388/151 2515/1395/2515 2514/1392/2514
f 151/1388/151 150/1387/150 2516/1397/2516 2515/1395/2515
f 150/1387/150 149/1386/149 2517/1399/2517 2516/1397/2516
f 149/1386/149 148/1385/148 2518/1401/2518 2517/1399/2517
f 148/1385/148 147/1384/147 2519/1403/2519 2518/1401/2518
f 147/1384/147 22/1383/22 399/1440/399 2519/1403/2519
f 2519/1403/2519 399/1440/399 400/1441/400 2526/1404/2526
f 2526/1404/2526 400/1441/400 401/1442/401 2533/1411/2533
f 2533/1411/2533 401/1442/401 402/1443/402 2540/1418/2540
f 2540/1418/2540 402/1443/402 403/1444/403 2547/1425/2547
f 2547/1425/2547 403/1444/403 404/1445/404 2554/1432/2554
f 2554/1432/2554 404/1445/404 405/1446/405 2561/1439/2561
f 2561/1439/2561 405/1446/405 23/1447/23 168/1448/168
f 2560/1438/2560 2561/1439/2561 168/1448/168 169/1449/169
f 2559/1437/2559 2560/1438/2560 169/1449/169 170/1450/170
f 2558/1436/2558 2559/1437/2559 170/1450/170 171/1451/171
f 2557/1435/2557 2558/1436/2558 171/1451/171 172/1452/172
f 2556/1433/2556 2557/1435/2557 172/1452/172 173/1453/173
f 2555/1434/2555 2556/1433/2556 173/1453/173 174/1454/174
f 154/355/154 2555/1434/2555 174/1454/174 5/356/5
f 155/354/155 2548/1427/2548 2555/1434/2555 154/355/154
f 156/353/156 2541/1420/2541 2548/1427/2548 155/354/155
f 157/352/157 2534/1413/2534 2541/1420/2541 156/353/156
f 158/351/158 2527/1406/2527 2534/1413/2534 157/352/157
f 159/350/159 2520/1394/2520 2527/1406/2527 158/351/158
f 160/348/160 2513/1391/2513 2520/1394/2520 159/350/159
f 2562/1455/2562 2563/1456/2563 2570/1457/2570 2569/1458/2569
f 2563/1456/2563 2564/1459/2564 2571/1460/2571 2570/1457/2570
f 2564/1459/2564 2565/1461/2565 2572/1462/2572 2571/1460/2571
f 2565/1461/2565 2566/1463/2566 2573/1464/2573 2572/1462/2572
f 2566/1463/2566 2567/1465/2567 2574/1466/2574 2573/1464/2573
f 2567/1465/2567 2568/1467/2568 2575/1468/2575 2574/1466/2574
f 2569/1458/2569 2570/1457/2570 2577/1469/2577 2576/1470/2576
f 2570/1457/2570 2571/1460/2571 2578/1471/2578 2577/1469/2577
f 2571/1460/2571 2572/1462/2572 2579/1472/2579 2578/1471/2578
f 2572/1462/2572 2573/1464/2573 2580/1473/2580 2579/1472/2579
f 2573/1464/2573 2574/1466/2574 2581/1474/2581 2580/1473/2580
f 2574/1466/2574 2575/1468/2575 2582/1475/2582 2581/1474/2581
f 2576/1470/2576 2577/1469/2577 2584/1476/2584 2583/1477/2583
f 2577/1469/2577 2578/1471/2578 2585/1478/2585 2584/1476/2584
f 2578/1471/2578 2579/1472/2579 2586/1479/2586 2585/1478/2585
f 2579/1472/2579 2580/1473/2580 2587/1480/2587 2586/1479/2586
f 2580/1473/2580 2581/1474/2581 2588/1481/2588 2587/1480/2587
f 2581/1474/2581 2582/1475/2582 2589/1482/2589 2588/1481/2588
f 2583/1477/2583 2584/1476/2584 2591/1483/2591 2590/1484/2590
f 2584/1476/2584 2585/1478/2585 2592/1485/2592 2591/1483/2591
f 2585/1478/2585 2586/1479/2586 2593/1486/2593 2592/1485/2592
f 2586/1479/2586 2587/1480/2587 2594/1487/2594 2593/1486/2593
f 2587/1480/2587 2588/1481/2588 2595/1488/2595 2594/1487/2594
f 2588/1481/2588 2589/1482/2589 2596/1489/2596 2595/1488/2595
f 2590/1484/2590 2591/1483/2591 2598/1490/2598 2597/1491/2597
f 2591/1483/2591 2592/1485/2592 2599/1492/2599 2598/1490/2598
f 2592/1485/2592 2593/1486/2593 2600/1493/2600 2599/1492/2599
f 2593/1486/2593 2594/1487/2594 2601/1494/2601 2600/1493/2600
f 2594/1487/2594 2595/1488/2595 2602/1495/2602 2601/1494/2601
f 2595/1488/2595 2596/1489/2596 2603/1496/2603 2602/1495/2602
f 2597/1491/2597 2598/1490/2598 2605/1497/2605 2604/1498/2604
f 2598/1490/2598 2599/1492/2599 2606/1499/2606 2605/1497/2605
f 2599/1492/2599 2600/1493/2600 2607/1500/2607 2606/1499/2606
f 2600/1493/2600 2601/1494/2601 2608/1501/2608 2607/1500/2607
f 2601/1494/2601 2602/1495/2602 2609/1502/2609 2608/1501/2608
f 2602/1495/2602 2603/1496/2603 2610/1503/2610 2609/1502/2609
f 5/356/5 174/1454/174 2562/1455/2562 181/572/181
f 174/1454/174 173/1453/173 2563/1456/2563 2562/1455/2562
f 173/1453/173 172/1452/172 2564/1459/2564 2563/1456/2563
f 172/1452/172 171/1451/171 2565/1461/2565 2564/1459/2564
f 171/1451/171 170/1450/170 2566/1463/2566 2565/1461/2565
f 170/1450/170 169/1449/169 2567/1465/2567 2566/1463/2566
f 169/1449/169 168/1448/168 2568/1467/2568 2567/1465/2567
f 168/1448/168 23/1447/23 406/1504/406 2568/1467/2568
f 2568/1467/2568 406/1504/406 407/1505/407 2575/1468/2575
f 2575/1468/2575 407/1505/407 408/1506/408 2582/1475/2582
f 2582/1475/2582 408/1506/408 409/1507/409 2589/1482/2589
f 2589/1482/2589 409/1507/409 410/1508/410 2596/1489/2596
f 2596/1489/2596 410/1508/410 411/1509/411 2603/1496/2603
f 2603/1496/2603 411/1509/411 412/1510/412 2610/1503/2610
f 2610/1503/2610 412/1510/412 24/1511/24 384/1512/384
f 2609/1502/2609 2610/1503/2610 384/1512/384 383/1513/383
f 2608/1501/2608 2609/1502/2609 383/1513/383 382/1514/382
f 2607/1500/2607 2608/1501/2608 382/1514/382 381/1515/381
f 2606/1499/2606 2607/1500/2607 381/1515/381 380/1516/380
f 2605/1497/2605 2606/1499/2606 380/1516/380 379/1517/379
f 2604/1498/2604 2605/1497/2605 379/1517/379 378/1518/378
f 175/578/175 2604/1498/2604 378/1518/378 1/579/1
f 176/577/176 2597/1491/2597 2604/1498/2604 175/578/175
f 177/576/177 2590/1484/2590 2597/1491/2597 176/577/176
f 178/575/178 2583/1477/2583 2590/1484/2590 177/576/177
f 179/574/179 2576/1470/2576 2583/1477/2583 178/575/178
f 180/573/180 2569/1458/2569 2576/1470/2576 179/574/179
f 181/572/181 2562/1455/2562 2569/1458/2569 180/573/180
f 2611/1519/2611 2612/1520/2612 2619/1521/2619 2618/1522/2618
f 2612/1520/2612 2613/1523/2613 2620/1524/2620 2619/1521/2619
f 2613/1523/2613 2614/1525/2614 2621/1526/2621 2620/1524/2620
f 2614/1525/2614 2615/1527/2615 2622/1528/2622 2621/1526/2621
f 2615/1527/2615 2616/1529/2616 2623/1530/2623 2622/1528/2622
f 2616/1529/2616 2617/1531/2617 2624/1532/2624 2623/1530/2623
f 2618/1522/2618 2619/1521/2619 2626/1533/2626 2625/1534/2625
f 2619/1521/2619 2620/1524/2620 2627/1535/2627 2626/1533/2626
f 2620/1524/2620 2621/1526/2621 2628/1536/2628 2627/1535/2627
f 2621/1526/2621 2622/1528/2622 2629/1537/2629 2628/1536/2628
f 2622/1528/2622 2623/1530/2623 2630/1538/2630 2629/1537/2629
f 2623/1530/2623 2624/1532/2624 2631/1539/2631 2630/1538/2630
f 2625/1534/2625 2626/1533/2626 2633/1540/2633 2632/1541/2632
f 2626/1533/2626 2627/1535/2627 2634/1542/2634 2633/1540/2633
f 2627/1535/2627 2628/1536/2628 2635/1543/2635 2634/1542/2634
f 2628/1536/2628 2629/1537/2629 2636/1544/2636 2635/1543/2635
f 2629/1537/2629 2630/1538/2630 2637/1545/2637 2636/1544/2636
f 2630/1538/2630 2631/1539/2631 2638/1546/2638 2637/1545/2637
f 2632/1541/2632 2633/1540/2633 2640/1547/2640 2639/1548/2639
f 2633/1540/2633 2634/1542/2634 2641/1549/2641 2640/1547/2640
f 2634/1542/2634 2635/1543/2635 2642/1550/2642 2641/1549/2641
f 2635/1543/2635 2636/1544/2636 2643/1551/2643 2642/1550/2642
f 2636/1544/2636 2637/1545/2637 2644/1552/2644 2643/1551/2643
f 2637/1545/2637 2638/1546/2638 2645/1553/2645 2644/1552/2644
f 2639/1548/2639 2640/1547/2640 2647/1554/2647 2646/1555/2646
f 2640/1547/2640 2641/1549/2641 2648/1556/2648 2647/1554/2647
f 2641/1549/2641 2642/1550/2642 2649/1557/2649 2648/1556/2648
f 2642/1550/2642 2643/1551/2643 2650/1558/2650 2649/1557/2649
f 2643/1551/2643 2644/1552/2644 2651/1559/2651 2650/1558/2650
f 2644/1552/2644 2645/1553/2645 2652/1560/2652 2651/1559/2651
f 2646/1555/2646 2647/1554/2647 2654/1561/2654 2653/1562/2653
f 2647/1554/2647 2648/1556/2648 2655/1563/2655 2654/1561/2654
f 2648/1556/2648 2649/1557/2649 2656/1564/2656 2655/1563/2655
f 2649/1557/2649 2650/1558/2650 2657/1565/2657 2656/1564/2656
f 2650/1558/2650 2651/1559/2651 2658/1566/2658 2657/1565/2657
f 2651/1559/2651 2652/1560/2652 2659/1567/2659 2658/1566/2658
f 24/1311/24 413/1568/413 2611/1519/2611 385/1312/385
f 413/1568/413 414/1569/414 2612/1520/2612 2611/1519/2611
f 414/1569/414 415/1570/415 2613/1523/2613 2612/1520/2612
f 415/1570/415 416/1571/416 2614/1525/2614 2613/1523/2613
f 416/1571/416 417/1572/417 2615/1527/2615 2614/1525/2614
f 417/1572/417 418/1573/418 2616/1529/2616 2615/1527/2615
f 418/1573/418 419/1574/419 2617/1531/2617 2616/1529/2616
f 419/1574/419 25/1001/25 441/1003/441 2617/1531/2617
f 2617/1531/2617 441/1003/441 442/1023/442 2624/1532/2624
f 2624/1532/2624 442/1023/442 443/1022/443 2631/1539/2631
f 2631/1539/2631 443/1022/443 444/1021/444 2638/1546/2638
f 2638/1546/2638 444/1021/444 445/1020/445 2645/1553/2645
f 2645/1553/2645 445/1020/445 446/1019/446 2652/1560/2652
f 2652/1560/2652 446/1019/446 447/1018/447 2659/1567/2659
f 2659/1567/2659 447/1018/447 26/929/26 357/1575/357
f 2658/1566/2658 2659/1567/2659 357/1575/357 358/1576/358
f 2657/1565/2657 2658/1566/2658 358/1576/358 359/1577/359
f 2656/1564/2656 2657/1565/2657 359/1577/359 360/1578/360
f 2655/1563/2655 2656/1564/2656 360/1578/360 361/1579/361
f 2654/1561/2654 2655/1563/2655 361/1579/361 362/1580/362
f 2653/1562/2653 2654/1561/2654 362/1580/362 363/1581/363
f 391/1318/391 2653/1562/2653 363/1581/363 21/1319/21
f 390/1317/390 2646/1555/2646 2653/1562/2653 391/1318/391
f 389/1316/389 2639/1548/2639 2646/1555/2646 390/1317/390
f 388/1315/388 2632/1541/2632 2639/1548/2639 389/1316/389
f 387/1314/387 2625/1534/2625 2632/1541/2632 388/1315/388
f 386/1313/386 2618/1522/2618 2625/1534/2625 387/1314/387
f 385/1312/385 2611/1519/2611 2618/1522/2618 386/1313/386
f 2660/1582/2660 2661/1583/2661 2668/1584/2668 2667/1585/2667
f 2661/1583/2661 2662/1586/2662 2669/1587/2669 2668/1584/2668
f 2662/1586/2662 2663/1588/2663 2670/1589/2670 2669/1587/2669
f 2663/1588/2663 2664/1590/2664 2671/1591/2671 2670/1589/2670
f 2664/1590/2664 2665/1592/2665 2672/1593/2672 2671/1591/2671
f 2665/1592/2665 2666/1594/2666 2673/1595/2673 2672/1593/2672
f 2667/1585/2667 2668/1584/2668 2675/1596/2675 2674/1597/2674
f 2668/1584/2668 2669/1587/2669 2676/1598/2676 2675/1596/2675
f 2669/1587/2669 2670/1589/2670 2677/1599/2677 2676/1598/2676
f 2670/1589/2670 2671/1591/2671 2678/1600/2678 2677/1599/2677
f 2671/1591/2671 2672/1593/2672 2679/1601/2679 2678/1600/2678
f 2672/1593/2672 2673/1595/2673 2680/1602/2680 2679/1601/2679
f 2674/1597/2674 2675/1596/2675 2682/1603/2682 2681/1604/2681
f 2675/1596/2675 2676/1598/2676 2683/1605/2683 2682/1603/2682
f 2676/1598/2676 2677/1599/2677 2684/1606/2684 2683/1605/2683
f 2677/1599/2677 2678/1600/2678 2685/1607/2685 2684/1606/2684
f 2678/1600/2678 2679/1601/2679 2686/1608/2686 2685/1607/2685
f 2679/1601/2679 2680/1602/2680 2687/1609/2687 2686/1608/2686
f 2681/1604/2681 2682/1603/2682 2689/1610/2689 2688/1611/2688
f 2682/1603/2682 2683/1605/2683 2690/1612/2690 2689/1610/2689
f 2683/1605/2683 2684/1606/2684 2691/1613/2691 2690/1612/2690
f 2684/1606/2684 2685/1607/2685 2692/1614/2692 2691/1613/2691
f 2685/1607/2685 2686/1608/2686 2693/1615/2693 2692/1614/2692
f 2686/1608/2686 2687/1609/2687 2694/1616/2694 2693/1615/2693
f 2688/1611/2688 2689/1610/2689 2696/1617/2696 2695/1618/2695
f 2689/1610/2689 2690/1612/2690 2697/1619/2697 2696/1617/2696
f 2690/1612/2690 2691/1613/2691 2698/1620/2698 2697/1619/2697
f 2691/1613/2691 2692/1614/2692 2699/1621/2699 2698/1620/2698
f 2692/1614/2692 2693/1615/2693 2700/1622/2700 2699/1621/2699
f 2693/1615/2693 2694/1616/2694 2701/1623/2701 2700/1622/2700
f 2695/1618/2695 2696/1617/2696 2703/1624/2703 2702/1625/2702
f 2696/1617/2696 2697/1619/2697 2704/1626/2704 2703/1624/2703
f 2697/1619/2697 2698/1620/2698 2705/1627/2705 2704/1626/2704
f 2698/1620/2698 2699/1621/2699 2706/1628/2706 2705/1627/2705
f 2699/1621/2699 2700/1622/2700 2707/1629/2707 2706/1628/2706
f 2700/1622/2700 2701/1623/2701 2708/1630/2708 2707/1629/2707
f 21/1319/21 363/1581/363 2660/1582/2660 392/1376/392
f 363/1581/363 362/1580/362 2661/1583/2661 2660/1582/2660
f 362/1580/362 361/1579/361 2662/1586/2662 2661/1583/2661
f 361/1579/361 360/1578/360 2663/1588/2663 2662/1586/2662
f 360/1578/360 359/1577/359 2664/1590/2664 2663/1588/2663
f 359/1577/359 358/1576/358 2665/1592/2665 2664/1590/2664
f 358/1576/358 357/1575/357 2666/1594/2666 2665/1592/2665
f 357/1575/357 26/929/26 448/931/448 2666/1594/2666
f 2666/1594/2666 448/931/448 449/951/449 2673/1595/2673
f 2673/1595/2673 449/951/449 450/950/450 2680/1602/2680
f 2680/1602/2680 450/950/450 451/949/451 2687/1609/2687
f 2687/1609/2687 451/949/451 452/948/452 2694/1616/2694
f 2694/1616/2694 452/948/452 453/947/453 2701/1623/2701
f 2701/1623/2701 453/947/453 454/946/454 2708/1630/2708
f 2708/1630/2708 454/946/454 27/857/27 364/1631/364
f 2707/1629/2707 2708/1630/2708 364/1631/364 365/1632/365
f 2706/1628/2706 2707/1629/2707 365/1632/365 366/1633/366
f 2705/1627/2705 2706/1628/2706 366/1633/366 367/1634/367
f 2704/1626/2704 2705/1627/2705 367/1634/367 368/1635/368
f 2703/1624/2703 2704/1626/2704 368/1635/368 369/1636/369
f 2702/1625/2702 2703/1624/2703 369/1636/369 370/1637/370
f 398/1382/398 2702/1625/2702 370/1637/370 22/1383/22
f 397/1381/397 2695/1618/2695 2702/1625/2702 398/1382/398
f 396/1380/396 2688/1611/2688 2695/1618/2695 397/1381/397
f 395/1379/395 2681/1604/2681 2688/1611/2688 396/1380/396
f 394/1378/394 2674/1597/2674 2681/1604/2681 395/1379/395
f 393/1377/393 2667/1585/2667 2674/1597/2674 394/1378/394
f 392/1376/392 2660/1582/2660 2667/1585/2667 393/1377/393
f 2709/1638/2709 2710/1639/2710 2717/1640/2717 2716/1641/2716
f 2710/1639/2710 2711/1642/2711 2718/1643/2718 2717/1640/2717
f 2711/1642/2711 2712/1644/2712 2719/1645/2719 2718/1643/2718
f 2712/1644/2712 2713/1646/2713 2720/1647/2720 2719/1645/2719
f 2713/1646/2713 2714/1648/2714 2721/1649/2721 2720/1647/2720
f 2714/1648/2714 2715/1650/2715 2722/1651/2722 2721/1649/2721
f 2716/1641/2716 2717/1640/2717 2724/1652/2724 2723/1653/2723
f 2717/1640/2717 2718/1643/2718 2725/1654/2725 2724/1652/2724
f 2718/1643/2718 2719/1645/2719 2726/1655/2726 2725/1654/2725
f 2719/1645/2719 2720/1647/2720 2727/1656/2727 2726/1655/2726
f 2720/1647/2720 2721/1649/2721 2728/1657/2728 2727/1656/2727
f 2721/1649/2721 2722/1651/2722 2729/1658/2729 2728/1657/2728
f 2723/1653/2723 2724/1652/2724 2731/1659/2731 2730/1660/2730
f 2724/1652/2724 2725/1654/2725 2732/1661/2732 2731/1659/2731
f 2725/1654/2725 2726/1655/2726 2733/1662/2733 2732/1661/2732
f 2726/1655/2726 2727/1656/2727 2734/1663/2734 2733/1662/2733
f 2727/1656/2727 2728/1657/2728 2735/1664/2735 2734/1663/2734
f 2728/1657/2728 2729/1658/2729 2736/1665/2736 2735/1664/2735
f 2730/1660/2730 2731/1659/2731 2738/1666/2738 2737/1667/2737
f 2731/1659/2731 2732/1661/2732 2739/1668/2739 2738/1666/2738
f 2732/1661/2732 2733/1662/2733 2740/1669/2740 2739/1668/2739
f 2733/1662/2733 2734/1663/2734 2741/1670/2741 2740/1669/2740
f 2734/1663/2734 2735/1664/2735 2742/1671/2742 2741/1670/2741
f 2735/1664/2735 2736/1665/2736 2743/1672/2743 2742/1671/2742
f 2737/1667/2737 2738/1666/2738 2745/1673/2745 2744/1674/2744
f 2738/1666/2738 2739/1668/2739 2746/1675/2746 2745/1673/2745
f 2739/1668/2739 2740/1669/2740 2747/1676/2747 2746/1675/2746
f 2740/1669/2740 2741/1670/2741 2748/1677/2748 2747/1676/2747
f 2741/1670/2741 2742/1671/2742 2749/1678/2749 2748/1677/2748
f 2742/1671/2742 2743/1672/2743 2750/1679/2750 2749/1678/2749
f 2744/1674/2744 2745/1673/2745 2752/1680/2752 2751/1681/2751
f 2745/1673/2745 2746/1675/2746 2753/1682/2753 2752/1680/2752
f 2746/1675/2746 2747/1676/2747 2754/1683/2754 2753/1682/2753
f 2747/1676/2747 2748/1677/2748 2755/1684/2755 2754/1683/2754
f 2748/1677/2748 2749/1678/2749 2756/1685/2756 2755/1684/2755
f 2749/1678/2749 2750/1679/2750 2757/1686/2757 2756/1685/2756
f 22/1383/22 370/1637/370 2709/1638/2709 399/1440/399
f 370/1637/370 369/1636/369 2710/1639/2710 2709/1638/2709
f 369/1636/369 368/1635/368 2711/1642/2711 2710/1639/2710
f 368/1635/368 367/1634/367 2712/1644/2712 2711/1642/2711
f 367/1634/367 366/1633/366 2713/1646/2713 2712/1644/2712
f 366/1633/366 365/1632/365 2714/1648/2714 2713/1646/2713
f 365/1632/365 364/1631/364 2715/1650/2715 2714/1648/2714
f 364/1631/364 27/857/27 455/859/455 2715/1650/2715
f 2715/1650/2715 455/859/455 456/879/456 2722/1651/2722
f 2722/1651/2722 456/879/456 457/878/457 2729/1658/2729
f 2729/1658/2729 457/878/457 458/877/458 2736/1665/2736
f 2736/1665/2736 458/877/458 459/876/459 2743/1672/2743
f 2743/1672/2743 459/876/459 460/875/460 2750/1679/2750
f 2750/1679/2750 460/875/460 461/874/461 2757/1686/2757
f 2757/1686/2757 461/874/461 28/776/28 371/1687/371
f 2756/1685/2756 2757/1686/2757 371/1687/371 372/1688/372
f 2755/1684/2755 2756/1685/2756 372/1688/372 373/1689/373
f 2754/1683/2754 2755/1684/2755 373/1689/373 374/1690/374
f 2753/1682/2753 2754/1683/2754 374/1690/374 375/1691/375
f 2752/1680/2752 2753/1682/2753 375/1691/375 376/1692/376
f 2751/1681/2751 2752/1680/2752 376/1692/376 377/1693/377
f 405/1446/405 2751/1681/2751 377/1693/377 23/1447/23
f 404/1445/404 2744/1674/2744 2751/1681/2751 405/1446/405
f 403/1444/403 2737/1667/2737 2744/1674/2744 404/1445/404
f 402/1443/402 2730/1660/2730 2737/1667/2737 403/1444/403
f 401/1442/401 2723/1653/2723 2730/1660/2730 402/1443/402
f 400/1441/400 2716/1641/2716 2723/1653/2723 401/1442/401
f 399/1440/399 2709/1638/2709 2716/1641/2716 400/1441/400
f 2758/1694/2758 2759/1695/2759 2766/1696/2766 2765/1697/2765
f 2759/1695/2759 2760/1698/2760 2767/1699/2767 2766/1696/2766
f 2760/1698/2760 2761/1700/2761 2768/1701/2768 2767/1699/2767
f 2761/1700/2761 2762/1702/2762 2769/1703/2769 2768/1701/2768
f 2762/1702/2762 2763/1704/2763 2770/1705/2770 2769/1703/2769
f 2763/1704/2763 2764/1706/2764 2771/1707/2771 2770/1705/2770
f 2765/1697/2765 2766/1696/2766 2773/1708/2773 2772/1709/2772
f 2766/1696/2766 2767/1699/2767 2774/1710/2774 2773/1708/2773
f 2767/1699/2767 2768/1701/2768 2775/1711/2775 2774/1710/2774
f 2768/1701/2768 2769/1703/2769 2776/1712/2776 2775/1711/2775
f 2769/1703/2769 2770/1705/2770 2777/1713/2777 2776/1712/2776
f 2770/1705/2770 2771/1707/2771 2778/1714/2778 2777/1713/2777
f 2772/1709/2772 2773/1708/2773 2780/1715/2780 2779/1716/2779
f 2773/1708/2773 2774/1710/2774 2781/1717/2781 2780/1715/2780
f 2774/1710/2774 2775/1711/2775 2782/1718/2782 2781/1717/2781
f 2775/1711/2775 2776/1712/2776 2783/1719/2783 2782/1718/2782
f 2776/1712/2776 2777/1713/2777 2784/1720/2784 2783/1719/2783
f 2777/1713/2777 2778/1714/2778 2785/1721/2785 2784/1720/2784
f 2779/1716/2779 2780/1715/2780 2787/1722/2787 2786/1723/2786
f 2780/1715/2780 2781/1717/2781 2788/1724/2788 2787/1722/2787
f 2781/1717/2781 2782/1718/2782 2789/1725/2789 2788/1724/2788
f 2782/1718/2782 2783/1719/2783 2790/1726/2790 2789/1725/2789
f 2783/1719/2783 2784/1720/2784 2791/1727/2791 2790/1726/2790
f 2784/1720/2784 2785/1721/2785 2792/1728/2792 2791/1727/2791
f 2786/1723/2786 2787/1722/2787 2794/1729/2794 2793/1730/2793
f 2787/1722/2787 2788/1724/2788 2795/1731/2795 2794/1729/2794
f 2788/1724/2788 2789/1725/2789 2796/1732/2796 2795/1731/2795
f 2789/1725/2789 2790/1726/2790 2797/1733/2797 2796/1732/2796
f 2790/1726/2790 2791/1727/2791 2798/1734/2798 2797/1733/2797
f 2791/1727/2791 2792/1728/2792 2799/1735/2799 2798/1734/2798
f 2793/1730/2793 2794/1729/2794 2801/1736/2801 2800/1737/2800
f 2794/1729/2794 2795/1731/2795 2802/1738/2802 2801/1736/2801
f 2795/1731/2795 2796/1732/2796 2803/1739/2803 2802/1738/2802
f 2796/1732/2796 2797/1733/2797 2804/1740/2804 2803/1739/2803
f 2797/1733/2797 2798/1734/2798 2805/1741/2805 2804/1740/2804
f 2798/1734/2798 2799/1735/2799 2806/1742/2806 2805/1741/2805
f 23/1447/23 377/1693/377 2758/1694/2758 406/1504/406
f 377/1693/377 376/1692/376 2759/1695/2759 2758/1694/2758
f 376/1692/376 375/1691/375 2760/1698/2760 2759/1695/2759
f 375/1691/375 374/1690/374 2761/1700/2761 2760/1698/2760
f 374/1690/374 373/1689/373 2762/1702/2762 2761/1700/2761
f 373/1689/373 372/1688/372 2763/1704/2763 2762/1702/2762
f 372/1688/372 371/1687/371 2764/1706/2764 2763/1704/2763
f 371/1687/371 28/776/28 462/778/462 2764/1706/2764
f 2764/1706/2764 462/778/462 463/807/463 2771/1707/2771
f 2771/1707/2771 463/807/463 464/806/464 2778/1714/2778
f 2778/1714/2778 464/806/464 465/805/465 2785/1721/2785
f 2785/1721/2785 465/805/465 466/804/466 2792/1728/2792
f 2792/1728/2792 466/804/466 467/803/467 2799/1735/2799
f 2799/1735/2799 467/803/467 468/801/468 2806/1742/2806
f 2806/1742/2806 468/801/468 25/802/25 419/1743/419
f 2805/1741/2805 2806/1742/2806 419/1743/419 418/1744/418
f 2804/1740/2804 2805/1741/2805 418/1744/418 417/1745/417
f 2803/1739/2803 2804/1740/2804 417/1745/417 416/1746/416
f 2802/1738/2802 2803/1739/2803 416/1746/416 415/1747/415
f 2801/1736/2801 2802/1738/2802 415/1747/415 414/1748/414
f 2800/1737/2800 2801/1736/2801 414/1748/414 413/1749/413
f 412/1510/412 2800/1737/2800 413/1749/413 24/1511/24
f 411/1509/411 2793/1730/2793 2800/1737/2800 412/1510/412
f 410/1508/410 2786/1723/2786 2793/1730/2793 411/1509/411
f 409/1507/409 2779/1716/2779 2786/1723/2786 410/1508/410
f 408/1506/408 2772/1709/2772 2779/1716/2779 409/1507/409
f 407/1505/407 2765/1697/2765 2772/1709/2772 408/1506/408
f 406/1504/406 2758/1694/2758 2765/1697/2765 407/1505/407
f 2807/1750/2807 2808/442/2808 2815/1751/2815 2814/1752/2814
f 2808/442/2808 2809/1753/2809 2816/1754/2816 2815/1751/2815
f 2809/1753/2809 2810/1755/2810 2817/1756/2817 2816/1754/2816
f 2810/1755/2810 2811/439/2811 2818/1757/2818 2817/1756/2817
f 2811/439/2811 2812/1758/2812 2819/1759/2819 2818/1757/2818
f 2812/1758/2812 2813/437/2813 2820/1760/2820 2819/1759/2819
f 2814/1752/2814 2815/1751/2815 2822/442/2822 2821/1761/2821
f 2815/1751/2815 2816/1754/2816 2823/441/2823 2822/442/2822
f 2816/1754/2816 2817/1756/2817 2824/440/2824 2823/441/2823
f 2817/1756/2817 2818/1757/2818 2825/439/2825 2824/440/2824
f 2818/1757/2818 2819/1759/2819 2826/438/2826 2825/439/2825
f 2819/1759/2819 2820/1760/2820 2827/437/2827 2826/438/2826
f 2821/1761/2821 2822/442/2822 2829/442/2829 2828/1762/2828
f 2822/442/2822 2823/441/2823 2830/1753/2830 2829/442/2829
f 2823/441/2823 2824/440/2824 2831/1755/2831 2830/1753/2830
f 2824/440/2824 2825/439/2825 2832/1763/2832 2831/1755/2831
f 2825/439/2825 2826/438/2826 2833/1758/2833 2832/1763/2832
f 2826/438/2826 2827/437/2827 2834/1764/2834 2833/1758/2833
f 2828/1762/2828 2829/442/2829 2836/1751/2836 2835/1765/2835
f 2829/442/2829 2830/1753/2830 2837/1766/2837 2836/1751/2836
f 2830/1753/2830 2831/1755/2831 2838/440/2838 2837/1766/2837
f 2831/1755/2831 2832/1763/2832 2839/1767/2839 2838/440/2838
f 2832/1763/2832 2833/1758/2833 2840/1759/2840 2839/1767/2839
f 2833/1758/2833 2834/1764/2834 2841/1768/2841 2840/1759/2840
f 2835/1765/2835 2836/1751/2836 2843/1769/2843 2842/443/2842
f 2836/1751/2836 2837/1766/2837 2844/1754/2844 2843/1769/2843
f 2837/1766/2837 2838/440/2838 2845/440/2845 2844/1754/2844
f 2838/440/2838 2839/1767/2839 2846/1770/2846 2845/440/2845
f 2839/1767/2839 2840/1759/2840 2847/1771/2847 2846/1770/2846
f 2840/1759/2840 2841/1768/2841 2848/437/2848 2847/1771/2847
f 2842/443/2842 2843/1769/2843 2850/442/2850 2849/1761/2849
f 2843/1769/2843 2844/1754/2844 2851/441/2851 2850/442/2850
f 2844/1754/2844 2845/440/2845 2852/1772/2852 2851/441/2851
f 2845/440/2845 2846/1770/2846 2853/439/2853 2852/1772/2852
f 2846/1770/2846 2847/1771/2847 2854/1771/2854 2853/439/2853
f 2847/1771/2847 2848/437/2848 2855/437/2855 2854/1771/2854
f 50/1773/50 804/1761/804 2807/1750/2807 762/1773/762
f 804/1761/804 803/1774/803 2808/442/2808 2807/1750/2807
f 803/1774/803 802/441/802 2809/1753/2809 2808/442/2808
f 802/441/802 801/440/801 2810/1755/2810 2809/1753/2809
f 801/440/801 800/439/800 2811/439/2811 2810/1755/2810
f 800/439/800 799/1771/799 2812/1758/2812 2811/439/2811
f 799/1771/799 798/1775/798 2813/437/2813 2812/1758/2812
f 798/1775/798 49/1776/49 553/1776/553 2813/437/2813
f 2813/437/2813 553/1776/553 554/1777/554 2820/1760/2820
f 2820/1760/2820 554/1777/554 555/436/555 2827/437/2827
f 2827/437/2827 555/436/555 556/1778/556 2834/1764/2834
f 2834/1764/2834 556/1778/556 557/1777/557 2841/1768/2841
f 2841/1768/2841 557/1777/557 558/1779/558 2848/437/2848
f 2848/437/2848 558/1779/558 559/1776/559 2855/437/2855
f 2855/437/2855 559/1776/559 35/1776/35 539/1775/539
f 2854/1771/2854 2855/437/2855 539/1775/539 540/1771/540
f 2853/439/2853 2854/1771/2854 540/1771/540 541/439/541
f 2852/1772/2852 2853/439/2853 541/439/541 542/440/542
f 2851/441/2851 2852/1772/2852 542/440/542 543/441/543
f 2850/442/2850 2851/441/2851 543/441/543 544/1774/544
f 2849/1761/2849 2850/442/2850 544/1774/544 545/443/545
f 756/1773/756 2849/1761/2849 545/443/545 36/1780/36
f 757/1773/757 2842/443/2842 2849/1761/2849 756/1773/756
f 758/1781/758 2835/1765/2835 2842/443/2842 757/1773/757
f 759/1782/759 2828/1762/2828 2835/1765/2835 758/1781/758
f 760/1781/760 2821/1761/2821 2828/1762/2828 759/1782/759
f 761/445/761 2814/1752/2814 2821/1761/2821 760/1781/760
f 762/1773/762 2807/1750/2807 2814/1752/2814 761/445/761
f 2856/1783/2856 2857/1784/2857 2864/1785/2864 2863/1786/2863
f 2857/1784/2857 2858/1787/2858 2865/1788/2865 2864/1785/2864
f 2858/1787/2858 2859/1789/2859 2866/1790/2866 2865/1788/2865
f 2859/1789/2859 2860/1791/2860 2867/1792/2867 2866/1790/2866
f 2860/1791/2860 2861/1793/2861 2868/1794/2868 2867/1792/2867
f 2861/1793/2861 2862/1795/2862 2869/1796/2869 2868/1794/2868
f 2863/1786/2863 2864/1785/2864 2871/1797/2871 2870/1798/2870
f 2864/1785/2864 2865/1788/2865 2872/1799/2872 2871/1797/2871
f 2865/1788/2865 2866/1790/2866 2873/1800/2873 2872/1799/2872
f 2866/1790/2866 2867/1792/2867 2874/1801/2874 2873/1800/2873
f 2867/1792/2867 2868/1794/2868 2875/1802/2875 2874/1801/2874
f 2868/1794/2868 2869/1796/2869 2876/1803/2876 2875/1802/2875
f 2870/1798/2870 2871/1797/2871 2878/1804/2878 2877/1805/2877
f 2871/1797/2871 2872/1799/2872 2879/1806/2879 2878/1804/2878
f 2872/1799/2872 2873/1800/2873 2880/1807/2880 2879/1806/2879
f 2873/1800/2873 2874/1801/2874 2881/1808/2881 2880/1807/2880
f 2874/1801/2874 2875/1802/2875 2882/1809/2882 2881/1808/2881
f 2875/1802/2875 2876/1803/2876 2883/1810/2883 2882/1809/2882
f 2877/1805/2877 2878/1804/2878 2885/1811/2885 2884/1812/2884
f 2878/1804/2878 2879/1806/2879 2886/1813/2886 2885/1811/2885
f 2879/1806/2879 2880/1807/2880 2887/1814/2887 2886/1813/2886
f 2880/1807/2880 2881/1808/2881 2888/1815/2888 2887/1814/2887
f 2881/1808/2881 2882/1809/2882 2889/1816/2889 2888/1815/2888
f 2882/1809/2882 2883/1810/2883 2890/1817/2890 2889/1816/2889
f 2884/1812/2884 2885/1811/2885 2892/1818/2892 2891/1819/2891
f 2885/1811/2885 2886/1813/2886 2893/1820/2893 2892/1818/2892
f 2886/1813/2886 2887/1814/2887 2894/1821/2894 2893/1820/2893
f 2887/1814/2887 2888/1815/2888 2895/1822/2895 2894/1821/2894
f 2888/1815/2888 2889/1816/2889 2896/1823/2896 2895/1822/2895
f 2889/1816/2889 2890/1817/2890 2897/1824/2897 2896/1823/2896
f 2891/1819/2891 2892/1818/2892 2899/1825/2899 2898/1826/2898
f 2892/1818/2892 2893/1820/2893 2900/1827/2900 2899/1825/2899
f 2893/1820/2893 2894/1821/2894 2901/1828/2901 2900/1827/2900
f 2894/1821/2894 2895/1822/2895 2902/1829/2902 2901/1828/2901
f 2895/1822/2895 2896/1823/2896 2903/1830/2903 2902/1829/2902
f 2896/1823/2896 2897/1824/2897 2904/1831/2904 2903/1830/2903
f 4/67/4 125/66/125 2856/1783/2856 524/1832/524
f 125/66/125 124/65/124 2857/1784/2857 2856/1783/2856
f 124/65/124 123/64/123 2858/1787/2858 2857/1784/2857
f 123/64/123 122/63/122 2859/1789/2859 2858/1787/2858
f 122/63/122 121/62/121 2860/1791/2860 2859/1789/2859
f 121/62/121 120/61/120 2861/1793/2861 2860/1791/2860
f 120/61/120 119/60/119 2862/1795/2862 2861/1793/2861
f 119/60/119 2/59/2 511/1833/511 2862/1795/2862
f 2862/1795/2862 511/1833/511 512/1833/512 2869/1796/2869
f 2869/1796/2869 512/1833/512 513/1833/513 2876/1803/2876
f 2876/1803/2876 513/1833/513 514/1833/514 2883/1810/2883
f 2883/1810/2883 514/1833/514 515/59/515 2890/1817/2890
f 2890/1817/2890 515/59/515 516/1834/516 2897/1824/2897
f 2897/1824/2897 516/1834/516 517/1833/517 2904/1831/2904
f 2904/1831/2904 517/1833/517 29/1833/29 469/1835/469
f 2903/1830/2903 2904/1831/2904 469/1835/469 470/1836/470
f 2902/1829/2902 2903/1830/2903 470/1836/470 471/1837/471
f 2901/1828/2901 2902/1829/2902 471/1837/471 472/1838/472
f 2900/1827/2900 2901/1828/2901 472/1838/472 473/1839/473
f 2899/1825/2899 2900/1827/2900 473/1839/473 474/1840/474
f 2898/1826/2898 2899/1825/2899 474/1840/474 475/1841/475
f 518/1842/518 2898/1826/2898 475/1841/475 30/1843/30
f 519/1844/519 2891/1819/2891 2898/1826/2898 518/1842/518
f 520/1845/520 2884/1812/2884 2891/1819/2891 519/1844/519
f 521/1846/521 2877/1805/2877 2884/1812/2884 520/1845/520
f 522/1847/522 2870/1798/2870 2877/1805/2877 521/1846/521
f 523/1848/523 2863/1786/2863 2870/1798/2870 522/1847/522
f 524/1832/524 2856/1783/2856 2863/1786/2863 523/1848/523
f 2905/1849/2905 2906/1850/2906 2913/1851/2913 2912/1852/2912
f 2906/1850/2906 2907/1853/2907 2914/1854/2914 2913/1851/2913
f 2907/1853/2907 2908/1855/2908 2915/1856/2915 2914/1854/2914
f 2908/1855/2908 2909/1857/2909 2916/1858/2916 2915/1856/2915
f 2909/1857/2909 2910/1859/2910 2917/1860/2917 2916/1858/2916
f 2910/1859/2910 2911/1861/2911 2918/1862/2918 2917/1860/2917
f 2912/1852/2912 2913/1851/2913 2920/1863/2920 2919/1864/2919
f 2913/1851/2913 2914/1854/2914 2921/1865/2921 2920/1863/2920
f 2914/1854/2914 2915/1856/2915 2922/1866/2922 2921/1865/2921
f 2915/1856/2915 2916/1858/2916 2923/1867/2923 2922/1866/2922
f 2916/1858/2916 2917/1860/2917 2924/1868/2924 2923/1867/2923
f 2917/1860/2917 2918/1862/2918 2925/1869/2925 2924/1868/2924
f 2919/1864/2919 2920/1863/2920 2927/1870/2927 2926/1871/2926
f 2920/1863/2920 2921/1865/2921 2928/1872/2928 2927/1870/2927
f 2921/1865/2921 2922/1866/2922 2929/1873/2929 2928/1872/2928
f 2922/1866/2922 2923/1867/2923 2930/1874/2930 2929/1873/2929
f 2923/1867/2923 2924/1868/2924 2931/1875/2931 2930/1874/2930
f 2924/1868/2924 2925/1869/2925 2932/1876/2932 2931/1875/2931
f 2926/1871/2926 2927/1870/2927 2934/1877/2934 2933/1878/2933
f 2927/1870/2927 2928/1872/2928 2935/1879/2935 2934/1877/2934
f 2928/1872/2928 2929/1873/2929 2936/1880/2936 2935/1879/2935
f 2929/1873/2929 2930/1874/2930 2937/1881/2937 2936/1880/2936
f 2930/1874/2930 2931/1875/2931 2938/1882/2938 2937/1881/2937
f 2931/1875/2931 2932/1876/2932 2939/1883/2939 2938/1882/2938
f 2933/1878/2933 2934/1877/2934 2941/1884/2941 2940/1885/2940
f 2934/1877/2934 2935/1879/2935 2942/1886/2942 2941/1884/2941
f 2935/1879/2935 2936/1880/2936 2943/1887/2943 2942/1886/2942
f 2936/1880/2936 2937/1881/2937 2944/1888/2944 2943/1887/2943
f 2937/1881/2937 2938/1882/2938 2945/1889/2945 2944/1888/2944
f 2938/1882/2938 2939/1883/2939 2946/1890/2946 2945/1889/2945
f 2940/1885/2940 2941/1884/2941 2948/1891/2948 2947/1892/2947
f 2941/1884/2941 2942/1886/2942 2949/1893/2949 2948/1891/2948
f 2942/1886/2942 2943/1887/2943 2950/1894/2950 2949/1893/2949
f 2943/1887/2943 2944/1888/2944 2951/1895/2951 2950/1894/2950
f 2944/1888/2944 2945/1889/2945 2952/1896/2952 2951/1895/2951
f 2945/1889/2945 2946/1890/2946 2953/1897/2953 2952/1896/2952
f 2/283/2 188/282/188 2905/1849/2905 511/1898/511
f 188/282/188 187/281/187 2906/1850/2906 2905/1849/2905
f 187/281/187 186/280/186 2907/1853/2907 2906/1850/2906
f 186/280/186 185/279/185 2908/1855/2908 2907/1853/2907
f 185/279/185 184/278/184 2909/1857/2909 2908/1855/2908
f 184/278/184 183/277/183 2910/1859/2910 2909/1857/2909
f 183/277/183 182/276/182 2911/1861/2911 2910/1859/2910
f 182/276/182 6/211/6 510/428/510 2911/1861/2911
f 2911/1861/2911 510/428/510 509/450/509 2918/1862/2918
f 2918/1862/2918 509/450/509 508/449/508 2925/1869/2925
f 2925/1869/2925 508/449/508 507/448/507 2932/1876/2932
f 2932/1876/2932 507/448/507 506/447/506 2939/1883/2939
f 2939/1883/2939 506/447/506 505/446/505 2946/1890/2946
f 2946/1890/2946 505/446/505 504/444/504 2953/1897/2953
f 2953/1897/2953 504/444/504 32/445/32 490/1899/490
f 2952/1896/2952 2953/1897/2953 490/1899/490 491/1900/491
f 2951/1895/2951 2952/1896/2952 491/1900/491 492/1901/492
f 2950/1894/2950 2951/1895/2951 492/1901/492 493/1902/493
f 2949/1893/2949 2950/1894/2950 493/1902/493 494/1903/494
f 2948/1891/2948 2949/1893/2949 494/1903/494 495/1904/495
f 2947/1892/2947 2948/1891/2948 495/1904/495 496/1905/496
f 517/1898/517 2947/1892/2947 496/1905/496 29/1898/29
f 516/1906/516 2940/1885/2940 2947/1892/2947 517/1898/517
f 515/1898/515 2933/1878/2933 2940/1885/2940 516/1906/516
f 514/1898/514 2926/1871/2926 2933/1878/2933 515/1898/515
f 513/1898/513 2919/1864/2919 2926/1871/2926 514/1898/514
f 512/1898/512 2912/1852/2912 2919/1864/2919 513/1898/513
f 511/1898/511 2905/1849/2905 2912/1852/2912 512/1898/512
f 2954/1907/2954 2955/1908/2955 2962/1909/2962 2961/1910/2961
f 2955/1908/2955 2956/1911/2956 2963/1912/2963 2962/1909/2962
f 2956/1911/2956 2957/1913/2957 2964/1914/2964 2963/1912/2963
f 2957/1913/2957 2958/1915/2958 2965/1916/2965 2964/1914/2964
f 2958/1915/2958 2959/1917/2959 2966/1918/2966 2965/1916/2965
f 2959/1917/2959 2960/1919/2960 2967/1920/2967 2966/1918/2966
f 2961/1910/2961 2962/1909/2962 2969/1921/2969 2968/1922/2968
f 2962/1909/2962 2963/1912/2963 2970/1923/2970 2969/1921/2969
f 2963/1912/2963 2964/1914/2964 2971/1924/2971 2970/1923/2970
f 2964/1914/2964 2965/1916/2965 2972/1925/2972 2971/1924/2971
f 2965/1916/2965 2966/1918/2966 2973/1926/2973 2972/1925/2972
f 2966/1918/2966 2967/1920/2967 2974/1927/2974 2973/1926/2973
f 2968/1922/2968 2969/1921/2969 2976/1928/2976 2975/1929/2975
f 2969/1921/2969 2970/1923/2970 2977/1930/2977 2976/1928/2976
f 2970/1923/2970 2971/1924/2971 2978/1931/2978 2977/1930/2977
f 2971/1924/2971 2972/1925/2972 2979/1932/2979 2978/1931/2978
f 2972/1925/2972 2973/1926/2973 2980/1933/2980 2979/1932/2979
f 2973/1926/2973 2974/1927/2974 2981/1934/2981 2980/1933/2980
f 2975/1929/2975 2976/1928/2976 2983/1935/2983 2982/1936/2982
f 2976/1928/2976 2977/1930/2977 2984/1937/2984 2983/1935/2983
f 2977/1930/2977 2978/1931/2978 2985/1938/2985 2984/1937/2984
f 2978/1931/2978 2979/1932/2979 2986/1939/2986 2985/1938/2985
f 2979/1932/2979 2980/1933/2980 2987/1940/2987 2986/1939/2986
f 2980/1933/2980 2981/1934/2981 2988/1941/2988 2987/1940/2987
f 2982/1936/2982 2983/1935/2983 2990/1942/2990 2989/1943/2989
f 2983/1935/2983 2984/1937/2984 2991/1944/2991 2990/1942/2990
f 2984/1937/2984 2985/1938/2985 2992/1945/2992 2991/1944/2991
f 2985/1938/2985 2986/1939/2986 2993/1946/2993 2992/1945/2992
f 2986/1939/2986 2987/1940/2987 2994/1947/2994 2993/1946/2993
f 2987/1940/2987 2988/1941/2988 2995/1948/2995 2994/1947/2994
f 2989/1943/2989 2990/1942/2990 2997/1949/2997 2996/1950/2996
f 2990/1942/2990 2991/1944/2991 2998/1951/2998 2997/1949/2997
f 2991/1944/2991 2992/1945/2992 2999/1952/2999 2998/1951/2998
f 2992/1945/2992 2993/1946/2993 3000/1953/3000 2999/1952/2999
f 2993/1946/2993 2994/1947/2994 3001/1954/3001 3000/1953/3000
f 2994/1947/2994 2995/1948/2995 3002/1955/3002 3001/1954/3001
f 8/139/8 146/138/146 2954/1907/2954 497/429/497
f 146/138/146 145/137/145 2955/1908/2955 2954/1907/2954
f 145/137/145 144/136/144 2956/1911/2956 2955/1908/2955
f 144/136/144 143/135/143 2957/1913/2957 2956/1911/2956
f 143/135/143 142/134/142 2958/1915/2958 2957/1913/2957
f 142/134/142 141/133/141 2959/1917/2959 2958/1915/2958
f 141/133/141 140/132/140 2960/1919/2960 2959/1917/2959
f 140/132/140 4/67/4 524/1832/524 2960/1919/2960
f 2960/1919/2960 524/1832/524 523/1848/523 2967/1920/2967
f 2967/1920/2967 523/1848/523 522/1847/522 2974/1927/2974
f 2974/1927/2974 522/1847/522 521/1846/521 2981/1934/2981
f 2981/1934/2981 521/1846/521 520/1845/520 2988/1941/2988
f 2988/1941/2988 520/1845/520 519/1844/519 2995/1948/2995
f 2995/1948/2995 519/1844/519 518/1842/518 3002/1955/3002
f 3002/1955/3002 518/1842/518 30/1843/30 476/1956/476
f 3001/1954/3001 3002/1955/3002 476/1956/476 477/1957/477
f 3000/1953/3000 3001/1954/3001 477/1957/477 478/1958/478
f 2999/1952/2999 3000/1953/3000 478/1958/478 479/1959/479
f 2998/1951/2998 2999/1952/2999 479/1959/479 480/1960/480
f 2997/1949/2997 2998/1951/2998 480/1960/480 481/1961/481
f 2996/1950/2996 2997/1949/2997 481/1961/481 482/1962/482
f 503/435/503 2996/1950/2996 482/1962/482 31/436/31
f 502/434/502 2989/1943/2989 2996/1950/2996 503/435/503
f 501/433/501 2982/1936/2982 2989/1943/2989 502/434/502
f 500/432/500 2975/1929/2975 2982/1936/2982 501/433/501
f 499/431/499 2968/1922/2968 2975/1929/2975 500/432/500
f 498/430/498 2961/1910/2961 2968/1922/2968 499/431/499
f 497/429/497 2954/1907/2954 2961/1910/2961 498/430/498
f 3003/1963/3003 3004/1964/3004 3011/1904/3011 3010/1965/3010
f 3004/1964/3004 3005/1966/3005 3012/1967/3012 3011/1904/3011
f 3005/1966/3005 3006/1968/3006 3013/1969/3013 3012/1967/3012
f 3006/1968/3006 3007/1970/3007 3014/1971/3014 3013/1969/3013
f 3007/1970/3007 3008/1972/3008 3015/1973/3015 3014/1971/3014
f 3008/1972/3008 3009/1974/3009 3016/1975/3016 3015/1973/3015
f 3010/1965/3010 3011/1904/3011 3018/1964/3018 3017/1976/3017
f 3011/1904/3011 3012/1967/3012 3019/1966/3019 3018/1964/3018
f 3012/1967/3012 3013/1969/3013 3020/1902/3020 3019/1966/3019
f 3013/1969/3013 3014/1971/3014 3021/1977/3021 3020/1902/3020
f 3014/1971/3014 3015/1973/3015 3022/1978/3022 3021/1977/3021
f 3015/1973/3015 3016/1975/3016 3023/1979/3023 3022/1978/3022
f 3017/1976/3017 3018/1964/3018 3025/1904/3025 3024/1965/3024
f 3018/1964/3018 3019/1966/3019 3026/1967/3026 3025/1904/3025
f 3019/1966/3019 3020/1902/3020 3027/1902/3027 3026/1967/3026
f 3020/1902/3020 3021/1977/3021 3028/1980/3028 3027/1902/3027
f 3021/1977/3021 3022/1978/3022 3029/1978/3029 3028/1980/3028
f 3022/1978/3022 3023/1979/3023 3030/1899/3030 3029/1978/3029
f 3024/1965/3024 3025/1904/3025 3032/1964/3032 3031/1976/3031
f 3025/1904/3025 3026/1967/3026 3033/1966/3033 3032/1964/3032
f 3026/1967/3026 3027/1902/3027 3034/1968/3034 3033/1966/3033
f 3027/1902/3027 3028/1980/3028 3035/1970/3035 3034/1968/3034
f 3028/1980/3028 3029/1978/3029 3036/1972/3036 3035/1970/3035
f 3029/1978/3029 3030/1899/3030 3037/1974/3037 3036/1972/3036
f 3031/1976/3031 3032/1964/3032 3039/1904/3039 3038/1963/3038
f 3032/1964/3032 3033/1966/3033 3040/1967/3040 3039/1904/3039
f 3033/1966/3033 3034/1968/3034 3041/1969/3041 3040/1967/3040
f 3034/1968/3034 3035/1970/3035 3042/1971/3042 3041/1969/3041
f 3035/1970/3035 3036/1972/3036 3043/1973/3043 3042/1971/3042
f 3036/1972/3036 3037/1974/3037 3044/1975/3044 3043/1973/3043
f 3038/1963/3038 3039/1904/3039 3046/1964/3046 3045/1963/3045
f 3039/1904/3039 3040/1967/3040 3047/1966/3047 3046/1964/3046
f 3040/1967/3040 3041/1969/3041 3048/1902/3048 3047/1966/3047
f 3041/1969/3041 3042/1971/3042 3049/1977/3049 3048/1902/3048
f 3042/1971/3042 3043/1973/3043 3050/1978/3050 3049/1977/3049
f 3043/1973/3043 3044/1975/3044 3051/1979/3051 3050/1978/3050
f 33/283/33 552/1963/552 3003/1963/3003 622/1898/622
f 552/1963/552 551/1904/551 3004/1964/3004 3003/1963/3003
f 551/1904/551 550/1967/550 3005/1966/3005 3004/1964/3004
f 550/1967/550 549/1902/549 3006/1968/3006 3005/1966/3005
f 549/1902/549 548/1980/548 3007/1970/3007 3006/1968/3006
f 548/1980/548 547/1978/547 3008/1972/3008 3007/1970/3007
f 547/1978/547 546/1899/546 3009/1974/3009 3008/1972/3008
f 546/1899/546 36/1780/36 609/445/609 3009/1974/3009
f 3009/1974/3009 609/445/609 610/1782/610 3016/1975/3016
f 3016/1975/3016 610/1782/610 611/1773/611 3023/1979/3023
f 3023/1979/3023 611/1773/611 612/1773/612 3030/1899/3030
f 3030/1899/3030 612/1773/612 613/445/613 3037/1974/3037
f 3037/1974/3037 613/445/613 614/1782/614 3044/1975/3044
f 3044/1975/3044 614/1782/614 615/1773/615 3051/1979/3051
f 3051/1979/3051 615/1773/615 40/1773/40 602/1899/602
f 3050/1978/3050 3051/1979/3051 602/1899/602 603/1978/603
f 3049/1977/3049 3050/1978/3050 603/1978/603 604/1980/604
f 3048/1902/3048 3049/1977/3049 604/1980/604 605/1902/605
f 3047/1966/3047 3048/1902/3048 605/1902/605 606/1967/606
f 3046/1964/3046 3047/1966/3047 606/1967/606 607/1904/607
f 3045/1963/3045 3046/1964/3046 607/1904/607 608/1963/608
f 616/1981/616 3045/1963/3045 608/1963/608 37/283/37
f 617/1898/617 3038/1963/3038 3045/1963/3045 616/1981/616
f 618/1898/618 3031/1976/3031 3038/1963/3038 617/1898/617
f 619/1898/619 3024/1965/3024 3031/1976/3031 618/1898/618
f 620/1898/620 3017/1976/3017 3024/1965/3024 619/1898/619
f 621/1898/621 3010/1965/3010 3017/1976/3017 620/1898/620
f 622/1898/622 3003/1963/3003 3010/1965/3010 621/1898/621
f 3052/1982/3052 3053/1983/3053 3060/1984/3060 3059/1985/3059
f 3053/1983/3053 3054/1986/3054 3061/1987/3061 3060/1984/3060
f 3054/1986/3054 3055/1988/3055 3062/1838/3062 3061/1987/3061
f 3055/1988/3055 3056/1989/3056 3063/1837/3063 3062/1838/3062
f 3056/1989/3056 3057/1990/3057 3064/1990/3064 3063/1837/3063
f 3057/1990/3057 3058/1835/3058 3065/1991/3065 3064/1990/3064
f 3059/1985/3059 3060/1984/3060 3067/1840/3067 3066/1992/3066
f 3060/1984/3060 3061/1987/3061 3068/1839/3068 3067/1840/3067
f 3061/1987/3061 3062/1838/3062 3069/1988/3069 3068/1839/3068
f 3062/1838/3062 3063/1837/3063 3070/1989/3070 3069/1988/3069
f 3063/1837/3063 3064/1990/3064 3071/1836/3071 3070/1989/3070
f 3064/1990/3064 3065/1991/3065 3072/1993/3072 3071/1836/3071
f 3066/1992/3066 3067/1840/3067 3074/1994/3074 3073/1995/3073
f 3067/1840/3067 3068/1839/3068 3075/1839/3075 3074/1994/3074
f 3068/1839/3068 3069/1988/3069 3076/1838/3076 3075/1839/3075
f 3069/1988/3069 3070/1989/3070 3077/1837/3077 3076/1838/3076
f 3070/1989/3070 3071/1836/3071 3078/1990/3078 3077/1837/3077
f 3071/1836/3071 3072/1993/3072 3079/1991/3079 3078/1990/3078
f 3073/1995/3073 3074/1994/3074 3081/1983/3081 3080/1982/3080
f 3074/1994/3074 3075/1839/3075 3082/1986/3082 3081/1983/3081
f 3075/1839/3075 3076/1838/3076 3083/1988/3083 3082/1986/3082
f 3076/1838/3076 3077/1837/3077 3084/1989/3084 3083/1988/3083
f 3077/1837/3077 3078/1990/3078 3085/1836/3085 3084/1989/3084
f 3078/1990/3078 3079/1991/3079 3086/1993/3086 3085/1836/3085
f 3080/1982/3080 3081/1983/3081 3088/1984/3088 3087/1985/3087
f 3081/1983/3081 3082/1986/3082 3089/1987/3089 3088/1984/3088
f 3082/1986/3082 3083/1988/3083 3090/1838/3090 3089/1987/3089
f 3083/1988/3083 3084/1989/3084 3091/1837/3091 3090/1838/3090
f 3084/1989/3084 3085/1836/3085 3092/1990/3092 3091/1837/3091
f 3085/1836/3085 3086/1993/3086 3093/1835/3093 3092/1990/3092
f 3087/1985/3087 3088/1984/3088 3095/1840/3095 3094/1992/3094
f 3088/1984/3088 3089/1987/3089 3096/1839/3096 3095/1840/3095
f 3089/1987/3089 3090/1838/3090 3097/1988/3097 3096/1839/3096
f 3090/1838/3090 3091/1837/3091 3098/1989/3098 3097/1988/3097
f 3091/1837/3091 3092/1990/3092 3099/1990/3099 3098/1989/3098
f 3092/1990/3092 3093/1835/3093 3100/1996/3100 3099/1990/3099
f 52/1997/52 797/1995/797 3052/1982/3052 776/1998/776
f 797/1995/797 796/1994/796 3053/1983/3053 3052/1982/3052
f 796/1994/796 795/1839/795 3054/1986/3054 3053/1983/3053
f 795/1839/795 794/1838/794 3055/1988/3055 3054/1986/3054
f 794/1838/794 793/1837/793 3056/1989/3056 3055/1988/3055
f 793/1837/793 792/1990/792 3057/1990/3057 3056/1989/3056
f 792/1990/792 791/1999/791 3058/1835/3058 3057/1990/3057
f 791/1999/791 51/59/51 567/1833/567 3058/1835/3058
f 3058/1835/3058 567/1833/567 568/1833/568 3065/1991/3065
f 3065/1991/3065 568/1833/568 569/1833/569 3072/1993/3072
f 3072/1993/3072 569/1833/569 570/1833/570 3079/1991/3079
f 3079/1991/3079 570/1833/570 571/1833/571 3086/1993/3086
f 3086/1993/3086 571/1833/571 572/1833/572 3093/1835/3093
f 3093/1835/3093 572/1833/572 573/1833/573 3100/1996/3100
f 3100/1996/3100 573/1833/573 33/59/33 525/1999/525
f 3099/1990/3099 3100/1996/3100 525/1999/525 526/1990/526
f 3098/1989/3098 3099/1990/3099 526/1990/526 527/1837/527
f 3097/1988/3097 3098/1989/3098 527/1837/527 528/1838/528
f 3096/1839/3096 3097/1988/3097 528/1838/528 529/1839/529
f 3095/1840/3095 3096/1839/3096 529/1839/529 530/1994/530
f 3094/1992/3094 3095/1840/3095 530/1994/530 531/1995/531
f 770/2000/770 3094/1992/3094 531/1995/531 34/1997/34
f 771/2001/771 3087/1985/3087 3094/1992/3094 770/2000/770
f 772/1998/772 3080/1982/3080 3087/1985/3087 771/2001/771
f 773/1997/773 3073/1995/3073 3080/1982/3080 772/1998/772
f 774/2000/774 3066/1992/3066 3073/1995/3073 773/1997/773
f 775/2001/775 3059/1985/3059 3066/1992/3066 774/2000/774
f 776/1998/776 3052/1982/3052 3059/1985/3059 775/2001/775
f 3101/1963/3101 3102/1964/3102 3109/1904/3109 3108/1965/3108
f 3102/1964/3102 3103/1966/3103 3110/1967/3110 3109/1904/3109
f 3103/1966/3103 3104/1968/3104 3111/1969/3111 3110/1967/3110
f 3104/1968/3104 3105/1970/3105 3112/1971/3112 3111/1969/3111
f 3105/1970/3105 3106/1972/3106 3113/1973/3113 3112/1971/3112
f 3106/1972/3106 3107/1974/3107 3114/1975/3114 3113/1973/3113
f 3108/1965/3108 3109/1904/3109 3116/1964/3116 3115/1976/3115
f 3109/1904/3109 3110/1967/3110 3117/1966/3117 3116/1964/3116
f 3110/1967/3110 3111/1969/3111 3118/1902/3118 3117/1966/3117
f 3111/1969/3111 3112/1971/3112 3119/1977/3119 3118/1902/3118
f 3112/1971/3112 3113/1973/3113 3120/1978/3120 3119/1977/3119
f 3113/1973/3113 3114/1975/3114 3121/1979/3121 3120/1978/3120
f 3115/1976/3115 3116/1964/3116 3123/1904/3123 3122/1965/3122
f 3116/1964/3116 3117/1966/3117 3124/1967/3124 3123/1904/3123
f 3117/1966/3117 3118/1902/3118 3125/1902/3125 3124/1967/3124
f 3118/1902/3118 3119/1977/3119 3126/1980/3126 3125/1902/3125
f 3119/1977/3119 3120/1978/3120 3127/1978/3127 3126/1980/3126
f 3120/1978/3120 3121/1979/3121 3128/1899/3128 3127/1978/3127
f 3122/1965/3122 3123/1904/3123 3130/1964/3130 3129/1976/3129
f 3123/1904/3123 3124/1967/3124 3131/1966/3131 3130/1964/3130
f 3124/1967/3124 3125/1902/3125 3132/1968/3132 3131/1966/3131
f 3125/1902/3125 3126/1980/3126 3133/1970/3133 3132/1968/3132
f 3126/1980/3126 3127/1978/3127 3134/1972/3134 3133/1970/3133
f 3127/1978/3127 3128/1899/3128 3135/1974/3135 3134/1972/3134
f 3129/1976/3129 3130/1964/3130 3137/1904/3137 3136/1963/3136
f 3130/1964/3130 3131/1966/3131 3138/1967/3138 3137/1904/3137
f 3131/1966/3131 3132/1968/3132 3139/1969/3139 3138/1967/3138
f 3132/1968/3132 3133/1970/3133 3140/1971/3140 3139/1969/3139
f 3133/1970/3133 3134/1972/3134 3141/1973/3141 3140/1971/3140
f 3134/1972/3134 3135/1974/3135 3142/1975/3142 3141/1973/3141
f 3136/1963/3136 3137/1904/3137 3144/1964/3144 3143/1963/3143
f 3137/1904/3137 3138/1967/3138 3145/1966/3145 3144/1964/3144
f 3138/1967/3138 3139/1969/3139 3146/1902/3146 3145/1966/3145
f 3139/1969/3139 3140/1971/3140 3147/1977/3147 3146/1902/3146
f 3140/1971/3140 3141/1973/3141 3148/1978/3148 3147/1977/3147
f 3141/1973/3141 3142/1975/3142 3149/1979/3149 3148/1978/3148
f 51/283/51 790/1963/790 3101/1963/3101 567/1898/567
f 790/1963/790 789/1904/789 3102/1964/3102 3101/1963/3101
f 789/1904/789 788/1967/788 3103/1966/3103 3102/1964/3102
f 788/1967/788 787/1902/787 3104/1968/3104 3103/1966/3103
f 787/1902/787 786/1980/786 3105/1970/3105 3104/1968/3104
f 786/1980/786 785/1978/785 3106/1972/3106 3105/1970/3105
f 785/1978/785 784/1899/784 3107/1974/3107 3106/1972/3106
f 784/1899/784 50/1773/50 762/1773/762 3107/1974/3107
f 3107/1974/3107 762/1773/762 761/445/761 3114/1975/3114
f 3114/1975/3114 761/445/761 760/1781/760 3121/1979/3121
f 3121/1979/3121 760/1781/760 759/1782/759 3128/1899/3128
f 3128/1899/3128 759/1782/759 758/1781/758 3135/1974/3135
f 3135/1974/3135 758/1781/758 757/1773/757 3142/1975/3142
f 3142/1975/3142 757/1773/757 756/1773/756 3149/1979/3149
f 3149/1979/3149 756/1773/756 36/1780/36 546/1899/546
f 3148/1978/3148 3149/1979/3149 546/1899/546 547/1978/547
f 3147/1977/3147 3148/1978/3148 547/1978/547 548/1980/548
f 3146/1902/3146 3147/1977/3147 548/1980/548 549/1902/549
f 3145/1966/3145 3146/1902/3146 549/1902/549 550/1967/550
f 3144/1964/3144 3145/1966/3145 550/1967/550 551/1904/551
f 3143/1963/3143 3144/1964/3144 551/1904/551 552/1963/552
f 573/1981/573 3143/1963/3143 552/1963/552 33/283/33
f 572/1898/572 3136/1963/3136 3143/1963/3143 573/1981/573
f 571/1898/571 3129/1976/3129 3136/1963/3136 572/1898/572
f 570/1898/570 3122/1965/3122 3129/1976/3129 571/1898/571
f 569/1898/569 3115/1976/3115 3122/1965/3122 570/1898/570
f 568/1898/568 3108/1965/3108 3115/1976/3115 569/1898/569
f 567/1898/567 3101/1963/3101 3108/1965/3108 568/1898/568
f 3150/2002/3150 3151/2003/3151 3158/2004/3158 3157/2005/3157
f 3151/2003/3151 3152/2006/3152 3159/2007/3159 3158/2004/3158
f 3152/2006/3152 3153/2008/3153 3160/2009/3160 3159/2007/3159
f 3153/2008/3153 3154/2010/3154 3161/2011/3161 3160/2009/3160
f 3154/2010/3154 3155/2012/3155 3162/2013/3162 3161/2011/3161
f 3155/2012/3155 3156/2014/3156 3163/2015/3163 3162/2013/3162
f 3157/2005/3157 3158/2004/3158 3165/1961/3165 3164/2016/3164
f 3158/2004/3158 3159/2007/3159 3166/1960/3166 3165/1961/3165
f 3159/2007/3159 3160/2009/3160 3167/2017/3167 3166/1960/3166
f 3160/2009/3160 3161/2011/3161 3168/2018/3168 3167/2017/3167
f 3161/2011/3161 3162/2013/3162 3169/1957/3169 3168/2018/3168
f 3162/2013/3162 3163/2015/3163 3170/2014/3170 3169/1957/3169
f 3164/2016/3164 3165/1961/3165 3172/2019/3172 3171/2020/3171
f 3165/1961/3165 3166/1960/3166 3173/2006/3173 3172/2019/3172
f 3166/1960/3166 3167/2017/3167 3174/2008/3174 3173/2006/3173
f 3167/2017/3167 3168/2018/3168 3175/2021/3175 3174/2008/3174
f 3168/2018/3168 3169/1957/3169 3176/2022/3176 3175/2021/3175
f 3169/1957/3169 3170/2014/3170 3177/2023/3177 3176/2022/3176
f 3171/2020/3171 3172/2019/3172 3179/2024/3179 3178/2005/3178
f 3172/2019/3172 3173/2006/3173 3180/2025/3180 3179/2024/3179
f 3173/2006/3173 3174/2008/3174 3181/2017/3181 3180/2025/3180
f 3174/2008/3174 3175/2021/3175 3182/2026/3182 3181/2017/3181
f 3175/2021/3175 3176/2022/3176 3183/2013/3183 3182/2026/3182
f 3176/2022/3176 3177/2023/3177 3184/2015/3184 3183/2013/3183
f 3178/2005/3178 3179/2024/3179 3186/1961/3186 3185/2027/3185
f 3179/2024/3179 3180/2025/3180 3187/2025/3187 3186/1961/3186
f 3180/2025/3180 3181/2017/3181 3188/2017/3188 3187/2025/3187
f 3181/2017/3181 3182/2026/3182 3189/1958/3189 3188/2017/3188
f 3182/2026/3182 3183/2013/3183 3190/1957/3190 3189/1958/3189
f 3183/2013/3183 3184/2015/3184 3191/2014/3191 3190/1957/3190
f 3185/2027/3185 3186/1961/3186 3193/2019/3193 3192/2016/3192
f 3186/1961/3186 3187/2025/3187 3194/1960/3194 3193/2019/3193
f 3187/2025/3187 3188/2017/3188 3195/2028/3195 3194/1960/3194
f 3188/2017/3188 3189/1958/3189 3196/2021/3196 3195/2028/3195
f 3189/1958/3189 3190/1957/3190 3197/2029/3197 3196/2021/3196
f 3190/1957/3190 3191/2014/3191 3198/1956/3198 3197/2029/3197
f 49/1776/49 783/2016/783 3150/2002/3150 553/1776/553
f 783/2016/783 782/2030/782 3151/2003/3151 3150/2002/3150
f 782/2030/782 781/1960/781 3152/2006/3152 3151/2003/3151
f 781/1960/781 780/2031/780 3153/2008/3153 3152/2006/3152
f 780/2031/780 779/2018/779 3154/2010/3154 3153/2008/3153
f 779/2018/779 778/1957/778 3155/2012/3155 3154/2010/3154
f 778/1957/778 777/2014/777 3156/2014/3156 3155/2012/3155
f 777/2014/777 52/1997/52 776/1998/776 3156/2014/3156
f 3156/2014/3156 776/1998/776 775/2001/775 3163/2015/3163
f 3163/2015/3163 775/2001/775 774/2000/774 3170/2014/3170
f 3170/2014/3170 774/2000/774 773/1997/773 3177/2023/3177
f 3177/2023/3177 773/1997/773 772/1998/772 3184/2015/3184
f 3184/2015/3184 772/1998/772 771/2001/771 3191/2014/3191
f 3191/2014/3191 771/2001/771 770/2000/770 3198/1956/3198
f 3198/1956/3198 770/2000/770 34/1997/34 532/2014/532
f 3197/2029/3197 3198/1956/3198 532/2014/532 533/1957/533
f 3196/2021/3196 3197/2029/3197 533/1957/533 534/2018/534
f 3195/2028/3195 3196/2021/3196 534/2018/534 535/1959/535
f 3194/1960/3194 3195/2028/3195 535/1959/535 536/1960/536
f 3193/2019/3193 3194/1960/3194 536/1960/536 537/2032/537
f 3192/2016/3192 3193/2019/3193 537/2032/537 538/2016/538
f 559/1776/559 3192/2016/3192 538/2016/538 35/1776/35
f 558/1779/558 3185/2027/3185 3192/2016/3192 559/1776/559
f 557/1777/557 3178/2005/3178 3185/2027/3185 558/1779/558
f 556/1778/556 3171/2020/3171 3178/2005/3178 557/1777/557
f 555/436/555 3164/2016/3164 3171/2020/3171 556/1778/556
f 554/1777/554 3157/2005/3157 3164/2016/3164 555/436/555
f 553/1776/553 3150/2002/3150 3157/2005/3157 554/1777/554
f 3199/2002/3199 3200/2003/3200 3207/2004/3207 3206/2005/3206
f 3200/2003/3200 3201/2006/3201 3208/2007/3208 3207/2004/3207
f 3201/2006/3201 3202/2008/3202 3209/2009/3209 3208/2007/3208
f 3202/2008/3202 3203/2010/3203 3210/2011/3210 3209/2009/3209
f 3203/2010/3203 3204/2022/3204 3211/2013/3211 3210/2011/3210
f 3204/2022/3204 3205/2014/3205 3212/2015/3212 3211/2013/3211
f 3206/2005/3206 3207/2004/3207 3214/1961/3214 3213/1962/3213
f 3207/2004/3207 3208/2007/3208 3215/1960/3215 3214/1961/3214
f 3208/2007/3208 3209/2009/3209 3216/2017/3216 3215/1960/3215
f 3209/2009/3209 3210/2011/3210 3217/2018/3217 3216/2017/3216
f 3210/2011/3210 3211/2013/3211 3218/1957/3218 3217/2018/3217
f 3211/2013/3211 3212/2015/3212 3219/2014/3219 3218/1957/3218
f 3213/1962/3213 3214/1961/3214 3221/2019/3221 3220/2020/3220
f 3214/1961/3214 3215/1960/3215 3222/2006/3222 3221/2019/3221
f 3215/1960/3215 3216/2017/3216 3223/2008/3223 3222/2006/3222
f 3216/2017/3216 3217/2018/3217 3224/2021/3224 3223/2008/3223
f 3217/2018/3217 3218/1957/3218 3225/2022/3225 3224/2021/3224
f 3218/1957/3218 3219/2014/3219 3226/2023/3226 3225/2022/3225
f 3220/2020/3220 3221/2019/3221 3228/2024/3228 3227/2005/3227
f 3221/2019/3221 3222/2006/3222 3229/2025/3229 3228/2024/3228
f 3222/2006/3222 3223/2008/3223 3230/2017/3230 3229/2025/3229
f 3223/2008/3223 3224/2021/3224 3231/2026/3231 3230/2017/3230
f 3224/2021/3224 3225/2022/3225 3232/2013/3232 3231/2026/3231
f 3225/2022/3225 3226/2023/3226 3233/2015/3233 3232/2013/3232
f 3227/2005/3227 3228/2024/3228 3235/2033/3235 3234/2027/3234
f 3228/2024/3228 3229/2025/3229 3236/2025/3236 3235/2033/3235
f 3229/2025/3229 3230/2017/3230 3237/2017/3237 3236/2025/3236
f 3230/2017/3230 3231/2026/3231 3238/1958/3238 3237/2017/3237
f 3231/2026/3231 3232/2013/3232 3239/1957/3239 3238/1958/3238
f 3232/2013/3232 3233/2015/3233 3240/2014/3240 3239/1957/3239
f 3234/2027/3234 3235/2033/3235 3242/2019/3242 3241/2027/3241
f 3235/2033/3235 3236/2025/3236 3243/1960/3243 3242/2019/3242
f 3236/2025/3236 3237/2017/3237 3244/2028/3244 3243/1960/3243
f 3237/2017/3237 3238/1958/3238 3245/2021/3245 3244/2028/3244
f 3238/1958/3238 3239/1957/3239 3246/2029/3246 3245/2021/3245
f 3239/1957/3239 3240/2014/3240 3247/1956/3247 3246/2029/3246
f 39/1776/39 594/2016/594 3199/2002/3199 678/2034/678
f 594/2016/594 593/2032/593 3200/2003/3200 3199/2002/3199
f 593/2032/593 592/1960/592 3201/2006/3201 3200/2003/3200
f 592/1960/592 591/1959/591 3202/2008/3202 3201/2006/3201
f 591/1959/591 590/2018/590 3203/2010/3203 3202/2008/3202
f 590/2018/590 589/1957/589 3204/2022/3204 3203/2010/3203
f 589/1957/589 588/2014/588 3205/2014/3205 3204/2022/3204
f 588/2014/588 38/1997/38 665/2000/665 3205/2014/3205
f 3205/2014/3205 665/2000/665 666/1998/666 3212/2015/3212
f 3212/2015/3212 666/1998/666 667/1998/667 3219/2014/3219
f 3219/2014/3219 667/1998/667 668/2001/668 3226/2023/3226
f 3226/2023/3226 668/2001/668 669/1998/669 3233/2015/3233
f 3233/2015/3233 669/1998/669 670/1997/670 3240/2014/3240
f 3240/2014/3240 670/1997/670 671/2000/671 3247/1956/3247
f 3247/1956/3247 671/2000/671 42/1997/42 644/2014/644
f 3246/2029/3246 3247/1956/3247 644/2014/644 645/1957/645
f 3245/2021/3245 3246/2029/3246 645/1957/645 646/2018/646
f 3244/2028/3244 3245/2021/3245 646/2018/646 647/1959/647
f 3243/1960/3243 3244/2028/3244 647/1959/647 648/1960/648
f 3242/2019/3242 3243/1960/3243 648/1960/648 649/2032/649
f 3241/2027/3241 3242/2019/3242 649/2032/649 650/2016/650
f 672/1776/672 3241/2027/3241 650/2016/650 43/1776/43
f 673/1779/673 3234/2027/3234 3241/2027/3241 672/1776/672
f 674/1777/674 3227/2005/3227 3234/2027/3234 673/1779/673
f 675/1778/675 3220/2020/3220 3227/2005/3227 674/1777/674
f 676/2035/676 3213/1962/3213 3220/2020/3220 675/1778/675
f 677/1777/677 3206/2005/3206 3213/1962/3213 676/2035/676
f 678/2034/678 3199/2002/3199 3206/2005/3206 677/1777/677
f 3248/2002/3248 3249/2003/3249 3256/2004/3256 3255/2005/3255
f 3249/2003/3249 3250/2006/3250 3257/2007/3257 3256/2004/3256
f 3250/2006/3250 3251/2008/3251 3258/2009/3258 3257/2007/3257
f 3251/2008/3251 3252/2010/3252 3259/2011/3259 3258/2009/3258
f 3252/2010/3252 3253/2022/3253 3260/2013/3260 3259/2011/3259
f 3253/2022/3253 3254/2014/3254 3261/2015/3261 3260/2013/3260
f 3255/2005/3255 3256/2004/3256 3263/1961/3263 3262/1962/3262
f 3256/2004/3256 3257/2007/3257 3264/1960/3264 3263/1961/3263
f 3257/2007/3257 3258/2009/3258 3265/2017/3265 3264/1960/3264
f 3258/2009/3258 3259/2011/3259 3266/2018/3266 3265/2017/3265
f 3259/2011/3259 3260/2013/3260 3267/1957/3267 3266/2018/3266
f 3260/2013/3260 3261/2015/3261 3268/2014/3268 3267/1957/3267
f 3262/1962/3262 3263/1961/3263 3270/2019/3270 3269/2020/3269
f 3263/1961/3263 3264/1960/3264 3271/2006/3271 3270/2019/3270
f 3264/1960/3264 3265/2017/3265 3272/2008/3272 3271/2006/3271
f 3265/2017/3265 3266/2018/3266 3273/2021/3273 3272/2008/3272
f 3266/2018/3266 3267/1957/3267 3274/2022/3274 3273/2021/3273
f 3267/1957/3267 3268/2014/3268 3275/2023/3275 3274/2022/3274
f 3269/2020/3269 3270/2019/3270 3277/2024/3277 3276/2005/3276
f 3270/2019/3270 3271/2006/3271 3278/2025/3278 3277/2024/3277
f 3271/2006/3271 3272/2008/3272 3279/2017/3279 3278/2025/3278
f 3272/2008/3272 3273/2021/3273 3280/2026/3280 3279/2017/3279
f 3273/2021/3273 3274/2022/3274 3281/2013/3281 3280/2026/3280
f 3274/2022/3274 3275/2023/3275 3282/2015/3282 3281/2013/3281
f 3276/2005/3276 3277/2024/3277 3284/2033/3284 3283/2027/3283
f 3277/2024/3277 3278/2025/3278 3285/2025/3285 3284/2033/3284
f 3278/2025/3278 3279/2017/3279 3286/2017/3286 3285/2025/3285
f 3279/2017/3279 3280/2026/3280 3287/1958/3287 3286/2017/3286
f 3280/2026/3280 3281/2013/3281 3288/1957/3288 3287/1958/3287
f 3281/2013/3281 3282/2015/3282 3289/2014/3289 3288/1957/3288
f 3283/2027/3283 3284/2033/3284 3291/2019/3291 3290/2027/3290
f 3284/2033/3284 3285/2025/3285 3292/1960/3292 3291/2019/3291
f 3285/2025/3285 3286/2017/3286 3293/2028/3293 3292/1960/3292
f 3286/2017/3286 3287/1958/3287 3294/2021/3294 3293/2028/3293
f 3287/1958/3287 3288/1957/3288 3295/2029/3295 3294/2021/3294
f 3288/1957/3288 3289/2014/3289 3296/1956/3296 3295/2029/3295
f 35/1776/35 538/2016/538 3248/2002/3248 636/2034/636
f 538/2016/538 537/2032/537 3249/2003/3249 3248/2002/3248
f 537/2032/537 536/1960/536 3250/2006/3250 3249/2003/3249
f 536/1960/536 535/1959/535 3251/2008/3251 3250/2006/3250
f 535/1959/535 534/2018/534 3252/2010/3252 3251/2008/3251
f 534/2018/534 533/1957/533 3253/2022/3253 3252/2010/3252
f 533/1957/533 532/2014/532 3254/2014/3254 3253/2022/3253
f 532/2014/532 34/1997/34 623/2000/623 3254/2014/3254
f 3254/2014/3254 623/2000/623 624/1998/624 3261/2015/3261
f 3261/2015/3261 624/1998/624 625/1998/625 3268/2014/3268
f 3268/2014/3268 625/1998/625 626/2001/626 3275/2023/3275
f 3275/2023/3275 626/2001/626 627/1998/627 3282/2015/3282
f 3282/2015/3282 627/1998/627 628/1997/628 3289/2014/3289
f 3289/2014/3289 628/1997/628 629/2000/629 3296/1956/3296
f 3296/1956/3296 629/2000/629 38/1997/38 588/2014/588
f 3295/2029/3295 3296/1956/3296 588/2014/588 589/1957/589
f 3294/2021/3294 3295/2029/3295 589/1957/589 590/2018/590
f 3293/2028/3293 3294/2021/3294 590/2018/590 591/1959/591
f 3292/1960/3292 3293/2028/3293 591/1959/591 592/1960/592
f 3291/2019/3291 3292/1960/3292 592/1960/592 593/2032/593
f 3290/2027/3290 3291/2019/3291 593/2032/593 594/2016/594
f 630/1776/630 3290/2027/3290 594/2016/594 39/1776/39
f 631/1779/631 3283/2027/3283 3290/2027/3290 630/1776/630
f 632/1777/632 3276/2005/3276 3283/2027/3283 631/1779/631
f 633/1778/633 3269/2020/3269 3276/2005/3276 632/1777/632
f 634/436/634 3262/1962/3262 3269/2020/3269 633/1778/633
f 635/1777/635 3255/2005/3255 3262/1962/3262 634/436/634
f 636/2034/636 3248/2002/3248 3255/2005/3255 635/1777/635
f 3297/1762/3297 3298/442/3298 3305/1751/3305 3304/1765/3304
f 3298/442/3298 3299/1753/3299 3306/1754/3306 3305/1751/3305
f 3299/1753/3299 3300/1755/3300 3307/2036/3307 3306/1754/3306
f 3300/1755/3300 3301/439/3301 3308/1757/3308 3307/2036/3307
f 3301/439/3301 3302/1758/3302 3309/1759/3309 3308/1757/3308
f 3302/1758/3302 3303/437/3303 3310/1768/3310 3309/1759/3309
f 3304/1765/3304 3305/1751/3305 3312/442/3312 3311/443/3311
f 3305/1751/3305 3306/1754/3306 3313/441/3313 3312/442/3312
f 3306/1754/3306 3307/2036/3307 3314/2037/3314 3313/441/3313
f 3307/2036/3307 3308/1757/3308 3315/1770/3315 3314/2037/3314
f 3308/1757/3308 3309/1759/3309 3316/1771/3316 3315/1770/3315
f 3309/1759/3309 3310/1768/3310 3317/1775/3317 3316/1771/3316
f 3311/443/3311 3312/442/3312 3319/442/3319 3318/1762/3318
f 3312/442/3312 3313/441/3313 3320/2038/3320 3319/442/3319
f 3313/441/3313 3314/2037/3314 3321/1755/3321 3320/2038/3320
f 3314/2037/3314 3315/1770/3315 3322/1763/3322 3321/1755/3321
f 3315/1770/3315 3316/1771/3316 3323/1758/3323 3322/1763/3322
f 3316/1771/3316 3317/1775/3317 3324/1764/3324 3323/1758/3323
f 3318/1762/3318 3319/442/3319 3326/1751/3326 3325/1765/3325
f 3319/442/3319 3320/2038/3320 3327/1766/3327 3326/1751/3326
f 3320/2038/3320 3321/1755/3321 3328/440/3328 3327/1766/3327
f 3321/1755/3321 3322/1763/3322 3329/1767/3329 3328/440/3328
f 3322/1763/3322 3323/1758/3323 3330/2039/3330 3329/1767/3329
f 3323/1758/3323 3324/1764/3324 3331/1768/3331 3330/2039/3330
f 3325/1765/3325 3326/1751/3326 3333/1769/3333 3332/443/3332
f 3326/1751/3326 3327/1766/3327 3334/1754/3334 3333/1769/3333
f 3327/1766/3327 3328/440/3328 3335/440/3335 3334/1754/3334
f 3328/440/3328 3329/1767/3329 3336/1770/3336 3335/440/3335
f 3329/1767/3329 3330/2039/3330 3337/438/3337 3336/1770/3336
f 3330/2039/3330 3331/1768/3331 3338/437/3338 3337/438/3337
f 3332/443/3332 3333/1769/3333 3340/442/3340 3339/1761/3339
f 3333/1769/3333 3334/1754/3334 3341/441/3341 3340/442/3340
f 3334/1754/3334 3335/440/3335 3342/1772/3342 3341/441/3341
f 3335/440/3335 3336/1770/3336 3343/439/3343 3342/1772/3342
f 3336/1770/3336 3337/438/3337 3344/1771/3344 3343/439/3343
f 3337/438/3337 3338/437/3338 3345/437/3345 3344/1771/3344
f 36/1780/36 545/443/545 3297/1762/3297 609/445/609
f 545/443/545 544/1774/544 3298/442/3298 3297/1762/3297
f 544/1774/544 543/441/543 3299/1753/3299 3298/442/3298
f 543/441/543 542/440/542 3300/1755/3300 3299/1753/3299
f 542/440/542 541/439/541 3301/439/3301 3300/1755/3300
f 541/439/541 540/1771/540 3302/1758/3302 3301/439/3301
f 540/1771/540 539/1775/539 3303/437/3303 3302/1758/3302
f 539/1775/539 35/1776/35 636/2034/636 3303/437/3303
f 3303/437/3303 636/2034/636 635/1777/635 3310/1768/3310
f 3310/1768/3310 635/1777/635 634/436/634 3317/1775/3317
f 3317/1775/3317 634/436/634 633/1778/633 3324/1764/3324
f 3324/1764/3324 633/1778/633 632/1777/632 3331/1768/3331
f 3331/1768/3331 632/1777/632 631/1779/631 3338/437/3338
f 3338/437/3338 631/1779/631 630/1776/630 3345/437/3345
f 3345/437/3345 630/1776/630 39/1776/39 595/1775/595
f 3344/1771/3344 3345/437/3345 595/1775/595 596/1771/596
f 3343/439/3343 3344/1771/3344 596/1771/596 597/439/597
f 3342/1772/3342 3343/439/3343 597/439/597 598/440/598
f 3341/441/3341 3342/1772/3342 598/440/598 599/441/599
f 3340/442/3340 3341/441/3341 599/441/599 600/1774/600
f 3339/1761/3339 3340/442/3340 600/1774/600 601/443/601
f 615/1773/615 3339/1761/3339 601/443/601 40/1773/40
f 614/1782/614 3332/443/3332 3339/1761/3339 615/1773/615
f 613/445/613 3325/1765/3325 3332/443/3332 614/1782/614
f 612/1773/612 3318/1762/3318 3325/1765/3325 613/445/613
f 611/1773/611 3311/443/3311 3318/1762/3318 612/1773/612
f 610/1782/610 3304/1765/3304 3311/443/3311 611/1773/611
f 609/445/609 3297/1762/3297 3304/1765/3304 610/1782/610
f 3346/1982/3346 3347/1983/3347 3354/1984/3354 3353/1985/3353
f 3347/1983/3347 3348/1986/3348 3355/1987/3355 3354/1984/3354
f 3348/1986/3348 3349/1988/3349 3356/1838/3356 3355/1987/3355
f 3349/1988/3349 3350/1989/3350 3357/1837/3357 3356/1838/3356
f 3350/1989/3350 3351/1990/3351 3358/1990/3358 3357/1837/3357
f 3351/1990/3351 3352/1835/3352 3359/1991/3359 3358/1990/3358
f 3353/1985/3353 3354/1984/3354 3361/1840/3361 3360/1992/3360
f 3354/1984/3354 3355/1987/3355 3362/1839/3362 3361/1840/3361
f 3355/1987/3355 3356/1838/3356 3363/1988/3363 3362/1839/3362
f 3356/1838/3356 3357/1837/3357 3364/1989/3364 3363/1988/3363
f 3357/1837/3357 3358/1990/3358 3365/1836/3365 3364/1989/3364
f 3358/1990/3358 3359/1991/3359 3366/1993/3366 3365/1836/3365
f 3360/1992/3360 3361/1840/3361 3368/1994/3368 3367/1995/3367
f 3361/1840/3361 3362/1839/3362 3369/1839/3369 3368/1994/3368
f 3362/1839/3362 3363/1988/3363 3370/1838/3370 3369/1839/3369
f 3363/1988/3363 3364/1989/3364 3371/1837/3371 3370/1838/3370
f 3364/1989/3364 3365/1836/3365 3372/1990/3372 3371/1837/3371
f 3365/1836/3365 3366/1993/3366 3373/1991/3373 3372/1990/3372
f 3367/1995/3367 3368/1994/3368 3375/1983/3375 3374/1982/3374
f 3368/1994/3368 3369/1839/3369 3376/1986/3376 3375/1983/3375
f 3369/1839/3369 3370/1838/3370 3377/1988/3377 3376/1986/3376
f 3370/1838/3370 3371/1837/3371 3378/1989/3378 3377/1988/3377
f 3371/1837/3371 3372/1990/3372 3379/1836/3379 3378/1989/3378
f 3372/1990/3372 3373/1991/3373 3380/1993/3380 3379/1836/3379
f 3374/1982/3374 3375/1983/3375 3382/1984/3382 3381/1985/3381
f 3375/1983/3375 3376/1986/3376 3383/1987/3383 3382/1984/3382
f 3376/1986/3376 3377/1988/3377 3384/1838/3384 3383/1987/3383
f 3377/1988/3377 3378/1989/3378 3385/1837/3385 3384/1838/3384
f 3378/1989/3378 3379/1836/3379 3386/1990/3386 3385/1837/3385
f 3379/1836/3379 3380/1993/3380 3387/1835/3387 3386/1990/3386
f 3381/1985/3381 3382/1984/3382 3389/1840/3389 3388/1992/3388
f 3382/1984/3382 3383/1987/3383 3390/1839/3390 3389/1840/3389
f 3383/1987/3383 3384/1838/3384 3391/1988/3391 3390/1839/3390
f 3384/1838/3384 3385/1837/3385 3392/1989/3392 3391/1988/3391
f 3385/1837/3385 3386/1990/3386 3393/1990/3393 3392/1989/3392
f 3386/1990/3386 3387/1835/3387 3394/1996/3394 3393/1990/3393
f 34/1997/34 531/1995/531 3346/1982/3346 623/2000/623
f 531/1995/531 530/1994/530 3347/1983/3347 3346/1982/3346
f 530/1994/530 529/1839/529 3348/1986/3348 3347/1983/3347
f 529/1839/529 528/1838/528 3349/1988/3349 3348/1986/3348
f 528/1838/528 527/1837/527 3350/1989/3350 3349/1988/3349
f 527/1837/527 526/1990/526 3351/1990/3351 3350/1989/3350
f 526/1990/526 525/1999/525 3352/1835/3352 3351/1990/3351
f 525/1999/525 33/59/33 622/1833/622 3352/1835/3352
f 3352/1835/3352 622/1833/622 621/1833/621 3359/1991/3359
f 3359/1991/3359 621/1833/621 620/1833/620 3366/1993/3366
f 3366/1993/3366 620/1833/620 619/1833/619 3373/1991/3373
f 3373/1991/3373 619/1833/619 618/1833/618 3380/1993/3380
f 3380/1993/3380 618/1833/618 617/1833/617 3387/1835/3387
f 3387/1835/3387 617/1833/617 616/1833/616 3394/1996/3394
f 3394/1996/3394 616/1833/616 37/59/37 581/1999/581
f 3393/1990/3393 3394/1996/3394 581/1999/581 582/1990/582
f 3392/1989/3392 3393/1990/3393 582/1990/582 583/1837/583
f 3391/1988/3391 3392/1989/3392 583/1837/583 584/1838/584
f 3390/1839/3390 3391/1988/3391 584/1838/584 585/1839/585
f 3389/1840/3389 3390/1839/3390 585/1839/585 586/1994/586
f 3388/1992/3388 3389/1840/3389 586/1994/586 587/1995/587
f 629/2000/629 3388/1992/3388 587/1995/587 38/1997/38
f 628/1997/628 3381/1985/3381 3388/1992/3388 629/2000/629
f 627/1998/627 3374/1982/3374 3381/1985/3381 628/1997/628
f 626/2001/626 3367/1995/3367 3374/1982/3374 627/1998/627
f 625/1998/625 3360/1992/3360 3367/1995/3367 626/2001/626
f 624/1998/624 3353/1985/3353 3360/1992/3360 625/1998/625
f 623/2000/623 3346/1982/3346 3353/1985/3353 624/1998/624
f 3395/1762/3395 3396/442/3396 3403/1751/3403 3402/1765/3402
f 3396/442/3396 3397/1753/3397 3404/1754/3404 3403/1751/3403
f 3397/1753/3397 3398/1755/3398 3405/2036/3405 3404/1754/3404
f 3398/1755/3398 3399/439/3399 3406/1757/3406 3405/2036/3405
f 3399/439/3399 3400/1758/3400 3407/1759/3407 3406/1757/3406
f 3400/1758/3400 3401/437/3401 3408/1768/3408 3407/1759/3407
f 3402/1765/3402 3403/1751/3403 3410/442/3410 3409/443/3409
f 3403/1751/3403 3404/1754/3404 3411/441/3411 3410/442/3410
f 3404/1754/3404 3405/2036/3405 3412/2037/3412 3411/441/3411
f 3405/2036/3405 3406/1757/3406 3413/439/3413 3412/2037/3412
f 3406/1757/3406 3407/1759/3407 3414/438/3414 3413/439/3413
f 3407/1759/3407 3408/1768/3408 3415/1775/3415 3414/438/3414
f 3409/443/3409 3410/442/3410 3417/442/3417 3416/1762/3416
f 3410/442/3410 3411/441/3411 3418/2038/3418 3417/442/3417
f 3411/441/3411 3412/2037/3412 3419/1755/3419 3418/2038/3418
f 3412/2037/3412 3413/439/3413 3420/1763/3420 3419/1755/3419
f 3413/439/3413 3414/438/3414 3421/1758/3421 3420/1763/3420
f 3414/438/3414 3415/1775/3415 3422/1764/3422 3421/1758/3421
f 3416/1762/3416 3417/442/3417 3424/1751/3424 3423/1765/3423
f 3417/442/3417 3418/2038/3418 3425/1766/3425 3424/1751/3424
f 3418/2038/3418 3419/1755/3419 3426/440/3426 3425/1766/3425
f 3419/1755/3419 3420/1763/3420 3427/1767/3427 3426/440/3426
f 3420/1763/3420 3421/1758/3421 3428/2039/3428 3427/1767/3427
f 3421/1758/3421 3422/1764/3422 3429/1768/3429 3428/2039/3428
f 3423/1765/3423 3424/1751/3424 3431/1769/3431 3430/443/3430
f 3424/1751/3424 3425/1766/3425 3432/1754/3432 3431/1769/3431
f 3425/1766/3425 3426/440/3426 3433/440/3433 3432/1754/3432
f 3426/440/3426 3427/1767/3427 3434/1770/3434 3433/440/3433
f 3427/1767/3427 3428/2039/3428 3435/438/3435 3434/1770/3434
f 3428/2039/3428 3429/1768/3429 3436/437/3436 3435/438/3435
f 3430/443/3430 3431/1769/3431 3438/442/3438 3437/1761/3437
f 3431/1769/3431 3432/1754/3432 3439/441/3439 3438/442/3438
f 3432/1754/3432 3433/440/3433 3440/1772/3440 3439/441/3439
f 3433/440/3433 3434/1770/3434 3441/439/3441 3440/1772/3440
f 3434/1770/3434 3435/438/3435 3442/1771/3442 3441/439/3441
f 3435/438/3435 3436/437/3436 3443/437/3443 3442/1771/3442
f 63/1780/63 972/443/972 3395/1762/3395 937/2040/937
f 972/443/972 971/1774/971 3396/442/3396 3395/1762/3395
f 971/1774/971 970/441/970 3397/1753/3397 3396/442/3396
f 970/441/970 969/440/969 3398/1755/3398 3397/1753/3397
f 969/440/969 968/439/968 3399/439/3399 3398/1755/3398
f 968/439/968 967/1771/967 3400/1758/3400 3399/439/3399
f 967/1771/967 966/1775/966 3401/437/3401 3400/1758/3400
f 966/1775/966 61/1776/61 721/2034/721 3401/437/3401
f 3401/437/3401 721/2034/721 722/1777/722 3408/1768/3408
f 3408/1768/3408 722/1777/722 723/2035/723 3415/1775/3415
f 3415/1775/3415 723/2035/723 724/1778/724 3422/1764/3422
f 3422/1764/3422 724/1778/724 725/1777/725 3429/1768/3429
f 3429/1768/3429 725/1777/725 726/1779/726 3436/437/3436
f 3436/437/3436 726/1779/726 727/1776/727 3443/437/3443
f 3443/437/3443 727/1776/727 47/1776/47 707/1775/707
f 3442/1771/3442 3443/437/3443 707/1775/707 708/1771/708
f 3441/439/3441 3442/1771/3442 708/1771/708 709/439/709
f 3440/1772/3440 3441/439/3441 709/439/709 710/440/710
f 3439/441/3439 3440/1772/3440 710/440/710 711/441/711
f 3438/442/3438 3439/441/3439 711/441/711 712/1774/712
f 3437/1761/3437 3438/442/3438 712/1774/712 713/443/713
f 931/1773/931 3437/1761/3437 713/443/713 48/1780/48
f 932/1773/932 3430/443/3430 3437/1761/3437 931/1773/931
f 933/2041/933 3423/1765/3423 3430/443/3430 932/1773/932
f 934/1782/934 3416/1762/3416 3423/1765/3423 933/2041/933
f 935/1781/935 3409/443/3409 3416/1762/3416 934/1782/934
f 936/445/936 3402/1765/3402 3409/443/3409 935/1781/935
f 937/2040/937 3395/1762/3395 3402/1765/3402 936/445/936
f 3444/1762/3444 3445/442/3445 3452/1751/3452 3451/1765/3451
f 3445/442/3445 3446/1753/3446 3453/1754/3453 3452/1751/3452
f 3446/1753/3446 3447/1755/3447 3454/2036/3454 3453/1754/3453
f 3447/1755/3447 3448/439/3448 3455/1757/3455 3454/2036/3454
f 3448/439/3448 3449/1758/3449 3456/1759/3456 3455/1757/3455
f 3449/1758/3449 3450/437/3450 3457/1768/3457 3456/1759/3456
f 3451/1765/3451 3452/1751/3452 3459/442/3459 3458/443/3458
f 3452/1751/3452 3453/1754/3453 3460/441/3460 3459/442/3459
f 3453/1754/3453 3454/2036/3454 3461/2037/3461 3460/441/3460
f 3454/2036/3454 3455/1757/3455 3462/439/3462 3461/2037/3461
f 3455/1757/3455 3456/1759/3456 3463/438/3463 3462/439/3462
f 3456/1759/3456 3457/1768/3457 3464/1775/3464 3463/438/3463
f 3458/443/3458 3459/442/3459 3466/442/3466 3465/1762/3465
f 3459/442/3459 3460/441/3460 3467/2038/3467 3466/442/3466
f 3460/441/3460 3461/2037/3461 3468/1755/3468 3467/2038/3467
f 3461/2037/3461 3462/439/3462 3469/1763/3469 3468/1755/3468
f 3462/439/3462 3463/438/3463 3470/1758/3470 3469/1763/3469
f 3463/438/3463 3464/1775/3464 3471/1764/3471 3470/1758/3470
f 3465/1762/3465 3466/442/3466 3473/1751/3473 3472/1765/3472
f 3466/442/3466 3467/2038/3467 3474/1766/3474 3473/1751/3473
f 3467/2038/3467 3468/1755/3468 3475/440/3475 3474/1766/3474
f 3468/1755/3468 3469/1763/3469 3476/1767/3476 3475/440/3475
f 3469/1763/3469 3470/1758/3470 3477/2039/3477 3476/1767/3476
f 3470/1758/3470 3471/1764/3471 3478/1768/3478 3477/2039/3477
f 3472/1765/3472 3473/1751/3473 3480/1769/3480 3479/443/3479
f 3473/1751/3473 3474/1766/3474 3481/1754/3481 3480/1769/3480
f 3474/1766/3474 3475/440/3475 3482/440/3482 3481/1754/3481
f 3475/440/3475 3476/1767/3476 3483/1770/3483 3482/440/3482
f 3476/1767/3476 3477/2039/3477 3484/438/3484 3483/1770/3483
f 3477/2039/3477 3478/1768/3478 3485/437/3485 3484/438/3484
f 3479/443/3479 3480/1769/3480 3487/442/3487 3486/1761/3486
f 3480/1769/3480 3481/1754/3481 3488/441/3488 3487/442/3487
f 3481/1754/3481 3482/440/3482 3489/1772/3489 3488/441/3488
f 3482/440/3482 3483/1770/3483 3490/439/3490 3489/1772/3489
f 3483/1770/3483 3484/438/3484 3491/1771/3491 3490/439/3490
f 3484/438/3484 3485/437/3485 3492/437/3492 3491/1771/3491
f 40/1773/40 601/443/601 3444/1762/3444 685/2040/685
f 601/443/601 600/1774/600 3445/442/3445 3444/1762/3444
f 600/1774/600 599/441/599 3446/1753/3446 3445/442/3445
f 599/441/599 598/440/598 3447/1755/3447 3446/1753/3446
f 598/440/598 597/439/597 3448/439/3448 3447/1755/3447
f 597/439/597 596/1771/596 3449/1758/3449 3448/439/3448
f 596/1771/596 595/1775/595 3450/437/3450 3449/1758/3449
f 595/1775/595 39/1776/39 678/2034/678 3450/437/3450
f 3450/437/3450 678/2034/678 677/1777/677 3457/1768/3457
f 3457/1768/3457 677/1777/677 676/2035/676 3464/1775/3464
f 3464/1775/3464 676/2035/676 675/1778/675 3471/1764/3471
f 3471/1764/3471 675/1778/675 674/1777/674 3478/1768/3478
f 3478/1768/3478 674/1777/674 673/1779/673 3485/437/3485
f 3485/437/3485 673/1779/673 672/1776/672 3492/437/3492
f 3492/437/3492 672/1776/672 43/1776/43 651/1775/651
f 3491/1771/3491 3492/437/3492 651/1775/651 652/1771/652
f 3490/439/3490 3491/1771/3491 652/1771/652 653/439/653
f 3489/1772/3489 3490/439/3490 653/439/653 654/440/654
f 3488/441/3488 3489/1772/3489 654/440/654 655/441/655
f 3487/442/3487 3488/441/3488 655/441/655 656/1774/656
f 3486/1761/3486 3487/442/3487 656/1774/656 657/443/657
f 679/1773/679 3486/1761/3486 657/443/657 44/1780/44
f 680/1773/680 3479/443/3479 3486/1761/3486 679/1773/679
f 681/2041/681 3472/1765/3472 3479/443/3479 680/1773/680
f 682/1782/682 3465/1762/3465 3472/1765/3472 681/2041/681
f 683/1781/683 3458/443/3458 3465/1762/3465 682/1782/682
f 684/445/684 3451/1765/3451 3458/443/3458 683/1781/683
f 685/2040/685 3444/1762/3444 3451/1765/3451 684/445/684
f 3493/1982/3493 3494/1983/3494 3501/1984/3501 3500/1985/3500
f 3494/1983/3494 3495/1986/3495 3502/1987/3502 3501/1984/3501
f 3495/1986/3495 3496/1988/3496 3503/1838/3503 3502/1987/3502
f 3496/1988/3496 3497/1989/3497 3504/1837/3504 3503/1838/3503
f 3497/1989/3497 3498/1990/3498 3505/1990/3505 3504/1837/3504
f 3498/1990/3498 3499/1835/3499 3506/1991/3506 3505/1990/3505
f 3500/1985/3500 3501/1984/3501 3508/1840/3508 3507/1992/3507
f 3501/1984/3501 3502/1987/3502 3509/1839/3509 3508/1840/3508
f 3502/1987/3502 3503/1838/3503 3510/1988/3510 3509/1839/3509
f 3503/1838/3503 3504/1837/3504 3511/1989/3511 3510/1988/3510
f 3504/1837/3504 3505/1990/3505 3512/1836/3512 3511/1989/3511
f 3505/1990/3505 3506/1991/3506 3513/1993/3513 3512/1836/3512
f 3507/1992/3507 3508/1840/3508 3515/1994/3515 3514/1995/3514
f 3508/1840/3508 3509/1839/3509 3516/1839/3516 3515/1994/3515
f 3509/1839/3509 3510/1988/3510 3517/1838/3517 3516/1839/3516
f 3510/1988/3510 3511/1989/3511 3518/1837/3518 3517/1838/3517
f 3511/1989/3511 3512/1836/3512 3519/1990/3519 3518/1837/3518
f 3512/1836/3512 3513/1993/3513 3520/1991/3520 3519/1990/3519
f 3514/1995/3514 3515/1994/3515 3522/1983/3522 3521/1982/3521
f 3515/1994/3515 3516/1839/3516 3523/1986/3523 3522/1983/3522
f 3516/1839/3516 3517/1838/3517 3524/1988/3524 3523/1986/3523
f 3517/1838/3517 3518/1837/3518 3525/1989/3525 3524/1988/3524
f 3518/1837/3518 3519/1990/3519 3526/1836/3526 3525/1989/3525
f 3519/1990/3519 3520/1991/3520 3527/1993/3527 3526/1836/3526
f 3521/1982/3521 3522/1983/3522 3529/1984/3529 3528/1985/3528
f 3522/1983/3522 3523/1986/3523 3530/1987/3530 3529/1984/3529
f 3523/1986/3523 3524/1988/3524 3531/1838/3531 3530/1987/3530
f 3524/1988/3524 3525/1989/3525 3532/1837/3532 3531/1838/3531
f 3525/1989/3525 3526/1836/3526 3533/1990/3533 3532/1837/3532
f 3526/1836/3526 3527/1993/3527 3534/1835/3534 3533/1990/3533
f 3528/1985/3528 3529/1984/3529 3536/1840/3536 3535/1992/3535
f 3529/1984/3529 3530/1987/3530 3537/1839/3537 3536/1840/3536
f 3530/1987/3530 3531/1838/3531 3538/1988/3538 3537/1839/3537
f 3531/1838/3531 3532/1837/3532 3539/1989/3539 3538/1988/3538
f 3532/1837/3532 3533/1990/3533 3540/1990/3540 3539/1989/3539
f 3533/1990/3533 3534/1835/3534 3541/1996/3541 3540/1990/3540
f 38/1997/38 587/1995/587 3493/1982/3493 665/2000/665
f 587/1995/587 586/1994/586 3494/1983/3494 3493/1982/3493
f 586/1994/586 585/1839/585 3495/1986/3495 3494/1983/3494
f 585/1839/585 584/1838/584 3496/1988/3496 3495/1986/3495
f 584/1838/584 583/1837/583 3497/1989/3497 3496/1988/3496
f 583/1837/583 582/1990/582 3498/1990/3498 3497/1989/3497
f 582/1990/582 581/1999/581 3499/1835/3499 3498/1990/3498
f 581/1999/581 37/59/37 686/1833/686 3499/1835/3499
f 3499/1835/3499 686/1833/686 687/1833/687 3506/1991/3506
f 3506/1991/3506 687/1833/687 688/1833/688 3513/1993/3513
f 3513/1993/3513 688/1833/688 689/1833/689 3520/1991/3520
f 3520/1991/3520 689/1833/689 690/1833/690 3527/1993/3527
f 3527/1993/3527 690/1833/690 691/1833/691 3534/1835/3534
f 3534/1835/3534 691/1833/691 692/1833/692 3541/1996/3541
f 3541/1996/3541 692/1833/692 41/59/41 637/1999/637
f 3540/1990/3540 3541/1996/3541 637/1999/637 638/1990/638
f 3539/1989/3539 3540/1990/3540 638/1990/638 639/1837/639
f 3538/1988/3538 3539/1989/3539 639/1837/639 640/1838/640
f 3537/1839/3537 3538/1988/3538 640/1838/640 641/1839/641
f 3536/1840/3536 3537/1839/3537 641/1839/641 642/1994/642
f 3535/1992/3535 3536/1840/3536 642/1994/642 643/1995/643
f 671/2000/671 3535/1992/3535 643/1995/643 42/1997/42
f 670/1997/670 3528/1985/3528 3535/1992/3535 671/2000/671
f 669/1998/669 3521/1982/3521 3528/1985/3528 670/1997/670
f 668/2001/668 3514/1995/3514 3521/1982/3521 669/1998/669
f 667/1998/667 3507/1992/3507 3514/1995/3514 668/2001/668
f 666/1998/666 3500/1985/3500 3507/1992/3507 667/1998/667
f 665/2000/665 3493/1982/3493 3500/1985/3500 666/1998/666
f 3542/1963/3542 3543/1964/3543 3550/1904/3550 3549/1965/3549
f 3543/1964/3543 3544/1966/3544 3551/1967/3551 3550/1904/3550
f 3544/1966/3544 3545/1968/3545 3552/1969/3552 3551/1967/3551
f 3545/1968/3545 3546/1970/3546 3553/1971/3553 3552/1969/3552
f 3546/1970/3546 3547/1972/3547 3554/1973/3554 3553/1971/3553
f 3547/1972/3547 3548/1974/3548 3555/1975/3555 3554/1973/3554
f 3549/1965/3549 3550/1904/3550 3557/1964/3557 3556/1976/3556
f 3550/1904/3550 3551/1967/3551 3558/1966/3558 3557/1964/3557
f 3551/1967/3551 3552/1969/3552 3559/1902/3559 3558/1966/3558
f 3552/1969/3552 3553/1971/3553 3560/1977/3560 3559/1902/3559
f 3553/1971/3553 3554/1973/3554 3561/1978/3561 3560/1977/3560
f 3554/1973/3554 3555/1975/3555 3562/1979/3562 3561/1978/3561
f 3556/1976/3556 3557/1964/3557 3564/1904/3564 3563/1965/3563
f 3557/1964/3557 3558/1966/3558 3565/1967/3565 3564/1904/3564
f 3558/1966/3558 3559/1902/3559 3566/1902/3566 3565/1967/3565
f 3559/1902/3559 3560/1977/3560 3567/1980/3567 3566/1902/3566
f 3560/1977/3560 3561/1978/3561 3568/1978/3568 3567/1980/3567
f 3561/1978/3561 3562/1979/3562 3569/1899/3569 3568/1978/3568
f 3563/1965/3563 3564/1904/3564 3571/1964/3571 3570/1976/3570
f 3564/1904/3564 3565/1967/3565 3572/1966/3572 3571/1964/3571
f 3565/1967/3565 3566/1902/3566 3573/1968/3573 3572/1966/3572
f 3566/1902/3566 3567/1980/3567 3574/1970/3574 3573/1968/3573
f 3567/1980/3567 3568/1978/3568 3575/1972/3575 3574/1970/3574
f 3568/1978/3568 3569/1899/3569 3576/1974/3576 3575/1972/3575
f 3570/1976/3570 3571/1964/3571 3578/1904/3578 3577/1963/3577
f 3571/1964/3571 3572/1966/3572 3579/1967/3579 3578/1904/3578
f 3572/1966/3572 3573/1968/3573 3580/1969/3580 3579/1967/3579
f 3573/1968/3573 3574/1970/3574 3581/1971/3581 3580/1969/3580
f 3574/1970/3574 3575/1972/3575 3582/1973/3582 3581/1971/3581
f 3575/1972/3575 3576/1974/3576 3583/1975/3583 3582/1973/3582
f 3577/1963/3577 3578/1904/3578 3585/1964/3585 3584/1963/3584
f 3578/1904/3578 3579/1967/3579 3586/1966/3586 3585/1964/3585
f 3579/1967/3579 3580/1969/3580 3587/1902/3587 3586/1966/3586
f 3580/1969/3580 3581/1971/3581 3588/1977/3588 3587/1902/3587
f 3581/1971/3581 3582/1973/3582 3589/1978/3589 3588/1977/3588
f 3582/1973/3582 3583/1975/3583 3590/1979/3590 3589/1978/3589
f 37/283/37 608/1963/608 3542/1963/3542 686/1898/686
f 608/1963/608 607/1904/607 3543/1964/3543 3542/1963/3542
f 607/1904/607 606/1967/606 3544/1966/3544 3543/1964/3543
f 606/1967/606 605/1902/605 3545/1968/3545 3544/1966/3544
f 605/1902/605 604/1980/604 3546/1970/3546 3545/1968/3545
f 604/1980/604 603/1978/603 3547/1972/3547 3546/1970/3546
f 603/1978/603 602/1899/602 3548/1974/3548 3547/1972/3547
f 602/1899/602 40/1773/40 685/2040/685 3548/1974/3548
f 3548/1974/3548 685/2040/685 684/445/684 3555/1975/3555
f 3555/1975/3555 684/445/684 683/1781/683 3562/1979/3562
f 3562/1979/3562 683/1781/683 682/1782/682 3569/1899/3569
f 3569/1899/3569 682/1782/682 681/2041/681 3576/1974/3576
f 3576/1974/3576 681/2041/681 680/1773/680 3583/1975/3583
f 3583/1975/3583 680/1773/680 679/1773/679 3590/1979/3590
f 3590/1979/3590 679/1773/679 44/1780/44 658/1899/658
f 3589/1978/3589 3590/1979/3590 658/1899/658 659/1978/659
f 3588/1977/3588 3589/1978/3589 659/1978/659 660/1980/660
f 3587/1902/3587 3588/1977/3588 660/1980/660 661/1902/661
f 3586/1966/3586 3587/1902/3587 661/1902/661 662/1967/662
f 3585/1964/3585 3586/1966/3586 662/1967/662 663/1904/663
f 3584/1963/3584 3585/1964/3585 663/1904/663 664/1963/664
f 692/1981/692 3584/1963/3584 664/1963/664 41/283/41
f 691/1898/691 3577/1963/3577 3584/1963/3584 692/1981/692
f 690/1898/690 3570/1976/3570 3577/1963/3577 691/1898/691
f 689/1898/689 3563/1965/3563 3570/1976/3570 690/1898/690
f 688/1898/688 3556/1976/3556 3563/1965/3563 689/1898/689
f 687/1898/687 3549/1965/3549 3556/1976/3556 688/1898/688
f 686/1898/686 3542/1963/3542 3549/1965/3549 687/1898/687
f 3591/1963/3591 3592/1964/3592 3599/1904/3599 3598/1965/3598
f 3592/1964/3592 3593/1966/3593 3600/1967/3600 3599/1904/3599
f 3593/1966/3593 3594/1968/3594 3601/1969/3601 3600/1967/3600
f 3594/1968/3594 3595/1970/3595 3602/1971/3602 3601/1969/3601
f 3595/1970/3595 3596/1972/3596 3603/1973/3603 3602/1971/3602
f 3596/1972/3596 3597/1974/3597 3604/1975/3604 3603/1973/3603
f 3598/1965/3598 3599/1904/3599 3606/1964/3606 3605/1976/3605
f 3599/1904/3599 3600/1967/3600 3607/1966/3607 3606/1964/3606
f 3600/1967/3600 3601/1969/3601 3608/1902/3608 3607/1966/3607
f 3601/1969/3601 3602/1971/3602 3609/1977/3609 3608/1902/3608
f 3602/1971/3602 3603/1973/3603 3610/1978/3610 3609/1977/3609
f 3603/1973/3603 3604/1975/3604 3611/1979/3611 3610/1978/3610
f 3605/1976/3605 3606/1964/3606 3613/1904/3613 3612/1965/3612
f 3606/1964/3606 3607/1966/3607 3614/1967/3614 3613/1904/3613
f 3607/1966/3607 3608/1902/3608 3615/1902/3615 3614/1967/3614
f 3608/1902/3608 3609/1977/3609 3616/1980/3616 3615/1902/3615
f 3609/1977/3609 3610/1978/3610 3617/1978/3617 3616/1980/3616
f 3610/1978/3610 3611/1979/3611 3618/1899/3618 3617/1978/3617
f 3612/1965/3612 3613/1904/3613 3620/1964/3620 3619/1976/3619
f 3613/1904/3613 3614/1967/3614 3621/1966/3621 3620/1964/3620
f 3614/1967/3614 3615/1902/3615 3622/1968/3622 3621/1966/3621
f 3615/1902/3615 3616/1980/3616 3623/1970/3623 3622/1968/3622
f 3616/1980/3616 3617/1978/3617 3624/1972/3624 3623/1970/3623
f 3617/1978/3617 3618/1899/3618 3625/1974/3625 3624/1972/3624
f 3619/1976/3619 3620/1964/3620 3627/1904/3627 3626/1963/3626
f 3620/1964/3620 3621/1966/3621 3628/1967/3628 3627/1904/3627
f 3621/1966/3621 3622/1968/3622 3629/1969/3629 3628/1967/3628
f 3622/1968/3622 3623/1970/3623 3630/1971/3630 3629/1969/3629
f 3623/1970/3623 3624/1972/3624 3631/1973/3631 3630/1971/3630
f 3624/1972/3624 3625/1974/3625 3632/1975/3632 3631/1973/3631
f 3626/1963/3626 3627/1904/3627 3634/1964/3634 3633/1963/3633
f 3627/1904/3627 3628/1967/3628 3635/1966/3635 3634/1964/3634
f 3628/1967/3628 3629/1969/3629 3636/1902/3636 3635/1966/3635
f 3629/1969/3629 3630/1971/3630 3637/1977/3637 3636/1902/3636
f 3630/1971/3630 3631/1973/3631 3638/1978/3638 3637/1977/3637
f 3631/1973/3631 3632/1975/3632 3639/1979/3639 3638/1978/3638
f 45/283/45 720/1963/720 3591/1963/3591 1014/1898/1014
f 720/1963/720 719/1904/719 3592/1964/3592 3591/1963/3591
f 719/1904/719 718/1967/718 3593/1966/3593 3592/1964/3592
f 718/1967/718 717/1902/717 3594/1968/3594 3593/1966/3593
f 717/1902/717 716/1980/716 3595/1970/3595 3594/1968/3594
f 716/1980/716 715/1978/715 3596/1972/3596 3595/1970/3595
f 715/1978/715 714/1899/714 3597/1974/3597 3596/1972/3596
f 714/1899/714 48/1780/48 1001/445/1001 3597/1974/3597
f 3597/1974/3597 1001/445/1001 1002/1782/1002 3604/1975/3604
f 3604/1975/3604 1002/1782/1002 1003/1773/1003 3611/1979/3611
f 3611/1979/3611 1003/1773/1003 1004/1773/1004 3618/1899/3618
f 3618/1899/3618 1004/1773/1004 1005/445/1005 3625/1974/3625
f 3625/1974/3625 1005/445/1005 1006/1782/1006 3632/1975/3632
f 3632/1975/3632 1006/1782/1006 1007/1773/1007 3639/1979/3639
f 3639/1979/3639 1007/1773/1007 68/1773/68 994/1899/994
f 3638/1978/3638 3639/1979/3639 994/1899/994 995/1978/995
f 3637/1977/3637 3638/1978/3638 995/1978/995 996/1980/996
f 3636/1902/3636 3637/1977/3637 996/1980/996 997/1902/997
f 3635/1966/3635 3636/1902/3636 997/1902/997 998/1967/998
f 3634/1964/3634 3635/1966/3635 998/1967/998 999/1904/999
f 3633/1963/3633 3634/1964/3634 999/1904/999 1000/1963/1000
f 1008/1981/1008 3633/1963/3633 1000/1963/1000 65/283/65
f 1009/1898/1009 3626/1963/3626 3633/1963/3633 1008/1981/1008
f 1010/1898/1010 3619/1976/3619 3626/1963/3626 1009/1898/1009
f 1011/1898/1011 3612/1965/3612 3619/1976/3619 1010/1898/1010
f 1012/1898/1012 3605/1976/3605 3612/1965/3612 1011/1898/1011
f 1013/1898/1013 3598/1965/3598 3605/1976/3605 1012/1898/1012
f 1014/1898/1014 3591/1963/3591 3598/1965/3598 1013/1898/1013
f 3640/1982/3640 3641/1983/3641 3648/1984/3648 3647/1985/3647
f 3641/1983/3641 3642/1986/3642 3649/1987/3649 3648/1984/3648
f 3642/1986/3642 3643/1988/3643 3650/1838/3650 3649/1987/3649
f 3643/1988/3643 3644/1989/3644 3651/1837/3651 3650/1838/3650
f 3644/1989/3644 3645/1990/3645 3652/1990/3652 3651/1837/3651
f 3645/1990/3645 3646/1835/3646 3653/1991/3653 3652/1990/3652
f 3647/1985/3647 3648/1984/3648 3655/1840/3655 3654/1992/3654
f 3648/1984/3648 3649/1987/3649 3656/1839/3656 3655/1840/3655
f 3649/1987/3649 3650/1838/3650 3657/1988/3657 3656/1839/3656
f 3650/1838/3650 3651/1837/3651 3658/1989/3658 3657/1988/3657
f 3651/1837/3651 3652/1990/3652 3659/1836/3659 3658/1989/3658
f 3652/1990/3652 3653/1991/3653 3660/1993/3660 3659/1836/3659
f 3654/1992/3654 3655/1840/3655 3662/1994/3662 3661/1995/3661
f 3655/1840/3655 3656/1839/3656 3663/1839/3663 3662/1994/3662
f 3656/1839/3656 3657/1988/3657 3664/1838/3664 3663/1839/3663
f 3657/1988/3657 3658/1989/3658 3665/1837/3665 3664/1838/3664
f 3658/1989/3658 3659/1836/3659 3666/1990/3666 3665/1837/3665
f 3659/1836/3659 3660/1993/3660 3667/1991/3667 3666/1990/3666
f 3661/1995/3661 3662/1994/3662 3669/1983/3669 3668/1982/3668
f 3662/1994/3662 3663/1839/3663 3670/1986/3670 3669/1983/3669
f 3663/1839/3663 3664/1838/3664 3671/1988/3671 3670/1986/3670
f 3664/1838/3664 3665/1837/3665 3672/1989/3672 3671/1988/3671
f 3665/1837/3665 3666/1990/3666 3673/1836/3673 3672/1989/3672
f 3666/1990/3666 3667/1991/3667 3674/1993/3674 3673/1836/3673
f 3668/1982/3668 3669/1983/3669 3676/1984/3676 3675/1985/3675
f 3669/1983/3669 3670/1986/3670 3677/1987/3677 3676/1984/3676
f 3670/1986/3670 3671/1988/3671 3678/1838/3678 3677/1987/3677
f 3671/1988/3671 3672/1989/3672 3679/1837/3679 3678/1838/3678
f 3672/1989/3672 3673/1836/3673 3680/1990/3680 3679/1837/3679
f 3673/1836/3673 3674/1993/3674 3681/1835/3681 3680/1990/3680
f 3675/1985/3675 3676/1984/3676 3683/1840/3683 3682/1992/3682
f 3676/1984/3676 3677/1987/3677 3684/1839/3684 3683/1840/3683
f 3677/1987/3677 3678/1838/3678 3685/1988/3685 3684/1839/3684
f 3678/1838/3678 3679/1837/3679 3686/1989/3686 3685/1988/3685
f 3679/1837/3679 3680/1990/3680 3687/1990/3687 3686/1989/3686
f 3680/1990/3680 3681/1835/3681 3688/1996/3688 3687/1990/3687
f 64/1997/64 965/1995/965 3640/1982/3640 944/1998/944
f 965/1995/965 964/1994/964 3641/1983/3641 3640/1982/3640
f 964/1994/964 963/1839/963 3642/1986/3642 3641/1983/3641
f 963/1839/963 962/1838/962 3643/1988/3643 3642/1986/3642
f 962/1838/962 961/1837/961 3644/1989/3644 3643/1988/3643
f 961/1837/961 960/1990/960 3645/1990/3645 3644/1989/3644
f 960/1990/960 959/1999/959 3646/1835/3646 3645/1990/3645
f 959/1999/959 62/59/62 735/1833/735 3646/1835/3646
f 3646/1835/3646 735/1833/735 736/1833/736 3653/1991/3653
f 3653/1991/3653 736/1833/736 737/1833/737 3660/1993/3660
f 3660/1993/3660 737/1833/737 738/1833/738 3667/1991/3667
f 3667/1991/3667 738/1833/738 739/1833/739 3674/1993/3674
f 3674/1993/3674 739/1833/739 740/1833/740 3681/1835/3681
f 3681/1835/3681 740/1833/740 741/1833/741 3688/1996/3688
f 3688/1996/3688 741/1833/741 45/59/45 693/1999/693
f 3687/1990/3687 3688/1996/3688 693/1999/693 694/1990/694
f 3686/1989/3686 3687/1990/3687 694/1990/694 695/1837/695
f 3685/1988/3685 3686/1989/3686 695/1837/695 696/1838/696
f 3684/1839/3684 3685/1988/3685 696/1838/696 697/1839/697
f 3683/1840/3683 3684/1839/3684 697/1839/697 698/1994/698
f 3682/1992/3682 3683/1840/3683 698/1994/698 699/1995/699
f 938/2000/938 3682/1992/3682 699/1995/699 46/1997/46
f 939/2001/939 3675/1985/3675 3682/1992/3682 938/2000/938
f 940/1998/940 3668/1982/3668 3675/1985/3675 939/2001/939
f 941/1997/941 3661/1995/3661 3668/1982/3668 940/1998/940
f 942/2000/942 3654/1992/3654 3661/1995/3661 941/1997/941
f 943/2001/943 3647/1985/3647 3654/1992/3654 942/2000/942
f 944/1998/944 3640/1982/3640 3647/1985/3647 943/2001/943
f 3689/1963/3689 3690/1964/3690 3697/1904/3697 3696/1965/3696
f 3690/1964/3690 3691/1966/3691 3698/1967/3698 3697/1904/3697
f 3691/1966/3691 3692/1968/3692 3699/1969/3699 3698/1967/3698
f 3692/1968/3692 3693/1970/3693 3700/1971/3700 3699/1969/3699
f 3693/1970/3693 3694/1972/3694 3701/1973/3701 3700/1971/3700
f 3694/1972/3694 3695/1974/3695 3702/1975/3702 3701/1973/3701
f 3696/1965/3696 3697/1904/3697 3704/1964/3704 3703/1976/3703
f 3697/1904/3697 3698/1967/3698 3705/1966/3705 3704/1964/3704
f 3698/1967/3698 3699/1969/3699 3706/1902/3706 3705/1966/3705
f 3699/1969/3699 3700/1971/3700 3707/1977/3707 3706/1902/3706
f 3700/1971/3700 3701/1973/3701 3708/1978/3708 3707/1977/3707
f 3701/1973/3701 3702/1975/3702 3709/1979/3709 3708/1978/3708
f 3703/1976/3703 3704/1964/3704 3711/1904/3711 3710/1965/3710
f 3704/1964/3704 3705/1966/3705 3712/1967/3712 3711/1904/3711
f 3705/1966/3705 3706/1902/3706 3713/1902/3713 3712/1967/3712
f 3706/1902/3706 3707/1977/3707 3714/1980/3714 3713/1902/3713
f 3707/1977/3707 3708/1978/3708 3715/1978/3715 3714/1980/3714
f 3708/1978/3708 3709/1979/3709 3716/1899/3716 3715/1978/3715
f 3710/1965/3710 3711/1904/3711 3718/1964/3718 3717/1976/3717
f 3711/1904/3711 3712/1967/3712 3719/1966/3719 3718/1964/3718
f 3712/1967/3712 3713/1902/3713 3720/1968/3720 3719/1966/3719
f 3713/1902/3713 3714/1980/3714 3721/1970/3721 3720/1968/3720
f 3714/1980/3714 3715/1978/3715 3722/1972/3722 3721/1970/3721
f 3715/1978/3715 3716/1899/3716 3723/1974/3723 3722/1972/3722
f 3717/1976/3717 3718/1964/3718 3725/1904/3725 3724/1963/3724
f 3718/1964/3718 3719/1966/3719 3726/1967/3726 3725/1904/3725
f 3719/1966/3719 3720/1968/3720 3727/1969/3727 3726/1967/3726
f 3720/1968/3720 3721/1970/3721 3728/1971/3728 3727/1969/3727
f 3721/1970/3721 3722/1972/3722 3729/1973/3729 3728/1971/3728
f 3722/1972/3722 3723/1974/3723 3730/1975/3730 3729/1973/3729
f 3724/1963/3724 3725/1904/3725 3732/1964/3732 3731/1963/3731
f 3725/1904/3725 3726/1967/3726 3733/1966/3733 3732/1964/3732
f 3726/1967/3726 3727/1969/3727 3734/1902/3734 3733/1966/3733
f 3727/1969/3727 3728/1971/3728 3735/1977/3735 3734/1902/3734
f 3728/1971/3728 3729/1973/3729 3736/1978/3736 3735/1977/3735
f 3729/1973/3729 3730/1975/3730 3737/1979/3737 3736/1978/3736
f 62/283/62 958/1963/958 3689/1963/3689 735/1898/735
f 958/1963/958 957/1904/957 3690/1964/3690 3689/1963/3689
f 957/1904/957 956/1967/956 3691/1966/3691 3690/1964/3690
f 956/1967/956 955/1902/955 3692/1968/3692 3691/1966/3691
f 955/1902/955 954/1980/954 3693/1970/3693 3692/1968/3692
f 954/1980/954 953/1978/953 3694/1972/3694 3693/1970/3693
f 953/1978/953 952/1899/952 3695/1974/3695 3694/1972/3694
f 952/1899/952 63/1780/63 937/2040/937 3695/1974/3695
f 3695/1974/3695 937/2040/937 936/445/936 3702/1975/3702
f 3702/1975/3702 936/445/936 935/1781/935 3709/1979/3709
f 3709/1979/3709 935/1781/935 934/1782/934 3716/1899/3716
f 3716/1899/3716 934/1782/934 933/2041/933 3723/1974/3723
f 3723/1974/3723 933/2041/933 932/1773/932 3730/1975/3730
f 3730/1975/3730 932/1773/932 931/1773/931 3737/1979/3737
f 3737/1979/3737 931/1773/931 48/1780/48 714/1899/714
f 3736/1978/3736 3737/1979/3737 714/1899/714 715/1978/715
f 3735/1977/3735 3736/1978/3736 715/1978/715 716/1980/716
f 3734/1902/3734 3735/1977/3735 716/1980/716 717/1902/717
f 3733/1966/3733 3734/1902/3734 717/1902/717 718/1967/718
f 3732/1964/3732 3733/1966/3733 718/1967/718 719/1904/719
f 3731/1963/3731 3732/1964/3732 719/1904/719 720/1963/720
f 741/1981/741 3731/1963/3731 720/1963/720 45/283/45
f 740/1898/740 3724/1963/3724 3731/1963/3731 741/1981/741
f 739/1898/739 3717/1976/3717 3724/1963/3724 740/1898/740
f 738/1898/738 3710/1965/3710 3717/1976/3717 739/1898/739
f 737/1898/737 3703/1976/3703 3710/1965/3710 738/1898/738
f 736/1898/736 3696/1965/3696 3703/1976/3703 737/1898/737
f 735/1898/735 3689/1963/3689 3696/1965/3696 736/1898/736
f 3738/2002/3738 3739/2003/3739 3746/2004/3746 3745/2005/3745
f 3739/2003/3739 3740/2006/3740 3747/2007/3747 3746/2004/3746
f 3740/2006/3740 3741/2008/3741 3748/2009/3748 3747/2007/3747
f 3741/2008/3741 3742/2010/3742 3749/2011/3749 3748/2009/3748
f 3742/2010/3742 3743/2022/3743 3750/2013/3750 3749/2011/3749
f 3743/2022/3743 3744/2014/3744 3751/2015/3751 3750/2013/3750
f 3745/2005/3745 3746/2004/3746 3753/1961/3753 3752/1962/3752
f 3746/2004/3746 3747/2007/3747 3754/1960/3754 3753/1961/3753
f 3747/2007/3747 3748/2009/3748 3755/2017/3755 3754/1960/3754
f 3748/2009/3748 3749/2011/3749 3756/2018/3756 3755/2017/3755
f 3749/2011/3749 3750/2013/3750 3757/1957/3757 3756/2018/3756
f 3750/2013/3750 3751/2015/3751 3758/2014/3758 3757/1957/3757
f 3752/1962/3752 3753/1961/3753 3760/2019/3760 3759/2020/3759
f 3753/1961/3753 3754/1960/3754 3761/2006/3761 3760/2019/3760
f 3754/1960/3754 3755/2017/3755 3762/2008/3762 3761/2006/3761
f 3755/2017/3755 3756/2018/3756 3763/2021/3763 3762/2008/3762
f 3756/2018/3756 3757/1957/3757 3764/2022/3764 3763/2021/3763
f 3757/1957/3757 3758/2014/3758 3765/2023/3765 3764/2022/3764
f 3759/2020/3759 3760/2019/3760 3767/2024/3767 3766/2005/3766
f 3760/2019/3760 3761/2006/3761 3768/2025/3768 3767/2024/3767
f 3761/2006/3761 3762/2008/3762 3769/2017/3769 3768/2025/3768
f 3762/2008/3762 3763/2021/3763 3770/2026/3770 3769/2017/3769
f 3763/2021/3763 3764/2022/3764 3771/2013/3771 3770/2026/3770
f 3764/2022/3764 3765/2023/3765 3772/2015/3772 3771/2013/3771
f 3766/2005/3766 3767/2024/3767 3774/2033/3774 3773/2027/3773
f 3767/2024/3767 3768/2025/3768 3775/2025/3775 3774/2033/3774
f 3768/2025/3768 3769/2017/3769 3776/2017/3776 3775/2025/3775
f 3769/2017/3769 3770/2026/3770 3777/1958/3777 3776/2017/3776
f 3770/2026/3770 3771/2013/3771 3778/1957/3778 3777/1958/3777
f 3771/2013/3771 3772/2015/3772 3779/2014/3779 3778/1957/3778
f 3773/2027/3773 3774/2033/3774 3781/2019/3781 3780/2027/3780
f 3774/2033/3774 3775/2025/3775 3782/1960/3782 3781/2019/3781
f 3775/2025/3775 3776/2017/3776 3783/2028/3783 3782/1960/3782
f 3776/2017/3776 3777/1958/3777 3784/2021/3784 3783/2028/3783
f 3777/1958/3777 3778/1957/3778 3785/2029/3785 3784/2021/3784
f 3778/1957/3778 3779/2014/3779 3786/1956/3786 3785/2029/3785
f 61/1776/61 951/2016/951 3738/2002/3738 721/2034/721
f 951/2016/951 950/2032/950 3739/2003/3739 3738/2002/3738
f 950/2032/950 949/1960/949 3740/2006/3740 3739/2003/3739
f 949/1960/949 948/1959/948 3741/2008/3741 3740/2006/3740
f 948/1959/948 947/2018/947 3742/2010/3742 3741/2008/3741
f 947/2018/947 946/1957/946 3743/2022/3743 3742/2010/3742
f 946/1957/946 945/2014/945 3744/2014/3744 3743/2022/3743
f 945/2014/945 64/1997/64 944/1998/944 3744/2014/3744
f 3744/2014/3744 944/1998/944 943/2001/943 3751/2015/3751
f 3751/2015/3751 943/2001/943 942/2000/942 3758/2014/3758
f 3758/2014/3758 942/2000/942 941/1997/941 3765/2023/3765
f 3765/2023/3765 941/1997/941 940/1998/940 3772/2015/3772
f 3772/2015/3772 940/1998/940 939/2001/939 3779/2014/3779
f 3779/2014/3779 939/2001/939 938/2000/938 3786/1956/3786
f 3786/1956/3786 938/2000/938 46/1997/46 700/2014/700
f 3785/2029/3785 3786/1956/3786 700/2014/700 701/1957/701
f 3784/2021/3784 3785/2029/3785 701/1957/701 702/2018/702
f 3783/2028/3783 3784/2021/3784 702/2018/702 703/1959/703
f 3782/1960/3782 3783/2028/3783 703/1959/703 704/1960/704
f 3781/2019/3781 3782/1960/3782 704/1960/704 705/2032/705
f 3780/2027/3780 3781/2019/3781 705/2032/705 706/2016/706
f 727/1776/727 3780/2027/3780 706/2016/706 47/1776/47
f 726/1779/726 3773/2027/3773 3780/2027/3780 727/1776/727
f 725/1777/725 3766/2005/3766 3773/2027/3773 726/1779/726
f 724/1778/724 3759/2020/3759 3766/2005/3766 725/1777/725
f 723/2035/723 3752/1962/3752 3759/2020/3759 724/1778/724
f 722/1777/722 3745/2005/3745 3752/1962/3752 723/2035/723
f 721/2034/721 3738/2002/3738 3745/2005/3745 722/1777/722
f 3787/2027/3787 3788/2042/3788 3795/1961/3795 3794/2027/3794
f 3788/2042/3788 3789/2025/3789 3796/1960/3796 3795/1961/3795
f 3789/2025/3789 3790/2008/3790 3797/1959/3797 3796/1960/3796
f 3790/2008/3790 3791/2018/3791 3798/2010/3798 3797/1959/3797
f 3791/2018/3791 3792/2029/3792 3799/1957/3799 3798/2010/3798
f 3792/2029/3792 3793/2014/3793 3800/2014/3800 3799/1957/3799
f 3794/2027/3794 3795/1961/3795 3802/2043/3802 3801/2020/3801
f 3795/1961/3795 3796/1960/3796 3803/2044/3803 3802/2043/3802
f 3796/1960/3796 3797/1959/3797 3804/2045/3804 3803/2044/3803
f 3797/1959/3797 3798/2010/3798 3805/2046/3805 3804/2045/3804
f 3798/2010/3798 3799/1957/3799 3806/2047/3806 3805/2046/3805
f 3799/1957/3799 3800/2014/3800 3807/2048/3807 3806/2047/3806
f 3801/2020/3801 3802/2043/3802 3809/2019/3809 3808/2049/3808
f 3802/2043/3802 3803/2044/3803 3810/2050/3810 3809/2019/3809
f 3803/2044/3803 3804/2045/3804 3811/2051/3811 3810/2050/3810
f 3804/2045/3804 3805/2046/3805 3812/2052/3812 3811/2051/3811
f 3805/2046/3805 3806/2047/3806 3813/1957/3813 3812/2052/3812
f 3806/2047/3806 3807/2048/3807 3814/1956/3814 3813/1957/3813
f 3808/2049/3808 3809/2019/3809 3816/2053/3816 3815/2054/3815
f 3809/2019/3809 3810/2050/3810 3817/2007/3817 3816/2053/3816
f 3810/2050/3810 3811/2051/3811 3818/2055/3818 3817/2007/3817
f 3811/2051/3811 3812/2052/3812 3819/2056/3819 3818/2055/3818
f 3812/2052/3812 3813/1957/3813 3820/2013/3820 3819/2056/3819
f 3813/1957/3813 3814/1956/3814 3821/2015/3821 3820/2013/3820
f 3815/2054/3815 3816/2053/3816 3823/2042/3823 3822/1962/3822
f 3816/2053/3816 3817/2007/3817 3824/2044/3824 3823/2042/3823
f 3817/2007/3817 3818/2055/3818 3825/2045/3825 3824/2044/3824
f 3818/2055/3818 3819/2056/3819 3826/1958/3826 3825/2045/3825
f 3819/2056/3819 3820/2013/3820 3827/2012/3827 3826/1958/3826
f 3820/2013/3820 3821/2015/3821 3828/2048/3828 3827/2012/3827
f 3822/1962/3822 3823/2042/3823 3830/1961/3830 3829/2027/3829
f 3823/2042/3823 3824/2044/3824 3831/2050/3831 3830/1961/3830
f 3824/2044/3824 3825/2045/3825 3832/1959/3832 3831/2050/3831
f 3825/2045/3825 3826/1958/3826 3833/2021/3833 3832/1959/3832
f 3826/1958/3826 3827/2012/3827 3834/1957/3834 3833/2021/3833
f 3827/2012/3827 3828/2048/3828 3835/2014/3835 3834/1957/3834
f 55/2057/55 860/1962/860 3787/2027/3787 749/2058/749
f 860/1962/860 859/1961/859 3788/2042/3788 3787/2027/3787
f 859/1961/859 858/2025/858 3789/2025/3789 3788/2042/3788
f 858/2025/858 857/1959/857 3790/2008/3790 3789/2025/3789
f 857/1959/857 856/1958/856 3791/2018/3791 3790/2008/3790
f 856/1958/856 855/1957/855 3792/2029/3792 3791/2018/3791
f 855/1957/855 854/1956/854 3793/2014/3793 3792/2029/3792
f 854/1956/854 54/1843/54 818/2000/818 3793/2014/3793
f 3793/2014/3793 818/2000/818 817/2000/817 3800/2014/3800
f 3800/2014/3800 817/2000/817 816/2001/816 3807/2048/3807
f 3807/2048/3807 816/2001/816 815/1997/815 3814/1956/3814
f 3814/1956/3814 815/1997/815 814/1998/814 3821/2015/3821
f 3821/2015/3821 814/1998/814 813/2001/813 3828/2048/3828
f 3828/2048/3828 813/2001/813 812/2000/812 3835/2014/3835
f 3835/2014/3835 812/2000/812 52/1997/52 777/2014/777
f 3834/1957/3834 3835/2014/3835 777/2014/777 778/1957/778
f 3833/2021/3833 3834/1957/3834 778/1957/778 779/2018/779
f 3832/1959/3832 3833/2021/3833 779/2018/779 780/2031/780
f 3831/2050/3831 3832/1959/3832 780/2031/780 781/1960/781
f 3830/1961/3830 3831/2050/3831 781/1960/781 782/2030/782
f 3829/2027/3829 3830/1961/3830 782/2030/782 783/2016/783
f 755/1779/755 3829/2027/3829 783/2016/783 49/1776/49
f 754/1778/754 3822/1962/3822 3829/2027/3829 755/1779/755
f 753/436/753 3815/2054/3815 3822/1962/3822 754/1778/754
f 752/1779/752 3808/2049/3808 3815/2054/3815 753/436/753
f 751/2059/751 3801/2020/3801 3808/2049/3808 752/1779/752
f 750/1779/750 3794/2027/3794 3801/2020/3801 751/2059/751
f 749/2058/749 3787/2027/3787 3794/2027/3794 750/1779/750
f 3836/2060/3836 3837/2061/3837 3844/2062/3844 3843/2063/3843
f 3837/2061/3837 3838/1967/3838 3845/2064/3845 3844/2062/3844
f 3838/1967/3838 3839/2065/3839 3846/1902/3846 3845/2064/3845
f 3839/2065/3839 3840/1977/3840 3847/1977/3847 3846/1902/3846
f 3840/1977/3840 3841/1978/3841 3848/1978/3848 3847/1977/3847
f 3841/1978/3841 3842/1899/3842 3849/1899/3849 3848/1978/3848
f 3843/2063/3843 3844/2062/3844 3851/2066/3851 3850/2067/3850
f 3844/2062/3844 3845/2064/3845 3852/2064/3852 3851/2066/3851
f 3845/2064/3845 3846/1902/3846 3853/2068/3853 3852/2064/3852
f 3846/1902/3846 3847/1977/3847 3854/2069/3854 3853/2068/3853
f 3847/1977/3847 3848/1978/3848 3855/2070/3855 3854/2069/3854
f 3848/1978/3848 3849/1899/3849 3856/2071/3856 3855/2070/3855
f 3850/2067/3850 3851/2066/3851 3858/1904/3858 3857/1963/3857
f 3851/2066/3851 3852/2064/3852 3859/1967/3859 3858/1904/3858
f 3852/2064/3852 3853/2068/3853 3860/1902/3860 3859/1967/3859
f 3853/2068/3853 3854/2069/3854 3861/1980/3861 3860/1902/3860
f 3854/2069/3854 3855/2070/3855 3862/1978/3862 3861/1980/3861
f 3855/2070/3855 3856/2071/3856 3863/1899/3863 3862/1978/3862
f 3857/1963/3857 3858/1904/3858 3865/1964/3865 3864/1976/3864
f 3858/1904/3858 3859/1967/3859 3866/1966/3866 3865/1964/3865
f 3859/1967/3859 3860/1902/3860 3867/1968/3867 3866/1966/3866
f 3860/1902/3860 3861/1980/3861 3868/1970/3868 3867/1968/3867
f 3861/1980/3861 3862/1978/3862 3869/1972/3869 3868/1970/3868
f 3862/1978/3862 3863/1899/3863 3870/1974/3870 3869/1972/3869
f 3864/1976/3864 3865/1964/3865 3872/1904/3872 3871/1963/3871
f 3865/1964/3865 3866/1966/3866 3873/1967/3873 3872/1904/3872
f 3866/1966/3866 3867/1968/3867 3874/1969/3874 3873/1967/3873
f 3867/1968/3867 3868/1970/3868 3875/1971/3875 3874/1969/3874
f 3868/1970/3868 3869/1972/3869 3876/1973/3876 3875/1971/3875
f 3869/1972/3869 3870/1974/3870 3877/1975/3877 3876/1973/3876
f 3871/1963/3871 3872/1904/3872 3879/1964/3879 3878/1963/3878
f 3872/1904/3872 3873/1967/3873 3880/1966/3880 3879/1964/3879
f 3873/1967/3873 3874/1969/3874 3881/1902/3881 3880/1966/3880
f 3874/1969/3874 3875/1971/3875 3882/1977/3882 3881/1902/3881
f 3875/1971/3875 3876/1973/3876 3883/1978/3883 3882/1977/3882
f 3876/1973/3876 3877/1975/3877 3884/1979/3884 3883/1978/3883
f 56/283/56 853/2067/853 3836/2060/3836 763/1981/763
f 853/2067/853 852/2072/852 3837/2061/3837 3836/2060/3836
f 852/2072/852 851/1903/851 3838/1967/3838 3837/2061/3837
f 851/1903/851 850/1902/850 3839/2065/3839 3838/1967/3838
f 850/1902/850 849/1901/849 3840/1977/3840 3839/2065/3839
f 849/1901/849 848/1900/848 3841/1978/3841 3840/1977/3840
f 848/1900/848 847/2073/847 3842/1899/3842 3841/1978/3841
f 847/2073/847 53/1781/53 811/2040/811 3842/1899/3842
f 3842/1899/3842 811/2040/811 810/2074/810 3849/1899/3849
f 3849/1899/3849 810/2074/810 809/1782/809 3856/2071/3856
f 3856/2071/3856 809/1782/809 808/1773/808 3863/1899/3863
f 3863/1899/3863 808/1773/808 807/445/807 3870/1974/3870
f 3870/1974/3870 807/445/807 806/1782/806 3877/1975/3877
f 3877/1975/3877 806/1782/806 805/1773/805 3884/1979/3884
f 3884/1979/3884 805/1773/805 50/1773/50 784/1899/784
f 3883/1978/3883 3884/1979/3884 784/1899/784 785/1978/785
f 3882/1977/3882 3883/1978/3883 785/1978/785 786/1980/786
f 3881/1902/3881 3882/1977/3882 786/1980/786 787/1902/787
f 3880/1966/3880 3881/1902/3881 787/1902/787 788/1967/788
f 3879/1964/3879 3880/1966/3880 788/1967/788 789/1904/789
f 3878/1963/3878 3879/1964/3879 789/1904/789 790/1963/790
f 769/1981/769 3878/1963/3878 790/1963/790 51/283/51
f 768/1898/768 3871/1963/3871 3878/1963/3878 769/1981/769
f 767/1898/767 3864/1976/3864 3871/1963/3871 768/1898/768
f 766/1898/766 3857/1963/3857 3864/1976/3864 767/1898/767
f 765/283/765 3850/2067/3850 3857/1963/3857 766/1898/766
f 764/283/764 3843/2063/3843 3850/2067/3850 765/283/765
f 763/1981/763 3836/2060/3836 3843/2063/3843 764/283/764
f 3885/1841/3885 3886/2075/3886 3893/2076/3893 3892/1985/3892
f 3886/2075/3886 3887/1839/3887 3894/1839/3894 3893/2076/3893
f 3887/1839/3887 3888/2077/3888 3895/2078/3895 3894/1839/3894
f 3888/2077/3888 3889/2079/3889 3896/1837/3896 3895/2078/3895
f 3889/2079/3889 3890/2080/3890 3897/2081/3897 3896/1837/3896
f 3890/2080/3890 3891/1993/3891 3898/1835/3898 3897/2081/3897
f 3892/1985/3892 3893/2076/3893 3900/2075/3900 3899/2082/3899
f 3893/2076/3893 3894/1839/3894 3901/2083/3901 3900/2075/3900
f 3894/1839/3894 3895/2078/3895 3902/1838/3902 3901/2083/3901
f 3895/2078/3895 3896/1837/3896 3903/2084/3903 3902/1838/3902
f 3896/1837/3896 3897/2081/3897 3904/1990/3904 3903/2084/3903
f 3897/2081/3897 3898/1835/3898 3905/2085/3905 3904/1990/3904
f 3899/2082/3899 3900/2075/3900 3907/1994/3907 3906/1995/3906
f 3900/2075/3900 3901/2083/3901 3908/1839/3908 3907/1994/3907
f 3901/2083/3901 3902/1838/3902 3909/1838/3909 3908/1839/3908
f 3902/1838/3902 3903/2084/3903 3910/1837/3910 3909/1838/3909
f 3903/2084/3903 3904/1990/3904 3911/1990/3911 3910/1837/3910
f 3904/1990/3904 3905/2085/3905 3912/1991/3912 3911/1990/3911
f 3906/1995/3906 3907/1994/3907 3914/1983/3914 3913/1982/3913
f 3907/1994/3907 3908/1839/3908 3915/1986/3915 3914/1983/3914
f 3908/1839/3908 3909/1838/3909 3916/1988/3916 3915/1986/3915
f 3909/1838/3909 3910/1837/3910 3917/1989/3917 3916/1988/3916
f 3910/1837/3910 3911/1990/3911 3918/1836/3918 3917/1989/3917
f 3911/1990/3911 3912/1991/3912 3919/1993/3919 3918/1836/3918
f 3913/1982/3913 3914/1983/3914 3921/1984/3921 3920/1985/3920
f 3914/1983/3914 3915/1986/3915 3922/1987/3922 3921/1984/3921
f 3915/1986/3915 3916/1988/3916 3923/1838/3923 3922/1987/3922
f 3916/1988/3916 3917/1989/3917 3924/1837/3924 3923/1838/3923
f 3917/1989/3917 3918/1836/3918 3925/1990/3925 3924/1837/3924
f 3918/1836/3918 3919/1993/3919 3926/1835/3926 3925/1990/3925
f 3920/1985/3920 3921/1984/3921 3928/1840/3928 3927/1992/3927
f 3921/1984/3921 3922/1987/3922 3929/1839/3929 3928/1840/3928
f 3922/1987/3922 3923/1838/3923 3930/1988/3930 3929/1839/3929
f 3923/1838/3923 3924/1837/3924 3931/1989/3931 3930/1988/3930
f 3924/1837/3924 3925/1990/3925 3932/1990/3932 3931/1989/3931
f 3925/1990/3925 3926/1835/3926 3933/2086/3933 3932/1990/3932
f 54/1843/54 846/1841/846 3885/1841/3885 818/2000/818
f 846/1841/846 845/1840/845 3886/2075/3886 3885/1841/3885
f 845/1840/845 844/1839/844 3887/1839/3887 3886/2075/3886
f 844/1839/844 843/1838/843 3888/2077/3888 3887/1839/3887
f 843/1838/843 842/2084/842 3889/2079/3889 3888/2077/3888
f 842/2084/842 841/2080/841 3890/2080/3890 3889/2079/3889
f 841/2080/841 840/1993/840 3891/1993/3891 3890/2080/3890
f 840/1993/840 56/59/56 763/1833/763 3891/1993/3891
f 3891/1993/3891 763/1833/763 764/59/764 3898/1835/3898
f 3898/1835/3898 764/59/764 765/59/765 3905/2085/3905
f 3905/2085/3905 765/59/765 766/1833/766 3912/1991/3912
f 3912/1991/3912 766/1833/766 767/1833/767 3919/1993/3919
f 3919/1993/3919 767/1833/767 768/1833/768 3926/1835/3926
f 3926/1835/3926 768/1833/768 769/1833/769 3933/2086/3933
f 3933/2086/3933 769/1833/769 51/59/51 791/1999/791
f 3932/1990/3932 3933/2086/3933 791/1999/791 792/1990/792
f 3931/1989/3931 3932/1990/3932 792/1990/792 793/1837/793
f 3930/1988/3930 3931/1989/3931 793/1837/793 794/1838/794
f 3929/1839/3929 3930/1988/3930 794/1838/794 795/1839/795
f 3928/1840/3928 3929/1839/3929 795/1839/795 796/1994/796
f 3927/1992/3927 3928/1840/3928 796/1994/796 797/1995/797
f 812/2000/812 3927/1992/3927 797/1995/797 52/1997/52
f 813/2001/813 3920/1985/3920 3927/1992/3927 812/2000/812
f 814/1998/814 3913/1982/3913 3920/1985/3920 813/2001/813
f 815/1997/815 3906/1995/3906 3913/1982/3913 814/1998/814
f 816/2001/816 3899/2082/3899 3906/1995/3906 815/1997/815
f 817/2000/817 3892/1985/3892 3899/2082/3899 816/2001/816
f 818/2000/818 3885/1841/3885 3892/1985/3892 817/2000/817
f 3934/2087/3934 3935/2088/3935 3942/442/3942 3941/443/3941
f 3935/2088/3935 3936/441/3936 3943/2089/3943 3942/442/3942
f 3936/441/3936 3937/2090/3937 3944/2091/3944 3943/2089/3943
f 3937/2090/3937 3938/1767/3938 3945/439/3945 3944/2091/3944
f 3938/1767/3938 3939/438/3939 3946/438/3946 3945/439/3945
f 3939/438/3939 3940/2092/3940 3947/1775/3947 3946/438/3946
f 3941/443/3941 3942/442/3942 3949/2093/3949 3948/2094/3948
f 3942/442/3942 3943/2089/3943 3950/1753/3950 3949/2093/3949
f 3943/2089/3943 3944/2091/3944 3951/2090/3951 3950/1753/3950
f 3944/2091/3944 3945/439/3945 3952/2095/3952 3951/2090/3951
f 3945/439/3945 3946/438/3946 3953/2096/3953 3952/2095/3952
f 3946/438/3946 3947/1775/3947 3954/1764/3954 3953/2096/3953
f 3948/2094/3948 3949/2093/3949 3956/2097/3956 3955/2098/3955
f 3949/2093/3949 3950/1753/3950 3957/2099/3957 3956/2097/3956
f 3950/1753/3950 3951/2090/3951 3958/440/3958 3957/2099/3957
f 3951/2090/3951 3952/2095/3952 3959/2100/3959 3958/440/3958
f 3952/2095/3952 3953/2096/3953 3960/438/3960 3959/2100/3959
f 3953/2096/3953 3954/1764/3954 3961/1775/3961 3960/438/3960
f 3955/2098/3955 3956/2097/3956 3963/1751/3963 3962/2101/3962
f 3956/2097/3956 3957/2099/3957 3964/1766/3964 3963/1751/3963
f 3957/2099/3957 3958/440/3958 3965/1756/3965 3964/1766/3964
f 3958/440/3958 3959/2100/3959 3966/1767/3966 3965/1756/3965
f 3959/2100/3959 3960/438/3960 3967/1759/3967 3966/1767/3966
f 3960/438/3960 3961/1775/3961 3968/1760/3968 3967/1759/3967
f 3962/2101/3962 3963/1751/3963 3970/2102/3970 3969/443/3969
f 3963/1751/3963 3964/1766/3964 3971/1753/3971 3970/2102/3970
f 3964/1766/3964 3965/1756/3965 3972/2090/3972 3971/1753/3971
f 3965/1756/3965 3966/1767/3966 3973/1770/3973 3972/2090/3972
f 3966/1767/3966 3967/1759/3967 3974/1758/3974 3973/1770/3973
f 3967/1759/3967 3968/1760/3968 3975/2103/3975 3974/1758/3974
f 3969/443/3969 3970/2102/3970 3977/442/3977 3976/2087/3976
f 3970/2102/3970 3971/1753/3971 3978/441/3978 3977/442/3977
f 3971/1753/3971 3972/2090/3972 3979/440/3979 3978/441/3978
f 3972/2090/3972 3973/1770/3973 3980/439/3980 3979/440/3979
f 3973/1770/3973 3974/1758/3974 3981/438/3981 3980/439/3980
f 3974/1758/3974 3975/2103/3975 3982/1775/3982 3981/438/3981
f 53/1781/53 839/2104/839 3934/2087/3934 811/2040/811
f 839/2104/839 838/2105/838 3935/2088/3935 3934/2087/3934
f 838/2105/838 837/2089/837 3936/441/3936 3935/2088/3935
f 837/2089/837 836/440/836 3937/2090/3937 3936/441/3936
f 836/440/836 835/1767/835 3938/1767/3938 3937/2090/3937
f 835/1767/835 834/438/834 3939/438/3939 3938/1767/3938
f 834/438/834 833/1760/833 3940/2092/3940 3939/438/3939
f 833/1760/833 55/2057/55 749/2058/749 3940/2092/3940
f 3940/2092/3940 749/2058/749 750/1779/750 3947/1775/3947
f 3947/1775/3947 750/1779/750 751/2059/751 3954/1764/3954
f 3954/1764/3954 751/2059/751 752/1779/752 3961/1775/3961
f 3961/1775/3961 752/1779/752 753/436/753 3968/1760/3968
f 3968/1760/3968 753/436/753 754/1778/754 3975/2103/3975
f 3975/2103/3975 754/1778/754 755/1779/755 3982/1775/3982
f 3982/1775/3982 755/1779/755 49/1776/49 798/1775/798
f 3981/438/3981 3982/1775/3982 798/1775/798 799/1771/799
f 3980/439/3980 3981/438/3981 799/1771/799 800/439/800
f 3979/440/3979 3980/439/3980 800/439/800 801/440/801
f 3978/441/3978 3979/440/3979 801/440/801 802/441/802
f 3977/442/3977 3978/441/3978 802/441/802 803/1774/803
f 3976/2087/3976 3977/442/3977 803/1774/803 804/1761/804
f 805/1773/805 3976/2087/3976 804/1761/804 50/1773/50
f 806/1782/806 3969/443/3969 3976/2087/3976 805/1773/805
f 807/445/807 3962/2101/3962 3969/443/3969 806/1782/806
f 808/1773/808 3955/2098/3955 3962/2101/3962 807/445/807
f 809/1782/809 3948/2094/3948 3955/2098/3955 808/1773/808
f 810/2074/810 3941/443/3941 3948/2094/3948 809/1782/809
f 811/2040/811 3934/2087/3934 3941/443/3941 810/2074/810
f 3983/2087/3983 3984/2102/3984 3991/442/3991 3990/443/3990
f 3984/2102/3984 3985/2099/3985 3992/2089/3992 3991/442/3991
f 3985/2099/3985 3986/2090/3986 3993/2091/3993 3992/2089/3992
f 3986/2090/3986 3987/439/3987 3994/439/3994 3993/2091/3993
f 3987/439/3987 3988/438/3988 3995/438/3995 3994/439/3994
f 3988/438/3988 3989/1775/3989 3996/1775/3996 3995/438/3995
f 3990/443/3990 3991/442/3991 3998/2093/3998 3997/2094/3997
f 3991/442/3991 3992/2089/3992 3999/1753/3999 3998/2093/3998
f 3992/2089/3992 3993/2091/3993 4000/2090/4000 3999/1753/3999
f 3993/2091/3993 3994/439/3994 4001/2095/4001 4000/2090/4000
f 3994/439/3994 3995/438/3995 4002/2096/4002 4001/2095/4001
f 3995/438/3995 3996/1775/3996 4003/1764/4003 4002/2096/4002
f 3997/2094/3997 3998/2093/3998 4005/442/4005 4004/443/4004
f 3998/2093/3998 3999/1753/3999 4006/2089/4006 4005/442/4005
f 3999/1753/3999 4000/2090/4000 4007/2091/4007 4006/2089/4006
f 4000/2090/4000 4001/2095/4001 4008/439/4008 4007/2091/4007
f 4001/2095/4001 4002/2096/4002 4009/438/4009 4008/439/4008
f 4002/2096/4002 4003/1764/4003 4010/1775/4010 4009/438/4009
f 4004/443/4004 4005/442/4005 4012/2093/4012 4011/2094/4011
f 4005/442/4005 4006/2089/4006 4013/1753/4013 4012/2093/4012
f 4006/2089/4006 4007/2091/4007 4014/2090/4014 4013/1753/4013
f 4007/2091/4007 4008/439/4008 4015/2095/4015 4014/2090/4014
f 4008/439/4008 4009/438/4009 4016/2096/4016 4015/2095/4015
f 4009/438/4009 4010/1775/4010 4017/1764/4017 4016/2096/4016
f 4011/2094/4011 4012/2093/4012 4019/442/4019 4018/2087/4018
f 4012/2093/4012 4013/1753/4013 4020/2089/4020 4019/442/4019
f 4013/1753/4013 4014/2090/4014 4021/2091/4021 4020/2089/4020
f 4014/2090/4014 4015/2095/4015 4022/439/4022 4021/2091/4021
f 4015/2095/4015 4016/2096/4016 4023/438/4023 4022/439/4022
f 4016/2096/4016 4017/1764/4017 4024/1775/4024 4023/438/4023
f 4018/2087/4018 4019/442/4019 4026/442/4026 4025/2087/4025
f 4019/442/4019 4020/2089/4020 4027/1766/4027 4026/442/4026
f 4020/2089/4020 4021/2091/4021 4028/440/4028 4027/1766/4027
f 4021/2091/4021 4022/439/4022 4029/1757/4029 4028/440/4028
f 4022/439/4022 4023/438/4023 4030/2039/4030 4029/1757/4029
f 4023/438/4023 4024/1775/4024 4031/2106/4031 4030/2039/4030
f 32/445/32 489/443/489 3983/2087/3983 566/2040/566
f 489/443/489 488/442/488 3984/2102/3984 3983/2087/3983
f 488/442/488 487/441/487 3985/2099/3985 3984/2102/3984
f 487/441/487 486/440/486 3986/2090/3986 3985/2099/3985
f 486/440/486 485/439/485 3987/439/3987 3986/2090/3986
f 485/439/485 484/438/484 3988/438/3988 3987/439/3987
f 484/438/484 483/437/483 3989/1775/3989 3988/438/3988
f 483/437/483 31/436/31 819/1776/819 3989/1775/3989
f 3989/1775/3989 819/1776/819 820/1779/820 3996/1775/3996
f 3996/1775/3996 820/1779/820 821/1778/821 4003/1764/4003
f 4003/1764/4003 821/1778/821 822/1779/822 4010/1775/4010
f 4010/1775/4010 822/1779/822 823/1778/823 4017/1764/4017
f 4017/1764/4017 823/1778/823 824/1777/824 4024/1775/4024
f 4024/1775/4024 824/1777/824 825/436/825 4031/2106/4031
f 4031/2106/4031 825/436/825 55/2057/55 833/1760/833
f 4030/2039/4030 4031/2106/4031 833/1760/833 834/438/834
f 4029/1757/4029 4030/2039/4030 834/438/834 835/1767/835
f 4028/440/4028 4029/1757/4029 835/1767/835 836/440/836
f 4027/1766/4027 4028/440/4028 836/440/836 837/2089/837
f 4026/442/4026 4027/1766/4027 837/2089/837 838/2105/838
f 4025/2087/4025 4026/442/4026 838/2105/838 839/2104/839
f 560/1782/560 4025/2087/4025 839/2104/839 53/1781/53
f 561/2040/561 4018/2087/4018 4025/2087/4025 560/1782/560
f 562/1782/562 4011/2094/4011 4018/2087/4018 561/2040/561
f 563/2074/563 4004/443/4004 4011/2094/4011 562/1782/562
f 564/1782/564 3997/2094/3997 4004/443/4004 563/2074/563
f 565/2074/565 3990/443/3990 3997/2094/3997 564/1782/564
f 566/2040/566 3983/2087/3983 3990/443/3990 565/2074/565
f 4032/1841/4032 4033/2075/4033 4040/2076/4040 4039/1985/4039
f 4033/2075/4033 4034/1839/4034 4041/1839/4041 4040/2076/4040
f 4034/1839/4034 4035/2077/4035 4042/2078/4042 4041/1839/4041
f 4035/2077/4035 4036/2079/4036 4043/1837/4043 4042/2078/4042
f 4036/2079/4036 4037/1990/4037 4044/2081/4044 4043/1837/4043
f 4037/1990/4037 4038/1993/4038 4045/2107/4045 4044/2081/4044
f 4039/1985/4039 4040/2076/4040 4047/2075/4047 4046/2082/4046
f 4040/2076/4040 4041/1839/4041 4048/2083/4048 4047/2075/4047
f 4041/1839/4041 4042/2078/4042 4049/1838/4049 4048/2083/4048
f 4042/2078/4042 4043/1837/4043 4050/2079/4050 4049/1838/4049
f 4043/1837/4043 4044/2081/4044 4051/1990/4051 4050/2079/4050
f 4044/2081/4044 4045/2107/4045 4052/2108/4052 4051/1990/4051
f 4046/2082/4046 4047/2075/4047 4054/2076/4054 4053/1985/4053
f 4047/2075/4047 4048/2083/4048 4055/1839/4055 4054/2076/4054
f 4048/2083/4048 4049/1838/4049 4056/1838/4056 4055/1839/4055
f 4049/1838/4049 4050/2079/4050 4057/2079/4057 4056/1838/4056
f 4050/2079/4050 4051/1990/4051 4058/2109/4058 4057/2079/4057
f 4051/1990/4051 4052/2108/4052 4059/1835/4059 4058/2109/4058
f 4053/1985/4053 4054/2076/4054 4061/2075/4061 4060/2082/4060
f 4054/2076/4054 4055/1839/4055 4062/2083/4062 4061/2075/4061
f 4055/1839/4055 4056/1838/4056 4063/2110/4063 4062/2083/4062
f 4056/1838/4056 4057/2079/4057 4064/2084/4064 4063/2110/4063
f 4057/2079/4057 4058/2109/4058 4065/2109/4065 4064/2084/4064
f 4058/2109/4058 4059/1835/4059 4066/1993/4066 4065/2109/4065
f 4060/2082/4060 4061/2075/4061 4068/2076/4068 4067/1841/4067
f 4061/2075/4061 4062/2083/4062 4069/1839/4069 4068/2076/4068
f 4062/2083/4062 4063/2110/4063 4070/1838/4070 4069/1839/4069
f 4063/2110/4063 4064/2084/4064 4071/2111/4071 4070/1838/4070
f 4064/2084/4064 4065/2109/4065 4072/2081/4072 4071/2111/4071
f 4065/2109/4065 4066/1993/4066 4073/1993/4073 4072/2081/4072
f 4067/1841/4067 4068/2076/4068 4075/1994/4075 4074/1841/4074
f 4068/2076/4068 4069/1839/4069 4076/1986/4076 4075/1994/4075
f 4069/1839/4069 4070/1838/4070 4077/1838/4077 4076/1986/4076
f 4070/1838/4070 4071/2111/4071 4078/2079/4078 4077/1838/4077
f 4071/2111/4071 4072/2081/4072 4079/2080/4079 4078/2079/4078
f 4072/2081/4072 4073/1993/4073 4080/1993/4080 4079/2080/4079
f 30/1843/30 475/1841/475 4032/1841/4032 580/2000/580
f 475/1841/475 474/1840/474 4033/2075/4033 4032/1841/4032
f 474/1840/474 473/1839/473 4034/1839/4034 4033/2075/4033
f 473/1839/473 472/1838/472 4035/2077/4035 4034/1839/4034
f 472/1838/472 471/1837/471 4036/2079/4036 4035/2077/4035
f 471/1837/471 470/1836/470 4037/1990/4037 4036/2079/4036
f 470/1836/470 469/1835/469 4038/1993/4038 4037/1990/4037
f 469/1835/469 29/1833/29 826/1833/826 4038/1993/4038
f 4038/1993/4038 826/1833/826 827/1833/827 4045/2107/4045
f 4045/2107/4045 827/1833/827 828/1833/828 4052/2108/4052
f 4052/2108/4052 828/1833/828 829/1833/829 4059/1835/4059
f 4059/1835/4059 829/1833/829 830/59/830 4066/1993/4066
f 4066/1993/4066 830/59/830 831/59/831 4073/1993/4073
f 4073/1993/4073 831/59/831 832/59/832 4080/1993/4080
f 4080/1993/4080 832/59/832 56/59/56 840/1993/840
f 4079/2080/4079 4080/1993/4080 840/1993/840 841/2080/841
f 4078/2079/4078 4079/2080/4079 841/2080/841 842/2084/842
f 4077/1838/4077 4078/2079/4078 842/2084/842 843/1838/843
f 4076/1986/4076 4077/1838/4077 843/1838/843 844/1839/844
f 4075/1994/4075 4076/1986/4076 844/1839/844 845/1840/845
f 4074/1841/4074 4075/1994/4075 845/1840/845 846/1841/846
f 574/2001/574 4074/1841/4074 846/1841/846 54/1843/54
f 575/2000/575 4067/1841/4067 4074/1841/4074 574/2001/574
f 576/2001/576 4060/2082/4060 4067/1841/4067 575/2000/575
f 577/2000/577 4053/1985/4053 4060/2082/4060 576/2001/576
f 578/2001/578 4046/2082/4046 4053/1985/4053 577/2000/577
f 579/2000/579 4039/1985/4039 4046/2082/4046 578/2001/578
f 580/2000/580 4032/1841/4032 4039/1985/4039 579/2000/579
f 4081/2112/4081 4082/2061/4082 4089/2062/4089 4088/2113/4088
f 4082/2061/4082 4083/1967/4083 4090/1967/4090 4089/2062/4089
f 4083/1967/4083 4084/2065/4084 4091/1902/4091 4090/1967/4090
f 4084/2065/4084 4085/1971/4085 4092/1977/4092 4091/1902/4091
f 4085/1971/4085 4086/1978/4086 4093/1978/4093 4092/1977/4092
f 4086/1978/4086 4087/1899/4087 4094/1899/4094 4093/1978/4093
f 4088/2113/4088 4089/2062/4089 4096/2066/4096 4095/1905/4095
f 4089/2062/4089 4090/1967/4090 4097/2064/4097 4096/2066/4096
f 4090/1967/4090 4091/1902/4091 4098/2068/4098 4097/2064/4097
f 4091/1902/4091 4092/1977/4092 4099/2069/4099 4098/2068/4098
f 4092/1977/4092 4093/1978/4093 4100/2070/4100 4099/2069/4099
f 4093/1978/4093 4094/1899/4094 4101/2071/4101 4100/2070/4100
f 4095/1905/4095 4096/2066/4096 4103/2114/4103 4102/2063/4102
f 4096/2066/4096 4097/2064/4097 4104/1967/4104 4103/2114/4103
f 4097/2064/4097 4098/2068/4098 4105/1902/4105 4104/1967/4104
f 4098/2068/4098 4099/2069/4099 4106/1977/4106 4105/1902/4105
f 4099/2069/4099 4100/2070/4100 4107/1978/4107 4106/1977/4106
f 4100/2070/4100 4101/2071/4101 4108/1899/4108 4107/1978/4107
f 4102/2063/4102 4103/2114/4103 4110/1904/4110 4109/1905/4109
f 4103/2114/4103 4104/1967/4104 4111/1903/4111 4110/1904/4110
f 4104/1967/4104 4105/1902/4105 4112/2068/4112 4111/1903/4111
f 4105/1902/4105 4106/1977/4106 4113/2069/4113 4112/2068/4112
f 4106/1977/4106 4107/1978/4107 4114/2070/4114 4113/2069/4113
f 4107/1978/4107 4108/1899/4108 4115/2071/4115 4114/2070/4114
f 4109/1905/4109 4110/1904/4110 4117/2115/4117 4116/1976/4116
f 4110/1904/4110 4111/1903/4111 4118/2116/4118 4117/2115/4117
f 4111/1903/4111 4112/2068/4112 4119/2117/4119 4118/2116/4118
f 4112/2068/4112 4113/2069/4113 4120/1977/4120 4119/2117/4119
f 4113/2069/4113 4114/2070/4114 4121/1978/4121 4120/1977/4120
f 4114/2070/4114 4115/2071/4115 4122/1899/4122 4121/1978/4121
f 4116/1976/4116 4117/2115/4117 4124/2115/4124 4123/2112/4123
f 4117/2115/4117 4118/2116/4118 4125/2064/4125 4124/2115/4124
f 4118/2116/4118 4119/2117/4119 4126/2118/4126 4125/2064/4125
f 4119/2117/4119 4120/1977/4120 4127/2119/4127 4126/2118/4126
f 4120/1977/4120 4121/1978/4121 4128/1978/4128 4127/2119/4127
f 4121/1978/4121 4122/1899/4122 4129/1974/4129 4128/1978/4128
f 29/1898/29 496/1905/496 4081/2112/4081 826/1898/826
f 496/1905/496 495/1904/495 4082/2061/4082 4081/2112/4081
f 495/1904/495 494/1903/494 4083/1967/4083 4082/2061/4082
f 494/1903/494 493/1902/493 4084/2065/4084 4083/1967/4083
f 493/1902/493 492/1901/492 4085/1971/4085 4084/2065/4084
f 492/1901/492 491/1900/491 4086/1978/4086 4085/1971/4085
f 491/1900/491 490/1899/490 4087/1899/4087 4086/1978/4086
f 490/1899/490 32/445/32 566/2040/566 4087/1899/4087
f 4087/1899/4087 566/2040/566 565/2074/565 4094/1899/4094
f 4094/1899/4094 565/2074/565 564/1782/564 4101/2071/4101
f 4101/2071/4101 564/1782/564 563/2074/563 4108/1899/4108
f 4108/1899/4108 563/2074/563 562/1782/562 4115/2071/4115
f 4115/2071/4115 562/1782/562 561/2040/561 4122/1899/4122
f 4122/1899/4122 561/2040/561 560/1782/560 4129/1974/4129
f 4129/1974/4129 560/1782/560 53/1781/53 847/2073/847
f 4128/1978/4128 4129/1974/4129 847/2073/847 848/1900/848
f 4127/2119/4127 4128/1978/4128 848/1900/848 849/1901/849
f 4126/2118/4126 4127/2119/4127 849/1901/849 850/1902/850
f 4125/2064/4125 4126/2118/4126 850/1902/850 851/1903/851
f 4124/2115/4124 4125/2064/4125 851/1903/851 852/2072/852
f 4123/2112/4123 4124/2115/4124 852/2072/852 853/2067/853
f 832/283/832 4123/2112/4123 853/2067/853 56/283/56
f 831/283/831 4116/1976/4116 4123/2112/4123 832/283/832
f 830/283/830 4109/1905/4109 4116/1976/4116 831/283/831
f 829/1898/829 4102/2063/4102 4109/1905/4109 830/283/830
f 828/1898/828 4095/1905/4095 4102/2063/4102 829/1898/829
f 827/1898/827 4088/2113/4088 4095/1905/4095 828/1898/828
f 826/1898/826 4081/2112/4081 4088/2113/4088 827/1898/827
f 4130/2027/4130 4131/2043/4131 4138/1961/4138 4137/2027/4137
f 4131/2043/4131 4132/1960/4132 4139/1960/4139 4138/1961/4138
f 4132/1960/4132 4133/2045/4133 4140/1959/4140 4139/1960/4139
f 4133/2045/4133 4134/2018/4134 4141/2010/4141 4140/1959/4140
f 4134/2018/4134 4135/2029/4135 4142/1957/4142 4141/2010/4141
f 4135/2029/4135 4136/2014/4136 4143/2014/4143 4142/1957/4142
f 4137/2027/4137 4138/1961/4138 4145/2043/4145 4144/2020/4144
f 4138/1961/4138 4139/1960/4139 4146/2044/4146 4145/2043/4145
f 4139/1960/4139 4140/1959/4140 4147/2045/4147 4146/2044/4146
f 4140/1959/4140 4141/2010/4141 4148/2046/4148 4147/2045/4147
f 4141/2010/4141 4142/1957/4142 4149/2047/4149 4148/2046/4148
f 4142/1957/4142 4143/2014/4143 4150/2048/4150 4149/2047/4149
f 4144/2020/4144 4145/2043/4145 4152/1961/4152 4151/2027/4151
f 4145/2043/4145 4146/2044/4146 4153/1960/4153 4152/1961/4152
f 4146/2044/4146 4147/2045/4147 4154/1959/4154 4153/1960/4153
f 4147/2045/4147 4148/2046/4148 4155/2010/4155 4154/1959/4154
f 4148/2046/4148 4149/2047/4149 4156/1957/4156 4155/2010/4155
f 4149/2047/4149 4150/2048/4150 4157/2014/4157 4156/1957/4156
f 4151/2027/4151 4152/1961/4152 4159/2042/4159 4158/2020/4158
f 4152/1961/4152 4153/1960/4153 4160/2044/4160 4159/2042/4159
f 4153/1960/4153 4154/1959/4154 4161/2045/4161 4160/2044/4160
f 4154/1959/4154 4155/2010/4155 4162/2046/4162 4161/2045/4161
f 4155/2010/4155 4156/1957/4156 4163/2047/4163 4162/2046/4162
f 4156/1957/4156 4157/2014/4157 4164/2048/4164 4163/2047/4163
f 4158/2020/4158 4159/2042/4159 4166/2024/4166 4165/2027/4165
f 4159/2042/4159 4160/2044/4160 4167/1960/4167 4166/2024/4166
f 4160/2044/4160 4161/2045/4161 4168/1959/4168 4167/1960/4167
f 4161/2045/4161 4162/2046/4162 4169/2010/4169 4168/1959/4168
f 4162/2046/4162 4163/2047/4163 4170/2029/4170 4169/2010/4169
f 4163/2047/4163 4164/2048/4164 4171/2014/4171 4170/2029/4170
f 4165/2027/4165 4166/2024/4166 4173/2024/4173 4172/2005/4172
f 4166/2024/4166 4167/1960/4167 4174/2025/4174 4173/2024/4173
f 4167/1960/4167 4168/1959/4168 4175/2009/4175 4174/2025/4174
f 4168/1959/4168 4169/2010/4169 4176/2011/4176 4175/2009/4175
f 4169/2010/4169 4170/2029/4170 4177/2029/4177 4176/2011/4176
f 4170/2029/4170 4171/2014/4171 4178/2120/4178 4177/2029/4177
f 31/436/31 482/1962/482 4130/2027/4130 819/1776/819
f 482/1962/482 481/1961/481 4131/2043/4131 4130/2027/4130
f 481/1961/481 480/1960/480 4132/1960/4132 4131/2043/4131
f 480/1960/480 479/1959/479 4133/2045/4133 4132/1960/4132
f 479/1959/479 478/1958/478 4134/2018/4134 4133/2045/4133
f 478/1958/478 477/1957/477 4135/2029/4135 4134/2018/4134
f 477/1957/477 476/1956/476 4136/2014/4136 4135/2029/4135
f 476/1956/476 30/1843/30 580/2000/580 4136/2014/4136
f 4136/2014/4136 580/2000/580 579/2000/579 4143/2014/4143
f 4143/2014/4143 579/2000/579 578/2001/578 4150/2048/4150
f 4150/2048/4150 578/2001/578 577/2000/577 4157/2014/4157
f 4157/2014/4157 577/2000/577 576/2001/576 4164/2048/4164
f 4164/2048/4164 576/2001/576 575/2000/575 4171/2014/4171
f 4171/2014/4171 575/2000/575 574/2001/574 4178/2120/4178
f 4178/2120/4178 574/2001/574 54/1843/54 854/1956/854
f 4177/2029/4177 4178/2120/4178 854/1956/854 855/1957/855
f 4176/2011/4176 4177/2029/4177 855/1957/855 856/1958/856
f 4175/2009/4175 4176/2011/4176 856/1958/856 857/1959/857
f 4174/2025/4174 4175/2009/4175 857/1959/857 858/2025/858
f 4173/2024/4173 4174/2025/4174 858/2025/858 859/1961/859
f 4172/2005/4172 4173/2024/4173 859/1961/859 860/1962/860
f 825/436/825 4172/2005/4172 860/1962/860 55/2057/55
f 824/1777/824 4165/2027/4165 4172/2005/4172 825/436/825
f 823/1778/823 4158/2020/4158 4165/2027/4165 824/1777/824
f 822/1779/822 4151/2027/4151 4158/2020/4158 823/1778/823
f 821/1778/821 4144/2020/4144 4151/2027/4151 822/1779/822
f 820/1779/820 4137/2027/4137 4144/2020/4144 821/1778/821
f 819/1776/819 4130/2027/4130 4137/2027/4137 820/1779/820
f 4179/2002/4179 4180/2003/4180 4187/2004/4187 4186/2005/4186
f 4180/2003/4180 4181/2006/4181 4188/2007/4188 4187/2004/4187
f 4181/2006/4181 4182/2008/4182 4189/2009/4189 4188/2007/4188
f 4182/2008/4182 4183/2010/4183 4190/2011/4190 4189/2009/4189
f 4183/2010/4183 4184/2022/4184 4191/2013/4191 4190/2011/4190
f 4184/2022/4184 4185/2014/4185 4192/2015/4192 4191/2013/4191
f 4186/2005/4186 4187/2004/4187 4194/1961/4194 4193/1962/4193
f 4187/2004/4187 4188/2007/4188 4195/1960/4195 4194/1961/4194
f 4188/2007/4188 4189/2009/4189 4196/2017/4196 4195/1960/4195
f 4189/2009/4189 4190/2011/4190 4197/2018/4197 4196/2017/4196
f 4190/2011/4190 4191/2013/4191 4198/1957/4198 4197/2018/4197
f 4191/2013/4191 4192/2015/4192 4199/2014/4199 4198/1957/4198
f 4193/1962/4193 4194/1961/4194 4201/2019/4201 4200/2020/4200
f 4194/1961/4194 4195/1960/4195 4202/2006/4202 4201/2019/4201
f 4195/1960/4195 4196/2017/4196 4203/2008/4203 4202/2006/4202
f 4196/2017/4196 4197/2018/4197 4204/2021/4204 4203/2008/4203
f 4197/2018/4197 4198/1957/4198 4205/2022/4205 4204/2021/4204
f 4198/1957/4198 4199/2014/4199 4206/2023/4206 4205/2022/4205
f 4200/2020/4200 4201/2019/4201 4208/2024/4208 4207/2005/4207
f 4201/2019/4201 4202/2006/4202 4209/2025/4209 4208/2024/4208
f 4202/2006/4202 4203/2008/4203 4210/2017/4210 4209/2025/4209
f 4203/2008/4203 4204/2021/4204 4211/2026/4211 4210/2017/4210
f 4204/2021/4204 4205/2022/4205 4212/2013/4212 4211/2026/4211
f 4205/2022/4205 4206/2023/4206 4213/2015/4213 4212/2013/4212
f 4207/2005/4207 4208/2024/4208 4215/2033/4215 4214/2027/4214
f 4208/2024/4208 4209/2025/4209 4216/2025/4216 4215/2033/4215
f 4209/2025/4209 4210/2017/4210 4217/2017/4217 4216/2025/4216
f 4210/2017/4210 4211/2026/4211 4218/1958/4218 4217/2017/4217
f 4211/2026/4211 4212/2013/4212 4219/1957/4219 4218/1958/4218
f 4212/2013/4212 4213/2015/4213 4220/2014/4220 4219/1957/4219
f 4214/2027/4214 4215/2033/4215 4222/2019/4222 4221/2027/4221
f 4215/2033/4215 4216/2025/4216 4223/1960/4223 4222/2019/4222
f 4216/2025/4216 4217/2017/4217 4224/2028/4224 4223/1960/4223
f 4217/2017/4217 4218/1958/4218 4225/2021/4225 4224/2028/4224
f 4218/1958/4218 4219/1957/4219 4226/2029/4226 4225/2021/4225
f 4219/1957/4219 4220/2014/4220 4227/1956/4227 4226/2029/4226
f 43/1776/43 650/2016/650 4179/2002/4179 861/2034/861
f 650/2016/650 649/2032/649 4180/2003/4180 4179/2002/4179
f 649/2032/649 648/1960/648 4181/2006/4181 4180/2003/4180
f 648/1960/648 647/1959/647 4182/2008/4182 4181/2006/4181
f 647/1959/647 646/2018/646 4183/2010/4183 4182/2008/4182
f 646/2018/646 645/1957/645 4184/2022/4184 4183/2010/4183
f 645/1957/645 644/2014/644 4185/2014/4185 4184/2022/4184
f 644/2014/644 42/1997/42 748/2000/748 4185/2014/4185
f 4185/2014/4185 748/2000/748 747/1998/747 4192/2015/4192
f 4192/2015/4192 747/1998/747 746/1998/746 4199/2014/4199
f 4199/2014/4199 746/1998/746 745/2001/745 4206/2023/4206
f 4206/2023/4206 745/2001/745 744/1998/744 4213/2015/4213
f 4213/2015/4213 744/1998/744 743/1997/743 4220/2014/4220
f 4220/2014/4220 743/1997/743 742/2000/742 4227/1956/4227
f 4227/1956/4227 742/2000/742 60/1997/60 889/2014/889
f 4226/2029/4226 4227/1956/4227 889/2014/889 890/1957/890
f 4225/2021/4225 4226/2029/4226 890/1957/890 891/2018/891
f 4224/2028/4224 4225/2021/4225 891/2018/891 892/1959/892
f 4223/1960/4223 4224/2028/4224 892/1959/892 893/1960/893
f 4222/2019/4222 4223/1960/4223 893/1960/893 894/2032/894
f 4221/2027/4221 4222/2019/4222 894/2032/894 895/2016/895
f 867/1776/867 4221/2027/4221 895/2016/895 57/1776/57
f 866/1779/866 4214/2027/4214 4221/2027/4221 867/1776/867
f 865/1777/865 4207/2005/4207 4214/2027/4214 866/1779/866
f 864/1778/864 4200/2020/4200 4207/2005/4207 865/1777/865
f 863/2035/863 4193/1962/4193 4200/2020/4200 864/1778/864
f 862/1777/862 4186/2005/4186 4193/1962/4193 863/2035/863
f 861/2034/861 4179/2002/4179 4186/2005/4186 862/1777/862
f 4228/1963/4228 4229/1964/4229 4236/1904/4236 4235/1965/4235
f 4229/1964/4229 4230/1966/4230 4237/1967/4237 4236/1904/4236
f 4230/1966/4230 4231/1968/4231 4238/1969/4238 4237/1967/4237
f 4231/1968/4231 4232/1970/4232 4239/1971/4239 4238/1969/4238
f 4232/1970/4232 4233/1972/4233 4240/1973/4240 4239/1971/4239
f 4233/1972/4233 4234/1974/4234 4241/1975/4241 4240/1973/4240
f 4235/1965/4235 4236/1904/4236 4243/1964/4243 4242/1976/4242
f 4236/1904/4236 4237/1967/4237 4244/1966/4244 4243/1964/4243
f 4237/1967/4237 4238/1969/4238 4245/1902/4245 4244/1966/4244
f 4238/1969/4238 4239/1971/4239 4246/1977/4246 4245/1902/4245
f 4239/1971/4239 4240/1973/4240 4247/1978/4247 4246/1977/4246
f 4240/1973/4240 4241/1975/4241 4248/1979/4248 4247/1978/4247
f 4242/1976/4242 4243/1964/4243 4250/1904/4250 4249/1965/4249
f 4243/1964/4243 4244/1966/4244 4251/1967/4251 4250/1904/4250
f 4244/1966/4244 4245/1902/4245 4252/1902/4252 4251/1967/4251
f 4245/1902/4245 4246/1977/4246 4253/1980/4253 4252/1902/4252
f 4246/1977/4246 4247/1978/4247 4254/1978/4254 4253/1980/4253
f 4247/1978/4247 4248/1979/4248 4255/1899/4255 4254/1978/4254
f 4249/1965/4249 4250/1904/4250 4257/1964/4257 4256/1976/4256
f 4250/1904/4250 4251/1967/4251 4258/1966/4258 4257/1964/4257
f 4251/1967/4251 4252/1902/4252 4259/1968/4259 4258/1966/4258
f 4252/1902/4252 4253/1980/4253 4260/1970/4260 4259/1968/4259
f 4253/1980/4253 4254/1978/4254 4261/1972/4261 4260/1970/4260
f 4254/1978/4254 4255/1899/4255 4262/1974/4262 4261/1972/4261
f 4256/1976/4256 4257/1964/4257 4264/1904/4264 4263/1963/4263
f 4257/1964/4257 4258/1966/4258 4265/1967/4265 4264/1904/4264
f 4258/1966/4258 4259/1968/4259 4266/1969/4266 4265/1967/4265
f 4259/1968/4259 4260/1970/4260 4267/1971/4267 4266/1969/4266
f 4260/1970/4260 4261/1972/4261 4268/1973/4268 4267/1971/4267
f 4261/1972/4261 4262/1974/4262 4269/1975/4269 4268/1973/4268
f 4263/1963/4263 4264/1904/4264 4271/1964/4271 4270/1963/4270
f 4264/1904/4264 4265/1967/4265 4272/1966/4272 4271/1964/4271
f 4265/1967/4265 4266/1969/4266 4273/1902/4273 4272/1966/4272
f 4266/1969/4266 4267/1971/4267 4274/1977/4274 4273/1902/4273
f 4267/1971/4267 4268/1973/4268 4275/1978/4275 4274/1977/4274
f 4268/1973/4268 4269/1975/4269 4276/1979/4276 4275/1978/4275
f 41/283/41 664/1963/664 4228/1963/4228 875/1898/875
f 664/1963/664 663/1904/663 4229/1964/4229 4228/1963/4228
f 663/1904/663 662/1967/662 4230/1966/4230 4229/1964/4229
f 662/1967/662 661/1902/661 4231/1968/4231 4230/1966/4230
f 661/1902/661 660/1980/660 4232/1970/4232 4231/1968/4231
f 660/1980/660 659/1978/659 4233/1972/4233 4232/1970/4232
f 659/1978/659 658/1899/658 4234/1974/4234 4233/1972/4233
f 658/1899/658 44/1780/44 734/445/734 4234/1974/4234
f 4234/1974/4234 734/445/734 733/1782/733 4241/1975/4241
f 4241/1975/4241 733/1782/733 732/1773/732 4248/1979/4248
f 4248/1979/4248 732/1773/732 731/1773/731 4255/1899/4255
f 4255/1899/4255 731/1773/731 730/445/730 4262/1974/4262
f 4262/1974/4262 730/445/730 729/1782/729 4269/1975/4269
f 4269/1975/4269 729/1782/729 728/1773/728 4276/1979/4276
f 4276/1979/4276 728/1773/728 58/1773/58 896/1899/896
f 4275/1978/4275 4276/1979/4276 896/1899/896 897/1978/897
f 4274/1977/4274 4275/1978/4275 897/1978/897 898/1980/898
f 4273/1902/4273 4274/1977/4274 898/1980/898 899/1902/899
f 4272/1966/4272 4273/1902/4273 899/1902/899 900/1967/900
f 4271/1964/4271 4272/1966/4272 900/1967/900 901/1904/901
f 4270/1963/4270 4271/1964/4271 901/1904/901 902/1963/902
f 881/1981/881 4270/1963/4270 902/1963/902 59/283/59
f 880/1898/880 4263/1963/4263 4270/1963/4270 881/1981/881
f 879/1898/879 4256/1976/4256 4263/1963/4263 880/1898/880
f 878/1898/878 4249/1965/4249 4256/1976/4256 879/1898/879
f 877/1898/877 4242/1976/4242 4249/1965/4249 878/1898/878
f 876/1898/876 4235/1965/4235 4242/1976/4242 877/1898/877
f 875/1898/875 4228/1963/4228 4235/1965/4235 876/1898/876
f 4277/1982/4277 4278/1983/4278 4285/1984/4285 4284/1985/4284
f 4278/1983/4278 4279/1986/4279 4286/1987/4286 4285/1984/4285
f 4279/1986/4279 4280/1988/4280 4287/1838/4287 4286/1987/4286
f 4280/1988/4280 4281/1989/4281 4288/1837/4288 4287/1838/4287
f 4281/1989/4281 4282/1990/4282 4289/1990/4289 4288/1837/4288
f 4282/1990/4282 4283/1835/4283 4290/1991/4290 4289/1990/4289
f 4284/1985/4284 4285/1984/4285 4292/1840/4292 4291/1992/4291
f 4285/1984/4285 4286/1987/4286 4293/1839/4293 4292/1840/4292
f 4286/1987/4286 4287/1838/4287 4294/1988/4294 4293/1839/4293
f 4287/1838/4287 4288/1837/4288 4295/1989/4295 4294/1988/4294
f 4288/1837/4288 4289/1990/4289 4296/1836/4296 4295/1989/4295
f 4289/1990/4289 4290/1991/4290 4297/1993/4297 4296/1836/4296
f 4291/1992/4291 4292/1840/4292 4299/1994/4299 4298/1995/4298
f 4292/1840/4292 4293/1839/4293 4300/1839/4300 4299/1994/4299
f 4293/1839/4293 4294/1988/4294 4301/1838/4301 4300/1839/4300
f 4294/1988/4294 4295/1989/4295 4302/1837/4302 4301/1838/4301
f 4295/1989/4295 4296/1836/4296 4303/1990/4303 4302/1837/4302
f 4296/1836/4296 4297/1993/4297 4304/1991/4304 4303/1990/4303
f 4298/1995/4298 4299/1994/4299 4306/1983/4306 4305/1982/4305
f 4299/1994/4299 4300/1839/4300 4307/1986/4307 4306/1983/4306
f 4300/1839/4300 4301/1838/4301 4308/1988/4308 4307/1986/4307
f 4301/1838/4301 4302/1837/4302 4309/1989/4309 4308/1988/4308
f 4302/1837/4302 4303/1990/4303 4310/1836/4310 4309/1989/4309
f 4303/1990/4303 4304/1991/4304 4311/1993/4311 4310/1836/4310
f 4305/1982/4305 4306/1983/4306 4313/1984/4313 4312/1985/4312
f 4306/1983/4306 4307/1986/4307 4314/1987/4314 4313/1984/4313
f 4307/1986/4307 4308/1988/4308 4315/1838/4315 4314/1987/4314
f 4308/1988/4308 4309/1989/4309 4316/1837/4316 4315/1838/4315
f 4309/1989/4309 4310/1836/4310 4317/1990/4317 4316/1837/4316
f 4310/1836/4310 4311/1993/4311 4318/1835/4318 4317/1990/4317
f 4312/1985/4312 4313/1984/4313 4320/1840/4320 4319/1992/4319
f 4313/1984/4313 4314/1987/4314 4321/1839/4321 4320/1840/4320
f 4314/1987/4314 4315/1838/4315 4322/1988/4322 4321/1839/4321
f 4315/1838/4315 4316/1837/4316 4323/1989/4323 4322/1988/4322
f 4316/1837/4316 4317/1990/4317 4324/1990/4324 4323/1989/4323
f 4317/1990/4317 4318/1835/4318 4325/1996/4325 4324/1990/4324
f 42/1997/42 643/1995/643 4277/1982/4277 748/2000/748
f 643/1995/643 642/1994/642 4278/1983/4278 4277/1982/4277
f 642/1994/642 641/1839/641 4279/1986/4279 4278/1983/4278
f 641/1839/641 640/1838/640 4280/1988/4280 4279/1986/4279
f 640/1838/640 639/1837/639 4281/1989/4281 4280/1988/4280
f 639/1837/639 638/1990/638 4282/1990/4282 4281/1989/4281
f 638/1990/638 637/1999/637 4283/1835/4283 4282/1990/4282
f 637/1999/637 41/59/41 875/1833/875 4283/1835/4283
f 4283/1835/4283 875/1833/875 876/1833/876 4290/1991/4290
f 4290/1991/4290 876/1833/876 877/1833/877 4297/1993/4297
f 4297/1993/4297 877/1833/877 878/1833/878 4304/1991/4304
f 4304/1991/4304 878/1833/878 879/1833/879 4311/1993/4311
f 4311/1993/4311 879/1833/879 880/1833/880 4318/1835/4318
f 4318/1835/4318 880/1833/880 881/1833/881 4325/1996/4325
f 4325/1996/4325 881/1833/881 59/59/59 903/1999/903
f 4324/1990/4324 4325/1996/4325 903/1999/903 904/1990/904
f 4323/1989/4323 4324/1990/4324 904/1990/904 905/1837/905
f 4322/1988/4322 4323/1989/4323 905/1837/905 906/1838/906
f 4321/1839/4321 4322/1988/4322 906/1838/906 907/1839/907
f 4320/1840/4320 4321/1839/4321 907/1839/907 908/1994/908
f 4319/1992/4319 4320/1840/4320 908/1994/908 909/1995/909
f 742/2000/742 4319/1992/4319 909/1995/909 60/1997/60
f 743/1997/743 4312/1985/4312 4319/1992/4319 742/2000/742
f 744/1998/744 4305/1982/4305 4312/1985/4312 743/1997/743
f 745/2001/745 4298/1995/4298 4305/1982/4305 744/1998/744
f 746/1998/746 4291/1992/4291 4298/1995/4298 745/2001/745
f 747/1998/747 4284/1985/4284 4291/1992/4291 746/1998/746
f 748/2000/748 4277/1982/4277 4284/1985/4284 747/1998/747
f 4326/1762/4326 4327/442/4327 4334/1751/4334 4333/1765/4333
f 4327/442/4327 4328/1753/4328 4335/1754/4335 4334/1751/4334
f 4328/1753/4328 4329/1755/4329 4336/2036/4336 4335/1754/4335
f 4329/1755/4329 4330/439/4330 4337/1757/4337 4336/2036/4336
f 4330/439/4330 4331/1758/4331 4338/1759/4338 4337/1757/4337
f 4331/1758/4331 4332/437/4332 4339/1768/4339 4338/1759/4338
f 4333/1765/4333 4334/1751/4334 4341/442/4341 4340/443/4340
f 4334/1751/4334 4335/1754/4335 4342/441/4342 4341/442/4341
f 4335/1754/4335 4336/2036/4336 4343/2037/4343 4342/441/4342
f 4336/2036/4336 4337/1757/4337 4344/439/4344 4343/2037/4343
f 4337/1757/4337 4338/1759/4338 4345/438/4345 4344/439/4344
f 4338/1759/4338 4339/1768/4339 4346/1775/4346 4345/438/4345
f 4340/443/4340 4341/442/4341 4348/442/4348 4347/1762/4347
f 4341/442/4341 4342/441/4342 4349/2038/4349 4348/442/4348
f 4342/441/4342 4343/2037/4343 4350/1755/4350 4349/2038/4349
f 4343/2037/4343 4344/439/4344 4351/1763/4351 4350/1755/4350
f 4344/439/4344 4345/438/4345 4352/1758/4352 4351/1763/4351
f 4345/438/4345 4346/1775/4346 4353/1764/4353 4352/1758/4352
f 4347/1762/4347 4348/442/4348 4355/1751/4355 4354/1765/4354
f 4348/442/4348 4349/2038/4349 4356/1766/4356 4355/1751/4355
f 4349/2038/4349 4350/1755/4350 4357/440/4357 4356/1766/4356
f 4350/1755/4350 4351/1763/4351 4358/1767/4358 4357/440/4357
f 4351/1763/4351 4352/1758/4352 4359/2039/4359 4358/1767/4358
f 4352/1758/4352 4353/1764/4353 4360/1768/4360 4359/2039/4359
f 4354/1765/4354 4355/1751/4355 4362/1769/4362 4361/443/4361
f 4355/1751/4355 4356/1766/4356 4363/1754/4363 4362/1769/4362
f 4356/1766/4356 4357/440/4357 4364/440/4364 4363/1754/4363
f 4357/440/4357 4358/1767/4358 4365/1770/4365 4364/440/4364
f 4358/1767/4358 4359/2039/4359 4366/438/4366 4365/1770/4365
f 4359/2039/4359 4360/1768/4360 4367/437/4367 4366/438/4366
f 4361/443/4361 4362/1769/4362 4369/442/4369 4368/1761/4368
f 4362/1769/4362 4363/1754/4363 4370/441/4370 4369/442/4369
f 4363/1754/4363 4364/440/4364 4371/1772/4371 4370/441/4370
f 4364/440/4364 4365/1770/4365 4372/439/4372 4371/1772/4371
f 4365/1770/4365 4366/438/4366 4373/1771/4373 4372/439/4372
f 4366/438/4366 4367/437/4367 4374/437/4374 4373/1771/4373
f 44/1780/44 657/443/657 4326/1762/4326 734/445/734
f 657/443/657 656/1774/656 4327/442/4327 4326/1762/4326
f 656/1774/656 655/441/655 4328/1753/4328 4327/442/4327
f 655/441/655 654/440/654 4329/1755/4329 4328/1753/4328
f 654/440/654 653/439/653 4330/439/4330 4329/1755/4329
f 653/439/653 652/1771/652 4331/1758/4331 4330/439/4330
f 652/1771/652 651/1775/651 4332/437/4332 4331/1758/4331
f 651/1775/651 43/1776/43 861/2034/861 4332/437/4332
f 4332/437/4332 861/2034/861 862/1777/862 4339/1768/4339
f 4339/1768/4339 862/1777/862 863/2035/863 4346/1775/4346
f 4346/1775/4346 863/2035/863 864/1778/864 4353/1764/4353
f 4353/1764/4353 864/1778/864 865/1777/865 4360/1768/4360
f 4360/1768/4360 865/1777/865 866/1779/866 4367/437/4367
f 4367/437/4367 866/1779/866 867/1776/867 4374/437/4374
f 4374/437/4374 867/1776/867 57/1776/57 910/1775/910
f 4373/1771/4373 4374/437/4374 910/1775/910 911/1771/911
f 4372/439/4372 4373/1771/4373 911/1771/911 912/439/912
f 4371/1772/4371 4372/439/4372 912/439/912 913/440/913
f 4370/441/4370 4371/1772/4371 913/440/913 914/441/914
f 4369/442/4369 4370/441/4370 914/441/914 915/1774/915
f 4368/1761/4368 4369/442/4369 915/1774/915 916/443/916
f 728/1773/728 4368/1761/4368 916/443/916 58/1773/58
f 729/1782/729 4361/443/4361 4368/1761/4368 728/1773/728
f 730/445/730 4354/1765/4354 4361/443/4361 729/1782/729
f 731/1773/731 4347/1762/4347 4354/1765/4354 730/445/730
f 732/1773/732 4340/443/4340 4347/1762/4347 731/1773/731
f 733/1782/733 4333/1765/4333 4340/443/4340 732/1773/732
f 734/445/734 4326/1762/4326 4333/1765/4333 733/1782/733
f 4375/2002/4375 4376/2003/4376 4383/2004/4383 4382/2005/4382
f 4376/2003/4376 4377/2006/4377 4384/2007/4384 4383/2004/4383
f 4377/2006/4377 4378/2008/4378 4385/2009/4385 4384/2007/4384
f 4378/2008/4378 4379/2010/4379 4386/2011/4386 4385/2009/4385
f 4379/2010/4379 4380/2022/4380 4387/2013/4387 4386/2011/4386
f 4380/2022/4380 4381/2014/4381 4388/2015/4388 4387/2013/4387
f 4382/2005/4382 4383/2004/4383 4390/1961/4390 4389/1962/4389
f 4383/2004/4383 4384/2007/4384 4391/1960/4391 4390/1961/4390
f 4384/2007/4384 4385/2009/4385 4392/2017/4392 4391/1960/4391
f 4385/2009/4385 4386/2011/4386 4393/2018/4393 4392/2017/4392
f 4386/2011/4386 4387/2013/4387 4394/1957/4394 4393/2018/4393
f 4387/2013/4387 4388/2015/4388 4395/2014/4395 4394/1957/4394
f 4389/1962/4389 4390/1961/4390 4397/2019/4397 4396/2020/4396
f 4390/1961/4390 4391/1960/4391 4398/2006/4398 4397/2019/4397
f 4391/1960/4391 4392/2017/4392 4399/2008/4399 4398/2006/4398
f 4392/2017/4392 4393/2018/4393 4400/2021/4400 4399/2008/4399
f 4393/2018/4393 4394/1957/4394 4401/2022/4401 4400/2021/4400
f 4394/1957/4394 4395/2014/4395 4402/2023/4402 4401/2022/4401
f 4396/2020/4396 4397/2019/4397 4404/2024/4404 4403/2005/4403
f 4397/2019/4397 4398/2006/4398 4405/2025/4405 4404/2024/4404
f 4398/2006/4398 4399/2008/4399 4406/2017/4406 4405/2025/4405
f 4399/2008/4399 4400/2021/4400 4407/2026/4407 4406/2017/4406
f 4400/2021/4400 4401/2022/4401 4408/2013/4408 4407/2026/4407
f 4401/2022/4401 4402/2023/4402 4409/2015/4409 4408/2013/4408
f 4403/2005/4403 4404/2024/4404 4411/2033/4411 4410/2027/4410
f 4404/2024/4404 4405/2025/4405 4412/2025/4412 4411/2033/4411
f 4405/2025/4405 4406/2017/4406 4413/2017/4413 4412/2025/4412
f 4406/2017/4406 4407/2026/4407 4414/1958/4414 4413/2017/4413
f 4407/2026/4407 4408/2013/4408 4415/1957/4415 4414/1958/4414
f 4408/2013/4408 4409/2015/4409 4416/2014/4416 4415/1957/4415
f 4410/2027/4410 4411/2033/4411 4418/2019/4418 4417/2027/4417
f 4411/2033/4411 4412/2025/4412 4419/1960/4419 4418/2019/4418
f 4412/2025/4412 4413/2017/4413 4420/2028/4420 4419/1960/4419
f 4413/2017/4413 4414/1958/4414 4421/2021/4421 4420/2028/4420
f 4414/1958/4414 4415/1957/4415 4422/2029/4422 4421/2021/4421
f 4415/1957/4415 4416/2014/4416 4423/1956/4423 4422/2029/4422
f 57/1776/57 895/2016/895 4375/2002/4375 917/2034/917
f 895/2016/895 894/2032/894 4376/2003/4376 4375/2002/4375
f 894/2032/894 893/1960/893 4377/2006/4377 4376/2003/4376
f 893/1960/893 892/1959/892 4378/2008/4378 4377/2006/4377
f 892/1959/892 891/2018/891 4379/2010/4379 4378/2008/4378
f 891/2018/891 890/1957/890 4380/2022/4380 4379/2010/4379
f 890/1957/890 889/2014/889 4381/2014/4381 4380/2022/4380
f 889/2014/889 60/1997/60 888/2000/888 4381/2014/4381
f 4381/2014/4381 888/2000/888 887/1998/887 4388/2015/4388
f 4388/2015/4388 887/1998/887 886/1998/886 4395/2014/4395
f 4395/2014/4395 886/1998/886 885/2001/885 4402/2023/4402
f 4402/2023/4402 885/2001/885 884/1998/884 4409/2015/4409
f 4409/2015/4409 884/1998/884 883/1997/883 4416/2014/4416
f 4416/2014/4416 883/1997/883 882/2000/882 4423/1956/4423
f 4423/1956/4423 882/2000/882 64/1997/64 945/2014/945
f 4422/2029/4422 4423/1956/4423 945/2014/945 946/1957/946
f 4421/2021/4421 4422/2029/4422 946/1957/946 947/2018/947
f 4420/2028/4420 4421/2021/4421 947/2018/947 948/1959/948
f 4419/1960/4419 4420/2028/4420 948/1959/948 949/1960/949
f 4418/2019/4418 4419/1960/4419 949/1960/949 950/2032/950
f 4417/2027/4417 4418/2019/4418 950/2032/950 951/2016/951
f 923/1776/923 4417/2027/4417 951/2016/951 61/1776/61
f 922/1779/922 4410/2027/4410 4417/2027/4417 923/1776/923
f 921/1777/921 4403/2005/4403 4410/2027/4410 922/1779/922
f 920/1778/920 4396/2020/4396 4403/2005/4403 921/1777/921
f 919/2035/919 4389/1962/4389 4396/2020/4396 920/1778/920
f 918/1777/918 4382/2005/4382 4389/1962/4389 919/2035/919
f 917/2034/917 4375/2002/4375 4382/2005/4382 918/1777/918
f 4424/1963/4424 4425/1964/4425 4432/1904/4432 4431/1965/4431
f 4425/1964/4425 4426/1966/4426 4433/1967/4433 4432/1904/4432
f 4426/1966/4426 4427/1968/4427 4434/1969/4434 4433/1967/4433
f 4427/1968/4427 4428/1970/4428 4435/1971/4435 4434/1969/4434
f 4428/1970/4428 4429/1972/4429 4436/1973/4436 4435/1971/4435
f 4429/1972/4429 4430/1974/4430 4437/1975/4437 4436/1973/4436
f 4431/1965/4431 4432/1904/4432 4439/1964/4439 4438/1976/4438
f 4432/1904/4432 4433/1967/4433 4440/1966/4440 4439/1964/4439
f 4433/1967/4433 4434/1969/4434 4441/1902/4441 4440/1966/4440
f 4434/1969/4434 4435/1971/4435 4442/1977/4442 4441/1902/4441
f 4435/1971/4435 4436/1973/4436 4443/1978/4443 4442/1977/4442
f 4436/1973/4436 4437/1975/4437 4444/1979/4444 4443/1978/4443
f 4438/1976/4438 4439/1964/4439 4446/1904/4446 4445/1965/4445
f 4439/1964/4439 4440/1966/4440 4447/1967/4447 4446/1904/4446
f 4440/1966/4440 4441/1902/4441 4448/1902/4448 4447/1967/4447
f 4441/1902/4441 4442/1977/4442 4449/1980/4449 4448/1902/4448
f 4442/1977/4442 4443/1978/4443 4450/1978/4450 4449/1980/4449
f 4443/1978/4443 4444/1979/4444 4451/1899/4451 4450/1978/4450
f 4445/1965/4445 4446/1904/4446 4453/1964/4453 4452/1976/4452
f 4446/1904/4446 4447/1967/4447 4454/1966/4454 4453/1964/4453
f 4447/1967/4447 4448/1902/4448 4455/1968/4455 4454/1966/4454
f 4448/1902/4448 4449/1980/4449 4456/1970/4456 4455/1968/4455
f 4449/1980/4449 4450/1978/4450 4457/1972/4457 4456/1970/4456
f 4450/1978/4450 4451/1899/4451 4458/1974/4458 4457/1972/4457
f 4452/1976/4452 4453/1964/4453 4460/1904/4460 4459/1963/4459
f 4453/1964/4453 4454/1966/4454 4461/1967/4461 4460/1904/4460
f 4454/1966/4454 4455/1968/4455 4462/1969/4462 4461/1967/4461
f 4455/1968/4455 4456/1970/4456 4463/1971/4463 4462/1969/4462
f 4456/1970/4456 4457/1972/4457 4464/1973/4464 4463/1971/4463
f 4457/1972/4457 4458/1974/4458 4465/1975/4465 4464/1973/4464
f 4459/1963/4459 4460/1904/4460 4467/1964/4467 4466/1963/4466
f 4460/1904/4460 4461/1967/4461 4468/1966/4468 4467/1964/4467
f 4461/1967/4461 4462/1969/4462 4469/1902/4469 4468/1966/4468
f 4462/1969/4462 4463/1971/4463 4470/1977/4470 4469/1902/4469
f 4463/1971/4463 4464/1973/4464 4471/1978/4471 4470/1977/4470
f 4464/1973/4464 4465/1975/4465 4472/1979/4472 4471/1978/4471
f 59/283/59 902/1963/902 4424/1963/4424 924/1898/924
f 902/1963/902 901/1904/901 4425/1964/4425 4424/1963/4424
f 901/1904/901 900/1967/900 4426/1966/4426 4425/1964/4425
f 900/1967/900 899/1902/899 4427/1968/4427 4426/1966/4426
f 899/1902/899 898/1980/898 4428/1970/4428 4427/1968/4427
f 898/1980/898 897/1978/897 4429/1972/4429 4428/1970/4428
f 897/1978/897 896/1899/896 4430/1974/4430 4429/1972/4429
f 896/1899/896 58/1773/58 874/445/874 4430/1974/4430
f 4430/1974/4430 874/445/874 873/1782/873 4437/1975/4437
f 4437/1975/4437 873/1782/873 872/1773/872 4444/1979/4444
f 4444/1979/4444 872/1773/872 871/1773/871 4451/1899/4451
f 4451/1899/4451 871/1773/871 870/445/870 4458/1974/4458
f 4458/1974/4458 870/445/870 869/1782/869 4465/1975/4465
f 4465/1975/4465 869/1782/869 868/1773/868 4472/1979/4472
f 4472/1979/4472 868/1773/868 63/1780/63 952/1899/952
f 4471/1978/4471 4472/1979/4472 952/1899/952 953/1978/953
f 4470/1977/4470 4471/1978/4471 953/1978/953 954/1980/954
f 4469/1902/4469 4470/1977/4470 954/1980/954 955/1902/955
f 4468/1966/4468 4469/1902/4469 955/1902/955 956/1967/956
f 4467/1964/4467 4468/1966/4468 956/1967/956 957/1904/957
f 4466/1963/4466 4467/1964/4467 957/1904/957 958/1963/958
f 930/1981/930 4466/1963/4466 958/1963/958 62/283/62
f 929/1898/929 4459/1963/4459 4466/1963/4466 930/1981/930
f 928/1898/928 4452/1976/4452 4459/1963/4459 929/1898/929
f 927/1898/927 4445/1965/4445 4452/1976/4452 928/1898/928
f 926/1898/926 4438/1976/4438 4445/1965/4445 927/1898/927
f 925/1898/925 4431/1965/4431 4438/1976/4438 926/1898/926
f 924/1898/924 4424/1963/4424 4431/1965/4431 925/1898/925
f 4473/1982/4473 4474/1983/4474 4481/1984/4481 4480/1985/4480
f 4474/1983/4474 4475/1986/4475 4482/1987/4482 4481/1984/4481
f 4475/1986/4475 4476/1988/4476 4483/1838/4483 4482/1987/4482
f 4476/1988/4476 4477/1989/4477 4484/1837/4484 4483/1838/4483
f 4477/1989/4477 4478/1990/4478 4485/1990/4485 4484/1837/4484
f 4478/1990/4478 4479/1835/4479 4486/1991/4486 4485/1990/4485
f 4480/1985/4480 4481/1984/4481 4488/1840/4488 4487/1992/4487
f 4481/1984/4481 4482/1987/4482 4489/1839/4489 4488/1840/4488
f 4482/1987/4482 4483/1838/4483 4490/1988/4490 4489/1839/4489
f 4483/1838/4483 4484/1837/4484 4491/1989/4491 4490/1988/4490
f 4484/1837/4484 4485/1990/4485 4492/1836/4492 4491/1989/4491
f 4485/1990/4485 4486/1991/4486 4493/1993/4493 4492/1836/4492
f 4487/1992/4487 4488/1840/4488 4495/1994/4495 4494/1995/4494
f 4488/1840/4488 4489/1839/4489 4496/1839/4496 4495/1994/4495
f 4489/1839/4489 4490/1988/4490 4497/1838/4497 4496/1839/4496
f 4490/1988/4490 4491/1989/4491 4498/1837/4498 4497/1838/4497
f 4491/1989/4491 4492/1836/4492 4499/1990/4499 4498/1837/4498
f 4492/1836/4492 4493/1993/4493 4500/1991/4500 4499/1990/4499
f 4494/1995/4494 4495/1994/4495 4502/1983/4502 4501/1982/4501
f 4495/1994/4495 4496/1839/4496 4503/1986/4503 4502/1983/4502
f 4496/1839/4496 4497/1838/4497 4504/1988/4504 4503/1986/4503
f 4497/1838/4497 4498/1837/4498 4505/1989/4505 4504/1988/4504
f 4498/1837/4498 4499/1990/4499 4506/1836/4506 4505/1989/4505
f 4499/1990/4499 4500/1991/4500 4507/1993/4507 4506/1836/4506
f 4501/1982/4501 4502/1983/4502 4509/1984/4509 4508/1985/4508
f 4502/1983/4502 4503/1986/4503 4510/1987/4510 4509/1984/4509
f 4503/1986/4503 4504/1988/4504 4511/1838/4511 4510/1987/4510
f 4504/1988/4504 4505/1989/4505 4512/1837/4512 4511/1838/4511
f 4505/1989/4505 4506/1836/4506 4513/1990/4513 4512/1837/4512
f 4506/1836/4506 4507/1993/4507 4514/1835/4514 4513/1990/4513
f 4508/1985/4508 4509/1984/4509 4516/1840/4516 4515/1992/4515
f 4509/1984/4509 4510/1987/4510 4517/1839/4517 4516/1840/4516
f 4510/1987/4510 4511/1838/4511 4518/1988/4518 4517/1839/4517
f 4511/1838/4511 4512/1837/4512 4519/1989/4519 4518/1988/4518
f 4512/1837/4512 4513/1990/4513 4520/1990/4520 4519/1989/4519
f 4513/1990/4513 4514/1835/4514 4521/1996/4521 4520/1990/4520
f 60/1997/60 909/1995/909 4473/1982/4473 888/2000/888
f 909/1995/909 908/1994/908 4474/1983/4474 4473/1982/4473
f 908/1994/908 907/1839/907 4475/1986/4475 4474/1983/4474
f 907/1839/907 906/1838/906 4476/1988/4476 4475/1986/4475
f 906/1838/906 905/1837/905 4477/1989/4477 4476/1988/4476
f 905/1837/905 904/1990/904 4478/1990/4478 4477/1989/4477
f 904/1990/904 903/1999/903 4479/1835/4479 4478/1990/4478
f 903/1999/903 59/59/59 924/1833/924 4479/1835/4479
f 4479/1835/4479 924/1833/924 925/1833/925 4486/1991/4486
f 4486/1991/4486 925/1833/925 926/1833/926 4493/1993/4493
f 4493/1993/4493 926/1833/926 927/1833/927 4500/1991/4500
f 4500/1991/4500 927/1833/927 928/1833/928 4507/1993/4507
f 4507/1993/4507 928/1833/928 929/1833/929 4514/1835/4514
f 4514/1835/4514 929/1833/929 930/1833/930 4521/1996/4521
f 4521/1996/4521 930/1833/930 62/59/62 959/1999/959
f 4520/1990/4520 4521/1996/4521 959/1999/959 960/1990/960
f 4519/1989/4519 4520/1990/4520 960/1990/960 961/1837/961
f 4518/1988/4518 4519/1989/4519 961/1837/961 962/1838/962
f 4517/1839/4517 4518/1988/4518 962/1838/962 963/1839/963
f 4516/1840/4516 4517/1839/4517 963/1839/963 964/1994/964
f 4515/1992/4515 4516/1840/4516 964/1994/964 965/1995/965
f 882/2000/882 4515/1992/4515 965/1995/965 64/1997/64
f 883/1997/883 4508/1985/4508 4515/1992/4515 882/2000/882
f 884/1998/884 4501/1982/4501 4508/1985/4508 883/1997/883
f 885/2001/885 4494/1995/4494 4501/1982/4501 884/1998/884
f 886/1998/886 4487/1992/4487 4494/1995/4494 885/2001/885
f 887/1998/887 4480/1985/4480 4487/1992/4487 886/1998/886
f 888/2000/888 4473/1982/4473 4480/1985/4480 887/1998/887
f 4522/1762/4522 4523/442/4523 4530/1751/4530 4529/1765/4529
f 4523/442/4523 4524/1753/4524 4531/1754/4531 4530/1751/4530
f 4524/1753/4524 4525/1755/4525 4532/2036/4532 4531/1754/4531
f 4525/1755/4525 4526/439/4526 4533/1757/4533 4532/2036/4532
f 4526/439/4526 4527/1758/4527 4534/1759/4534 4533/1757/4533
f 4527/1758/4527 4528/437/4528 4535/1768/4535 4534/1759/4534
f 4529/1765/4529 4530/1751/4530 4537/442/4537 4536/443/4536
f 4530/1751/4530 4531/1754/4531 4538/441/4538 4537/442/4537
f 4531/1754/4531 4532/2036/4532 4539/2037/4539 4538/441/4538
f 4532/2036/4532 4533/1757/4533 4540/439/4540 4539/2037/4539
f 4533/1757/4533 4534/1759/4534 4541/438/4541 4540/439/4540
f 4534/1759/4534 4535/1768/4535 4542/1775/4542 4541/438/4541
f 4536/443/4536 4537/442/4537 4544/442/4544 4543/1762/4543
f 4537/442/4537 4538/441/4538 4545/2038/4545 4544/442/4544
f 4538/441/4538 4539/2037/4539 4546/1755/4546 4545/2038/4545
f 4539/2037/4539 4540/439/4540 4547/1763/4547 4546/1755/4546
f 4540/439/4540 4541/438/4541 4548/1758/4548 4547/1763/4547
f 4541/438/4541 4542/1775/4542 4549/1764/4549 4548/1758/4548
f 4543/1762/4543 4544/442/4544 4551/1751/4551 4550/1765/4550
f 4544/442/4544 4545/2038/4545 4552/1766/4552 4551/1751/4551
f 4545/2038/4545 4546/1755/4546 4553/440/4553 4552/1766/4552
f 4546/1755/4546 4547/1763/4547 4554/1767/4554 4553/440/4553
f 4547/1763/4547 4548/1758/4548 4555/2039/4555 4554/1767/4554
f 4548/1758/4548 4549/1764/4549 4556/1768/4556 4555/2039/4555
f 4550/1765/4550 4551/1751/4551 4558/1769/4558 4557/443/4557
f 4551/1751/4551 4552/1766/4552 4559/1754/4559 4558/1769/4558
f 4552/1766/4552 4553/440/4553 4560/440/4560 4559/1754/4559
f 4553/440/4553 4554/1767/4554 4561/1770/4561 4560/440/4560
f 4554/1767/4554 4555/2039/4555 4562/438/4562 4561/1770/4561
f 4555/2039/4555 4556/1768/4556 4563/437/4563 4562/438/4562
f 4557/443/4557 4558/1769/4558 4565/442/4565 4564/1761/4564
f 4558/1769/4558 4559/1754/4559 4566/441/4566 4565/442/4565
f 4559/1754/4559 4560/440/4560 4567/1772/4567 4566/441/4566
f 4560/440/4560 4561/1770/4561 4568/439/4568 4567/1772/4567
f 4561/1770/4561 4562/438/4562 4569/1771/4569 4568/439/4568
f 4562/438/4562 4563/437/4563 4570/437/4570 4569/1771/4569
f 58/1773/58 916/443/916 4522/1762/4522 874/445/874
f 916/443/916 915/1774/915 4523/442/4523 4522/1762/4522
f 915/1774/915 914/441/914 4524/1753/4524 4523/442/4523
f 914/441/914 913/440/913 4525/1755/4525 4524/1753/4524
f 913/440/913 912/439/912 4526/439/4526 4525/1755/4525
f 912/439/912 911/1771/911 4527/1758/4527 4526/439/4526
f 911/1771/911 910/1775/910 4528/437/4528 4527/1758/4527
f 910/1775/910 57/1776/57 917/2034/917 4528/437/4528
f 4528/437/4528 917/2034/917 918/1777/918 4535/1768/4535
f 4535/1768/4535 918/1777/918 919/2035/919 4542/1775/4542
f 4542/1775/4542 919/2035/919 920/1778/920 4549/1764/4549
f 4549/1764/4549 920/1778/920 921/1777/921 4556/1768/4556
f 4556/1768/4556 921/1777/921 922/1779/922 4563/437/4563
f 4563/437/4563 922/1779/922 923/1776/923 4570/437/4570
f 4570/437/4570 923/1776/923 61/1776/61 966/1775/966
f 4569/1771/4569 4570/437/4570 966/1775/966 967/1771/967
f 4568/439/4568 4569/1771/4569 967/1771/967 968/439/968
f 4567/1772/4567 4568/439/4568 968/439/968 969/440/969
f 4566/441/4566 4567/1772/4567 969/440/969 970/441/970
f 4565/442/4565 4566/441/4566 970/441/970 971/1774/971
f 4564/1761/4564 4565/442/4565 971/1774/971 972/443/972
f 868/1773/868 4564/1761/4564 972/443/972 63/1780/63
f 869/1782/869 4557/443/4557 4564/1761/4564 868/1773/868
f 870/445/870 4550/1765/4550 4557/443/4557 869/1782/869
f 871/1773/871 4543/1762/4543 4550/1765/4550 870/445/870
f 872/1773/872 4536/443/4536 4543/1762/4543 871/1773/871
f 873/1782/873 4529/1765/4529 4536/443/4536 872/1773/872
f 874/445/874 4522/1762/4522 4529/1765/4529 873/1782/873
f 4571/1963/4571 4572/1964/4572 4579/1904/4579 4578/1965/4578
f 4572/1964/4572 4573/1966/4573 4580/1967/4580 4579/1904/4579
f 4573/1966/4573 4574/1968/4574 4581/1969/4581 4580/1967/4580
f 4574/1968/4574 4575/1970/4575 4582/1971/4582 4581/1969/4581
f 4575/1970/4575 4576/1972/4576 4583/1973/4583 4582/1971/4582
f 4576/1972/4576 4577/1974/4577 4584/1975/4584 4583/1973/4583
f 4578/1965/4578 4579/1904/4579 4586/1964/4586 4585/1976/4585
f 4579/1904/4579 4580/1967/4580 4587/1966/4587 4586/1964/4586
f 4580/1967/4580 4581/1969/4581 4588/1902/4588 4587/1966/4587
f 4581/1969/4581 4582/1971/4582 4589/1977/4589 4588/1902/4588
f 4582/1971/4582 4583/1973/4583 4590/1978/4590 4589/1977/4589
f 4583/1973/4583 4584/1975/4584 4591/1979/4591 4590/1978/4590
f 4585/1976/4585 4586/1964/4586 4593/1904/4593 4592/1965/4592
f 4586/1964/4586 4587/1966/4587 4594/1967/4594 4593/1904/4593
f 4587/1966/4587 4588/1902/4588 4595/1902/4595 4594/1967/4594
f 4588/1902/4588 4589/1977/4589 4596/1980/4596 4595/1902/4595
f 4589/1977/4589 4590/1978/4590 4597/1978/4597 4596/1980/4596
f 4590/1978/4590 4591/1979/4591 4598/1899/4598 4597/1978/4597
f 4592/1965/4592 4593/1904/4593 4600/1964/4600 4599/1976/4599
f 4593/1904/4593 4594/1967/4594 4601/1966/4601 4600/1964/4600
f 4594/1967/4594 4595/1902/4595 4602/1968/4602 4601/1966/4601
f 4595/1902/4595 4596/1980/4596 4603/1970/4603 4602/1968/4602
f 4596/1980/4596 4597/1978/4597 4604/1972/4604 4603/1970/4603
f 4597/1978/4597 4598/1899/4598 4605/1974/4605 4604/1972/4604
f 4599/1976/4599 4600/1964/4600 4607/1904/4607 4606/1963/4606
f 4600/1964/4600 4601/1966/4601 4608/1967/4608 4607/1904/4607
f 4601/1966/4601 4602/1968/4602 4609/1969/4609 4608/1967/4608
f 4602/1968/4602 4603/1970/4603 4610/1971/4610 4609/1969/4609
f 4603/1970/4603 4604/1972/4604 4611/1973/4611 4610/1971/4610
f 4604/1972/4604 4605/1974/4605 4612/1975/4612 4611/1973/4611
f 4606/1963/4606 4607/1904/4607 4614/1964/4614 4613/1963/4613
f 4607/1904/4607 4608/1967/4608 4615/1966/4615 4614/1964/4614
f 4608/1967/4608 4609/1969/4609 4616/1902/4616 4615/1966/4615
f 4609/1969/4609 4610/1971/4610 4617/1977/4617 4616/1902/4616
f 4610/1971/4610 4611/1973/4611 4618/1978/4618 4617/1977/4617
f 4611/1973/4611 4612/1975/4612 4619/1979/4619 4618/1978/4618
f 65/283/65 1000/1963/1000 4571/1963/4571 1070/1898/1070
f 1000/1963/1000 999/1904/999 4572/1964/4572 4571/1963/4571
f 999/1904/999 998/1967/998 4573/1966/4573 4572/1964/4572
f 998/1967/998 997/1902/997 4574/1968/4574 4573/1966/4573
f 997/1902/997 996/1980/996 4575/1970/4575 4574/1968/4574
f 996/1980/996 995/1978/995 4576/1972/4576 4575/1970/4575
f 995/1978/995 994/1899/994 4577/1974/4577 4576/1972/4576
f 994/1899/994 68/1773/68 1057/445/1057 4577/1974/4577
f 4577/1974/4577 1057/445/1057 1058/1782/1058 4584/1975/4584
f 4584/1975/4584 1058/1782/1058 1059/1773/1059 4591/1979/4591
f 4591/1979/4591 1059/1773/1059 1060/1773/1060 4598/1899/4598
f 4598/1899/4598 1060/1773/1060 1061/445/1061 4605/1974/4605
f 4605/1974/4605 1061/445/1061 1062/1782/1062 4612/1975/4612
f 4612/1975/4612 1062/1782/1062 1063/1773/1063 4619/1979/4619
f 4619/1979/4619 1063/1773/1063 72/1773/72 1050/1899/1050
f 4618/1978/4618 4619/1979/4619 1050/1899/1050 1051/1978/1051
f 4617/1977/4617 4618/1978/4618 1051/1978/1051 1052/1980/1052
f 4616/1902/4616 4617/1977/4617 1052/1980/1052 1053/1902/1053
f 4615/1966/4615 4616/1902/4616 1053/1902/1053 1054/1967/1054
f 4614/1964/4614 4615/1966/4615 1054/1967/1054 1055/1904/1055
f 4613/1963/4613 4614/1964/4614 1055/1904/1055 1056/1963/1056
f 1064/1981/1064 4613/1963/4613 1056/1963/1056 69/283/69
f 1065/1898/1065 4606/1963/4606 4613/1963/4613 1064/1981/1064
f 1066/1898/1066 4599/1976/4599 4606/1963/4606 1065/1898/1065
f 1067/1898/1067 4592/1965/4592 4599/1976/4599 1066/1898/1066
f 1068/1898/1068 4585/1976/4585 4592/1965/4592 1067/1898/1067
f 1069/1898/1069 4578/1965/4578 4585/1976/4585 1068/1898/1068
f 1070/1898/1070 4571/1963/4571 4578/1965/4578 1069/1898/1069
f 4620/2002/4620 4621/2003/4621 4628/2004/4628 4627/2005/4627
f 4621/2003/4621 4622/2006/4622 4629/2007/4629 4628/2004/4628
f 4622/2006/4622 4623/2008/4623 4630/2009/4630 4629/2007/4629
f 4623/2008/4623 4624/2010/4624 4631/2011/4631 4630/2009/4630
f 4624/2010/4624 4625/2022/4625 4632/2013/4632 4631/2011/4631
f 4625/2022/4625 4626/2014/4626 4633/2015/4633 4632/2013/4632
f 4627/2005/4627 4628/2004/4628 4635/1961/4635 4634/1962/4634
f 4628/2004/4628 4629/2007/4629 4636/1960/4636 4635/1961/4635
f 4629/2007/4629 4630/2009/4630 4637/2017/4637 4636/1960/4636
f 4630/2009/4630 4631/2011/4631 4638/2018/4638 4637/2017/4637
f 4631/2011/4631 4632/2013/4632 4639/1957/4639 4638/2018/4638
f 4632/2013/4632 4633/2015/4633 4640/2014/4640 4639/1957/4639
f 4634/1962/4634 4635/1961/4635 4642/2019/4642 4641/2020/4641
f 4635/1961/4635 4636/1960/4636 4643/2006/4643 4642/2019/4642
f 4636/1960/4636 4637/2017/4637 4644/2008/4644 4643/2006/4643
f 4637/2017/4637 4638/2018/4638 4645/2021/4645 4644/2008/4644
f 4638/2018/4638 4639/1957/4639 4646/2022/4646 4645/2021/4645
f 4639/1957/4639 4640/2014/4640 4647/2023/4647 4646/2022/4646
f 4641/2020/4641 4642/2019/4642 4649/2024/4649 4648/2005/4648
f 4642/2019/4642 4643/2006/4643 4650/2025/4650 4649/2024/4649
f 4643/2006/4643 4644/2008/4644 4651/2017/4651 4650/2025/4650
f 4644/2008/4644 4645/2021/4645 4652/2026/4652 4651/2017/4651
f 4645/2021/4645 4646/2022/4646 4653/2013/4653 4652/2026/4652
f 4646/2022/4646 4647/2023/4647 4654/2015/4654 4653/2013/4653
f 4648/2005/4648 4649/2024/4649 4656/2033/4656 4655/2027/4655
f 4649/2024/4649 4650/2025/4650 4657/2025/4657 4656/2033/4656
f 4650/2025/4650 4651/2017/4651 4658/2017/4658 4657/2025/4657
f 4651/2017/4651 4652/2026/4652 4659/1958/4659 4658/2017/4658
f 4652/2026/4652 4653/2013/4653 4660/1957/4660 4659/1958/4659
f 4653/2013/4653 4654/2015/4654 4661/2014/4661 4660/1957/4660
f 4655/2027/4655 4656/2033/4656 4663/2019/4663 4662/2027/4662
f 4656/2033/4656 4657/2025/4657 4664/1960/4664 4663/2019/4663
f 4657/2025/4657 4658/2017/4658 4665/2028/4665 4664/1960/4664
f 4658/2017/4658 4659/1958/4659 4666/2021/4666 4665/2028/4665
f 4659/1958/4659 4660/1957/4660 4667/2029/4667 4666/2021/4666
f 4660/1957/4660 4661/2014/4661 4668/1956/4668 4667/2029/4667
f 47/1776/47 706/2016/706 4620/2002/4620 1028/2034/1028
f 706/2016/706 705/2032/705 4621/2003/4621 4620/2002/4620
f 705/2032/705 704/1960/704 4622/2006/4622 4621/2003/4621
f 704/1960/704 703/1959/703 4623/2008/4623 4622/2006/4622
f 703/1959/703 702/2018/702 4624/2010/4624 4623/2008/4623
f 702/2018/702 701/1957/701 4625/2022/4625 4624/2010/4624
f 701/1957/701 700/2014/700 4626/2014/4626 4625/2022/4625
f 700/2014/700 46/1997/46 1015/2000/1015 4626/2014/4626
f 4626/2014/4626 1015/2000/1015 1016/1998/1016 4633/2015/4633
f 4633/2015/4633 1016/1998/1016 1017/1998/1017 4640/2014/4640
f 4640/2014/4640 1017/1998/1017 1018/2001/1018 4647/2023/4647
f 4647/2023/4647 1018/2001/1018 1019/1998/1019 4654/2015/4654
f 4654/2015/4654 1019/1998/1019 1020/1997/1020 4661/2014/4661
f 4661/2014/4661 1020/1997/1020 1021/2000/1021 4668/1956/4668
f 4668/1956/4668 1021/2000/1021 66/1997/66 980/2014/980
f 4667/2029/4667 4668/1956/4668 980/2014/980 981/1957/981
f 4666/2021/4666 4667/2029/4667 981/1957/981 982/2018/982
f 4665/2028/4665 4666/2021/4666 982/2018/982 983/1959/983
f 4664/1960/4664 4665/2028/4665 983/1959/983 984/1960/984
f 4663/2019/4663 4664/1960/4664 984/1960/984 985/2032/985
f 4662/2027/4662 4663/2019/4663 985/2032/985 986/2016/986
f 1022/1776/1022 4662/2027/4662 986/2016/986 67/1776/67
f 1023/1779/1023 4655/2027/4655 4662/2027/4662 1022/1776/1022
f 1024/1777/1024 4648/2005/4648 4655/2027/4655 1023/1779/1023
f 1025/1778/1025 4641/2020/4641 4648/2005/4648 1024/1777/1024
f 1026/2035/1026 4634/1962/4634 4641/2020/4641 1025/1778/1025
f 1027/1777/1027 4627/2005/4627 4634/1962/4634 1026/2035/1026
f 1028/2034/1028 4620/2002/4620 4627/2005/4627 1027/1777/1027
f 4669/1762/4669 4670/442/4670 4677/1751/4677 4676/1765/4676
f 4670/442/4670 4671/1753/4671 4678/1754/4678 4677/1751/4677
f 4671/1753/4671 4672/1755/4672 4679/2036/4679 4678/1754/4678
f 4672/1755/4672 4673/439/4673 4680/1757/4680 4679/2036/4679
f 4673/439/4673 4674/1758/4674 4681/1759/4681 4680/1757/4680
f 4674/1758/4674 4675/437/4675 4682/1768/4682 4681/1759/4681
f 4676/1765/4676 4677/1751/4677 4684/442/4684 4683/443/4683
f 4677/1751/4677 4678/1754/4678 4685/441/4685 4684/442/4684
f 4678/1754/4678 4679/2036/4679 4686/2037/4686 4685/441/4685
f 4679/2036/4679 4680/1757/4680 4687/439/4687 4686/2037/4686
f 4680/1757/4680 4681/1759/4681 4688/438/4688 4687/439/4687
f 4681/1759/4681 4682/1768/4682 4689/1775/4689 4688/438/4688
f 4683/443/4683 4684/442/4684 4691/442/4691 4690/1762/4690
f 4684/442/4684 4685/441/4685 4692/2038/4692 4691/442/4691
f 4685/441/4685 4686/2037/4686 4693/1755/4693 4692/2038/4692
f 4686/2037/4686 4687/439/4687 4694/1763/4694 4693/1755/4693
f 4687/439/4687 4688/438/4688 4695/1758/4695 4694/1763/4694
f 4688/438/4688 4689/1775/4689 4696/1764/4696 4695/1758/4695
f 4690/1762/4690 4691/442/4691 4698/1751/4698 4697/1765/4697
f 4691/442/4691 4692/2038/4692 4699/1766/4699 4698/1751/4698
f 4692/2038/4692 4693/1755/4693 4700/440/4700 4699/1766/4699
f 4693/1755/4693 4694/1763/4694 4701/1767/4701 4700/440/4700
f 4694/1763/4694 4695/1758/4695 4702/2039/4702 4701/1767/4701
f 4695/1758/4695 4696/1764/4696 4703/1768/4703 4702/2039/4702
f 4697/1765/4697 4698/1751/4698 4705/1769/4705 4704/443/4704
f 4698/1751/4698 4699/1766/4699 4706/1754/4706 4705/1769/4705
f 4699/1766/4699 4700/440/4700 4707/440/4707 4706/1754/4706
f 4700/440/4700 4701/1767/4701 4708/1770/4708 4707/440/4707
f 4701/1767/4701 4702/2039/4702 4709/438/4709 4708/1770/4708
f 4702/2039/4702 4703/1768/4703 4710/437/4710 4709/438/4709
f 4704/443/4704 4705/1769/4705 4712/442/4712 4711/1761/4711
f 4705/1769/4705 4706/1754/4706 4713/441/4713 4712/442/4712
f 4706/1754/4706 4707/440/4707 4714/1772/4714 4713/441/4713
f 4707/440/4707 4708/1770/4708 4715/439/4715 4714/1772/4714
f 4708/1770/4708 4709/438/4709 4716/1771/4716 4715/439/4715
f 4709/438/4709 4710/437/4710 4717/437/4717 4716/1771/4716
f 48/1780/48 713/443/713 4669/1762/4669 1001/445/1001
f 713/443/713 712/1774/712 4670/442/4670 4669/1762/4669
f 712/1774/712 711/441/711 4671/1753/4671 4670/442/4670
f 711/441/711 710/440/710 4672/1755/4672 4671/1753/4671
f 710/440/710 709/439/709 4673/439/4673 4672/1755/4672
f 709/439/709 708/1771/708 4674/1758/4674 4673/439/4673
f 708/1771/708 707/1775/707 4675/437/4675 4674/1758/4674
f 707/1775/707 47/1776/47 1028/2034/1028 4675/437/4675
f 4675/437/4675 1028/2034/1028 1027/1777/1027 4682/1768/4682
f 4682/1768/4682 1027/1777/1027 1026/2035/1026 4689/1775/4689
f 4689/1775/4689 1026/2035/1026 1025/1778/1025 4696/1764/4696
f 4696/1764/4696 1025/1778/1025 1024/1777/1024 4703/1768/4703
f 4703/1768/4703 1024/1777/1024 1023/1779/1023 4710/437/4710
f 4710/437/4710 1023/1779/1023 1022/1776/1022 4717/437/4717
f 4717/437/4717 1022/1776/1022 67/1776/67 987/1775/987
f 4716/1771/4716 4717/437/4717 987/1775/987 988/1771/988
f 4715/439/4715 4716/1771/4716 988/1771/988 989/439/989
f 4714/1772/4714 4715/439/4715 989/439/989 990/440/990
f 4713/441/4713 4714/1772/4714 990/440/990 991/441/991
f 4712/442/4712 4713/441/4713 991/441/991 992/1774/992
f 4711/1761/4711 4712/442/4712 992/1774/992 993/443/993
f 1007/1773/1007 4711/1761/4711 993/443/993 68/1773/68
f 1006/1782/1006 4704/443/4704 4711/1761/4711 1007/1773/1007
f 1005/445/1005 4697/1765/4697 4704/443/4704 1006/1782/1006
f 1004/1773/1004 4690/1762/4690 4697/1765/4697 1005/445/1005
f 1003/1773/1003 4683/443/4683 4690/1762/4690 1004/1773/1004
f 1002/1782/1002 4676/1765/4676 4683/443/4683 1003/1773/1003
f 1001/445/1001 4669/1762/4669 4676/1765/4676 1002/1782/1002
f 4718/1982/4718 4719/1983/4719 4726/1984/4726 4725/1985/4725
f 4719/1983/4719 4720/1986/4720 4727/1987/4727 4726/1984/4726
f 4720/1986/4720 4721/1988/4721 4728/1838/4728 4727/1987/4727
f 4721/1988/4721 4722/1989/4722 4729/1837/4729 4728/1838/4728
f 4722/1989/4722 4723/1990/4723 4730/1990/4730 4729/1837/4729
f 4723/1990/4723 4724/1835/4724 4731/1991/4731 4730/1990/4730
f 4725/1985/4725 4726/1984/4726 4733/1840/4733 4732/1992/4732
f 4726/1984/4726 4727/1987/4727 4734/1839/4734 4733/1840/4733
f 4727/1987/4727 4728/1838/4728 4735/1988/4735 4734/1839/4734
f 4728/1838/4728 4729/1837/4729 4736/1989/4736 4735/1988/4735
f 4729/1837/4729 4730/1990/4730 4737/1836/4737 4736/1989/4736
f 4730/1990/4730 4731/1991/4731 4738/1993/4738 4737/1836/4737
f 4732/1992/4732 4733/1840/4733 4740/1994/4740 4739/1995/4739
f 4733/1840/4733 4734/1839/4734 4741/1839/4741 4740/1994/4740
f 4734/1839/4734 4735/1988/4735 4742/1838/4742 4741/1839/4741
f 4735/1988/4735 4736/1989/4736 4743/1837/4743 4742/1838/4742
f 4736/1989/4736 4737/1836/4737 4744/1990/4744 4743/1837/4743
f 4737/1836/4737 4738/1993/4738 4745/1991/4745 4744/1990/4744
f 4739/1995/4739 4740/1994/4740 4747/1983/4747 4746/1982/4746
f 4740/1994/4740 4741/1839/4741 4748/1986/4748 4747/1983/4747
f 4741/1839/4741 4742/1838/4742 4749/1988/4749 4748/1986/4748
f 4742/1838/4742 4743/1837/4743 4750/1989/4750 4749/1988/4749
f 4743/1837/4743 4744/1990/4744 4751/1836/4751 4750/1989/4750
f 4744/1990/4744 4745/1991/4745 4752/1993/4752 4751/1836/4751
f 4746/1982/4746 4747/1983/4747 4754/1984/4754 4753/1985/4753
f 4747/1983/4747 4748/1986/4748 4755/1987/4755 4754/1984/4754
f 4748/1986/4748 4749/1988/4749 4756/1838/4756 4755/1987/4755
f 4749/1988/4749 4750/1989/4750 4757/1837/4757 4756/1838/4756
f 4750/1989/4750 4751/1836/4751 4758/1990/4758 4757/1837/4757
f 4751/1836/4751 4752/1993/4752 4759/1835/4759 4758/1990/4758
f 4753/1985/4753 4754/1984/4754 4761/1840/4761 4760/1992/4760
f 4754/1984/4754 4755/1987/4755 4762/1839/4762 4761/1840/4761
f 4755/1987/4755 4756/1838/4756 4763/1988/4763 4762/1839/4762
f 4756/1838/4756 4757/1837/4757 4764/1989/4764 4763/1988/4763
f 4757/1837/4757 4758/1990/4758 4765/1990/4765 4764/1989/4764
f 4758/1990/4758 4759/1835/4759 4766/1996/4766 4765/1990/4765
f 46/1997/46 699/1995/699 4718/1982/4718 1015/2000/1015
f 699/1995/699 698/1994/698 4719/1983/4719 4718/1982/4718
f 698/1994/698 697/1839/697 4720/1986/4720 4719/1983/4719
f 697/1839/697 696/1838/696 4721/1988/4721 4720/1986/4720
f 696/1838/696 695/1837/695 4722/1989/4722 4721/1988/4721
f 695/1837/695 694/1990/694 4723/1990/4723 4722/1989/4722
f 694/1990/694 693/1999/693 4724/1835/4724 4723/1990/4723
f 693/1999/693 45/59/45 1014/1833/1014 4724/1835/4724
f 4724/1835/4724 1014/1833/1014 1013/1833/1013 4731/1991/4731
f 4731/1991/4731 1013/1833/1013 1012/1833/1012 4738/1993/4738
f 4738/1993/4738 1012/1833/1012 1011/1833/1011 4745/1991/4745
f 4745/1991/4745 1011/1833/1011 1010/1833/1010 4752/1993/4752
f 4752/1993/4752 1010/1833/1010 1009/1833/1009 4759/1835/4759
f 4759/1835/4759 1009/1833/1009 1008/1833/1008 4766/1996/4766
f 4766/1996/4766 1008/1833/1008 65/59/65 973/1999/973
f 4765/1990/4765 4766/1996/4766 973/1999/973 974/1990/974
f 4764/1989/4764 4765/1990/4765 974/1990/974 975/1837/975
f 4763/1988/4763 4764/1989/4764 975/1837/975 976/1838/976
f 4762/1839/4762 4763/1988/4763 976/1838/976 977/1839/977
f 4761/1840/4761 4762/1839/4762 977/1839/977 978/1994/978
f 4760/1992/4760 4761/1840/4761 978/1994/978 979/1995/979
f 1021/2000/1021 4760/1992/4760 979/1995/979 66/1997/66
f 1020/1997/1020 4753/1985/4753 4760/1992/4760 1021/2000/1021
f 1019/1998/1019 4746/1982/4746 4753/1985/4753 1020/1997/1020
f 1018/2001/1018 4739/1995/4739 4746/1982/4746 1019/1998/1019
f 1017/1998/1017 4732/1992/4732 4739/1995/4739 1018/2001/1018
f 1016/1998/1016 4725/1985/4725 4732/1992/4732 1017/1998/1017
f 1015/2000/1015 4718/1982/4718 4725/1985/4725 1016/1998/1016
f 4767/1762/4767 4768/442/4768 4775/1751/4775 4774/1765/4774
f 4768/442/4768 4769/1753/4769 4776/1754/4776 4775/1751/4775
f 4769/1753/4769 4770/1755/4770 4777/2036/4777 4776/1754/4776
f 4770/1755/4770 4771/439/4771 4778/1757/4778 4777/2036/4777
f 4771/439/4771 4772/1758/4772 4779/1759/4779 4778/1757/4778
f 4772/1758/4772 4773/437/4773 4780/1768/4780 4779/1759/4779
f 4774/1765/4774 4775/1751/4775 4782/442/4782 4781/443/4781
f 4775/1751/4775 4776/1754/4776 4783/441/4783 4782/442/4782
f 4776/1754/4776 4777/2036/4777 4784/2037/4784 4783/441/4783
f 4777/2036/4777 4778/1757/4778 4785/439/4785 4784/2037/4784
f 4778/1757/4778 4779/1759/4779 4786/438/4786 4785/439/4785
f 4779/1759/4779 4780/1768/4780 4787/1775/4787 4786/438/4786
f 4781/443/4781 4782/442/4782 4789/442/4789 4788/1762/4788
f 4782/442/4782 4783/441/4783 4790/2038/4790 4789/442/4789
f 4783/441/4783 4784/2037/4784 4791/1755/4791 4790/2038/4790
f 4784/2037/4784 4785/439/4785 4792/1763/4792 4791/1755/4791
f 4785/439/4785 4786/438/4786 4793/1758/4793 4792/1763/4792
f 4786/438/4786 4787/1775/4787 4794/1764/4794 4793/1758/4793
f 4788/1762/4788 4789/442/4789 4796/1751/4796 4795/1765/4795
f 4789/442/4789 4790/2038/4790 4797/1766/4797 4796/1751/4796
f 4790/2038/4790 4791/1755/4791 4798/440/4798 4797/1766/4797
f 4791/1755/4791 4792/1763/4792 4799/1767/4799 4798/440/4798
f 4792/1763/4792 4793/1758/4793 4800/2039/4800 4799/1767/4799
f 4793/1758/4793 4794/1764/4794 4801/1768/4801 4800/2039/4800
f 4795/1765/4795 4796/1751/4796 4803/1769/4803 4802/443/4802
f 4796/1751/4796 4797/1766/4797 4804/1754/4804 4803/1769/4803
f 4797/1766/4797 4798/440/4798 4805/440/4805 4804/1754/4804
f 4798/440/4798 4799/1767/4799 4806/1770/4806 4805/440/4805
f 4799/1767/4799 4800/2039/4800 4807/438/4807 4806/1770/4806
f 4800/2039/4800 4801/1768/4801 4808/437/4808 4807/438/4807
f 4802/443/4802 4803/1769/4803 4810/442/4810 4809/1761/4809
f 4803/1769/4803 4804/1754/4804 4811/441/4811 4810/442/4810
f 4804/1754/4804 4805/440/4805 4812/1772/4812 4811/441/4811
f 4805/440/4805 4806/1770/4806 4813/439/4813 4812/1772/4812
f 4806/1770/4806 4807/438/4807 4814/1771/4814 4813/439/4813
f 4807/438/4807 4808/437/4808 4815/437/4815 4814/1771/4814
f 72/1773/72 1049/443/1049 4767/1762/4767 1126/2040/1126
f 1049/443/1049 1048/1774/1048 4768/442/4768 4767/1762/4767
f 1048/1774/1048 1047/441/1047 4769/1753/4769 4768/442/4768
f 1047/441/1047 1046/440/1046 4770/1755/4770 4769/1753/4769
f 1046/440/1046 1045/439/1045 4771/439/4771 4770/1755/4770
f 1045/439/1045 1044/1771/1044 4772/1758/4772 4771/439/4771
f 1044/1771/1044 1043/1775/1043 4773/437/4773 4772/1758/4772
f 1043/1775/1043 71/1776/71 1113/2034/1113 4773/437/4773
f 4773/437/4773 1113/2034/1113 1114/1777/1114 4780/1768/4780
f 4780/1768/4780 1114/1777/1114 1115/2035/1115 4787/1775/4787
f 4787/1775/4787 1115/2035/1115 1116/1778/1116 4794/1764/4794
f 4794/1764/4794 1116/1778/1116 1117/1777/1117 4801/1768/4801
f 4801/1768/4801 1117/1777/1117 1118/1779/1118 4808/437/4808
f 4808/437/4808 1118/1779/1118 1119/1776/1119 4815/437/4815
f 4815/437/4815 1119/1776/1119 75/1776/75 1099/1775/1099
f 4814/1771/4814 4815/437/4815 1099/1775/1099 1100/1771/1100
f 4813/439/4813 4814/1771/4814 1100/1771/1100 1101/439/1101
f 4812/1772/4812 4813/439/4813 1101/439/1101 1102/440/1102
f 4811/441/4811 4812/1772/4812 1102/440/1102 1103/441/1103
f 4810/442/4810 4811/441/4811 1103/441/1103 1104/1774/1104
f 4809/1761/4809 4810/442/4810 1104/1774/1104 1105/443/1105
f 1120/1773/1120 4809/1761/4809 1105/443/1105 76/1780/76
f 1121/1773/1121 4802/443/4802 4809/1761/4809 1120/1773/1120
f 1122/2041/1122 4795/1765/4795 4802/443/4802 1121/1773/1121
f 1123/1782/1123 4788/1762/4788 4795/1765/4795 1122/2041/1122
f 1124/1781/1124 4781/443/4781 4788/1762/4788 1123/1782/1123
f 1125/445/1125 4774/1765/4774 4781/443/4781 1124/1781/1124
f 1126/2040/1126 4767/1762/4767 4774/1765/4774 1125/445/1125
f 4816/2002/4816 4817/2003/4817 4824/2004/4824 4823/2005/4823
f 4817/2003/4817 4818/2006/4818 4825/2007/4825 4824/2004/4824
f 4818/2006/4818 4819/2008/4819 4826/2009/4826 4825/2007/4825
f 4819/2008/4819 4820/2010/4820 4827/2011/4827 4826/2009/4826
f 4820/2010/4820 4821/2022/4821 4828/2013/4828 4827/2011/4827
f 4821/2022/4821 4822/2014/4822 4829/2015/4829 4828/2013/4828
f 4823/2005/4823 4824/2004/4824 4831/1961/4831 4830/1962/4830
f 4824/2004/4824 4825/2007/4825 4832/1960/4832 4831/1961/4831
f 4825/2007/4825 4826/2009/4826 4833/2017/4833 4832/1960/4832
f 4826/2009/4826 4827/2011/4827 4834/2018/4834 4833/2017/4833
f 4827/2011/4827 4828/2013/4828 4835/1957/4835 4834/2018/4834
f 4828/2013/4828 4829/2015/4829 4836/2014/4836 4835/1957/4835
f 4830/1962/4830 4831/1961/4831 4838/2019/4838 4837/2020/4837
f 4831/1961/4831 4832/1960/4832 4839/2006/4839 4838/2019/4838
f 4832/1960/4832 4833/2017/4833 4840/2008/4840 4839/2006/4839
f 4833/2017/4833 4834/2018/4834 4841/2021/4841 4840/2008/4840
f 4834/2018/4834 4835/1957/4835 4842/2022/4842 4841/2021/4841
f 4835/1957/4835 4836/2014/4836 4843/2023/4843 4842/2022/4842
f 4837/2020/4837 4838/2019/4838 4845/2024/4845 4844/2005/4844
f 4838/2019/4838 4839/2006/4839 4846/2025/4846 4845/2024/4845
f 4839/2006/4839 4840/2008/4840 4847/2017/4847 4846/2025/4846
f 4840/2008/4840 4841/2021/4841 4848/2026/4848 4847/2017/4847
f 4841/2021/4841 4842/2022/4842 4849/2013/4849 4848/2026/4848
f 4842/2022/4842 4843/2023/4843 4850/2015/4850 4849/2013/4849
f 4844/2005/4844 4845/2024/4845 4852/2033/4852 4851/2027/4851
f 4845/2024/4845 4846/2025/4846 4853/2025/4853 4852/2033/4852
f 4846/2025/4846 4847/2017/4847 4854/2017/4854 4853/2025/4853
f 4847/2017/4847 4848/2026/4848 4855/1958/4855 4854/2017/4854
f 4848/2026/4848 4849/2013/4849 4856/1957/4856 4855/1958/4855
f 4849/2013/4849 4850/2015/4850 4857/2014/4857 4856/1957/4856
f 4851/2027/4851 4852/2033/4852 4859/2019/4859 4858/2027/4858
f 4852/2033/4852 4853/2025/4853 4860/1960/4860 4859/2019/4859
f 4853/2025/4853 4854/2017/4854 4861/2028/4861 4860/1960/4860
f 4854/2017/4854 4855/1958/4855 4862/2021/4862 4861/2028/4861
f 4855/1958/4855 4856/1957/4856 4863/2029/4863 4862/2021/4862
f 4856/1957/4856 4857/2014/4857 4864/1956/4864 4863/2029/4863
f 67/1776/67 986/2016/986 4816/2002/4816 1084/2034/1084
f 986/2016/986 985/2032/985 4817/2003/4817 4816/2002/4816
f 985/2032/985 984/1960/984 4818/2006/4818 4817/2003/4817
f 984/1960/984 983/1959/983 4819/2008/4819 4818/2006/4818
f 983/1959/983 982/2018/982 4820/2010/4820 4819/2008/4819
f 982/2018/982 981/1957/981 4821/2022/4821 4820/2010/4820
f 981/1957/981 980/2014/980 4822/2014/4822 4821/2022/4821
f 980/2014/980 66/1997/66 1071/2000/1071 4822/2014/4822
f 4822/2014/4822 1071/2000/1071 1072/1998/1072 4829/2015/4829
f 4829/2015/4829 1072/1998/1072 1073/1998/1073 4836/2014/4836
f 4836/2014/4836 1073/1998/1073 1074/2001/1074 4843/2023/4843
f 4843/2023/4843 1074/2001/1074 1075/1998/1075 4850/2015/4850
f 4850/2015/4850 1075/1998/1075 1076/1997/1076 4857/2014/4857
f 4857/2014/4857 1076/1997/1076 1077/2000/1077 4864/1956/4864
f 4864/1956/4864 1077/2000/1077 70/1997/70 1036/2014/1036
f 4863/2029/4863 4864/1956/4864 1036/2014/1036 1037/1957/1037
f 4862/2021/4862 4863/2029/4863 1037/1957/1037 1038/2018/1038
f 4861/2028/4861 4862/2021/4862 1038/2018/1038 1039/1959/1039
f 4860/1960/4860 4861/2028/4861 1039/1959/1039 1040/1960/1040
f 4859/2019/4859 4860/1960/4860 1040/1960/1040 1041/2032/1041
f 4858/2027/4858 4859/2019/4859 1041/2032/1041 1042/2016/1042
f 1078/1776/1078 4858/2027/4858 1042/2016/1042 71/1776/71
f 1079/1779/1079 4851/2027/4851 4858/2027/4858 1078/1776/1078
f 1080/1777/1080 4844/2005/4844 4851/2027/4851 1079/1779/1079
f 1081/1778/1081 4837/2020/4837 4844/2005/4844 1080/1777/1080
f 1082/2035/1082 4830/1962/4830 4837/2020/4837 1081/1778/1081
f 1083/1777/1083 4823/2005/4823 4830/1962/4830 1082/2035/1082
f 1084/2034/1084 4816/2002/4816 4823/2005/4823 1083/1777/1083
f 4865/1762/4865 4866/442/4866 4873/1751/4873 4872/1765/4872
f 4866/442/4866 4867/1753/4867 4874/1754/4874 4873/1751/4873
f 4867/1753/4867 4868/1755/4868 4875/2036/4875 4874/1754/4874
f 4868/1755/4868 4869/439/4869 4876/1757/4876 4875/2036/4875
f 4869/439/4869 4870/1758/4870 4877/1759/4877 4876/1757/4876
f 4870/1758/4870 4871/437/4871 4878/1768/4878 4877/1759/4877
f 4872/1765/4872 4873/1751/4873 4880/442/4880 4879/443/4879
f 4873/1751/4873 4874/1754/4874 4881/441/4881 4880/442/4880
f 4874/1754/4874 4875/2036/4875 4882/2037/4882 4881/441/4881
f 4875/2036/4875 4876/1757/4876 4883/439/4883 4882/2037/4882
f 4876/1757/4876 4877/1759/4877 4884/438/4884 4883/439/4883
f 4877/1759/4877 4878/1768/4878 4885/1775/4885 4884/438/4884
f 4879/443/4879 4880/442/4880 4887/442/4887 4886/1762/4886
f 4880/442/4880 4881/441/4881 4888/2038/4888 4887/442/4887
f 4881/441/4881 4882/2037/4882 4889/1755/4889 4888/2038/4888
f 4882/2037/4882 4883/439/4883 4890/1763/4890 4889/1755/4889
f 4883/439/4883 4884/438/4884 4891/1758/4891 4890/1763/4890
f 4884/438/4884 4885/1775/4885 4892/1764/4892 4891/1758/4891
f 4886/1762/4886 4887/442/4887 4894/1751/4894 4893/1765/4893
f 4887/442/4887 4888/2038/4888 4895/1766/4895 4894/1751/4894
f 4888/2038/4888 4889/1755/4889 4896/440/4896 4895/1766/4895
f 4889/1755/4889 4890/1763/4890 4897/1767/4897 4896/440/4896
f 4890/1763/4890 4891/1758/4891 4898/2039/4898 4897/1767/4897
f 4891/1758/4891 4892/1764/4892 4899/1768/4899 4898/2039/4898
f 4893/1765/4893 4894/1751/4894 4901/1769/4901 4900/443/4900
f 4894/1751/4894 4895/1766/4895 4902/1754/4902 4901/1769/4901
f 4895/1766/4895 4896/440/4896 4903/440/4903 4902/1754/4902
f 4896/440/4896 4897/1767/4897 4904/1770/4904 4903/440/4903
f 4897/1767/4897 4898/2039/4898 4905/438/4905 4904/1770/4904
f 4898/2039/4898 4899/1768/4899 4906/437/4906 4905/438/4905
f 4900/443/4900 4901/1769/4901 4908/442/4908 4907/1761/4907
f 4901/1769/4901 4902/1754/4902 4909/441/4909 4908/442/4908
f 4902/1754/4902 4903/440/4903 4910/1772/4910 4909/441/4909
f 4903/440/4903 4904/1770/4904 4911/439/4911 4910/1772/4910
f 4904/1770/4904 4905/438/4905 4912/1771/4912 4911/439/4911
f 4905/438/4905 4906/437/4906 4913/437/4913 4912/1771/4912
f 68/1773/68 993/443/993 4865/1762/4865 1057/445/1057
f 993/443/993 992/1774/992 4866/442/4866 4865/1762/4865
f 992/1774/992 991/441/991 4867/1753/4867 4866/442/4866
f 991/441/991 990/440/990 4868/1755/4868 4867/1753/4867
f 990/440/990 989/439/989 4869/439/4869 4868/1755/4868
f 989/439/989 988/1771/988 4870/1758/4870 4869/439/4869
f 988/1771/988 987/1775/987 4871/437/4871 4870/1758/4870
f 987/1775/987 67/1776/67 1084/2034/1084 4871/437/4871
f 4871/437/4871 1084/2034/1084 1083/1777/1083 4878/1768/4878
f 4878/1768/4878 1083/1777/1083 1082/2035/1082 4885/1775/4885
f 4885/1775/4885 1082/2035/1082 1081/1778/1081 4892/1764/4892
f 4892/1764/4892 1081/1778/1081 1080/1777/1080 4899/1768/4899
f 4899/1768/4899 1080/1777/1080 1079/1779/1079 4906/437/4906
f 4906/437/4906 1079/1779/1079 1078/1776/1078 4913/437/4913
f 4913/437/4913 1078/1776/1078 71/1776/71 1043/1775/1043
f 4912/1771/4912 4913/437/4913 1043/1775/1043 1044/1771/1044
f 4911/439/4911 4912/1771/4912 1044/1771/1044 1045/439/1045
f 4910/1772/4910 4911/439/4911 1045/439/1045 1046/440/1046
f 4909/441/4909 4910/1772/4910 1046/440/1046 1047/441/1047
f 4908/442/4908 4909/441/4909 1047/441/1047 1048/1774/1048
f 4907/1761/4907 4908/442/4908 1048/1774/1048 1049/443/1049
f 1063/1773/1063 4907/1761/4907 1049/443/1049 72/1773/72
f 1062/1782/1062 4900/443/4900 4907/1761/4907 1063/1773/1063
f 1061/445/1061 4893/1765/4893 4900/443/4900 1062/1782/1062
f 1060/1773/1060 4886/1762/4886 4893/1765/4893 1061/445/1061
f 1059/1773/1059 4879/443/4879 4886/1762/4886 1060/1773/1060
f 1058/1782/1058 4872/1765/4872 4879/443/4879 1059/1773/1059
f 1057/445/1057 4865/1762/4865 4872/1765/4872 1058/1782/1058
f 4914/1982/4914 4915/1983/4915 4922/1984/4922 4921/1985/4921
f 4915/1983/4915 4916/1986/4916 4923/1987/4923 4922/1984/4922
f 4916/1986/4916 4917/1988/4917 4924/1838/4924 4923/1987/4923
f 4917/1988/4917 4918/1989/4918 4925/1837/4925 4924/1838/4924
f 4918/1989/4918 4919/1990/4919 4926/1990/4926 4925/1837/4925
f 4919/1990/4919 4920/1835/4920 4927/1991/4927 4926/1990/4926
f 4921/1985/4921 4922/1984/4922 4929/1840/4929 4928/1992/4928
f 4922/1984/4922 4923/1987/4923 4930/1839/4930 4929/1840/4929
f 4923/1987/4923 4924/1838/4924 4931/1988/4931 4930/1839/4930
f 4924/1838/4924 4925/1837/4925 4932/1989/4932 4931/1988/4931
f 4925/1837/4925 4926/1990/4926 4933/1836/4933 4932/1989/4932
f 4926/1990/4926 4927/1991/4927 4934/1993/4934 4933/1836/4933
f 4928/1992/4928 4929/1840/4929 4936/1994/4936 4935/1995/4935
f 4929/1840/4929 4930/1839/4930 4937/1839/4937 4936/1994/4936
f 4930/1839/4930 4931/1988/4931 4938/1838/4938 4937/1839/4937
f 4931/1988/4931 4932/1989/4932 4939/1837/4939 4938/1838/4938
f 4932/1989/4932 4933/1836/4933 4940/1990/4940 4939/1837/4939
f 4933/1836/4933 4934/1993/4934 4941/1991/4941 4940/1990/4940
f 4935/1995/4935 4936/1994/4936 4943/1983/4943 4942/1982/4942
f 4936/1994/4936 4937/1839/4937 4944/1986/4944 4943/1983/4943
f 4937/1839/4937 4938/1838/4938 4945/1988/4945 4944/1986/4944
f 4938/1838/4938 4939/1837/4939 4946/1989/4946 4945/1988/4945
f 4939/1837/4939 4940/1990/4940 4947/1836/4947 4946/1989/4946
f 4940/1990/4940 4941/1991/4941 4948/1993/4948 4947/1836/4947
f 4942/1982/4942 4943/1983/4943 4950/1984/4950 4949/1985/4949
f 4943/1983/4943 4944/1986/4944 4951/1987/4951 4950/1984/4950
f 4944/1986/4944 4945/1988/4945 4952/1838/4952 4951/1987/4951
f 4945/1988/4945 4946/1989/4946 4953/1837/4953 4952/1838/4952
f 4946/1989/4946 4947/1836/4947 4954/1990/4954 4953/1837/4953
f 4947/1836/4947 4948/1993/4948 4955/1835/4955 4954/1990/4954
f 4949/1985/4949 4950/1984/4950 4957/1840/4957 4956/1992/4956
f 4950/1984/4950 4951/1987/4951 4958/1839/4958 4957/1840/4957
f 4951/1987/4951 4952/1838/4952 4959/1988/4959 4958/1839/4958
f 4952/1838/4952 4953/1837/4953 4960/1989/4960 4959/1988/4959
f 4953/1837/4953 4954/1990/4954 4961/1990/4961 4960/1989/4960
f 4954/1990/4954 4955/1835/4955 4962/1996/4962 4961/1990/4961
f 66/1997/66 979/1995/979 4914/1982/4914 1071/2000/1071
f 979/1995/979 978/1994/978 4915/1983/4915 4914/1982/4914
f 978/1994/978 977/1839/977 4916/1986/4916 4915/1983/4915
f 977/1839/977 976/1838/976 4917/1988/4917 4916/1986/4916
f 976/1838/976 975/1837/975 4918/1989/4918 4917/1988/4917
f 975/1837/975 974/1990/974 4919/1990/4919 4918/1989/4918
f 974/1990/974 973/1999/973 4920/1835/4920 4919/1990/4919
f 973/1999/973 65/59/65 1070/1833/1070 4920/1835/4920
f 4920/1835/4920 1070/1833/1070 1069/1833/1069 4927/1991/4927
f 4927/1991/4927 1069/1833/1069 1068/1833/1068 4934/1993/4934
f 4934/1993/4934 1068/1833/1068 1067/1833/1067 4941/1991/4941
f 4941/1991/4941 1067/1833/1067 1066/1833/1066 4948/1993/4948
f 4948/1993/4948 1066/1833/1066 1065/1833/1065 4955/1835/4955
f 4955/1835/4955 1065/1833/1065 1064/1833/1064 4962/1996/4962
f 4962/1996/4962 1064/1833/1064 69/59/69 1029/1999/1029
f 4961/1990/4961 4962/1996/4962 1029/1999/1029 1030/1990/1030
f 4960/1989/4960 4961/1990/4961 1030/1990/1030 1031/1837/1031
f 4959/1988/4959 4960/1989/4960 1031/1837/1031 1032/1838/1032
f 4958/1839/4958 4959/1988/4959 1032/1838/1032 1033/1839/1033
f 4957/1840/4957 4958/1839/4958 1033/1839/1033 1034/1994/1034
f 4956/1992/4956 4957/1840/4957 1034/1994/1034 1035/1995/1035
f 1077/2000/1077 4956/1992/4956 1035/1995/1035 70/1997/70
f 1076/1997/1076 4949/1985/4949 4956/1992/4956 1077/2000/1077
f 1075/1998/1075 4942/1982/4942 4949/1985/4949 1076/1997/1076
f 1074/2001/1074 4935/1995/4935 4942/1982/4942 1075/1998/1075
f 1073/1998/1073 4928/1992/4928 4935/1995/4935 1074/2001/1074
f 1072/1998/1072 4921/1985/4921 4928/1992/4928 1073/1998/1073
f 1071/2000/1071 4914/1982/4914 4921/1985/4921 1072/1998/1072
f 4963/1762/4963 4964/442/4964 4971/1751/4970 4970/1765/4969
f 4964/442/4964 4965/1753/4965 4972/1754/4971 4971/1751/4970
f 4965/1753/4965 4966/1755/3468 4973/2036/4972 4972/1754/4971
f 4966/1755/3468 4967/439/4966 4974/1757/4973 4973/2036/4972
f 4967/439/4966 4968/1758/4967 4975/1759/4974 4974/1757/4973
f 4968/1758/4967 4969/437/4968 4976/1768/4975 4975/1759/4974
f 4970/1765/4969 4971/1751/4970 4978/442/4977 4977/443/4976
f 4971/1751/4970 4972/1754/4971 4979/441/4978 4978/442/4977
f 4972/1754/4971 4973/2036/4972 4980/2037/4979 4979/441/4978
f 4973/2036/4972 4974/1757/4973 4981/439/4980 4980/2037/4979
f 4974/1757/4973 4975/1759/4974 4982/438/4981 4981/439/4980
f 4975/1759/4974 4976/1768/4975 4983/1775/4982 4982/438/4981
f 4977/443/4976 4978/442/4977 4985/442/4984 4984/1762/4983
f 4978/442/4977 4979/441/4978 4986/2038/4985 4985/442/4984
f 4979/441/4978 4980/2037/4979 4987/1755/4986 4986/2038/4985
f 4980/2037/4979 4981/439/4980 4988/1763/4987 4987/1755/4986
f 4981/439/4980 4982/438/4981 4989/1758/4988 4988/1763/4987
f 4982/438/4981 4983/1775/4982 4990/1764/4989 4989/1758/4988
f 4984/1762/4983 4985/442/4984 4992/1751/4991 4991/1765/4990
f 4985/442/4984 4986/2038/4985 4993/1766/4992 4992/1751/4991
f 4986/2038/4985 4987/1755/4986 4994/440/4993 4993/1766/4992
f 4987/1755/4986 4988/1763/4987 4995/1767/4994 4994/440/4993
f 4988/1763/4987 4989/1758/4988 4996/2039/4995 4995/1767/4994
f 4989/1758/4988 4990/1764/4989 4997/1768/4996 4996/2039/4995
f 4991/1765/4990 4992/1751/4991 4999/1769/4998 4998/443/4997
f 4992/1751/4991 4993/1766/4992 5000/1754/4999 4999/1769/4998
f 4993/1766/4992 4994/440/4993 5001/440/5000 5000/1754/4999
f 4994/440/4993 4995/1767/4994 5002/1770/5001 5001/440/5000
f 4995/1767/4994 4996/2039/4995 5003/438/5002 5002/1770/5001
f 4996/2039/4995 4997/1768/4996 5004/437/5003 5003/438/5002
f 4998/443/4997 4999/1769/4998 5006/442/5005 5005/1761/5004
f 4999/1769/4998 5000/1754/4999 5007/441/5006 5006/442/5005
f 5000/1754/4999 5001/440/5000 5008/1772/5007 5007/441/5006
f 5001/440/5000 5002/1770/5001 5009/439/5008 5008/1772/5007
f 5002/1770/5001 5003/438/5002 5010/1771/5009 5009/439/5008
f 5003/438/5002 5004/437/5003 5011/437/5010 5010/1771/5009
f 76/1780/76 1105/443/1105 4963/1762/4963 1182/2040/1182
f 1105/443/1105 1104/1774/1104 4964/442/4964 4963/1762/4963
f 1104/1774/1104 1103/441/1103 4965/1753/4965 4964/442/4964
f 1103/441/1103 1102/440/1102 4966/1755/3468 4965/1753/4965
f 1102/440/1102 1101/439/1101 4967/439/4966 4966/1755/3468
f 1101/439/1101 1100/1771/1100 4968/1758/4967 4967/439/4966
f 1100/1771/1100 1099/1775/1099 4969/437/4968 4968/1758/4967
f 1099/1775/1099 75/1776/75 1169/2034/1169 4969/437/4968
f 4969/437/4968 1169/2034/1169 1170/1777/1170 4976/1768/4975
f 4976/1768/4975 1170/1777/1170 1171/2035/1171 4983/1775/4982
f 4983/1775/4982 1171/2035/1171 1172/1778/1172 4990/1764/4989
f 4990/1764/4989 1172/1778/1172 1173/1777/1173 4997/1768/4996
f 4997/1768/4996 1173/1777/1173 1174/1779/1174 5004/437/5003
f 5004/437/5003 1174/1779/1174 1175/1776/1175 5011/437/5010
f 5011/437/5010 1175/1776/1175 79/1776/79 1155/1775/1155
f 5010/1771/5009 5011/437/5010 1155/1775/1155 1156/1771/1156
f 5009/439/5008 5010/1771/5009 1156/1771/1156 1157/439/1157
f 5008/1772/5007 5009/439/5008 1157/439/1157 1158/440/1158
f 5007/441/5006 5008/1772/5007 1158/440/1158 1159/441/1159
f 5006/442/5005 5007/441/5006 1159/441/1159 1160/1774/1160
f 5005/1761/5004 5006/442/5005 1160/1774/1160 1161/443/1161
f 1176/1773/1176 5005/1761/5004 1161/443/1161 80/1780/80
f 1177/1773/1177 4998/443/4997 5005/1761/5004 1176/1773/1176
f 1178/2041/1178 4991/1765/4990 4998/443/4997 1177/1773/1177
f 1179/1782/1179 4984/1762/4983 4991/1765/4990 1178/2041/1178
f 1180/1781/1180 4977/443/4976 4984/1762/4983 1179/1782/1179
f 1181/445/1181 4970/1765/4969 4977/443/4976 1180/1781/1180
f 1182/2040/1182 4963/1762/4963 4970/1765/4969 1181/445/1181
f 5012/1982/5011 5013/1983/5012 5020/1984/5019 5019/1985/5018
f 5013/1983/5012 5014/1986/5013 5021/1987/5020 5020/1984/5019
f 5014/1986/5013 5015/1988/5014 5022/1838/5021 5021/1987/5020
f 5015/1988/5014 5016/1989/5015 5023/1837/5022 5022/1838/5021
f 5016/1989/5015 5017/1990/5016 5024/1990/5023 5023/1837/5022
f 5017/1990/5016 5018/1835/5017 5025/1991/5024 5024/1990/5023
f 5019/1985/5018 5020/1984/5019 5027/1840/5026 5026/1992/5025
f 5020/1984/5019 5021/1987/5020 5028/1839/5027 5027/1840/5026
f 5021/1987/5020 5022/1838/5021 5029/1988/5028 5028/1839/5027
f 5022/1838/5021 5023/1837/5022 5030/1989/5029 5029/1988/5028
f 5023/1837/5022 5024/1990/5023 5031/1836/5030 5030/1989/5029
f 5024/1990/5023 5025/1991/5024 5032/1993/5031 5031/1836/5030
f 5026/1992/5025 5027/1840/5026 5034/1994/5033 5033/1995/5032
f 5027/1840/5026 5028/1839/5027 5035/1839/5034 5034/1994/5033
f 5028/1839/5027 5029/1988/5028 5036/1838/5035 5035/1839/5034
f 5029/1988/5028 5030/1989/5029 5037/1837/5036 5036/1838/5035
f 5030/1989/5029 5031/1836/5030 5038/1990/5037 5037/1837/5036
f 5031/1836/5030 5032/1993/5031 5039/1991/5038 5038/1990/5037
f 5033/1995/5032 5034/1994/5033 5041/1983/5040 5040/1982/5039
f 5034/1994/5033 5035/1839/5034 5042/1986/5041 5041/1983/5040
f 5035/1839/5034 5036/1838/5035 5043/1988/5042 5042/1986/5041
f 5036/1838/5035 5037/1837/5036 5044/1989/5043 5043/1988/5042
f 5037/1837/5036 5038/1990/5037 5045/1836/5044 5044/1989/5043
f 5038/1990/5037 5039/1991/5038 5046/1993/5045 5045/1836/5044
f 5040/1982/5039 5041/1983/5040 5048/1984/5047 5047/1985/5046
f 5041/1983/5040 5042/1986/5041 5049/1987/5048 5048/1984/5047
f 5042/1986/5041 5043/1988/5042 5050/1838/5049 5049/1987/5048
f 5043/1988/5042 5044/1989/5043 5051/1837/5050 5050/1838/5049
f 5044/1989/5043 5045/1836/5044 5052/1990/5051 5051/1837/5050
f 5045/1836/5044 5046/1993/5045 5053/1835/5052 5052/1990/5051
f 5047/1985/5046 5048/1984/5047 5055/1840/5054 5054/1992/5053
f 5048/1984/5047 5049/1987/5048 5056/1839/5055 5055/1840/5054
f 5049/1987/5048 5050/1838/5049 5057/1988/5056 5056/1839/5055
f 5050/1838/5049 5051/1837/5050 5058/1989/5057 5057/1988/5056
f 5051/1837/5050 5052/1990/5051 5059/1990/5058 5058/1989/5057
f 5052/1990/5051 5053/1835/5052 5060/1996/5059 5059/1990/5058
f 70/1997/70 1035/1995/1035 5012/1982/5011 1140/1998/1140
f 1035/1995/1035 1034/1994/1034 5013/1983/5012 5012/1982/5011
f 1034/1994/1034 1033/1839/1033 5014/1986/5013 5013/1983/5012
f 1033/1839/1033 1032/1838/1032 5015/1988/5014 5014/1986/5013
f 1032/1838/1032 1031/1837/1031 5016/1989/5015 5015/1988/5014
f 1031/1837/1031 1030/1990/1030 5017/1990/5016 5016/1989/5015
f 1030/1990/1030 1029/1999/1029 5018/1835/5017 5017/1990/5016
f 1029/1999/1029 69/59/69 1127/1833/1127 5018/1835/5017
f 5018/1835/5017 1127/1833/1127 1128/1833/1128 5025/1991/5024
f 5025/1991/5024 1128/1833/1128 1129/1833/1129 5032/1993/5031
f 5032/1993/5031 1129/1833/1129 1130/1833/1130 5039/1991/5038
f 5039/1991/5038 1130/1833/1130 1131/1833/1131 5046/1993/5045
f 5046/1993/5045 1131/1833/1131 1132/1833/1132 5053/1835/5052
f 5053/1835/5052 1132/1833/1132 1133/1833/1133 5060/1996/5059
f 5060/1996/5059 1133/1833/1133 73/59/73 1085/1999/1085
f 5059/1990/5058 5060/1996/5059 1085/1999/1085 1086/1990/1086
f 5058/1989/5057 5059/1990/5058 1086/1990/1086 1087/1837/1087
f 5057/1988/5056 5058/1989/5057 1087/1837/1087 1088/1838/1088
f 5056/1839/5055 5057/1988/5056 1088/1838/1088 1089/1839/1089
f 5055/1840/5054 5056/1839/5055 1089/1839/1089 1090/1994/1090
f 5054/1992/5053 5055/1840/5054 1090/1994/1090 1091/1995/1091
f 1134/2000/1134 5054/1992/5053 1091/1995/1091 74/1997/74
f 1135/2001/1135 5047/1985/5046 5054/1992/5053 1134/2000/1134
f 1136/1998/1136 5040/1982/5039 5047/1985/5046 1135/2001/1135
f 1137/1997/1137 5033/1995/5032 5040/1982/5039 1136/1998/1136
f 1138/2000/1138 5026/1992/5025 5033/1995/5032 1137/1997/1137
f 1139/2001/1139 5019/1985/5018 5026/1992/5025 1138/2000/1138
f 1140/1998/1140 5012/1982/5011 5019/1985/5018 1139/2001/1139
f 5061/1963/5060 5062/1964/5061 5069/1904/5068 5068/1965/5067
f 5062/1964/5061 5063/1966/5062 5070/1967/5069 5069/1904/5068
f 5063/1966/5062 5064/1968/5063 5071/1969/5070 5070/1967/5069
f 5064/1968/5063 5065/1970/5064 5072/1971/5071 5071/1969/5070
f 5065/1970/5064 5066/1972/5065 5073/1973/5072 5072/1971/5071
f 5066/1972/5065 5067/1974/5066 5074/1975/5073 5073/1973/5072
f 5068/1965/5067 5069/1904/5068 5076/1964/5075 5075/1976/5074
f 5069/1904/5068 5070/1967/5069 5077/1966/5076 5076/1964/5075
f 5070/1967/5069 5071/1969/5070 5078/1902/5077 5077/1966/5076
f 5071/1969/5070 5072/1971/5071 5079/1977/5078 5078/1902/5077
f 5072/1971/5071 5073/1973/5072 5080/1978/5079 5079/1977/5078
f 5073/1973/5072 5074/1975/5073 5081/1979/5080 5080/1978/5079
f 5075/1976/5074 5076/1964/5075 5083/1904/5082 5082/1965/5081
f 5076/1964/5075 5077/1966/5076 5084/1967/5083 5083/1904/5082
f 5077/1966/5076 5078/1902/5077 5085/1902/5084 5084/1967/5083
f 5078/1902/5077 5079/1977/5078 5086/1980/5085 5085/1902/5084
f 5079/1977/5078 5080/1978/5079 5087/1978/5086 5086/1980/5085
f 5080/1978/5079 5081/1979/5080 5088/1899/5087 5087/1978/5086
f 5082/1965/5081 5083/1904/5082 5090/1964/5089 5089/1976/5088
f 5083/1904/5082 5084/1967/5083 5091/1966/5090 5090/1964/5089
f 5084/1967/5083 5085/1902/5084 5092/1968/5091 5091/1966/5090
f 5085/1902/5084 5086/1980/5085 5093/1970/5092 5092/1968/5091
f 5086/1980/5085 5087/1978/5086 5094/1972/5093 5093/1970/5092
f 5087/1978/5086 5088/1899/5087 5095/1974/5094 5094/1972/5093
f 5089/1976/5088 5090/1964/5089 5097/1904/5096 5096/1963/5095
f 5090/1964/5089 5091/1966/5090 5098/1967/5097 5097/1904/5096
f 5091/1966/5090 5092/1968/5091 5099/1969/5098 5098/1967/5097
f 5092/1968/5091 5093/1970/5092 5100/1971/5099 5099/1969/5098
f 5093/1970/5092 5094/1972/5093 5101/1973/5100 5100/1971/5099
f 5094/1972/5093 5095/1974/5094 5102/1975/5101 5101/1973/5100
f 5096/1963/5095 5097/1904/5096 5104/1964/5103 5103/1963/5102
f 5097/1904/5096 5098/1967/5097 5105/1966/5104 5104/1964/5103
f 5098/1967/5097 5099/1969/5098 5106/1902/5105 5105/1966/5104
f 5099/1969/5098 5100/1971/5099 5107/1977/5106 5106/1902/5105
f 5100/1971/5099 5101/1973/5100 5108/1978/5107 5107/1977/5106
f 5101/1973/5100 5102/1975/5101 5109/1979/5108 5108/1978/5107
f 69/283/69 1056/1963/1056 5061/1963/5060 1127/1898/1127
f 1056/1963/1056 1055/1904/1055 5062/1964/5061 5061/1963/5060
f 1055/1904/1055 1054/1967/1054 5063/1966/5062 5062/1964/5061
f 1054/1967/1054 1053/1902/1053 5064/1968/5063 5063/1966/5062
f 1053/1902/1053 1052/1980/1052 5065/1970/5064 5064/1968/5063
f 1052/1980/1052 1051/1978/1051 5066/1972/5065 5065/1970/5064
f 1051/1978/1051 1050/1899/1050 5067/1974/5066 5066/1972/5065
f 1050/1899/1050 72/1773/72 1126/2040/1126 5067/1974/5066
f 5067/1974/5066 1126/2040/1126 1125/445/1125 5074/1975/5073
f 5074/1975/5073 1125/445/1125 1124/1781/1124 5081/1979/5080
f 5081/1979/5080 1124/1781/1124 1123/1782/1123 5088/1899/5087
f 5088/1899/5087 1123/1782/1123 1122/2041/1122 5095/1974/5094
f 5095/1974/5094 1122/2041/1122 1121/1773/1121 5102/1975/5101
f 5102/1975/5101 1121/1773/1121 1120/1773/1120 5109/1979/5108
f 5109/1979/5108 1120/1773/1120 76/1780/76 1106/1899/1106
f 5108/1978/5107 5109/1979/5108 1106/1899/1106 1107/1978/1107
f 5107/1977/5106 5108/1978/5107 1107/1978/1107 1108/1980/1108
f 5106/1902/5105 5107/1977/5106 1108/1980/1108 1109/1902/1109
f 5105/1966/5104 5106/1902/5105 1109/1902/1109 1110/1967/1110
f 5104/1964/5103 5105/1966/5104 1110/1967/1110 1111/1904/1111
f 5103/1963/5102 5104/1964/5103 1111/1904/1111 1112/1963/1112
f 1133/1981/1133 5103/1963/5102 1112/1963/1112 73/283/73
f 1132/1898/1132 5096/1963/5095 5103/1963/5102 1133/1981/1133
f 1131/1898/1131 5089/1976/5088 5096/1963/5095 1132/1898/1132
f 1130/1898/1130 5082/1965/5081 5089/1976/5088 1131/1898/1131
f 1129/1898/1129 5075/1976/5074 5082/1965/5081 1130/1898/1130
f 1128/1898/1128 5068/1965/5067 5075/1976/5074 1129/1898/1129
f 1127/1898/1127 5061/1963/5060 5068/1965/5067 1128/1898/1128
f 5110/2002/5109 5111/2003/5110 5118/2004/5117 5117/2005/5116
f 5111/2003/5110 5112/2006/5111 5119/2007/5118 5118/2004/5117
f 5112/2006/5111 5113/2008/5112 5120/2009/5119 5119/2007/5118
f 5113/2008/5112 5114/2010/5113 5121/2011/5120 5120/2009/5119
f 5114/2010/5113 5115/2022/5114 5122/2013/5121 5121/2011/5120
f 5115/2022/5114 5116/2014/5115 5123/2015/5122 5122/2013/5121
f 5117/2005/5116 5118/2004/5117 5125/1961/5124 5124/1962/5123
f 5118/2004/5117 5119/2007/5118 5126/1960/5125 5125/1961/5124
f 5119/2007/5118 5120/2009/5119 5127/2017/5126 5126/1960/5125
f 5120/2009/5119 5121/2011/5120 5128/2018/5127 5127/2017/5126
f 5121/2011/5120 5122/2013/5121 5129/1957/5128 5128/2018/5127
f 5122/2013/5121 5123/2015/5122 5130/2014/5129 5129/1957/5128
f 5124/1962/5123 5125/1961/5124 5132/2019/5131 5131/2020/5130
f 5125/1961/5124 5126/1960/5125 5133/2006/5132 5132/2019/5131
f 5126/1960/5125 5127/2017/5126 5134/2008/5133 5133/2006/5132
f 5127/2017/5126 5128/2018/5127 5135/2021/5134 5134/2008/5133
f 5128/2018/5127 5129/1957/5128 5136/2022/5135 5135/2021/5134
f 5129/1957/5128 5130/2014/5129 5137/2023/5136 5136/2022/5135
f 5131/2020/5130 5132/2019/5131 5139/2024/5138 5138/2005/5137
f 5132/2019/5131 5133/2006/5132 5140/2025/5139 5139/2024/5138
f 5133/2006/5132 5134/2008/5133 5141/2017/5140 5140/2025/5139
f 5134/2008/5133 5135/2021/5134 5142/2026/5141 5141/2017/5140
f 5135/2021/5134 5136/2022/5135 5143/2013/5142 5142/2026/5141
f 5136/2022/5135 5137/2023/5136 5144/2015/5143 5143/2013/5142
f 5138/2005/5137 5139/2024/5138 5146/2033/5145 5145/2027/5144
f 5139/2024/5138 5140/2025/5139 5147/2025/5146 5146/2033/5145
f 5140/2025/5139 5141/2017/5140 5148/2017/5147 5147/2025/5146
f 5141/2017/5140 5142/2026/5141 5149/1958/5148 5148/2017/5147
f 5142/2026/5141 5143/2013/5142 5150/1957/5149 5149/1958/5148
f 5143/2013/5142 5144/2015/5143 5151/2014/5150 5150/1957/5149
f 5145/2027/5144 5146/2033/5145 5153/2019/5152 5152/2027/5151
f 5146/2033/5145 5147/2025/5146 5154/1960/5153 5153/2019/5152
f 5147/2025/5146 5148/2017/5147 5155/2028/5154 5154/1960/5153
f 5148/2017/5147 5149/1958/5148 5156/2021/5155 5155/2028/5154
f 5149/1958/5148 5150/1957/5149 5157/2029/5156 5156/2021/5155
f 5150/1957/5149 5151/2014/5150 5158/1956/5157 5157/2029/5156
f 71/1776/71 1042/2016/1042 5110/2002/5109 1113/2034/1113
f 1042/2016/1042 1041/2032/1041 5111/2003/5110 5110/2002/5109
f 1041/2032/1041 1040/1960/1040 5112/2006/5111 5111/2003/5110
f 1040/1960/1040 1039/1959/1039 5113/2008/5112 5112/2006/5111
f 1039/1959/1039 1038/2018/1038 5114/2010/5113 5113/2008/5112
f 1038/2018/1038 1037/1957/1037 5115/2022/5114 5114/2010/5113
f 1037/1957/1037 1036/2014/1036 5116/2014/5115 5115/2022/5114
f 1036/2014/1036 70/1997/70 1140/1998/1140 5116/2014/5115
f 5116/2014/5115 1140/1998/1140 1139/2001/1139 5123/2015/5122
f 5123/2015/5122 1139/2001/1139 1138/2000/1138 5130/2014/5129
f 5130/2014/5129 1138/2000/1138 1137/1997/1137 5137/2023/5136
f 5137/2023/5136 1137/1997/1137 1136/1998/1136 5144/2015/5143
f 5144/2015/5143 1136/1998/1136 1135/2001/1135 5151/2014/5150
f 5151/2014/5150 1135/2001/1135 1134/2000/1134 5158/1956/5157
f 5158/1956/5157 1134/2000/1134 74/1997/74 1092/2014/1092
f 5157/2029/5156 5158/1956/5157 1092/2014/1092 1093/1957/1093
f 5156/2021/5155 5157/2029/5156 1093/1957/1093 1094/2018/1094
f 5155/2028/5154 5156/2021/5155 1094/2018/1094 1095/1959/1095
f 5154/1960/5153 5155/2028/5154 1095/1959/1095 1096/1960/1096
f 5153/2019/5152 5154/1960/5153 1096/1960/1096 1097/2032/1097
f 5152/2027/5151 5153/2019/5152 1097/2032/1097 1098/2016/1098
f 1119/1776/1119 5152/2027/5151 1098/2016/1098 75/1776/75
f 1118/1779/1118 5145/2027/5144 5152/2027/5151 1119/1776/1119
f 1117/1777/1117 5138/2005/5137 5145/2027/5144 1118/1779/1118
f 1116/1778/1116 5131/2020/5130 5138/2005/5137 1117/1777/1117
f 1115/2035/1115 5124/1962/5123 5131/2020/5130 1116/1778/1116
f 1114/1777/1114 5117/2005/5116 5124/1962/5123 1115/2035/1115
f 1113/2034/1113 5110/2002/5109 5117/2005/5116 1114/1777/1114
f 5159/1963/5158 5160/1964/5159 5167/1904/5166 5166/1965/5165
f 5160/1964/5159 5161/1966/5160 5168/1967/5167 5167/1904/5166
f 5161/1966/5160 5162/1968/5161 5169/1969/5168 5168/1967/5167
f 5162/1968/5161 5163/1970/5162 5170/1971/5169 5169/1969/5168
f 5163/1970/5162 5164/1972/5163 5171/1973/5170 5170/1971/5169
f 5164/1972/5163 5165/1974/5164 5172/1975/5171 5171/1973/5170
f 5166/1965/5165 5167/1904/5166 5174/1964/5173 5173/1976/5172
f 5167/1904/5166 5168/1967/5167 5175/1966/5174 5174/1964/5173
f 5168/1967/5167 5169/1969/5168 5176/1902/5175 5175/1966/5174
f 5169/1969/5168 5170/1971/5169 5177/1977/5176 5176/1902/5175
f 5170/1971/5169 5171/1973/5170 5178/1978/5177 5177/1977/5176
f 5171/1973/5170 5172/1975/5171 5179/1979/5178 5178/1978/5177
f 5173/1976/5172 5174/1964/5173 5181/1904/5180 5180/1965/5179
f 5174/1964/5173 5175/1966/5174 5182/1967/5181 5181/1904/5180
f 5175/1966/5174 5176/1902/5175 5183/1902/5182 5182/1967/5181
f 5176/1902/5175 5177/1977/5176 5184/1980/5183 5183/1902/5182
f 5177/1977/5176 5178/1978/5177 5185/1978/5184 5184/1980/5183
f 5178/1978/5177 5179/1979/5178 5186/1899/5185 5185/1978/5184
f 5180/1965/5179 5181/1904/5180 5188/1964/5187 5187/1976/5186
f 5181/1904/5180 5182/1967/5181 5189/1966/5188 5188/1964/5187
f 5182/1967/5181 5183/1902/5182 5190/1968/5189 5189/1966/5188
f 5183/1902/5182 5184/1980/5183 5191/1970/5190 5190/1968/5189
f 5184/1980/5183 5185/1978/5184 5192/1972/5191 5191/1970/5190
f 5185/1978/5184 5186/1899/5185 5193/1974/5192 5192/1972/5191
f 5187/1976/5186 5188/1964/5187 5195/1904/5194 5194/1963/5193
f 5188/1964/5187 5189/1966/5188 5196/1967/5195 5195/1904/5194
f 5189/1966/5188 5190/1968/5189 5197/1969/5196 5196/1967/5195
f 5190/1968/5189 5191/1970/5190 5198/1971/5197 5197/1969/5196
f 5191/1970/5190 5192/1972/5191 5199/1973/5198 5198/1971/5197
f 5192/1972/5191 5193/1974/5192 5200/1975/5199 5199/1973/5198
f 5194/1963/5193 5195/1904/5194 5202/1964/5201 5201/1963/5200
f 5195/1904/5194 5196/1967/5195 5203/1966/5202 5202/1964/5201
f 5196/1967/5195 5197/1969/5196 5204/1902/5203 5203/1966/5202
f 5197/1969/5196 5198/1971/5197 5205/1977/5204 5204/1902/5203
f 5198/1971/5197 5199/1973/5198 5206/1978/5205 5205/1977/5204
f 5199/1973/5198 5200/1975/5199 5207/1979/5206 5206/1978/5205
f 77/283/77 1168/1963/1168 5159/1963/5158 1238/1898/1238
f 1168/1963/1168 1167/1904/1167 5160/1964/5159 5159/1963/5158
f 1167/1904/1167 1166/1967/1166 5161/1966/5160 5160/1964/5159
f 1166/1967/1166 1165/1902/1165 5162/1968/5161 5161/1966/5160
f 1165/1902/1165 1164/1980/1164 5163/1970/5162 5162/1968/5161
f 1164/1980/1164 1163/1978/1163 5164/1972/5163 5163/1970/5162
f 1163/1978/1163 1162/1899/1162 5165/1974/5164 5164/1972/5163
f 1162/1899/1162 80/1780/80 1225/445/1225 5165/1974/5164
f 5165/1974/5164 1225/445/1225 1226/1782/1226 5172/1975/5171
f 5172/1975/5171 1226/1782/1226 1227/1773/1227 5179/1979/5178
f 5179/1979/5178 1227/1773/1227 1228/1773/1228 5186/1899/5185
f 5186/1899/5185 1228/1773/1228 1229/445/1229 5193/1974/5192
f 5193/1974/5192 1229/445/1229 1230/1782/1230 5200/1975/5199
f 5200/1975/5199 1230/1782/1230 1231/1773/1231 5207/1979/5206
f 5207/1979/5206 1231/1773/1231 84/1773/84 1218/1899/1218
f 5206/1978/5205 5207/1979/5206 1218/1899/1218 1219/1978/1219
f 5205/1977/5204 5206/1978/5205 1219/1978/1219 1220/1980/1220
f 5204/1902/5203 5205/1977/5204 1220/1980/1220 1221/1902/1221
f 5203/1966/5202 5204/1902/5203 1221/1902/1221 1222/1967/1222
f 5202/1964/5201 5203/1966/5202 1222/1967/1222 1223/1904/1223
f 5201/1963/5200 5202/1964/5201 1223/1904/1223 1224/1963/1224
f 1232/1981/1232 5201/1963/5200 1224/1963/1224 81/283/81
f 1233/1898/1233 5194/1963/5193 5201/1963/5200 1232/1981/1232
f 1234/1898/1234 5187/1976/5186 5194/1963/5193 1233/1898/1233
f 1235/1898/1235 5180/1965/5179 5187/1976/5186 1234/1898/1234
f 1236/1898/1236 5173/1976/5172 5180/1965/5179 1235/1898/1235
f 1237/1898/1237 5166/1965/5165 5173/1976/5172 1236/1898/1236
f 1238/1898/1238 5159/1963/5158 5166/1965/5165 1237/1898/1237
f 5208/1982/5207 5209/1983/5208 5216/1984/5214 5215/1985/5213
f 5209/1983/5208 5210/1986/5209 5217/1987/5215 5216/1984/5214
f 5210/1986/5209 5211/1988/3517 5218/1838/5216 5217/1987/5215
f 5211/1988/3517 5212/1989/5210 5219/1837/5217 5218/1838/5216
f 5212/1989/5210 5213/1990/5211 5220/1990/5218 5219/1837/5217
f 5213/1990/5211 5214/1835/5212 5221/1991/5219 5220/1990/5218
f 5215/1985/5213 5216/1984/5214 5223/1840/5221 5222/1992/5220
f 5216/1984/5214 5217/1987/5215 5224/1839/5222 5223/1840/5221
f 5217/1987/5215 5218/1838/5216 5225/1988/5223 5224/1839/5222
f 5218/1838/5216 5219/1837/5217 5226/1989/5224 5225/1988/5223
f 5219/1837/5217 5220/1990/5218 5227/1836/5225 5226/1989/5224
f 5220/1990/5218 5221/1991/5219 5228/1993/5226 5227/1836/5225
f 5222/1992/5220 5223/1840/5221 5230/1994/5228 5229/1995/5227
f 5223/1840/5221 5224/1839/5222 5231/1839/5229 5230/1994/5228
f 5224/1839/5222 5225/1988/5223 5232/1838/5230 5231/1839/5229
f 5225/1988/5223 5226/1989/5224 5233/1837/5231 5232/1838/5230
f 5226/1989/5224 5227/1836/5225 5234/1990/5232 5233/1837/5231
f 5227/1836/5225 5228/1993/5226 5235/1991/5233 5234/1990/5232
f 5229/1995/5227 5230/1994/5228 5237/1983/5235 5236/1982/5234
f 5230/1994/5228 5231/1839/5229 5238/1986/5236 5237/1983/5235
f 5231/1839/5229 5232/1838/5230 5239/1988/5237 5238/1986/5236
f 5232/1838/5230 5233/1837/5231 5240/1989/5238 5239/1988/5237
f 5233/1837/5231 5234/1990/5232 5241/1836/5239 5240/1989/5238
f 5234/1990/5232 5235/1991/5233 5242/1993/5240 5241/1836/5239
f 5236/1982/5234 5237/1983/5235 5244/1984/5242 5243/1985/5241
f 5237/1983/5235 5238/1986/5236 5245/1987/5243 5244/1984/5242
f 5238/1986/5236 5239/1988/5237 5246/1838/5244 5245/1987/5243
f 5239/1988/5237 5240/1989/5238 5247/1837/5245 5246/1838/5244
f 5240/1989/5238 5241/1836/5239 5248/1990/5246 5247/1837/5245
f 5241/1836/5239 5242/1993/5240 5249/1835/5247 5248/1990/5246
f 5243/1985/5241 5244/1984/5242 5251/1840/5249 5250/1992/5248
f 5244/1984/5242 5245/1987/5243 5252/1839/5250 5251/1840/5249
f 5245/1987/5243 5246/1838/5244 5253/1988/5251 5252/1839/5250
f 5246/1838/5244 5247/1837/5245 5254/1989/5252 5253/1988/5251
f 5247/1837/5245 5248/1990/5246 5255/1990/5253 5254/1989/5252
f 5248/1990/5246 5249/1835/5247 5256/1996/5254 5255/1990/5253
f 74/1997/74 1091/1995/1091 5208/1982/5207 1196/1998/1196
f 1091/1995/1091 1090/1994/1090 5209/1983/5208 5208/1982/5207
f 1090/1994/1090 1089/1839/1089 5210/1986/5209 5209/1983/5208
f 1089/1839/1089 1088/1838/1088 5211/1988/3517 5210/1986/5209
f 1088/1838/1088 1087/1837/1087 5212/1989/5210 5211/1988/3517
f 1087/1837/1087 1086/1990/1086 5213/1990/5211 5212/1989/5210
f 1086/1990/1086 1085/1999/1085 5214/1835/5212 5213/1990/5211
f 1085/1999/1085 73/59/73 1183/1833/1183 5214/1835/5212
f 5214/1835/5212 1183/1833/1183 1184/1833/1184 5221/1991/5219
f 5221/1991/5219 1184/1833/1184 1185/1833/1185 5228/1993/5226
f 5228/1993/5226 1185/1833/1185 1186/1833/1186 5235/1991/5233
f 5235/1991/5233 1186/1833/1186 1187/1833/1187 5242/1993/5240
f 5242/1993/5240 1187/1833/1187 1188/1833/1188 5249/1835/5247
f 5249/1835/5247 1188/1833/1188 1189/1833/1189 5256/1996/5254
f 5256/1996/5254 1189/1833/1189 77/59/77 1141/1999/1141
f 5255/1990/5253 5256/1996/5254 1141/1999/1141 1142/1990/1142
f 5254/1989/5252 5255/1990/5253 1142/1990/1142 1143/1837/1143
f 5253/1988/5251 5254/1989/5252 1143/1837/1143 1144/1838/1144
f 5252/1839/5250 5253/1988/5251 1144/1838/1144 1145/1839/1145
f 5251/1840/5249 5252/1839/5250 1145/1839/1145 1146/1994/1146
f 5250/1992/5248 5251/1840/5249 1146/1994/1146 1147/1995/1147
f 1190/2000/1190 5250/1992/5248 1147/1995/1147 78/1997/78
f 1191/2001/1191 5243/1985/5241 5250/1992/5248 1190/2000/1190
f 1192/1998/1192 5236/1982/5234 5243/1985/5241 1191/2001/1191
f 1193/1997/1193 5229/1995/5227 5236/1982/5234 1192/1998/1192
f 1194/2000/1194 5222/1992/5220 5229/1995/5227 1193/1997/1193
f 1195/2001/1195 5215/1985/5213 5222/1992/5220 1194/2000/1194
f 1196/1998/1196 5208/1982/5207 5215/1985/5213 1195/2001/1195
f 5257/1963/5255 5258/1964/5256 5265/1904/5262 5264/1965/5261
f 5258/1964/5256 5259/1966/5257 5266/1967/5263 5265/1904/5262
f 5259/1966/5257 5260/1968/3566 5267/1969/5264 5266/1967/5263
f 5260/1968/3566 5261/1970/5258 5268/1971/5265 5267/1969/5264
f 5261/1970/5258 5262/1972/5259 5269/1973/5266 5268/1971/5265
f 5262/1972/5259 5263/1974/5260 5270/1975/5267 5269/1973/5266
f 5264/1965/5261 5265/1904/5262 5272/1964/5269 5271/1976/5268
f 5265/1904/5262 5266/1967/5263 5273/1966/5270 5272/1964/5269
f 5266/1967/5263 5267/1969/5264 5274/1902/5271 5273/1966/5270
f 5267/1969/5264 5268/1971/5265 5275/1977/5272 5274/1902/5271
f 5268/1971/5265 5269/1973/5266 5276/1978/5273 5275/1977/5272
f 5269/1973/5266 5270/1975/5267 5277/1979/5274 5276/1978/5273
f 5271/1976/5268 5272/1964/5269 5279/1904/5276 5278/1965/5275
f 5272/1964/5269 5273/1966/5270 5280/1967/5277 5279/1904/5276
f 5273/1966/5270 5274/1902/5271 5281/1902/5278 5280/1967/5277
f 5274/1902/5271 5275/1977/5272 5282/1980/5279 5281/1902/5278
f 5275/1977/5272 5276/1978/5273 5283/1978/5280 5282/1980/5279
f 5276/1978/5273 5277/1979/5274 5284/1899/5281 5283/1978/5280
f 5278/1965/5275 5279/1904/5276 5286/1964/5283 5285/1976/5282
f 5279/1904/5276 5280/1967/5277 5287/1966/5284 5286/1964/5283
f 5280/1967/5277 5281/1902/5278 5288/1968/5285 5287/1966/5284
f 5281/1902/5278 5282/1980/5279 5289/1970/5286 5288/1968/5285
f 5282/1980/5279 5283/1978/5280 5290/1972/5287 5289/1970/5286
f 5283/1978/5280 5284/1899/5281 5291/1974/5288 5290/1972/5287
f 5285/1976/5282 5286/1964/5283 5293/1904/5290 5292/1963/5289
f 5286/1964/5283 5287/1966/5284 5294/1967/5291 5293/1904/5290
f 5287/1966/5284 5288/1968/5285 5295/1969/5292 5294/1967/5291
f 5288/1968/5285 5289/1970/5286 5296/1971/5293 5295/1969/5292
f 5289/1970/5286 5290/1972/5287 5297/1973/5294 5296/1971/5293
f 5290/1972/5287 5291/1974/5288 5298/1975/5295 5297/1973/5294
f 5292/1963/5289 5293/1904/5290 5300/1964/5297 5299/1963/5296
f 5293/1904/5290 5294/1967/5291 5301/1966/5298 5300/1964/5297
f 5294/1967/5291 5295/1969/5292 5302/1902/5299 5301/1966/5298
f 5295/1969/5292 5296/1971/5293 5303/1977/5300 5302/1902/5299
f 5296/1971/5293 5297/1973/5294 5304/1978/5301 5303/1977/5300
f 5297/1973/5294 5298/1975/5295 5305/1979/5302 5304/1978/5301
f 73/283/73 1112/1963/1112 5257/1963/5255 1183/1898/1183
f 1112/1963/1112 1111/1904/1111 5258/1964/5256 5257/1963/5255
f 1111/1904/1111 1110/1967/1110 5259/1966/5257 5258/1964/5256
f 1110/1967/1110 1109/1902/1109 5260/1968/3566 5259/1966/5257
f 1109/1902/1109 1108/1980/1108 5261/1970/5258 5260/1968/3566
f 1108/1980/1108 1107/1978/1107 5262/1972/5259 5261/1970/5258
f 1107/1978/1107 1106/1899/1106 5263/1974/5260 5262/1972/5259
f 1106/1899/1106 76/1780/76 1182/2040/1182 5263/1974/5260
f 5263/1974/5260 1182/2040/1182 1181/445/1181 5270/1975/5267
f 5270/1975/5267 1181/445/1181 1180/1781/1180 5277/1979/5274
f 5277/1979/5274 1180/1781/1180 1179/1782/1179 5284/1899/5281
f 5284/1899/5281 1179/1782/1179 1178/2041/1178 5291/1974/5288
f 5291/1974/5288 1178/2041/1178 1177/1773/1177 5298/1975/5295
f 5298/1975/5295 1177/1773/1177 1176/1773/1176 5305/1979/5302
f 5305/1979/5302 1176/1773/1176 80/1780/80 1162/1899/1162
f 5304/1978/5301 5305/1979/5302 1162/1899/1162 1163/1978/1163
f 5303/1977/5300 5304/1978/5301 1163/1978/1163 1164/1980/1164
f 5302/1902/5299 5303/1977/5300 1164/1980/1164 1165/1902/1165
f 5301/1966/5298 5302/1902/5299 1165/1902/1165 1166/1967/1166
f 5300/1964/5297 5301/1966/5298 1166/1967/1166 1167/1904/1167
f 5299/1963/5296 5300/1964/5297 1167/1904/1167 1168/1963/1168
f 1189/1981/1189 5299/1963/5296 1168/1963/1168 77/283/77
f 1188/1898/1188 5292/1963/5289 5299/1963/5296 1189/1981/1189
f 1187/1898/1187 5285/1976/5282 5292/1963/5289 1188/1898/1188
f 1186/1898/1186 5278/1965/5275 5285/1976/5282 1187/1898/1187
f 1185/1898/1185 5271/1976/5268 5278/1965/5275 1186/1898/1186
f 1184/1898/1184 5264/1965/5261 5271/1976/5268 1185/1898/1185
f 1183/1898/1183 5257/1963/5255 5264/1965/5261 1184/1898/1184
f 5306/2002/5303 5307/2003/5304 5314/2004/5310 5313/2005/5309
f 5307/2003/5304 5308/2006/5305 5315/2007/5311 5314/2004/5310
f 5308/2006/5305 5309/2008/3223 5316/2009/5312 5315/2007/5311
f 5309/2008/3223 5310/2010/5306 5317/2011/5313 5316/2009/5312
f 5310/2010/5306 5311/2022/5307 5318/2013/5314 5317/2011/5313
f 5311/2022/5307 5312/2014/5308 5319/2015/5315 5318/2013/5314
f 5313/2005/5309 5314/2004/5310 5321/1961/5317 5320/1962/5316
f 5314/2004/5310 5315/2007/5311 5322/1960/5318 5321/1961/5317
f 5315/2007/5311 5316/2009/5312 5323/2017/5319 5322/1960/5318
f 5316/2009/5312 5317/2011/5313 5324/2018/5320 5323/2017/5319
f 5317/2011/5313 5318/2013/5314 5325/1957/5321 5324/2018/5320
f 5318/2013/5314 5319/2015/5315 5326/2014/5322 5325/1957/5321
f 5320/1962/5316 5321/1961/5317 5328/2019/5324 5327/2020/5323
f 5321/1961/5317 5322/1960/5318 5329/2006/5325 5328/2019/5324
f 5322/1960/5318 5323/2017/5319 5330/2008/5326 5329/2006/5325
f 5323/2017/5319 5324/2018/5320 5331/2021/5327 5330/2008/5326
f 5324/2018/5320 5325/1957/5321 5332/2022/5328 5331/2021/5327
f 5325/1957/5321 5326/2014/5322 5333/2023/5329 5332/2022/5328
f 5327/2020/5323 5328/2019/5324 5335/2024/5331 5334/2005/5330
f 5328/2019/5324 5329/2006/5325 5336/2025/5332 5335/2024/5331
f 5329/2006/5325 5330/2008/5326 5337/2017/5333 5336/2025/5332
f 5330/2008/5326 5331/2021/5327 5338/2026/5334 5337/2017/5333
f 5331/2021/5327 5332/2022/5328 5339/2013/5335 5338/2026/5334
f 5332/2022/5328 5333/2023/5329 5340/2015/5336 5339/2013/5335
f 5334/2005/5330 5335/2024/5331 5342/2033/5338 5341/2027/5337
f 5335/2024/5331 5336/2025/5332 5343/2025/5339 5342/2033/5338
f 5336/2025/5332 5337/2017/5333 5344/2017/5340 5343/2025/5339
f 5337/2017/5333 5338/2026/5334 5345/1958/5341 5344/2017/5340
f 5338/2026/5334 5339/2013/5335 5346/1957/5342 5345/1958/5341
f 5339/2013/5335 5340/2015/5336 5347/2014/5343 5346/1957/5342
f 5341/2027/5337 5342/2033/5338 5349/2019/5345 5348/2027/5344
f 5342/2033/5338 5343/2025/5339 5350/1960/5346 5349/2019/5345
f 5343/2025/5339 5344/2017/5340 5351/2028/5347 5350/1960/5346
f 5344/2017/5340 5345/1958/5341 5352/2021/5348 5351/2028/5347
f 5345/1958/5341 5346/1957/5342 5353/2029/5349 5352/2021/5348
f 5346/1957/5342 5347/2014/5343 5354/1956/5350 5353/2029/5349
f 75/1776/75 1098/2016/1098 5306/2002/5303 1169/2034/1169
f 1098/2016/1098 1097/2032/1097 5307/2003/5304 5306/2002/5303
f 1097/2032/1097 1096/1960/1096 5308/2006/5305 5307/2003/5304
f 1096/1960/1096 1095/1959/1095 5309/2008/3223 5308/2006/5305
f 1095/1959/1095 1094/2018/1094 5310/2010/5306 5309/2008/3223
f 1094/2018/1094 1093/1957/1093 5311/2022/5307 5310/2010/5306
f 1093/1957/1093 1092/2014/1092 5312/2014/5308 5311/2022/5307
f 1092/2014/1092 74/1997/74 1196/1998/1196 5312/2014/5308
f 5312/2014/5308 1196/1998/1196 1195/2001/1195 5319/2015/5315
f 5319/2015/5315 1195/2001/1195 1194/2000/1194 5326/2014/5322
f 5326/2014/5322 1194/2000/1194 1193/1997/1193 5333/2023/5329
f 5333/2023/5329 1193/1997/1193 1192/1998/1192 5340/2015/5336
f 5340/2015/5336 1192/1998/1192 1191/2001/1191 5347/2014/5343
f 5347/2014/5343 1191/2001/1191 1190/2000/1190 5354/1956/5350
f 5354/1956/5350 1190/2000/1190 78/1997/78 1148/2014/1148
f 5353/2029/5349 5354/1956/5350 1148/2014/1148 1149/1957/1149
f 5352/2021/5348 5353/2029/5349 1149/1957/1149 1150/2018/1150
f 5351/2028/5347 5352/2021/5348 1150/2018/1150 1151/1959/1151
f 5350/1960/5346 5351/2028/5347 1151/1959/1151 1152/1960/1152
f 5349/2019/5345 5350/1960/5346 1152/1960/1152 1153/2032/1153
f 5348/2027/5344 5349/2019/5345 1153/2032/1153 1154/2016/1154
f 1175/1776/1175 5348/2027/5344 1154/2016/1154 79/1776/79
f 1174/1779/1174 5341/2027/5337 5348/2027/5344 1175/1776/1175
f 1173/1777/1173 5334/2005/5330 5341/2027/5337 1174/1779/1174
f 1172/1778/1172 5327/2020/5323 5334/2005/5330 1173/1777/1173
f 1171/2035/1171 5320/1962/5316 5327/2020/5323 1172/1778/1172
f 1170/1777/1170 5313/2005/5309 5320/1962/5316 1171/2035/1171
f 1169/2034/1169 5306/2002/5303 5313/2005/5309 1170/1777/1170
f 5355/1762/5351 5356/442/5352 5363/1751/5359 5362/1765/5358
f 5356/442/5352 5357/1753/5353 5364/1754/5360 5363/1751/5359
f 5357/1753/5353 5358/1755/5354 5365/2036/5361 5364/1754/5360
f 5358/1755/5354 5359/439/5355 5366/1757/5362 5365/2036/5361
f 5359/439/5355 5360/1758/5356 5367/1759/5363 5366/1757/5362
f 5360/1758/5356 5361/437/5357 5368/1768/5364 5367/1759/5363
f 5362/1765/5358 5363/1751/5359 5370/442/5366 5369/443/5365
f 5363/1751/5359 5364/1754/5360 5371/441/5367 5370/442/5366
f 5364/1754/5360 5365/2036/5361 5372/2037/5368 5371/441/5367
f 5365/2036/5361 5366/1757/5362 5373/439/5369 5372/2037/5368
f 5366/1757/5362 5367/1759/5363 5374/438/5370 5373/439/5369
f 5367/1759/5363 5368/1768/5364 5375/1775/5371 5374/438/5370
f 5369/443/5365 5370/442/5366 5377/442/5373 5376/1762/5372
f 5370/442/5366 5371/441/5367 5378/2038/5374 5377/442/5373
f 5371/441/5367 5372/2037/5368 5379/1755/5375 5378/2038/5374
f 5372/2037/5368 5373/439/5369 5380/1763/5376 5379/1755/5375
f 5373/439/5369 5374/438/5370 5381/1758/5377 5380/1763/5376
f 5374/438/5370 5375/1775/5371 5382/1764/5378 5381/1758/5377
f 5376/1762/5372 5377/442/5373 5384/1751/5380 5383/1765/5379
f 5377/442/5373 5378/2038/5374 5385/1766/5381 5384/1751/5380
f 5378/2038/5374 5379/1755/5375 5386/440/5382 5385/1766/5381
f 5379/1755/5375 5380/1763/5376 5387/1767/5383 5386/440/5382
f 5380/1763/5376 5381/1758/5377 5388/2039/5384 5387/1767/5383
f 5381/1758/5377 5382/1764/5378 5389/1768/5385 5388/2039/5384
f 5383/1765/5379 5384/1751/5380 5391/1769/5387 5390/443/5386
f 5384/1751/5380 5385/1766/5381 5392/1754/5388 5391/1769/5387
f 5385/1766/5381 5386/440/5382 5393/440/5389 5392/1754/5388
f 5386/440/5382 5387/1767/5383 5394/1770/5390 5393/440/5389
f 5387/1767/5383 5388/2039/5384 5395/438/5391 5394/1770/5390
f 5388/2039/5384 5389/1768/5385 5396/437/5392 5395/438/5391
f 5390/443/5386 5391/1769/5387 5398/442/5394 5397/1761/5393
f 5391/1769/5387 5392/1754/5388 5399/441/5395 5398/442/5394
f 5392/1754/5388 5393/440/5389 5400/1772/5396 5399/441/5395
f 5393/440/5389 5394/1770/5390 5401/439/5397 5400/1772/5396
f 5394/1770/5390 5395/438/5391 5402/1771/5398 5401/439/5397
f 5395/438/5391 5396/437/5392 5403/437/5399 5402/1771/5398
f 84/1773/84 1217/443/1217 5355/1762/5351 1294/2040/1294
f 1217/443/1217 1216/1774/1216 5356/442/5352 5355/1762/5351
f 1216/1774/1216 1215/441/1215 5357/1753/5353 5356/442/5352
f 1215/441/1215 1214/440/1214 5358/1755/5354 5357/1753/5353
f 1214/440/1214 1213/439/1213 5359/439/5355 5358/1755/5354
f 1213/439/1213 1212/1771/1212 5360/1758/5356 5359/439/5355
f 1212/1771/1212 1211/1775/1211 5361/437/5357 5360/1758/5356
f 1211/1775/1211 83/1776/83 1281/2034/1281 5361/437/5357
f 5361/437/5357 1281/2034/1281 1282/1777/1282 5368/1768/5364
f 5368/1768/5364 1282/1777/1282 1283/2035/1283 5375/1775/5371
f 5375/1775/5371 1283/2035/1283 1284/1778/1284 5382/1764/5378
f 5382/1764/5378 1284/1778/1284 1285/1777/1285 5389/1768/5385
f 5389/1768/5385 1285/1777/1285 1286/1779/1286 5396/437/5392
f 5396/437/5392 1286/1779/1286 1287/1776/1287 5403/437/5399
f 5403/437/5399 1287/1776/1287 87/1776/87 1267/1775/1267
f 5402/1771/5398 5403/437/5399 1267/1775/1267 1268/1771/1268
f 5401/439/5397 5402/1771/5398 1268/1771/1268 1269/439/1269
f 5400/1772/5396 5401/439/5397 1269/439/1269 1270/440/1270
f 5399/441/5395 5400/1772/5396 1270/440/1270 1271/441/1271
f 5398/442/5394 5399/441/5395 1271/441/1271 1272/1774/1272
f 5397/1761/5393 5398/442/5394 1272/1774/1272 1273/443/1273
f 1288/1773/1288 5397/1761/5393 1273/443/1273 88/1780/88
f 1289/1773/1289 5390/443/5386 5397/1761/5393 1288/1773/1288
f 1290/2041/1290 5383/1765/5379 5390/443/5386 1289/1773/1289
f 1291/1782/1291 5376/1762/5372 5383/1765/5379 1290/2041/1290
f 1292/1781/1292 5369/443/5365 5376/1762/5372 1291/1782/1291
f 1293/445/1293 5362/1765/5358 5369/443/5365 1292/1781/1292
f 1294/2040/1294 5355/1762/5351 5362/1765/5358 1293/445/1293
f 5404/2002/5400 5405/2003/5401 5412/2004/5408 5411/2005/5407
f 5405/2003/5401 5406/2006/5402 5413/2007/5409 5412/2004/5408
f 5406/2006/5402 5407/2008/5403 5414/2009/5410 5413/2007/5409
f 5407/2008/5403 5408/2010/5404 5415/2011/5411 5414/2009/5410
f 5408/2010/5404 5409/2022/5405 5416/2013/5412 5415/2011/5411
f 5409/2022/5405 5410/2014/5406 5417/2015/5413 5416/2013/5412
f 5411/2005/5407 5412/2004/5408 5419/1961/5415 5418/1962/5414
f 5412/2004/5408 5413/2007/5409 5420/1960/5416 5419/1961/5415
f 5413/2007/5409 5414/2009/5410 5421/2017/5417 5420/1960/5416
f 5414/2009/5410 5415/2011/5411 5422/2018/5418 5421/2017/5417
f 5415/2011/5411 5416/2013/5412 5423/1957/5419 5422/2018/5418
f 5416/2013/5412 5417/2015/5413 5424/2014/5420 5423/1957/5419
f 5418/1962/5414 5419/1961/5415 5426/2019/5422 5425/2020/5421
f 5419/1961/5415 5420/1960/5416 5427/2006/5423 5426/2019/5422
f 5420/1960/5416 5421/2017/5417 5428/2008/5424 5427/2006/5423
f 5421/2017/5417 5422/2018/5418 5429/2021/5425 5428/2008/5424
f 5422/2018/5418 5423/1957/5419 5430/2022/5426 5429/2021/5425
f 5423/1957/5419 5424/2014/5420 5431/2023/5427 5430/2022/5426
f 5425/2020/5421 5426/2019/5422 5433/2024/5429 5432/2005/5428
f 5426/2019/5422 5427/2006/5423 5434/2025/5430 5433/2024/5429
f 5427/2006/5423 5428/2008/5424 5435/2017/5431 5434/2025/5430
f 5428/2008/5424 5429/2021/5425 5436/2026/5432 5435/2017/5431
f 5429/2021/5425 5430/2022/5426 5437/2013/5433 5436/2026/5432
f 5430/2022/5426 5431/2023/5427 5438/2015/5434 5437/2013/5433
f 5432/2005/5428 5433/2024/5429 5440/2033/5436 5439/2027/5435
f 5433/2024/5429 5434/2025/5430 5441/2025/5437 5440/2033/5436
f 5434/2025/5430 5435/2017/5431 5442/2017/5438 5441/2025/5437
f 5435/2017/5431 5436/2026/5432 5443/1958/5439 5442/2017/5438
f 5436/2026/5432 5437/2013/5433 5444/1957/5440 5443/1958/5439
f 5437/2013/5433 5438/2015/5434 5445/2014/5441 5444/1957/5440
f 5439/2027/5435 5440/2033/5436 5447/2019/5443 5446/2027/5442
f 5440/2033/5436 5441/2025/5437 5448/1960/5444 5447/2019/5443
f 5441/2025/5437 5442/2017/5438 5449/2028/5445 5448/1960/5444
f 5442/2017/5438 5443/1958/5439 5450/2021/5446 5449/2028/5445
f 5443/1958/5439 5444/1957/5440 5451/2029/5447 5450/2021/5446
f 5444/1957/5440 5445/2014/5441 5452/1956/5448 5451/2029/5447
f 79/1776/79 1154/2016/1154 5404/2002/5400 1252/2034/1252
f 1154/2016/1154 1153/2032/1153 5405/2003/5401 5404/2002/5400
f 1153/2032/1153 1152/1960/1152 5406/2006/5402 5405/2003/5401
f 1152/1960/1152 1151/1959/1151 5407/2008/5403 5406/2006/5402
f 1151/1959/1151 1150/2018/1150 5408/2010/5404 5407/2008/5403
f 1150/2018/1150 1149/1957/1149 5409/2022/5405 5408/2010/5404
f 1149/1957/1149 1148/2014/1148 5410/2014/5406 5409/2022/5405
f 1148/2014/1148 78/1997/78 1239/2000/1239 5410/2014/5406
f 5410/2014/5406 1239/2000/1239 1240/1998/1240 5417/2015/5413
f 5417/2015/5413 1240/1998/1240 1241/1998/1241 5424/2014/5420
f 5424/2014/5420 1241/1998/1241 1242/2001/1242 5431/2023/5427
f 5431/2023/5427 1242/2001/1242 1243/1998/1243 5438/2015/5434
f 5438/2015/5434 1243/1998/1243 1244/1997/1244 5445/2014/5441
f 5445/2014/5441 1244/1997/1244 1245/2000/1245 5452/1956/5448
f 5452/1956/5448 1245/2000/1245 82/1997/82 1204/2014/1204
f 5451/2029/5447 5452/1956/5448 1204/2014/1204 1205/1957/1205
f 5450/2021/5446 5451/2029/5447 1205/1957/1205 1206/2018/1206
f 5449/2028/5445 5450/2021/5446 1206/2018/1206 1207/1959/1207
f 5448/1960/5444 5449/2028/5445 1207/1959/1207 1208/1960/1208
f 5447/2019/5443 5448/1960/5444 1208/1960/1208 1209/2032/1209
f 5446/2027/5442 5447/2019/5443 1209/2032/1209 1210/2016/1210
f 1246/1776/1246 5446/2027/5442 1210/2016/1210 83/1776/83
f 1247/1779/1247 5439/2027/5435 5446/2027/5442 1246/1776/1246
f 1248/1777/1248 5432/2005/5428 5439/2027/5435 1247/1779/1247
f 1249/1778/1249 5425/2020/5421 5432/2005/5428 1248/1777/1248
f 1250/2035/1250 5418/1962/5414 5425/2020/5421 1249/1778/1249
f 1251/1777/1251 5411/2005/5407 5418/1962/5414 1250/2035/1250
f 1252/2034/1252 5404/2002/5400 5411/2005/5407 1251/1777/1251
f 5453/1762/5449 5454/442/5450 5461/1751/5457 5460/1765/5456
f 5454/442/5450 5455/1753/5451 5462/1754/5458 5461/1751/5457
f 5455/1753/5451 5456/1755/5452 5463/2036/5459 5462/1754/5458
f 5456/1755/5452 5457/439/5453 5464/1757/5460 5463/2036/5459
f 5457/439/5453 5458/1758/5454 5465/1759/5461 5464/1757/5460
f 5458/1758/5454 5459/437/5455 5466/1768/5462 5465/1759/5461
f 5460/1765/5456 5461/1751/5457 5468/442/5464 5467/443/5463
f 5461/1751/5457 5462/1754/5458 5469/441/5465 5468/442/5464
f 5462/1754/5458 5463/2036/5459 5470/2037/5466 5469/441/5465
f 5463/2036/5459 5464/1757/5460 5471/439/5467 5470/2037/5466
f 5464/1757/5460 5465/1759/5461 5472/438/5468 5471/439/5467
f 5465/1759/5461 5466/1768/5462 5473/1775/5469 5472/438/5468
f 5467/443/5463 5468/442/5464 5475/442/5471 5474/1762/5470
f 5468/442/5464 5469/441/5465 5476/2038/5472 5475/442/5471
f 5469/441/5465 5470/2037/5466 5477/1755/5473 5476/2038/5472
f 5470/2037/5466 5471/439/5467 5478/1763/5474 5477/1755/5473
f 5471/439/5467 5472/438/5468 5479/1758/5475 5478/1763/5474
f 5472/438/5468 5473/1775/5469 5480/1764/5476 5479/1758/5475
f 5474/1762/5470 5475/442/5471 5482/1751/5478 5481/1765/5477
f 5475/442/5471 5476/2038/5472 5483/1766/5479 5482/1751/5478
f 5476/2038/5472 5477/1755/5473 5484/440/5480 5483/1766/5479
f 5477/1755/5473 5478/1763/5474 5485/1767/5481 5484/440/5480
f 5478/1763/5474 5479/1758/5475 5486/2039/5482 5485/1767/5481
f 5479/1758/5475 5480/1764/5476 5487/1768/5483 5486/2039/5482
f 5481/1765/5477 5482/1751/5478 5489/1769/5485 5488/443/5484
f 5482/1751/5478 5483/1766/5479 5490/1754/5486 5489/1769/5485
f 5483/1766/5479 5484/440/5480 5491/440/5487 5490/1754/5486
f 5484/440/5480 5485/1767/5481 5492/1770/5488 5491/440/5487
f 5485/1767/5481 5486/2039/5482 5493/438/5489 5492/1770/5488
f 5486/2039/5482 5487/1768/5483 5494/437/5490 5493/438/5489
f 5488/443/5484 5489/1769/5485 5496/442/5492 5495/1761/5491
f 5489/1769/5485 5490/1754/5486 5497/441/5493 5496/442/5492
f 5490/1754/5486 5491/440/5487 5498/1772/5494 5497/441/5493
f 5491/440/5487 5492/1770/5488 5499/439/5495 5498/1772/5494
f 5492/1770/5488 5493/438/5489 5500/1771/5496 5499/439/5495
f 5493/438/5489 5494/437/5490 5501/437/5497 5500/1771/5496
f 80/1780/80 1161/443/1161 5453/1762/5449 1225/445/1225
f 1161/443/1161 1160/1774/1160 5454/442/5450 5453/1762/5449
f 1160/1774/1160 1159/441/1159 5455/1753/5451 5454/442/5450
f 1159/441/1159 1158/440/1158 5456/1755/5452 5455/1753/5451
f 1158/440/1158 1157/439/1157 5457/439/5453 5456/1755/5452
f 1157/439/1157 1156/1771/1156 5458/1758/5454 5457/439/5453
f 1156/1771/1156 1155/1775/1155 5459/437/5455 5458/1758/5454
f 1155/1775/1155 79/1776/79 1252/2034/1252 5459/437/5455
f 5459/437/5455 1252/2034/1252 1251/1777/1251 5466/1768/5462
f 5466/1768/5462 1251/1777/1251 1250/2035/1250 5473/1775/5469
f 5473/1775/5469 1250/2035/1250 1249/1778/1249 5480/1764/5476
f 5480/1764/5476 1249/1778/1249 1248/1777/1248 5487/1768/5483
f 5487/1768/5483 1248/1777/1248 1247/1779/1247 5494/437/5490
f 5494/437/5490 1247/1779/1247 1246/1776/1246 5501/437/5497
f 5501/437/5497 1246/1776/1246 83/1776/83 1211/1775/1211
f 5500/1771/5496 5501/437/5497 1211/1775/1211 1212/1771/1212
f 5499/439/5495 5500/1771/5496 1212/1771/1212 1213/439/1213
f 5498/1772/5494 5499/439/5495 1213/439/1213 1214/440/1214
f 5497/441/5493 5498/1772/5494 1214/440/1214 1215/441/1215
f 5496/442/5492 5497/441/5493 1215/441/1215 1216/1774/1216
f 5495/1761/5491 5496/442/5492 1216/1774/1216 1217/443/1217
f 1231/1773/1231 5495/1761/5491 1217/443/1217 84/1773/84
f 1230/1782/1230 5488/443/5484 5495/1761/5491 1231/1773/1231
f 1229/445/1229 5481/1765/5477 5488/443/5484 1230/1782/1230
f 1228/1773/1228 5474/1762/5470 5481/1765/5477 1229/445/1229
f 1227/1773/1227 5467/443/5463 5474/1762/5470 1228/1773/1228
f 1226/1782/1226 5460/1765/5456 5467/443/5463 1227/1773/1227
f 1225/445/1225 5453/1762/5449 5460/1765/5456 1226/1782/1226
f 5502/1982/5498 5503/1983/5499 5510/1984/5506 5509/1985/5505
f 5503/1983/5499 5504/1986/5500 5511/1987/5507 5510/1984/5506
f 5504/1986/5500 5505/1988/5501 5512/1838/5508 5511/1987/5507
f 5505/1988/5501 5506/1989/5502 5513/1837/5509 5512/1838/5508
f 5506/1989/5502 5507/1990/5503 5514/1990/5510 5513/1837/5509
f 5507/1990/5503 5508/1835/5504 5515/1991/5511 5514/1990/5510
f 5509/1985/5505 5510/1984/5506 5517/1840/5513 5516/1992/5512
f 5510/1984/5506 5511/1987/5507 5518/1839/5514 5517/1840/5513
f 5511/1987/5507 5512/1838/5508 5519/1988/5515 5518/1839/5514
f 5512/1838/5508 5513/1837/5509 5520/1989/5516 5519/1988/5515
f 5513/1837/5509 5514/1990/5510 5521/1836/5517 5520/1989/5516
f 5514/1990/5510 5515/1991/5511 5522/1993/5518 5521/1836/5517
f 5516/1992/5512 5517/1840/5513 5524/1994/5520 5523/1995/5519
f 5517/1840/5513 5518/1839/5514 5525/1839/5521 5524/1994/5520
f 5518/1839/5514 5519/1988/5515 5526/1838/5522 5525/1839/5521
f 5519/1988/5515 5520/1989/5516 5527/1837/5523 5526/1838/5522
f 5520/1989/5516 5521/1836/5517 5528/1990/5524 5527/1837/5523
f 5521/1836/5517 5522/1993/5518 5529/1991/5525 5528/1990/5524
f 5523/1995/5519 5524/1994/5520 5531/1983/5527 5530/1982/5526
f 5524/1994/5520 5525/1839/5521 5532/1986/5528 5531/1983/5527
f 5525/1839/5521 5526/1838/5522 5533/1988/5529 5532/1986/5528
f 5526/1838/5522 5527/1837/5523 5534/1989/5530 5533/1988/5529
f 5527/1837/5523 5528/1990/5524 5535/1836/5531 5534/1989/5530
f 5528/1990/5524 5529/1991/5525 5536/1993/5532 5535/1836/5531
f 5530/1982/5526 5531/1983/5527 5538/1984/5534 5537/1985/5533
f 5531/1983/5527 5532/1986/5528 5539/1987/5535 5538/1984/5534
f 5532/1986/5528 5533/1988/5529 5540/1838/5536 5539/1987/5535
f 5533/1988/5529 5534/1989/5530 5541/1837/5537 5540/1838/5536
f 5534/1989/5530 5535/1836/5531 5542/1990/5538 5541/1837/5537
f 5535/1836/5531 5536/1993/5532 5543/1835/5539 5542/1990/5538
f 5537/1985/5533 5538/1984/5534 5545/1840/5541 5544/1992/5540
f 5538/1984/5534 5539/1987/5535 5546/1839/5542 5545/1840/5541
f 5539/1987/5535 5540/1838/5536 5547/1988/5543 5546/1839/5542
f 5540/1838/5536 5541/1837/5537 5548/1989/5544 5547/1988/5543
f 5541/1837/5537 5542/1990/5538 5549/1990/5545 5548/1989/5544
f 5542/1990/5538 5543/1835/5539 5550/1996/5546 5549/1990/5545
f 78/1997/78 1147/1995/1147 5502/1982/5498 1239/2000/1239
f 1147/1995/1147 1146/1994/1146 5503/1983/5499 5502/1982/5498
f 1146/1994/1146 1145/1839/1145 5504/1986/5500 5503/1983/5499
f 1145/1839/1145 1144/1838/1144 5505/1988/5501 5504/1986/5500
f 1144/1838/1144 1143/1837/1143 5506/1989/5502 5505/1988/5501
f 1143/1837/1143 1142/1990/1142 5507/1990/5503 5506/1989/5502
f 1142/1990/1142 1141/1999/1141 5508/1835/5504 5507/1990/5503
f 1141/1999/1141 77/59/77 1238/1833/1238 5508/1835/5504
f 5508/1835/5504 1238/1833/1238 1237/1833/1237 5515/1991/5511
f 5515/1991/5511 1237/1833/1237 1236/1833/1236 5522/1993/5518
f 5522/1993/5518 1236/1833/1236 1235/1833/1235 5529/1991/5525
f 5529/1991/5525 1235/1833/1235 1234/1833/1234 5536/1993/5532
f 5536/1993/5532 1234/1833/1234 1233/1833/1233 5543/1835/5539
f 5543/1835/5539 1233/1833/1233 1232/1833/1232 5550/1996/5546
f 5550/1996/5546 1232/1833/1232 81/59/81 1197/1999/1197
f 5549/1990/5545 5550/1996/5546 1197/1999/1197 1198/1990/1198
f 5548/1989/5544 5549/1990/5545 1198/1990/1198 1199/1837/1199
f 5547/1988/5543 5548/1989/5544 1199/1837/1199 1200/1838/1200
f 5546/1839/5542 5547/1988/5543 1200/1838/1200 1201/1839/1201
f 5545/1840/5541 5546/1839/5542 1201/1839/1201 1202/1994/1202
f 5544/1992/5540 5545/1840/5541 1202/1994/1202 1203/1995/1203
f 1245/2000/1245 5544/1992/5540 1203/1995/1203 82/1997/82
f 1244/1997/1244 5537/1985/5533 5544/1992/5540 1245/2000/1245
f 1243/1998/1243 5530/1982/5526 5537/1985/5533 1244/1997/1244
f 1242/2001/1242 5523/1995/5519 5530/1982/5526 1243/1998/1243
f 1241/1998/1241 5516/1992/5512 5523/1995/5519 1242/2001/1242
f 1240/1998/1240 5509/1985/5505 5516/1992/5512 1241/1998/1241
f 1239/2000/1239 5502/1982/5498 5509/1985/5505 1240/1998/1240
f 5551/2121/5547 5552/2122/5548 5559/2123/5555 5558/2124/5554
f 5552/2122/5548 5553/2125/5549 5560/2126/5556 5559/2123/5555
f 5553/2125/5549 5554/2127/5550 5561/2128/5557 5560/2126/5556
f 5554/2127/5550 5555/2129/5551 5562/2130/5558 5561/2128/5557
f 5555/2129/5551 5556/2131/5552 5563/2132/5559 5562/2130/5558
f 5556/2131/5552 5557/2133/5553 5564/2134/5560 5563/2132/5559
f 5558/2124/5554 5559/2123/5555 5566/2135/5562 5565/2136/5561
f 5559/2123/5555 5560/2126/5556 5567/2137/5563 5566/2135/5562
f 5560/2126/5556 5561/2128/5557 5568/2138/5564 5567/2137/5563
f 5561/2128/5557 5562/2130/5558 5569/2139/5565 5568/2138/5564
f 5562/2130/5558 5563/2132/5559 5570/2140/5566 5569/2139/5565
f 5563/2132/5559 5564/2134/5560 5571/2141/5567 5570/2140/5566
f 5565/2136/5561 5566/2135/5562 5573/2142/5569 5572/2143/5568
f 5566/2135/5562 5567/2137/5563 5574/2144/5570 5573/2142/5569
f 5567/2137/5563 5568/2138/5564 5575/2145/5571 5574/2144/5570
f 5568/2138/5564 5569/2139/5565 5576/2146/5572 5575/2145/5571
f 5569/2139/5565 5570/2140/5566 5577/2147/5573 5576/2146/5572
f 5570/2140/5566 5571/2141/5567 5578/2148/5574 5577/2147/5573
f 5572/2143/5568 5573/2142/5569 5580/2149/5576 5579/2150/5575
f 5573/2142/5569 5574/2144/5570 5581/2151/5577 5580/2149/5576
f 5574/2144/5570 5575/2145/5571 5582/2152/5578 5581/2151/5577
f 5575/2145/5571 5576/2146/5572 5583/2153/5579 5582/2152/5578
f 5576/2146/5572 5577/2147/5573 5584/2154/5580 5583/2153/5579
f 5577/2147/5573 5578/2148/5574 5585/2155/5581 5584/2154/5580
f 5579/2150/5575 5580/2149/5576 5587/2156/5583 5586/2157/5582
f 5580/2149/5576 5581/2151/5577 5588/2158/5584 5587/2156/5583
f 5581/2151/5577 5582/2152/5578 5589/2159/5585 5588/2158/5584
f 5582/2152/5578 5583/2153/5579 5590/2160/5586 5589/2159/5585
f 5583/2153/5579 5584/2154/5580 5591/2161/5587 5590/2160/5586
f 5584/2154/5580 5585/2155/5581 5592/2162/5588 5591/2161/5587
f 5586/2157/5582 5587/2156/5583 5594/2163/5590 5593/2164/5589
f 5587/2156/5583 5588/2158/5584 5595/2165/5591 5594/2163/5590
f 5588/2158/5584 5589/2159/5585 5596/2166/5592 5595/2165/5591
f 5589/2159/5585 5590/2160/5586 5597/2167/5593 5596/2166/5592
f 5590/2160/5586 5591/2161/5587 5598/2168/5594 5597/2167/5593
f 5591/2161/5587 5592/2162/5588 5599/2169/5595 5598/2168/5594
f 99/1773/99 1476/2098/1476 5551/2121/5547 1441/2170/1441
f 1476/2098/1476 1475/2097/1475 5552/2122/5548 5551/2121/5547
f 1475/2097/1475 1474/2099/1474 5553/2125/5549 5552/2122/5548
f 1474/2099/1474 1473/440/1473 5554/2127/5550 5553/2125/5549
f 1473/440/1473 1472/2100/1472 5555/2129/5551 5554/2127/5550
f 1472/2100/1472 1471/438/1471 5556/2131/5552 5555/2129/5551
f 1471/438/1471 1470/1775/1470 5557/2133/5553 5556/2131/5552
f 1470/1775/1470 97/1779/97 1337/2171/1337 5557/2133/5553
f 5557/2133/5553 1337/2171/1337 1338/2172/1338 5564/2134/5560
f 5564/2134/5560 1338/2172/1338 1339/2173/1339 5571/2141/5567
f 5571/2141/5567 1339/2173/1339 1340/2174/1340 5578/2148/5574
f 5578/2148/5574 1340/2174/1340 1341/2175/1341 5585/2155/5581
f 5585/2155/5581 1341/2175/1341 1342/2176/1342 5592/2162/5588
f 5592/2162/5588 1342/2176/1342 1343/2177/1343 5599/2169/5595
f 5599/2169/5595 1343/2177/1343 91/436/91 1323/2178/1323
f 5598/2168/5594 5599/2169/5595 1323/2178/1323 1324/2179/1324
f 5597/2167/5593 5598/2168/5594 1324/2179/1324 1325/2180/1325
f 5596/2166/5592 5597/2167/5593 1325/2180/1325 1326/2181/1326
f 5595/2165/5591 5596/2166/5592 1326/2181/1326 1327/2182/1327
f 5594/2163/5590 5595/2165/5591 1327/2182/1327 1328/2183/1328
f 5593/2164/5589 5594/2163/5590 1328/2183/1328 1329/2184/1329
f 1435/2185/1435 5593/2164/5589 1329/2184/1329 92/445/92
f 1436/2186/1436 5586/2157/5582 5593/2164/5589 1435/2185/1435
f 1437/2187/1437 5579/2150/5575 5586/2157/5582 1436/2186/1436
f 1438/2188/1438 5572/2143/5568 5579/2150/5575 1437/2187/1437
f 1439/2189/1439 5565/2136/5561 5572/2143/5568 1438/2188/1438
f 1440/2190/1440 5558/2124/5554 5565/2136/5561 1439/2189/1439
f 1441/2170/1441 5551/2121/5547 5558/2124/5554 1440/2190/1440
f 5600/1982/5596 5601/1983/5597 5608/1984/5604 5607/1985/5603
f 5601/1983/5597 5602/1986/5598 5609/1987/5605 5608/1984/5604
f 5602/1986/5598 5603/1988/5599 5610/1838/5606 5609/1987/5605
f 5603/1988/5599 5604/1989/5600 5611/1837/5607 5610/1838/5606
f 5604/1989/5600 5605/1990/5601 5612/1990/5608 5611/1837/5607
f 5605/1990/5601 5606/1835/5602 5613/1991/5609 5612/1990/5608
f 5607/1985/5603 5608/1984/5604 5615/1840/5611 5614/1992/5610
f 5608/1984/5604 5609/1987/5605 5616/1839/5612 5615/1840/5611
f 5609/1987/5605 5610/1838/5606 5617/1988/5613 5616/1839/5612
f 5610/1838/5606 5611/1837/5607 5618/1989/5614 5617/1988/5613
f 5611/1837/5607 5612/1990/5608 5619/1836/5615 5618/1989/5614
f 5612/1990/5608 5613/1991/5609 5620/1993/5616 5619/1836/5615
f 5614/1992/5610 5615/1840/5611 5622/1994/5618 5621/1995/5617
f 5615/1840/5611 5616/1839/5612 5623/1839/5619 5622/1994/5618
f 5616/1839/5612 5617/1988/5613 5624/1838/5620 5623/1839/5619
f 5617/1988/5613 5618/1989/5614 5625/1837/5621 5624/1838/5620
f 5618/1989/5614 5619/1836/5615 5626/1990/5622 5625/1837/5621
f 5619/1836/5615 5620/1993/5616 5627/1991/5623 5626/1990/5622
f 5621/1995/5617 5622/1994/5618 5629/1983/5625 5628/1982/5624
f 5622/1994/5618 5623/1839/5619 5630/1986/5626 5629/1983/5625
f 5623/1839/5619 5624/1838/5620 5631/1988/5627 5630/1986/5626
f 5624/1838/5620 5625/1837/5621 5632/1989/5628 5631/1988/5627
f 5625/1837/5621 5626/1990/5622 5633/1836/5629 5632/1989/5628
f 5626/1990/5622 5627/1991/5623 5634/1993/5630 5633/1836/5629
f 5628/1982/5624 5629/1983/5625 5636/1984/5632 5635/1985/5631
f 5629/1983/5625 5630/1986/5626 5637/1987/5633 5636/1984/5632
f 5630/1986/5626 5631/1988/5627 5638/1838/5634 5637/1987/5633
f 5631/1988/5627 5632/1989/5628 5639/1837/5635 5638/1838/5634
f 5632/1989/5628 5633/1836/5629 5640/1990/5636 5639/1837/5635
f 5633/1836/5629 5634/1993/5630 5641/1835/5637 5640/1990/5636
f 5635/1985/5631 5636/1984/5632 5643/1840/5639 5642/1992/5638
f 5636/1984/5632 5637/1987/5633 5644/1839/5640 5643/1840/5639
f 5637/1987/5633 5638/1838/5634 5645/1988/5641 5644/1839/5640
f 5638/1838/5634 5639/1837/5635 5646/1989/5642 5645/1988/5641
f 5639/1837/5635 5640/1990/5636 5647/1990/5643 5646/1989/5642
f 5640/1990/5636 5641/1835/5637 5648/1996/5644 5647/1990/5643
f 82/1997/82 1203/1995/1203 5600/1982/5596 1308/1998/1308
f 1203/1995/1203 1202/1994/1202 5601/1983/5597 5600/1982/5596
f 1202/1994/1202 1201/1839/1201 5602/1986/5598 5601/1983/5597
f 1201/1839/1201 1200/1838/1200 5603/1988/5599 5602/1986/5598
f 1200/1838/1200 1199/1837/1199 5604/1989/5600 5603/1988/5599
f 1199/1837/1199 1198/1990/1198 5605/1990/5601 5604/1989/5600
f 1198/1990/1198 1197/1999/1197 5606/1835/5602 5605/1990/5601
f 1197/1999/1197 81/59/81 1295/1833/1295 5606/1835/5602
f 5606/1835/5602 1295/1833/1295 1296/1833/1296 5613/1991/5609
f 5613/1991/5609 1296/1833/1296 1297/1833/1297 5620/1993/5616
f 5620/1993/5616 1297/1833/1297 1298/1833/1298 5627/1991/5623
f 5627/1991/5623 1298/1833/1298 1299/1833/1299 5634/1993/5630
f 5634/1993/5630 1299/1833/1299 1300/1833/1300 5641/1835/5637
f 5641/1835/5637 1300/1833/1300 1301/1833/1301 5648/1996/5644
f 5648/1996/5644 1301/1833/1301 85/59/85 1253/1999/1253
f 5647/1990/5643 5648/1996/5644 1253/1999/1253 1254/1990/1254
f 5646/1989/5642 5647/1990/5643 1254/1990/1254 1255/1837/1255
f 5645/1988/5641 5646/1989/5642 1255/1837/1255 1256/1838/1256
f 5644/1839/5640 5645/1988/5641 1256/1838/1256 1257/1839/1257
f 5643/1840/5639 5644/1839/5640 1257/1839/1257 1258/1994/1258
f 5642/1992/5638 5643/1840/5639 1258/1994/1258 1259/1995/1259
f 1302/2000/1302 5642/1992/5638 1259/1995/1259 86/1997/86
f 1303/2001/1303 5635/1985/5631 5642/1992/5638 1302/2000/1302
f 1304/1998/1304 5628/1982/5624 5635/1985/5631 1303/2001/1303
f 1305/1997/1305 5621/1995/5617 5628/1982/5624 1304/1998/1304
f 1306/2000/1306 5614/1992/5610 5621/1995/5617 1305/1997/1305
f 1307/2001/1307 5607/1985/5603 5614/1992/5610 1306/2000/1306
f 1308/1998/1308 5600/1982/5596 5607/1985/5603 1307/2001/1307
f 5649/1963/5645 5650/1964/5646 5657/1904/5653 5656/1965/5652
f 5650/1964/5646 5651/1966/5647 5658/1967/5654 5657/1904/5653
f 5651/1966/5647 5652/1968/5648 5659/1969/5655 5658/1967/5654
f 5652/1968/5648 5653/1970/5649 5660/1971/5656 5659/1969/5655
f 5653/1970/5649 5654/1972/5650 5661/1973/5657 5660/1971/5656
f 5654/1972/5650 5655/1974/5651 5662/1975/5658 5661/1973/5657
f 5656/1965/5652 5657/1904/5653 5664/1964/5660 5663/1976/5659
f 5657/1904/5653 5658/1967/5654 5665/1966/5661 5664/1964/5660
f 5658/1967/5654 5659/1969/5655 5666/1902/5662 5665/1966/5661
f 5659/1969/5655 5660/1971/5656 5667/1977/5663 5666/1902/5662
f 5660/1971/5656 5661/1973/5657 5668/1978/5664 5667/1977/5663
f 5661/1973/5657 5662/1975/5658 5669/1979/5665 5668/1978/5664
f 5663/1976/5659 5664/1964/5660 5671/1904/5667 5670/1965/5666
f 5664/1964/5660 5665/1966/5661 5672/1967/5668 5671/1904/5667
f 5665/1966/5661 5666/1902/5662 5673/1902/5669 5672/1967/5668
f 5666/1902/5662 5667/1977/5663 5674/1980/5670 5673/1902/5669
f 5667/1977/5663 5668/1978/5664 5675/1978/5671 5674/1980/5670
f 5668/1978/5664 5669/1979/5665 5676/1899/5672 5675/1978/5671
f 5670/1965/5666 5671/1904/5667 5678/1964/5674 5677/1976/5673
f 5671/1904/5667 5672/1967/5668 5679/1966/5675 5678/1964/5674
f 5672/1967/5668 5673/1902/5669 5680/1968/5676 5679/1966/5675
f 5673/1902/5669 5674/1980/5670 5681/1970/5677 5680/1968/5676
f 5674/1980/5670 5675/1978/5671 5682/1972/5678 5681/1970/5677
f 5675/1978/5671 5676/1899/5672 5683/1974/5679 5682/1972/5678
f 5677/1976/5673 5678/1964/5674 5685/1904/5681 5684/1963/5680
f 5678/1964/5674 5679/1966/5675 5686/1967/5682 5685/1904/5681
f 5679/1966/5675 5680/1968/5676 5687/1969/5683 5686/1967/5682
f 5680/1968/5676 5681/1970/5677 5688/1971/5684 5687/1969/5683
f 5681/1970/5677 5682/1972/5678 5689/1973/5685 5688/1971/5684
f 5682/1972/5678 5683/1974/5679 5690/1975/5686 5689/1973/5685
f 5684/1963/5680 5685/1904/5681 5692/1964/5688 5691/1963/5687
f 5685/1904/5681 5686/1967/5682 5693/1966/5689 5692/1964/5688
f 5686/1967/5682 5687/1969/5683 5694/1902/5690 5693/1966/5689
f 5687/1969/5683 5688/1971/5684 5695/1977/5691 5694/1902/5690
f 5688/1971/5684 5689/1973/5685 5696/1978/5692 5695/1977/5691
f 5689/1973/5685 5690/1975/5686 5697/1979/5693 5696/1978/5692
f 81/283/81 1224/1963/1224 5649/1963/5645 1295/1898/1295
f 1224/1963/1224 1223/1904/1223 5650/1964/5646 5649/1963/5645
f 1223/1904/1223 1222/1967/1222 5651/1966/5647 5650/1964/5646
f 1222/1967/1222 1221/1902/1221 5652/1968/5648 5651/1966/5647
f 1221/1902/1221 1220/1980/1220 5653/1970/5649 5652/1968/5648
f 1220/1980/1220 1219/1978/1219 5654/1972/5650 5653/1970/5649
f 1219/1978/1219 1218/1899/1218 5655/1974/5651 5654/1972/5650
f 1218/1899/1218 84/1773/84 1294/2040/1294 5655/1974/5651
f 5655/1974/5651 1294/2040/1294 1293/445/1293 5662/1975/5658
f 5662/1975/5658 1293/445/1293 1292/1781/1292 5669/1979/5665
f 5669/1979/5665 1292/1781/1292 1291/1782/1291 5676/1899/5672
f 5676/1899/5672 1291/1782/1291 1290/2041/1290 5683/1974/5679
f 5683/1974/5679 1290/2041/1290 1289/1773/1289 5690/1975/5686
f 5690/1975/5686 1289/1773/1289 1288/1773/1288 5697/1979/5693
f 5697/1979/5693 1288/1773/1288 88/1780/88 1274/1899/1274
f 5696/1978/5692 5697/1979/5693 1274/1899/1274 1275/1978/1275
f 5695/1977/5691 5696/1978/5692 1275/1978/1275 1276/1980/1276
f 5694/1902/5690 5695/1977/5691 1276/1980/1276 1277/1902/1277
f 5693/1966/5689 5694/1902/5690 1277/1902/1277 1278/1967/1278
f 5692/1964/5688 5693/1966/5689 1278/1967/1278 1279/1904/1279
f 5691/1963/5687 5692/1964/5688 1279/1904/1279 1280/1963/1280
f 1301/1981/1301 5691/1963/5687 1280/1963/1280 85/283/85
f 1300/1898/1300 5684/1963/5680 5691/1963/5687 1301/1981/1301
f 1299/1898/1299 5677/1976/5673 5684/1963/5680 1300/1898/1300
f 1298/1898/1298 5670/1965/5666 5677/1976/5673 1299/1898/1299
f 1297/1898/1297 5663/1976/5659 5670/1965/5666 1298/1898/1298
f 1296/1898/1296 5656/1965/5652 5663/1976/5659 1297/1898/1297
f 1295/1898/1295 5649/1963/5645 5656/1965/5652 1296/1898/1296
f 5698/2002/5694 5699/2003/5695 5706/2004/5702 5705/2005/5701
f 5699/2003/5695 5700/2006/5696 5707/2007/5703 5706/2004/5702
f 5700/2006/5696 5701/2008/5697 5708/2009/5704 5707/2007/5703
f 5701/2008/5697 5702/2010/5698 5709/2011/5705 5708/2009/5704
f 5702/2010/5698 5703/2022/5699 5710/2013/5706 5709/2011/5705
f 5703/2022/5699 5704/2014/5700 5711/2015/5707 5710/2013/5706
f 5705/2005/5701 5706/2004/5702 5713/1961/5709 5712/1962/5708
f 5706/2004/5702 5707/2007/5703 5714/1960/5710 5713/1961/5709
f 5707/2007/5703 5708/2009/5704 5715/2017/5711 5714/1960/5710
f 5708/2009/5704 5709/2011/5705 5716/2018/5712 5715/2017/5711
f 5709/2011/5705 5710/2013/5706 5717/1957/5713 5716/2018/5712
f 5710/2013/5706 5711/2015/5707 5718/2014/5714 5717/1957/5713
f 5712/1962/5708 5713/1961/5709 5720/2019/5716 5719/2020/5715
f 5713/1961/5709 5714/1960/5710 5721/2006/5717 5720/2019/5716
f 5714/1960/5710 5715/2017/5711 5722/2008/5718 5721/2006/5717
f 5715/2017/5711 5716/2018/5712 5723/2021/5719 5722/2008/5718
f 5716/2018/5712 5717/1957/5713 5724/2022/5720 5723/2021/5719
f 5717/1957/5713 5718/2014/5714 5725/2023/5721 5724/2022/5720
f 5719/2020/5715 5720/2019/5716 5727/2024/5723 5726/2005/5722
f 5720/2019/5716 5721/2006/5717 5728/2025/5724 5727/2024/5723
f 5721/2006/5717 5722/2008/5718 5729/2017/5725 5728/2025/5724
f 5722/2008/5718 5723/2021/5719 5730/2026/5726 5729/2017/5725
f 5723/2021/5719 5724/2022/5720 5731/2013/5727 5730/2026/5726
f 5724/2022/5720 5725/2023/5721 5732/2015/5728 5731/2013/5727
f 5726/2005/5722 5727/2024/5723 5734/2033/5730 5733/2027/5729
f 5727/2024/5723 5728/2025/5724 5735/2025/5731 5734/2033/5730
f 5728/2025/5724 5729/2017/5725 5736/2017/5732 5735/2025/5731
f 5729/2017/5725 5730/2026/5726 5737/1958/5733 5736/2017/5732
f 5730/2026/5726 5731/2013/5727 5738/1957/5734 5737/1958/5733
f 5731/2013/5727 5732/2015/5728 5739/2014/5735 5738/1957/5734
f 5733/2027/5729 5734/2033/5730 5741/2019/5737 5740/2027/5736
f 5734/2033/5730 5735/2025/5731 5742/1960/5738 5741/2019/5737
f 5735/2025/5731 5736/2017/5732 5743/2028/5739 5742/1960/5738
f 5736/2017/5732 5737/1958/5733 5744/2021/5740 5743/2028/5739
f 5737/1958/5733 5738/1957/5734 5745/2029/5741 5744/2021/5740
f 5738/1957/5734 5739/2014/5735 5746/1956/5742 5745/2029/5741
f 83/1776/83 1210/2016/1210 5698/2002/5694 1281/2034/1281
f 1210/2016/1210 1209/2032/1209 5699/2003/5695 5698/2002/5694
f 1209/2032/1209 1208/1960/1208 5700/2006/5696 5699/2003/5695
f 1208/1960/1208 1207/1959/1207 5701/2008/5697 5700/2006/5696
f 1207/1959/1207 1206/2018/1206 5702/2010/5698 5701/2008/5697
f 1206/2018/1206 1205/1957/1205 5703/2022/5699 5702/2010/5698
f 1205/1957/1205 1204/2014/1204 5704/2014/5700 5703/2022/5699
f 1204/2014/1204 82/1997/82 1308/1998/1308 5704/2014/5700
f 5704/2014/5700 1308/1998/1308 1307/2001/1307 5711/2015/5707
f 5711/2015/5707 1307/2001/1307 1306/2000/1306 5718/2014/5714
f 5718/2014/5714 1306/2000/1306 1305/1997/1305 5725/2023/5721
f 5725/2023/5721 1305/1997/1305 1304/1998/1304 5732/2015/5728
f 5732/2015/5728 1304/1998/1304 1303/2001/1303 5739/2014/5735
f 5739/2014/5735 1303/2001/1303 1302/2000/1302 5746/1956/5742
f 5746/1956/5742 1302/2000/1302 86/1997/86 1260/2014/1260
f 5745/2029/5741 5746/1956/5742 1260/2014/1260 1261/1957/1261
f 5744/2021/5740 5745/2029/5741 1261/1957/1261 1262/2018/1262
f 5743/2028/5739 5744/2021/5740 1262/2018/1262 1263/1959/1263
f 5742/1960/5738 5743/2028/5739 1263/1959/1263 1264/1960/1264
f 5741/2019/5737 5742/1960/5738 1264/1960/1264 1265/2032/1265
f 5740/2027/5736 5741/2019/5737 1265/2032/1265 1266/2016/1266
f 1287/1776/1287 5740/2027/5736 1266/2016/1266 87/1776/87
f 1286/1779/1286 5733/2027/5729 5740/2027/5736 1287/1776/1287
f 1285/1777/1285 5726/2005/5722 5733/2027/5729 1286/1779/1286
f 1284/1778/1284 5719/2020/5715 5726/2005/5722 1285/1777/1285
f 1283/2035/1283 5712/1962/5708 5719/2020/5715 1284/1778/1284
f 1282/1777/1282 5705/2005/5701 5712/1962/5708 1283/2035/1283
f 1281/2034/1281 5698/2002/5694 5705/2005/5701 1282/1777/1282
f 5747/2191/5743 5748/2192/5744 5755/2193/5751 5754/2194/5750
f 5748/2192/5744 5749/2195/5745 5756/2196/5752 5755/2193/5751
f 5749/2195/5745 5750/2197/5746 5757/2198/5753 5756/2196/5752
f 5750/2197/5746 5751/2199/5747 5758/2200/5754 5757/2198/5753
f 5751/2199/5747 5752/2201/5748 5759/2202/5755 5758/2200/5754
f 5752/2201/5748 5753/2203/5749 5760/2204/5756 5759/2202/5755
f 5754/2194/5750 5755/2193/5751 5762/2205/5758 5761/2206/5757
f 5755/2193/5751 5756/2196/5752 5763/2207/5759 5762/2205/5758
f 5756/2196/5752 5757/2198/5753 5764/2208/5760 5763/2207/5759
f 5757/2198/5753 5758/2200/5754 5765/2209/5761 5764/2208/5760
f 5758/2200/5754 5759/2202/5755 5766/2210/5762 5765/2209/5761
f 5759/2202/5755 5760/2204/5756 5767/2211/5763 5766/2210/5762
f 5761/2206/5757 5762/2205/5758 5769/2212/5765 5768/2213/5764
f 5762/2205/5758 5763/2207/5759 5770/2214/5766 5769/2212/5765
f 5763/2207/5759 5764/2208/5760 5771/2215/5767 5770/2214/5766
f 5764/2208/5760 5765/2209/5761 5772/2216/5768 5771/2215/5767
f 5765/2209/5761 5766/2210/5762 5773/2217/5769 5772/2216/5768
f 5766/2210/5762 5767/2211/5763 5774/2218/5770 5773/2217/5769
f 5768/2213/5764 5769/2212/5765 5776/2219/5772 5775/2220/5771
f 5769/2212/5765 5770/2214/5766 5777/2221/5773 5776/2219/5772
f 5770/2214/5766 5771/2215/5767 5778/2222/5774 5777/2221/5773
f 5771/2215/5767 5772/2216/5768 5779/2223/5775 5778/2222/5774
f 5772/2216/5768 5773/2217/5769 5780/2224/5776 5779/2223/5775
f 5773/2217/5769 5774/2218/5770 5781/2225/5777 5780/2224/5776
f 5775/2220/5771 5776/2219/5772 5783/2226/5779 5782/2227/5778
f 5776/2219/5772 5777/2221/5773 5784/2228/5780 5783/2226/5779
f 5777/2221/5773 5778/2222/5774 5785/2229/5781 5784/2228/5780
f 5778/2222/5774 5779/2223/5775 5786/2230/5782 5785/2229/5781
f 5779/2223/5775 5780/2224/5776 5787/2231/5783 5786/2230/5782
f 5780/2224/5776 5781/2225/5777 5788/2232/5784 5787/2231/5783
f 5782/2227/5778 5783/2226/5779 5790/2233/5786 5789/2234/5785
f 5783/2226/5779 5784/2228/5780 5791/2235/5787 5790/2233/5786
f 5784/2228/5780 5785/2229/5781 5792/2236/5788 5791/2235/5787
f 5785/2229/5781 5786/2230/5782 5793/2237/5789 5792/2236/5788
f 5786/2230/5782 5787/2231/5783 5794/2238/5790 5793/2237/5789
f 5787/2231/5783 5788/2232/5784 5795/2239/5791 5794/2238/5790
f 91/436/91 1322/2240/1322 5747/2191/5743 1323/2178/1323
f 1322/2240/1322 1321/2241/1321 5748/2192/5744 5747/2191/5743
f 1321/2241/1321 1320/2242/1320 5749/2195/5745 5748/2192/5744
f 1320/2242/1320 1319/2243/1319 5750/2197/5746 5749/2195/5745
f 1319/2243/1319 1318/2244/1318 5751/2199/5747 5750/2197/5746
f 1318/2244/1318 1317/2245/1317 5752/2201/5748 5751/2199/5747
f 1317/2245/1317 1316/2246/1316 5753/2203/5749 5752/2201/5748
f 1316/2246/1316 90/2247/90 1315/2248/1315 5753/2203/5749
f 5753/2203/5749 1315/2248/1315 1314/2249/1314 5760/2204/5756
f 5760/2204/5756 1314/2249/1314 1313/2250/1313 5767/2211/5763
f 5767/2211/5763 1313/2250/1313 1312/2251/1312 5774/2218/5770
f 5774/2218/5770 1312/2251/1312 1311/2252/1311 5781/2225/5777
f 5781/2225/5777 1311/2252/1311 1310/2253/1310 5788/2232/5784
f 5788/2232/5784 1310/2253/1310 1309/2254/1309 5795/2239/5791
f 5795/2239/5791 1309/2254/1309 89/2255/89 1336/2256/1336
f 5794/2238/5790 5795/2239/5791 1336/2256/1336 1335/2257/1335
f 5793/2237/5789 5794/2238/5790 1335/2257/1335 1334/2258/1334
f 5792/2236/5788 5793/2237/5789 1334/2258/1334 1333/2259/1333
f 5791/2235/5787 5792/2236/5788 1333/2259/1333 1332/2260/1332
f 5790/2233/5786 5791/2235/5787 1332/2260/1332 1331/2261/1331
f 5789/2234/5785 5790/2233/5786 1331/2261/1331 1330/2262/1330
f 1329/2184/1329 5789/2234/5785 1330/2262/1330 92/445/92
f 1328/2183/1328 5782/2227/5778 5789/2234/5785 1329/2184/1329
f 1327/2182/1327 5775/2220/5771 5782/2227/5778 1328/2183/1328
f 1326/2181/1326 5768/2213/5764 5775/2220/5771 1327/2182/1327
f 1325/2180/1325 5761/2206/5757 5768/2213/5764 1326/2181/1326
f 1324/2179/1324 5754/2194/5750 5761/2206/5757 1325/2180/1325
f 1323/2178/1323 5747/2191/5743 5754/2194/5750 1324/2179/1324
f 5796/1982/5792 5797/1983/5793 5804/1984/5800 5803/1985/5799
f 5797/1983/5793 5798/1986/5794 5805/1987/5801 5804/1984/5800
f 5798/1986/5794 5799/1988/5795 5806/1838/5802 5805/1987/5801
f 5799/1988/5795 5800/1989/5796 5807/1837/5803 5806/1838/5802
f 5800/1989/5796 5801/1990/5797 5808/1990/5804 5807/1837/5803
f 5801/1990/5797 5802/1835/5798 5809/1991/5805 5808/1990/5804
f 5803/1985/5799 5804/1984/5800 5811/1840/5807 5810/1992/5806
f 5804/1984/5800 5805/1987/5801 5812/1839/5808 5811/1840/5807
f 5805/1987/5801 5806/1838/5802 5813/1988/5809 5812/1839/5808
f 5806/1838/5802 5807/1837/5803 5814/1989/5810 5813/1988/5809
f 5807/1837/5803 5808/1990/5804 5815/1836/5811 5814/1989/5810
f 5808/1990/5804 5809/1991/5805 5816/1993/5812 5815/1836/5811
f 5810/1992/5806 5811/1840/5807 5818/2076/5814 5817/1985/5813
f 5811/1840/5807 5812/1839/5808 5819/1839/5815 5818/2076/5814
f 5812/1839/5808 5813/1988/5809 5820/1838/5816 5819/1839/5815
f 5813/1988/5809 5814/1989/5810 5821/1837/5817 5820/1838/5816
f 5814/1989/5810 5815/1836/5811 5822/1990/5818 5821/1837/5817
f 5815/1836/5811 5816/1993/5812 5823/1991/5819 5822/1990/5818
f 5817/1985/5813 5818/2076/5814 5825/2075/5821 5824/2082/5820
f 5818/2076/5814 5819/1839/5815 5826/2083/5822 5825/2075/5821
f 5819/1839/5815 5820/1838/5816 5827/1988/5823 5826/2083/5822
f 5820/1838/5816 5821/1837/5817 5828/1989/5824 5827/1988/5823
f 5821/1837/5817 5822/1990/5818 5829/1836/5825 5828/1989/5824
f 5822/1990/5818 5823/1991/5819 5830/1993/5826 5829/1836/5825
f 5824/2082/5820 5825/2075/5821 5832/2076/5828 5831/1841/5827
f 5825/2075/5821 5826/2083/5822 5833/1839/5829 5832/2076/5828
f 5826/2083/5822 5827/1988/5823 5834/1838/5830 5833/1839/5829
f 5827/1988/5823 5828/1989/5824 5835/1837/5831 5834/1838/5830
f 5828/1989/5824 5829/1836/5825 5836/1990/5832 5835/1837/5831
f 5829/1836/5825 5830/1993/5826 5837/1835/5833 5836/1990/5832
f 5831/1841/5827 5832/2076/5828 5839/1994/5835 5838/1841/5834
f 5832/2076/5828 5833/1839/5829 5840/1986/5836 5839/1994/5835
f 5833/1839/5829 5834/1838/5830 5841/1838/5837 5840/1986/5836
f 5834/1838/5830 5835/1837/5831 5842/2111/5838 5841/1838/5837
f 5835/1837/5831 5836/1990/5832 5843/1990/5839 5842/2111/5838
f 5836/1990/5832 5837/1835/5833 5844/1835/5840 5843/1990/5839
f 100/1997/100 1469/1995/1469 5796/1982/5792 1448/1998/1448
f 1469/1995/1469 1468/1994/1468 5797/1983/5793 5796/1982/5792
f 1468/1994/1468 1467/1839/1467 5798/1986/5794 5797/1983/5793
f 1467/1839/1467 1466/1838/1466 5799/1988/5795 5798/1986/5794
f 1466/1838/1466 1465/1837/1465 5800/1989/5796 5799/1988/5795
f 1465/1837/1465 1464/1990/1464 5801/1990/5797 5800/1989/5796
f 1464/1990/1464 1463/1999/1463 5802/1835/5798 5801/1990/5797
f 1463/1999/1463 98/59/98 1351/1833/1351 5802/1835/5798
f 5802/1835/5798 1351/1833/1351 1352/1833/1352 5809/1991/5805
f 5809/1991/5805 1352/1833/1352 1353/1833/1353 5816/1993/5812
f 5816/1993/5812 1353/1833/1353 1354/1833/1354 5823/1991/5819
f 5823/1991/5819 1354/1833/1354 1355/1833/1355 5830/1993/5826
f 5830/1993/5826 1355/1833/1355 1356/1833/1356 5837/1835/5833
f 5837/1835/5833 1356/1833/1356 1357/1833/1357 5844/1835/5840
f 5844/1835/5840 1357/1833/1357 89/1833/89 1309/1835/1309
f 5843/1990/5839 5844/1835/5840 1309/1835/1309 1310/1990/1310
f 5842/2111/5838 5843/1990/5839 1310/1990/1310 1311/2263/1311
f 5841/1838/5837 5842/2111/5838 1311/2263/1311 1312/1838/1312
f 5840/1986/5836 5841/1838/5837 1312/1838/1312 1313/1839/1313
f 5839/1994/5835 5840/1986/5836 1313/1839/1313 1314/1840/1314
f 5838/1841/5834 5839/1994/5835 1314/1840/1314 1315/1841/1315
f 1442/2001/1442 5838/1841/5834 1315/1841/1315 90/1843/90
f 1443/2000/1443 5831/1841/5827 5838/1841/5834 1442/2001/1442
f 1444/2001/1444 5824/2082/5820 5831/1841/5827 1443/2000/1443
f 1445/2000/1445 5817/1985/5813 5824/2082/5820 1444/2001/1444
f 1446/2000/1446 5810/1992/5806 5817/1985/5813 1445/2000/1445
f 1447/2001/1447 5803/1985/5799 5810/1992/5806 1446/2000/1446
f 1448/1998/1448 5796/1982/5792 5803/1985/5799 1447/2001/1447
f 5845/1963/5841 5846/1964/5842 5853/1904/5849 5852/1965/5848
f 5846/1964/5842 5847/1966/5843 5854/1967/5850 5853/1904/5849
f 5847/1966/5843 5848/1968/5844 5855/1969/5851 5854/1967/5850
f 5848/1968/5844 5849/2264/5845 5856/2265/5852 5855/1969/5851
f 5849/2264/5845 5850/2266/5846 5857/2267/5853 5856/2265/5852
f 5850/2266/5846 5851/2268/5847 5858/2269/5854 5857/2267/5853
f 5852/1965/5848 5853/1904/5849 5860/1964/5856 5859/1976/5855
f 5853/1904/5849 5854/1967/5850 5861/1966/5857 5860/1964/5856
f 5854/1967/5850 5855/1969/5851 5862/1902/5858 5861/1966/5857
f 5855/1969/5851 5856/2265/5852 5863/2270/5859 5862/1902/5858
f 5856/2265/5852 5857/2267/5853 5864/2271/5860 5863/2270/5859
f 5857/2267/5853 5858/2269/5854 5865/2272/5861 5864/2271/5860
f 5859/1976/5855 5860/1964/5856 5867/1904/5863 5866/1965/5862
f 5860/1964/5856 5861/1966/5857 5868/1967/5864 5867/1904/5863
f 5861/1966/5857 5862/1902/5858 5869/1902/5865 5868/1967/5864
f 5862/1902/5858 5863/2270/5859 5870/2273/5866 5869/1902/5865
f 5863/2270/5859 5864/2271/5860 5871/2274/5867 5870/2273/5866
f 5864/2271/5860 5865/2272/5861 5872/2275/5868 5871/2274/5867
f 5866/1965/5862 5867/1904/5863 5874/1964/5870 5873/1976/5869
f 5867/1904/5863 5868/1967/5864 5875/1966/5871 5874/1964/5870
f 5868/1967/5864 5869/1902/5865 5876/2068/5872 5875/1966/5871
f 5869/1902/5865 5870/2273/5866 5877/2276/5873 5876/2068/5872
f 5870/2273/5866 5871/2274/5867 5878/2277/5874 5877/2276/5873
f 5871/2274/5867 5872/2275/5868 5879/2278/5875 5878/2277/5874
f 5873/1976/5869 5874/1964/5870 5881/1904/5877 5880/1963/5876
f 5874/1964/5870 5875/1966/5871 5882/1967/5878 5881/1904/5877
f 5875/1966/5871 5876/2068/5872 5883/1902/5879 5882/1967/5878
f 5876/2068/5872 5877/2276/5873 5884/2279/5880 5883/1902/5879
f 5877/2276/5873 5878/2277/5874 5885/2280/5881 5884/2279/5880
f 5878/2277/5874 5879/2278/5875 5886/2281/5882 5885/2280/5881
f 5880/1963/5876 5881/1904/5877 5888/2066/5884 5887/1963/5883
f 5881/1904/5877 5882/1967/5878 5889/2064/5885 5888/2066/5884
f 5882/1967/5878 5883/1902/5879 5890/2117/5886 5889/2064/5885
f 5883/1902/5879 5884/2279/5880 5891/2282/5887 5890/2117/5886
f 5884/2279/5880 5885/2280/5881 5892/2283/5888 5891/2282/5887
f 5885/2280/5881 5886/2281/5882 5893/2284/5889 5892/2283/5888
f 98/283/98 1462/1963/1462 5845/1963/5841 1351/1898/1351
f 1462/1963/1462 1461/1904/1461 5846/1964/5842 5845/1963/5841
f 1461/1904/1461 1460/1967/1460 5847/1966/5843 5846/1964/5842
f 1460/1967/1460 1459/1902/1459 5848/1968/5844 5847/1966/5843
f 1459/1902/1459 1458/1980/1458 5849/2264/5845 5848/1968/5844
f 1458/1980/1458 1457/1978/1457 5850/2266/5846 5849/2264/5845
f 1457/1978/1457 1456/1899/1456 5851/2268/5847 5850/2266/5846
f 1456/1899/1456 99/1773/99 1441/2170/1441 5851/2268/5847
f 5851/2268/5847 1441/2170/1441 1440/2190/1440 5858/2269/5854
f 5858/2269/5854 1440/2190/1440 1439/2189/1439 5865/2272/5861
f 5865/2272/5861 1439/2189/1439 1438/2188/1438 5872/2275/5868
f 5872/2275/5868 1438/2188/1438 1437/2187/1437 5879/2278/5875
f 5879/2278/5875 1437/2187/1437 1436/2186/1436 5886/2281/5882
f 5886/2281/5882 1436/2186/1436 1435/2185/1435 5893/2284/5889
f 5893/2284/5889 1435/2185/1435 92/445/92 1330/1899/1330
f 5892/2283/5888 5893/2284/5889 1330/1899/1330 1331/1900/1331
f 5891/2282/5887 5892/2283/5888 1331/1900/1331 1332/1901/1332
f 5890/2117/5886 5891/2282/5887 1332/1901/1332 1333/1902/1333
f 5889/2064/5885 5890/2117/5886 1333/1902/1333 1334/1967/1334
f 5888/2066/5884 5889/2064/5885 1334/1967/1334 1335/2066/1335
f 5887/1963/5883 5888/2066/5884 1335/2066/1335 1336/1963/1336
f 1357/1898/1357 5887/1963/5883 1336/1963/1336 89/1898/89
f 1356/1898/1356 5880/1963/5876 5887/1963/5883 1357/1898/1357
f 1355/1898/1355 5873/1976/5869 5880/1963/5876 1356/1898/1356
f 1354/1898/1354 5866/1965/5862 5873/1976/5869 1355/1898/1355
f 1353/1898/1353 5859/1976/5855 5866/1965/5862 1354/1898/1354
f 1352/1898/1352 5852/1965/5848 5859/1976/5855 1353/1898/1353
f 1351/1898/1351 5845/1963/5841 5852/1965/5848 1352/1898/1352
f 5894/2285/5890 5895/2286/5891 5902/2287/5898 5901/2288/5897
f 5895/2286/5891 5896/2289/5892 5903/2290/5899 5902/2287/5898
f 5896/2289/5892 5897/2055/5893 5904/2045/5900 5903/2290/5899
f 5897/2055/5893 5898/2056/5894 5905/1958/5901 5904/2045/5900
f 5898/2056/5894 5899/2013/5895 5906/2012/5902 5905/1958/5901
f 5899/2013/5895 5900/2015/5896 5907/2048/5903 5906/2012/5902
f 5901/2288/5897 5902/2287/5898 5909/2291/5905 5908/2292/5904
f 5902/2287/5898 5903/2290/5899 5910/2293/5906 5909/2291/5905
f 5903/2290/5899 5904/2045/5900 5911/1959/5907 5910/2293/5906
f 5904/2045/5900 5905/1958/5901 5912/2021/5908 5911/1959/5907
f 5905/1958/5901 5906/2012/5902 5913/1957/5909 5912/2021/5908
f 5906/2012/5902 5907/2048/5903 5914/2014/5910 5913/1957/5909
f 5908/2292/5904 5909/2291/5905 5916/2294/5912 5915/2295/5911
f 5909/2291/5905 5910/2293/5906 5917/2296/5913 5916/2294/5912
f 5910/2293/5906 5911/1959/5907 5918/1959/5914 5917/2296/5913
f 5911/1959/5907 5912/2021/5908 5919/2010/5915 5918/1959/5914
f 5912/2021/5908 5913/1957/5909 5920/1957/5916 5919/2010/5915
f 5913/1957/5909 5914/2014/5910 5921/2014/5917 5920/1957/5916
f 5915/2295/5911 5916/2294/5912 5923/2297/5919 5922/2298/5918
f 5916/2294/5912 5917/2296/5913 5924/2299/5920 5923/2297/5919
f 5917/2296/5913 5918/1959/5914 5925/2045/5921 5924/2299/5920
f 5918/1959/5914 5919/2010/5915 5926/2046/5922 5925/2045/5921
f 5919/2010/5915 5920/1957/5916 5927/2047/5923 5926/2046/5922
f 5920/1957/5916 5921/2014/5917 5928/2048/5924 5927/2047/5923
f 5922/2298/5918 5923/2297/5919 5930/2300/5926 5929/2301/5925
f 5923/2297/5919 5924/2299/5920 5931/2302/5927 5930/2300/5926
f 5924/2299/5920 5925/2045/5921 5932/1959/5928 5931/2302/5927
f 5925/2045/5921 5926/2046/5922 5933/2010/5929 5932/1959/5928
f 5926/2046/5922 5927/2047/5923 5934/2029/5930 5933/2010/5929
f 5927/2047/5923 5928/2048/5924 5935/2014/5931 5934/2029/5930
f 5929/2301/5925 5930/2300/5926 5937/2303/5933 5936/2304/5932
f 5930/2300/5926 5931/2302/5927 5938/2305/5934 5937/2303/5933
f 5931/2302/5927 5932/1959/5928 5939/1959/5935 5938/2305/5934
f 5932/1959/5928 5933/2010/5929 5940/2011/5936 5939/1959/5935
f 5933/2010/5929 5934/2029/5930 5941/2029/5937 5940/2011/5936
f 5934/2029/5930 5935/2014/5931 5942/2015/5938 5941/2029/5937
f 97/1779/97 1455/2049/1455 5894/2285/5890 1337/2171/1337
f 1455/2049/1455 1454/2019/1454 5895/2286/5891 5894/2285/5890
f 1454/2019/1454 1453/2050/1453 5896/2289/5892 5895/2286/5891
f 1453/2050/1453 1452/2051/1452 5897/2055/5893 5896/2289/5892
f 1452/2051/1452 1451/2052/1451 5898/2056/5894 5897/2055/5893
f 1451/2052/1451 1450/1957/1450 5899/2013/5895 5898/2056/5894
f 1450/1957/1450 1449/1956/1449 5900/2015/5896 5899/2013/5895
f 1449/1956/1449 100/1997/100 1448/1998/1448 5900/2015/5896
f 5900/2015/5896 1448/1998/1448 1447/2001/1447 5907/2048/5903
f 5907/2048/5903 1447/2001/1447 1446/2000/1446 5914/2014/5910
f 5914/2014/5910 1446/2000/1446 1445/2000/1445 5921/2014/5917
f 5921/2014/5917 1445/2000/1445 1444/2001/1444 5928/2048/5924
f 5928/2048/5924 1444/2001/1444 1443/2000/1443 5935/2014/5931
f 5935/2014/5931 1443/2000/1443 1442/2001/1442 5942/2015/5938
f 5942/2015/5938 1442/2001/1442 90/1843/90 1316/1956/1316
f 5941/2029/5937 5942/2015/5938 1316/1956/1316 1317/1957/1317
f 5940/2011/5936 5941/2029/5937 1317/1957/1317 1318/1958/1318
f 5939/1959/5935 5940/2011/5936 1318/1958/1318 1319/1959/1319
f 5938/2305/5934 5939/1959/5935 1319/1959/1319 1320/1960/1320
f 5937/2303/5933 5938/2305/5934 1320/1960/1320 1321/1961/1321
f 5936/2304/5932 5937/2303/5933 1321/1961/1321 1322/1962/1322
f 1343/2177/1343 5936/2304/5932 1322/1962/1322 91/436/91
f 1342/2176/1342 5929/2301/5925 5936/2304/5932 1343/2177/1343
f 1341/2175/1341 5922/2298/5918 5929/2301/5925 1342/2176/1342
f 1340/2174/1340 5915/2295/5911 5922/2298/5918 1341/2175/1341
f 1339/2173/1339 5908/2292/5904 5915/2295/5911 1340/2174/1340
f 1338/2172/1338 5901/2288/5897 5908/2292/5904 1339/2173/1339
f 1337/2171/1337 5894/2285/5890 5901/2288/5897 1338/2172/1338
f 5943/2002/5939 5944/2003/5940 5951/2004/5947 5950/2005/5946
f 5944/2003/5940 5945/2006/5941 5952/2007/5948 5951/2004/5947
f 5945/2006/5941 5946/2008/5942 5953/2009/5949 5952/2007/5948
f 5946/2008/5942 5947/2010/5943 5954/2011/5950 5953/2009/5949
f 5947/2010/5943 5948/2022/5944 5955/2013/5951 5954/2011/5950
f 5948/2022/5944 5949/2014/5945 5956/2015/5952 5955/2013/5951
f 5950/2005/5946 5951/2004/5947 5958/1961/5954 5957/1962/5953
f 5951/2004/5947 5952/2007/5948 5959/1960/5955 5958/1961/5954
f 5952/2007/5948 5953/2009/5949 5960/2017/5956 5959/1960/5955
f 5953/2009/5949 5954/2011/5950 5961/2018/5957 5960/2017/5956
f 5954/2011/5950 5955/2013/5951 5962/1957/5958 5961/2018/5957
f 5955/2013/5951 5956/2015/5952 5963/2014/5959 5962/1957/5958
f 5957/1962/5953 5958/1961/5954 5965/2019/5961 5964/2020/5960
f 5958/1961/5954 5959/1960/5955 5966/2006/5962 5965/2019/5961
f 5959/1960/5955 5960/2017/5956 5967/2008/5963 5966/2006/5962
f 5960/2017/5956 5961/2018/5957 5968/2021/5964 5967/2008/5963
f 5961/2018/5957 5962/1957/5958 5969/2022/5965 5968/2021/5964
f 5962/1957/5958 5963/2014/5959 5970/2023/5966 5969/2022/5965
f 5964/2020/5960 5965/2019/5961 5972/2024/5968 5971/2005/5967
f 5965/2019/5961 5966/2006/5962 5973/2025/5969 5972/2024/5968
f 5966/2006/5962 5967/2008/5963 5974/2017/5970 5973/2025/5969
f 5967/2008/5963 5968/2021/5964 5975/2026/5971 5974/2017/5970
f 5968/2021/5964 5969/2022/5965 5976/2013/5972 5975/2026/5971
f 5969/2022/5965 5970/2023/5966 5977/2015/5973 5976/2013/5972
f 5971/2005/5967 5972/2024/5968 5979/2033/5975 5978/2027/5974
f 5972/2024/5968 5973/2025/5969 5980/2025/5976 5979/2033/5975
f 5973/2025/5969 5974/2017/5970 5981/2017/5977 5980/2025/5976
f 5974/2017/5970 5975/2026/5971 5982/1958/5978 5981/2017/5977
f 5975/2026/5971 5976/2013/5972 5983/1957/5979 5982/1958/5978
f 5976/2013/5972 5977/2015/5973 5984/2014/5980 5983/1957/5979
f 5978/2027/5974 5979/2033/5975 5986/2019/5982 5985/2027/5981
f 5979/2033/5975 5980/2025/5976 5987/1960/5983 5986/2019/5982
f 5980/2025/5976 5981/2017/5977 5988/2028/5984 5987/1960/5983
f 5981/2017/5977 5982/1958/5978 5989/2021/5985 5988/2028/5984
f 5982/1958/5978 5983/1957/5979 5990/2029/5986 5989/2021/5985
f 5983/1957/5979 5984/2014/5980 5991/1956/5987 5990/2029/5986
f 103/1776/103 1532/2016/1532 5943/2002/5939 1365/2034/1365
f 1532/2016/1532 1531/2032/1531 5944/2003/5940 5943/2002/5939
f 1531/2032/1531 1530/1960/1530 5945/2006/5941 5944/2003/5940
f 1530/1960/1530 1529/1959/1529 5946/2008/5942 5945/2006/5941
f 1529/1959/1529 1528/2018/1528 5947/2010/5943 5946/2008/5942
f 1528/2018/1528 1527/1957/1527 5948/2022/5944 5947/2010/5943
f 1527/1957/1527 1526/2014/1526 5949/2014/5945 5948/2022/5944
f 1526/2014/1526 102/1997/102 1490/2000/1490 5949/2014/5945
f 5949/2014/5945 1490/2000/1490 1489/1998/1489 5956/2015/5952
f 5956/2015/5952 1489/1998/1489 1488/1998/1488 5963/2014/5959
f 5963/2014/5959 1488/1998/1488 1487/2001/1487 5970/2023/5966
f 5970/2023/5966 1487/2001/1487 1486/1998/1486 5977/2015/5973
f 5977/2015/5973 1486/1998/1486 1485/1997/1485 5984/2014/5980
f 5984/2014/5980 1485/1997/1485 1484/2000/1484 5991/1956/5987
f 5991/1956/5987 1484/2000/1484 96/1997/96 1393/2014/1393
f 5990/2029/5986 5991/1956/5987 1393/2014/1393 1394/1957/1394
f 5989/2021/5985 5990/2029/5986 1394/1957/1394 1395/2018/1395
f 5988/2028/5984 5989/2021/5985 1395/2018/1395 1396/1959/1396
f 5987/1960/5983 5988/2028/5984 1396/1959/1396 1397/1960/1397
f 5986/2019/5982 5987/1960/5983 1397/1960/1397 1398/2032/1398
f 5985/2027/5981 5986/2019/5982 1398/2032/1398 1399/2016/1399
f 1371/1776/1371 5985/2027/5981 1399/2016/1399 93/1776/93
f 1370/1779/1370 5978/2027/5974 5985/2027/5981 1371/1776/1371
f 1369/1777/1369 5971/2005/5967 5978/2027/5974 1370/1779/1370
f 1368/1778/1368 5964/2020/5960 5971/2005/5967 1369/1777/1369
f 1367/2035/1367 5957/1962/5953 5964/2020/5960 1368/1778/1368
f 1366/1777/1366 5950/2005/5946 5957/1962/5953 1367/2035/1367
f 1365/2034/1365 5943/2002/5939 5950/2005/5946 1366/1777/1366
f 5992/1963/5988 5993/1964/5989 6000/1904/5996 5999/1965/5995
f 5993/1964/5989 5994/1966/5990 6001/1967/5997 6000/1904/5996
f 5994/1966/5990 5995/1968/5991 6002/1969/5998 6001/1967/5997
f 5995/1968/5991 5996/1970/5992 6003/1971/5999 6002/1969/5998
f 5996/1970/5992 5997/1972/5993 6004/1973/6000 6003/1971/5999
f 5997/1972/5993 5998/1974/5994 6005/1975/6001 6004/1973/6000
f 5999/1965/5995 6000/1904/5996 6007/1964/6003 6006/1976/6002
f 6000/1904/5996 6001/1967/5997 6008/1966/6004 6007/1964/6003
f 6001/1967/5997 6002/1969/5998 6009/1902/6005 6008/1966/6004
f 6002/1969/5998 6003/1971/5999 6010/1977/6006 6009/1902/6005
f 6003/1971/5999 6004/1973/6000 6011/1978/6007 6010/1977/6006
f 6004/1973/6000 6005/1975/6001 6012/1979/6008 6011/1978/6007
f 6006/1976/6002 6007/1964/6003 6014/1904/6010 6013/1965/6009
f 6007/1964/6003 6008/1966/6004 6015/1967/6011 6014/1904/6010
f 6008/1966/6004 6009/1902/6005 6016/1902/6012 6015/1967/6011
f 6009/1902/6005 6010/1977/6006 6017/1980/6013 6016/1902/6012
f 6010/1977/6006 6011/1978/6007 6018/1978/6014 6017/1980/6013
f 6011/1978/6007 6012/1979/6008 6019/1899/6015 6018/1978/6014
f 6013/1965/6009 6014/1904/6010 6021/1964/6017 6020/1976/6016
f 6014/1904/6010 6015/1967/6011 6022/1966/6018 6021/1964/6017
f 6015/1967/6011 6016/1902/6012 6023/1968/6019 6022/1966/6018
f 6016/1902/6012 6017/1980/6013 6024/1970/6020 6023/1968/6019
f 6017/1980/6013 6018/1978/6014 6025/1972/6021 6024/1970/6020
f 6018/1978/6014 6019/1899/6015 6026/1974/6022 6025/1972/6021
f 6020/1976/6016 6021/1964/6017 6028/1904/6024 6027/1963/6023
f 6021/1964/6017 6022/1966/6018 6029/1967/6025 6028/1904/6024
f 6022/1966/6018 6023/1968/6019 6030/1969/6026 6029/1967/6025
f 6023/1968/6019 6024/1970/6020 6031/1971/6027 6030/1969/6026
f 6024/1970/6020 6025/1972/6021 6032/1973/6028 6031/1971/6027
f 6025/1972/6021 6026/1974/6022 6033/1975/6029 6032/1973/6028
f 6027/1963/6023 6028/1904/6024 6035/1964/6031 6034/1963/6030
f 6028/1904/6024 6029/1967/6025 6036/1966/6032 6035/1964/6031
f 6029/1967/6025 6030/1969/6026 6037/1902/6033 6036/1966/6032
f 6030/1969/6026 6031/1971/6027 6038/1977/6034 6037/1902/6033
f 6031/1971/6027 6032/1973/6028 6039/1978/6035 6038/1977/6034
f 6032/1973/6028 6033/1975/6029 6040/1979/6036 6039/1978/6035
f 104/283/104 1525/1963/1525 5992/1963/5988 1379/1898/1379
f 1525/1963/1525 1524/1904/1524 5993/1964/5989 5992/1963/5988
f 1524/1904/1524 1523/1967/1523 5994/1966/5990 5993/1964/5989
f 1523/1967/1523 1522/1902/1522 5995/1968/5991 5994/1966/5990
f 1522/1902/1522 1521/1980/1521 5996/1970/5992 5995/1968/5991
f 1521/1980/1521 1520/1978/1520 5997/1972/5993 5996/1970/5992
f 1520/1978/1520 1519/1899/1519 5998/1974/5994 5997/1972/5993
f 1519/1899/1519 101/1773/101 1483/445/1483 5998/1974/5994
f 5998/1974/5994 1483/445/1483 1482/1782/1482 6005/1975/6001
f 6005/1975/6001 1482/1782/1482 1481/1773/1481 6012/1979/6008
f 6012/1979/6008 1481/1773/1481 1480/1773/1480 6019/1899/6015
f 6019/1899/6015 1480/1773/1480 1479/445/1479 6026/1974/6022
f 6026/1974/6022 1479/445/1479 1478/1782/1478 6033/1975/6029
f 6033/1975/6029 1478/1782/1478 1477/1773/1477 6040/1979/6036
f 6040/1979/6036 1477/1773/1477 94/1773/94 1400/1899/1400
f 6039/1978/6035 6040/1979/6036 1400/1899/1400 1401/1978/1401
f 6038/1977/6034 6039/1978/6035 1401/1978/1401 1402/1980/1402
f 6037/1902/6033 6038/1977/6034 1402/1980/1402 1403/1902/1403
f 6036/1966/6032 6037/1902/6033 1403/1902/1403 1404/1967/1404
f 6035/1964/6031 6036/1966/6032 1404/1967/1404 1405/1904/1405
f 6034/1963/6030 6035/1964/6031 1405/1904/1405 1406/1963/1406
f 1385/1981/1385 6034/1963/6030 1406/1963/1406 95/283/95
f 1384/1898/1384 6027/1963/6023 6034/1963/6030 1385/1981/1385
f 1383/1898/1383 6020/1976/6016 6027/1963/6023 1384/1898/1384
f 1382/1898/1382 6013/1965/6009 6020/1976/6016 1383/1898/1383
f 1381/1898/1381 6006/1976/6002 6013/1965/6009 1382/1898/1382
f 1380/1898/1380 5999/1965/5995 6006/1976/6002 1381/1898/1381
f 1379/1898/1379 5992/1963/5988 5999/1965/5995 1380/1898/1380
f 6041/1982/6037 6042/1983/6038 6049/1984/6045 6048/1985/6044
f 6042/1983/6038 6043/1986/6039 6050/1987/6046 6049/1984/6045
f 6043/1986/6039 6044/1988/6040 6051/1838/6047 6050/1987/6046
f 6044/1988/6040 6045/1989/6041 6052/1837/6048 6051/1838/6047
f 6045/1989/6041 6046/1990/6042 6053/1990/6049 6052/1837/6048
f 6046/1990/6042 6047/1835/6043 6054/1991/6050 6053/1990/6049
f 6048/1985/6044 6049/1984/6045 6056/1840/6052 6055/1992/6051
f 6049/1984/6045 6050/1987/6046 6057/1839/6053 6056/1840/6052
f 6050/1987/6046 6051/1838/6047 6058/1988/6054 6057/1839/6053
f 6051/1838/6047 6052/1837/6048 6059/1989/6055 6058/1988/6054
f 6052/1837/6048 6053/1990/6049 6060/1836/6056 6059/1989/6055
f 6053/1990/6049 6054/1991/6050 6061/1993/6057 6060/1836/6056
f 6055/1992/6051 6056/1840/6052 6063/1994/6059 6062/1995/6058
f 6056/1840/6052 6057/1839/6053 6064/1839/6060 6063/1994/6059
f 6057/1839/6053 6058/1988/6054 6065/1838/6061 6064/1839/6060
f 6058/1988/6054 6059/1989/6055 6066/1837/6062 6065/1838/6061
f 6059/1989/6055 6060/1836/6056 6067/1990/6063 6066/1837/6062
f 6060/1836/6056 6061/1993/6057 6068/1991/6064 6067/1990/6063
f 6062/1995/6058 6063/1994/6059 6070/1983/6066 6069/1982/6065
f 6063/1994/6059 6064/1839/6060 6071/1986/6067 6070/1983/6066
f 6064/1839/6060 6065/1838/6061 6072/1988/6068 6071/1986/6067
f 6065/1838/6061 6066/1837/6062 6073/1989/6069 6072/1988/6068
f 6066/1837/6062 6067/1990/6063 6074/1836/6070 6073/1989/6069
f 6067/1990/6063 6068/1991/6064 6075/1993/6071 6074/1836/6070
f 6069/1982/6065 6070/1983/6066 6077/1984/6073 6076/1985/6072
f 6070/1983/6066 6071/1986/6067 6078/1987/6074 6077/1984/6073
f 6071/1986/6067 6072/1988/6068 6079/1838/6075 6078/1987/6074
f 6072/1988/6068 6073/1989/6069 6080/1837/6076 6079/1838/6075
f 6073/1989/6069 6074/1836/6070 6081/1990/6077 6080/1837/6076
f 6074/1836/6070 6075/1993/6071 6082/1835/6078 6081/1990/6077
f 6076/1985/6072 6077/1984/6073 6084/1840/6080 6083/1992/6079
f 6077/1984/6073 6078/1987/6074 6085/1839/6081 6084/1840/6080
f 6078/1987/6074 6079/1838/6075 6086/1988/6082 6085/1839/6081
f 6079/1838/6075 6080/1837/6076 6087/1989/6083 6086/1988/6082
f 6080/1837/6076 6081/1990/6077 6088/1990/6084 6087/1989/6083
f 6081/1990/6077 6082/1835/6078 6089/1996/6085 6088/1990/6084
f 102/1997/102 1518/1995/1518 6041/1982/6037 1490/2000/1490
f 1518/1995/1518 1517/1994/1517 6042/1983/6038 6041/1982/6037
f 1517/1994/1517 1516/1839/1516 6043/1986/6039 6042/1983/6038
f 1516/1839/1516 1515/1838/1515 6044/1988/6040 6043/1986/6039
f 1515/1838/1515 1514/1837/1514 6045/1989/6041 6044/1988/6040
f 1514/1837/1514 1513/1990/1513 6046/1990/6042 6045/1989/6041
f 1513/1990/1513 1512/1999/1512 6047/1835/6043 6046/1990/6042
f 1512/1999/1512 104/59/104 1379/1833/1379 6047/1835/6043
f 6047/1835/6043 1379/1833/1379 1380/1833/1380 6054/1991/6050
f 6054/1991/6050 1380/1833/1380 1381/1833/1381 6061/1993/6057
f 6061/1993/6057 1381/1833/1381 1382/1833/1382 6068/1991/6064
f 6068/1991/6064 1382/1833/1382 1383/1833/1383 6075/1993/6071
f 6075/1993/6071 1383/1833/1383 1384/1833/1384 6082/1835/6078
f 6082/1835/6078 1384/1833/1384 1385/1833/1385 6089/1996/6085
f 6089/1996/6085 1385/1833/1385 95/59/95 1407/1999/1407
f 6088/1990/6084 6089/1996/6085 1407/1999/1407 1408/1990/1408
f 6087/1989/6083 6088/1990/6084 1408/1990/1408 1409/1837/1409
f 6086/1988/6082 6087/1989/6083 1409/1837/1409 1410/1838/1410
f 6085/1839/6081 6086/1988/6082 1410/1838/1410 1411/1839/1411
f 6084/1840/6080 6085/1839/6081 1411/1839/1411 1412/1994/1412
f 6083/1992/6079 6084/1840/6080 1412/1994/1412 1413/1995/1413
f 1484/2000/1484 6083/1992/6079 1413/1995/1413 96/1997/96
f 1485/1997/1485 6076/1985/6072 6083/1992/6079 1484/2000/1484
f 1486/1998/1486 6069/1982/6065 6076/1985/6072 1485/1997/1485
f 1487/2001/1487 6062/1995/6058 6069/1982/6065 1486/1998/1486
f 1488/1998/1488 6055/1992/6051 6062/1995/6058 1487/2001/1487
f 1489/1998/1489 6048/1985/6044 6055/1992/6051 1488/1998/1488
f 1490/2000/1490 6041/1982/6037 6048/1985/6044 1489/1998/1489
f 6090/1762/6086 6091/442/6087 6098/1751/6094 6097/1765/6093
f 6091/442/6087 6092/1753/6088 6099/1754/6095 6098/1751/6094
f 6092/1753/6088 6093/1755/6089 6100/2036/6096 6099/1754/6095
f 6093/1755/6089 6094/439/6090 6101/1757/6097 6100/2036/6096
f 6094/439/6090 6095/1758/6091 6102/1759/6098 6101/1757/6097
f 6095/1758/6091 6096/437/6092 6103/1768/6099 6102/1759/6098
f 6097/1765/6093 6098/1751/6094 6105/442/6101 6104/443/6100
f 6098/1751/6094 6099/1754/6095 6106/441/6102 6105/442/6101
f 6099/1754/6095 6100/2036/6096 6107/2037/6103 6106/441/6102
f 6100/2036/6096 6101/1757/6097 6108/439/6104 6107/2037/6103
f 6101/1757/6097 6102/1759/6098 6109/438/6105 6108/439/6104
f 6102/1759/6098 6103/1768/6099 6110/1775/6106 6109/438/6105
f 6104/443/6100 6105/442/6101 6112/442/6108 6111/1762/6107
f 6105/442/6101 6106/441/6102 6113/2038/6109 6112/442/6108
f 6106/441/6102 6107/2037/6103 6114/1755/6110 6113/2038/6109
f 6107/2037/6103 6108/439/6104 6115/1763/6111 6114/1755/6110
f 6108/439/6104 6109/438/6105 6116/1758/6112 6115/1763/6111
f 6109/438/6105 6110/1775/6106 6117/1764/6113 6116/1758/6112
f 6111/1762/6107 6112/442/6108 6119/1751/6115 6118/1765/6114
f 6112/442/6108 6113/2038/6109 6120/1766/6116 6119/1751/6115
f 6113/2038/6109 6114/1755/6110 6121/440/6117 6120/1766/6116
f 6114/1755/6110 6115/1763/6111 6122/1767/6118 6121/440/6117
f 6115/1763/6111 6116/1758/6112 6123/2039/6119 6122/1767/6118
f 6116/1758/6112 6117/1764/6113 6124/1768/6120 6123/2039/6119
f 6118/1765/6114 6119/1751/6115 6126/1769/6122 6125/443/6121
f 6119/1751/6115 6120/1766/6116 6127/1754/6123 6126/1769/6122
f 6120/1766/6116 6121/440/6117 6128/440/6124 6127/1754/6123
f 6121/440/6117 6122/1767/6118 6129/1770/6125 6128/440/6124
f 6122/1767/6118 6123/2039/6119 6130/438/6126 6129/1770/6125
f 6123/2039/6119 6124/1768/6120 6131/437/6127 6130/438/6126
f 6125/443/6121 6126/1769/6122 6133/442/6129 6132/1761/6128
f 6126/1769/6122 6127/1754/6123 6134/441/6130 6133/442/6129
f 6127/1754/6123 6128/440/6124 6135/1772/6131 6134/441/6130
f 6128/440/6124 6129/1770/6125 6136/439/6132 6135/1772/6131
f 6129/1770/6125 6130/438/6126 6137/1771/6133 6136/439/6132
f 6130/438/6126 6131/437/6127 6138/437/6134 6137/1771/6133
f 101/1773/101 1511/443/1511 6090/1762/6086 1483/445/1483
f 1511/443/1511 1510/1774/1510 6091/442/6087 6090/1762/6086
f 1510/1774/1510 1509/441/1509 6092/1753/6088 6091/442/6087
f 1509/441/1509 1508/440/1508 6093/1755/6089 6092/1753/6088
f 1508/440/1508 1507/439/1507 6094/439/6090 6093/1755/6089
f 1507/439/1507 1506/1771/1506 6095/1758/6091 6094/439/6090
f 1506/1771/1506 1505/1775/1505 6096/437/6092 6095/1758/6091
f 1505/1775/1505 103/1776/103 1365/2034/1365 6096/437/6092
f 6096/437/6092 1365/2034/1365 1366/1777/1366 6103/1768/6099
f 6103/1768/6099 1366/1777/1366 1367/2035/1367 6110/1775/6106
f 6110/1775/6106 1367/2035/1367 1368/1778/1368 6117/1764/6113
f 6117/1764/6113 1368/1778/1368 1369/1777/1369 6124/1768/6120
f 6124/1768/6120 1369/1777/1369 1370/1779/1370 6131/437/6127
f 6131/437/6127 1370/1779/1370 1371/1776/1371 6138/437/6134
f 6138/437/6134 1371/1776/1371 93/1776/93 1414/1775/1414
f 6137/1771/6133 6138/437/6134 1414/1775/1414 1415/1771/1415
f 6136/439/6132 6137/1771/6133 1415/1771/1415 1416/439/1416
f 6135/1772/6131 6136/439/6132 1416/439/1416 1417/440/1417
f 6134/441/6130 6135/1772/6131 1417/440/1417 1418/441/1418
f 6133/442/6129 6134/441/6130 1418/441/1418 1419/1774/1419
f 6132/1761/6128 6133/442/6129 1419/1774/1419 1420/443/1420
f 1477/1773/1477 6132/1761/6128 1420/443/1420 94/1773/94
f 1478/1782/1478 6125/443/6121 6132/1761/6128 1477/1773/1477
f 1479/445/1479 6118/1765/6114 6125/443/6121 1478/1782/1478
f 1480/1773/1480 6111/1762/6107 6118/1765/6114 1479/445/1479
f 1481/1773/1481 6104/443/6100 6111/1762/6107 1480/1773/1480
f 1482/1782/1482 6097/1765/6093 6104/443/6100 1481/1773/1481
f 1483/445/1483 6090/1762/6086 6097/1765/6093 1482/1782/1482
f 6139/2002/6135 6140/2003/6136 6147/2004/6143 6146/2005/6142
f 6140/2003/6136 6141/2006/6137 6148/2007/6144 6147/2004/6143
f 6141/2006/6137 6142/2008/6138 6149/2009/6145 6148/2007/6144
f 6142/2008/6138 6143/2010/6139 6150/2011/6146 6149/2009/6145
f 6143/2010/6139 6144/2022/6140 6151/2013/6147 6150/2011/6146
f 6144/2022/6140 6145/2014/6141 6152/2015/6148 6151/2013/6147
f 6146/2005/6142 6147/2004/6143 6154/1961/6150 6153/1962/6149
f 6147/2004/6143 6148/2007/6144 6155/1960/6151 6154/1961/6150
f 6148/2007/6144 6149/2009/6145 6156/2017/6152 6155/1960/6151
f 6149/2009/6145 6150/2011/6146 6157/2018/6153 6156/2017/6152
f 6150/2011/6146 6151/2013/6147 6158/1957/6154 6157/2018/6153
f 6151/2013/6147 6152/2015/6148 6159/2014/6155 6158/1957/6154
f 6153/1962/6149 6154/1961/6150 6161/2019/6157 6160/2020/6156
f 6154/1961/6150 6155/1960/6151 6162/2006/6158 6161/2019/6157
f 6155/1960/6151 6156/2017/6152 6163/2008/6159 6162/2006/6158
f 6156/2017/6152 6157/2018/6153 6164/2021/6160 6163/2008/6159
f 6157/2018/6153 6158/1957/6154 6165/2022/6161 6164/2021/6160
f 6158/1957/6154 6159/2014/6155 6166/2023/6162 6165/2022/6161
f 6160/2020/6156 6161/2019/6157 6168/2024/6164 6167/2005/6163
f 6161/2019/6157 6162/2006/6158 6169/2025/6165 6168/2024/6164
f 6162/2006/6158 6163/2008/6159 6170/2017/6166 6169/2025/6165
f 6163/2008/6159 6164/2021/6160 6171/2026/6167 6170/2017/6166
f 6164/2021/6160 6165/2022/6161 6172/2013/6168 6171/2026/6167
f 6165/2022/6161 6166/2023/6162 6173/2015/6169 6172/2013/6168
f 6167/2005/6163 6168/2024/6164 6175/2033/6171 6174/2027/6170
f 6168/2024/6164 6169/2025/6165 6176/2025/6172 6175/2033/6171
f 6169/2025/6165 6170/2017/6166 6177/2017/6173 6176/2025/6172
f 6170/2017/6166 6171/2026/6167 6178/1958/6174 6177/2017/6173
f 6171/2026/6167 6172/2013/6168 6179/1957/6175 6178/1958/6174
f 6172/2013/6168 6173/2015/6169 6180/2014/6176 6179/1957/6175
f 6174/2027/6170 6175/2033/6171 6182/2019/6178 6181/2027/6177
f 6175/2033/6171 6176/2025/6172 6183/1960/6179 6182/2019/6178
f 6176/2025/6172 6177/2017/6173 6184/2028/6180 6183/1960/6179
f 6177/2017/6173 6178/1958/6174 6185/2021/6181 6184/2028/6180
f 6178/1958/6174 6179/1957/6175 6186/2029/6182 6185/2021/6181
f 6179/1957/6175 6180/2014/6176 6187/1956/6183 6186/2029/6182
f 93/1776/93 1399/2016/1399 6139/2002/6135 1421/2034/1421
f 1399/2016/1399 1398/2032/1398 6140/2003/6136 6139/2002/6135
f 1398/2032/1398 1397/1960/1397 6141/2006/6137 6140/2003/6136
f 1397/1960/1397 1396/1959/1396 6142/2008/6138 6141/2006/6137
f 1396/1959/1396 1395/2018/1395 6143/2010/6139 6142/2008/6138
f 1395/2018/1395 1394/1957/1394 6144/2022/6140 6143/2010/6139
f 1394/1957/1394 1393/2014/1393 6145/2014/6141 6144/2022/6140
f 1393/2014/1393 96/1997/96 1392/2000/1392 6145/2014/6141
f 6145/2014/6141 1392/2000/1392 1391/1998/1391 6152/2015/6148
f 6152/2015/6148 1391/1998/1391 1390/1998/1390 6159/2014/6155
f 6159/2014/6155 1390/1998/1390 1389/2001/1389 6166/2023/6162
f 6166/2023/6162 1389/2001/1389 1388/1998/1388 6173/2015/6169
f 6173/2015/6169 1388/1998/1388 1387/1997/1387 6180/2014/6176
f 6180/2014/6176 1387/1997/1387 1386/2000/1386 6187/1956/6183
f 6187/1956/6183 1386/2000/1386 100/1997/100 1449/1956/1449
f 6186/2029/6182 6187/1956/6183 1449/1956/1449 1450/1957/1450
f 6185/2021/6181 6186/2029/6182 1450/1957/1450 1451/2052/1451
f 6184/2028/6180 6185/2021/6181 1451/2052/1451 1452/2051/1452
f 6183/1960/6179 6184/2028/6180 1452/2051/1452 1453/2050/1453
f 6182/2019/6178 6183/1960/6179 1453/2050/1453 1454/2019/1454
f 6181/2027/6177 6182/2019/6178 1454/2019/1454 1455/2049/1455
f 1427/1776/1427 6181/2027/6177 1455/2049/1455 97/1779/97
f 1426/1779/1426 6174/2027/6170 6181/2027/6177 1427/1776/1427
f 1425/1777/1425 6167/2005/6163 6174/2027/6170 1426/1779/1426
f 1424/1778/1424 6160/2020/6156 6167/2005/6163 1425/1777/1425
f 1423/2035/1423 6153/1962/6149 6160/2020/6156 1424/1778/1424
f 1422/1777/1422 6146/2005/6142 6153/1962/6149 1423/2035/1423
f 1421/2034/1421 6139/2002/6135 6146/2005/6142 1422/1777/1422
f 6188/1963/6184 6189/1964/6185 6196/1904/6192 6195/1965/6191
f 6189/1964/6185 6190/1966/6186 6197/1967/6193 6196/1904/6192
f 6190/1966/6186 6191/1968/6187 6198/1969/6194 6197/1967/6193
f 6191/1968/6187 6192/1970/6188 6199/1971/6195 6198/1969/6194
f 6192/1970/6188 6193/1972/6189 6200/1973/6196 6199/1971/6195
f 6193/1972/6189 6194/1974/6190 6201/1975/6197 6200/1973/6196
f 6195/1965/6191 6196/1904/6192 6203/1964/6199 6202/1976/6198
f 6196/1904/6192 6197/1967/6193 6204/1966/6200 6203/1964/6199
f 6197/1967/6193 6198/1969/6194 6205/1902/6201 6204/1966/6200
f 6198/1969/6194 6199/1971/6195 6206/1977/6202 6205/1902/6201
f 6199/1971/6195 6200/1973/6196 6207/1978/6203 6206/1977/6202
f 6200/1973/6196 6201/1975/6197 6208/1979/6204 6207/1978/6203
f 6202/1976/6198 6203/1964/6199 6210/1904/6206 6209/1965/6205
f 6203/1964/6199 6204/1966/6200 6211/1967/6207 6210/1904/6206
f 6204/1966/6200 6205/1902/6201 6212/1902/6208 6211/1967/6207
f 6205/1902/6201 6206/1977/6202 6213/1980/6209 6212/1902/6208
f 6206/1977/6202 6207/1978/6203 6214/1978/6210 6213/1980/6209
f 6207/1978/6203 6208/1979/6204 6215/1899/6211 6214/1978/6210
f 6209/1965/6205 6210/1904/6206 6217/1964/6213 6216/1976/6212
f 6210/1904/6206 6211/1967/6207 6218/1966/6214 6217/1964/6213
f 6211/1967/6207 6212/1902/6208 6219/1968/6215 6218/1966/6214
f 6212/1902/6208 6213/1980/6209 6220/1970/6216 6219/1968/6215
f 6213/1980/6209 6214/1978/6210 6221/1972/6217 6220/1970/6216
f 6214/1978/6210 6215/1899/6211 6222/1974/6218 6221/1972/6217
f 6216/1976/6212 6217/1964/6213 6224/1904/6220 6223/1963/6219
f 6217/1964/6213 6218/1966/6214 6225/1967/6221 6224/1904/6220
f 6218/1966/6214 6219/1968/6215 6226/1969/6222 6225/1967/6221
f 6219/1968/6215 6220/1970/6216 6227/1971/6223 6226/1969/6222
f 6220/1970/6216 6221/1972/6217 6228/1973/6224 6227/1971/6223
f 6221/1972/6217 6222/1974/6218 6229/1975/6225 6228/1973/6224
f 6223/1963/6219 6224/1904/6220 6231/1964/6227 6230/1963/6226
f 6224/1904/6220 6225/1967/6221 6232/1966/6228 6231/1964/6227
f 6225/1967/6221 6226/1969/6222 6233/1902/6229 6232/1966/6228
f 6226/1969/6222 6227/1971/6223 6234/1977/6230 6233/1902/6229
f 6227/1971/6223 6228/1973/6224 6235/1978/6231 6234/1977/6230
f 6228/1973/6224 6229/1975/6225 6236/1979/6232 6235/1978/6231
f 95/283/95 1406/1963/1406 6188/1963/6184 1428/1898/1428
f 1406/1963/1406 1405/1904/1405 6189/1964/6185 6188/1963/6184
f 1405/1904/1405 1404/1967/1404 6190/1966/6186 6189/1964/6185
f 1404/1967/1404 1403/1902/1403 6191/1968/6187 6190/1966/6186
f 1403/1902/1403 1402/1980/1402 6192/1970/6188 6191/1968/6187
f 1402/1980/1402 1401/1978/1401 6193/1972/6189 6192/1970/6188
f 1401/1978/1401 1400/1899/1400 6194/1974/6190 6193/1972/6189
f 1400/1899/1400 94/1773/94 1378/445/1378 6194/1974/6190
f 6194/1974/6190 1378/445/1378 1377/1782/1377 6201/1975/6197
f 6201/1975/6197 1377/1782/1377 1376/1773/1376 6208/1979/6204
f 6208/1979/6204 1376/1773/1376 1375/1773/1375 6215/1899/6211
f 6215/1899/6211 1375/1773/1375 1374/445/1374 6222/1974/6218
f 6222/1974/6218 1374/445/1374 1373/1782/1373 6229/1975/6225
f 6229/1975/6225 1373/1782/1373 1372/1773/1372 6236/1979/6232
f 6236/1979/6232 1372/1773/1372 99/1773/99 1456/1899/1456
f 6235/1978/6231 6236/1979/6232 1456/1899/1456 1457/1978/1457
f 6234/1977/6230 6235/1978/6231 1457/1978/1457 1458/1980/1458
f 6233/1902/6229 6234/1977/6230 1458/1980/1458 1459/1902/1459
f 6232/1966/6228 6233/1902/6229 1459/1902/1459 1460/1967/1460
f 6231/1964/6227 6232/1966/6228 1460/1967/1460 1461/1904/1461
f 6230/1963/6226 6231/1964/6227 1461/1904/1461 1462/1963/1462
f 1434/1981/1434 6230/1963/6226 1462/1963/1462 98/283/98
f 1433/1898/1433 6223/1963/6219 6230/1963/6226 1434/1981/1434
f 1432/1898/1432 6216/1976/6212 6223/1963/6219 1433/1898/1433
f 1431/1898/1431 6209/1965/6205 6216/1976/6212 1432/1898/1432
f 1430/1898/1430 6202/1976/6198 6209/1965/6205 1431/1898/1431
f 1429/1898/1429 6195/1965/6191 6202/1976/6198 1430/1898/1430
f 1428/1898/1428 6188/1963/6184 6195/1965/6191 1429/1898/1429
f 6237/1982/6233 6238/1983/6234 6245/1984/6241 6244/1985/6240
f 6238/1983/6234 6239/1986/6235 6246/1987/6242 6245/1984/6241
f 6239/1986/6235 6240/1988/6236 6247/1838/6243 6246/1987/6242
f 6240/1988/6236 6241/1989/6237 6248/1837/6244 6247/1838/6243
f 6241/1989/6237 6242/1990/6238 6249/1990/6245 6248/1837/6244
f 6242/1990/6238 6243/1835/6239 6250/1991/6246 6249/1990/6245
f 6244/1985/6240 6245/1984/6241 6252/1840/6248 6251/1992/6247
f 6245/1984/6241 6246/1987/6242 6253/1839/6249 6252/1840/6248
f 6246/1987/6242 6247/1838/6243 6254/1988/6250 6253/1839/6249
f 6247/1838/6243 6248/1837/6244 6255/1989/6251 6254/1988/6250
f 6248/1837/6244 6249/1990/6245 6256/1836/6252 6255/1989/6251
f 6249/1990/6245 6250/1991/6246 6257/1993/6253 6256/1836/6252
f 6251/1992/6247 6252/1840/6248 6259/1994/6255 6258/1995/6254
f 6252/1840/6248 6253/1839/6249 6260/1839/6256 6259/1994/6255
f 6253/1839/6249 6254/1988/6250 6261/1838/6257 6260/1839/6256
f 6254/1988/6250 6255/1989/6251 6262/1837/6258 6261/1838/6257
f 6255/1989/6251 6256/1836/6252 6263/1990/6259 6262/1837/6258
f 6256/1836/6252 6257/1993/6253 6264/1991/6260 6263/1990/6259
f 6258/1995/6254 6259/1994/6255 6266/1983/6262 6265/1982/6261
f 6259/1994/6255 6260/1839/6256 6267/1986/6263 6266/1983/6262
f 6260/1839/6256 6261/1838/6257 6268/1988/6264 6267/1986/6263
f 6261/1838/6257 6262/1837/6258 6269/1989/6265 6268/1988/6264
f 6262/1837/6258 6263/1990/6259 6270/1836/6266 6269/1989/6265
f 6263/1990/6259 6264/1991/6260 6271/1993/6267 6270/1836/6266
f 6265/1982/6261 6266/1983/6262 6273/1984/6269 6272/1985/6268
f 6266/1983/6262 6267/1986/6263 6274/1987/6270 6273/1984/6269
f 6267/1986/6263 6268/1988/6264 6275/1838/6271 6274/1987/6270
f 6268/1988/6264 6269/1989/6265 6276/1837/6272 6275/1838/6271
f 6269/1989/6265 6270/1836/6266 6277/1990/6273 6276/1837/6272
f 6270/1836/6266 6271/1993/6267 6278/1835/6274 6277/1990/6273
f 6272/1985/6268 6273/1984/6269 6280/1840/6276 6279/1992/6275
f 6273/1984/6269 6274/1987/6270 6281/1839/6277 6280/1840/6276
f 6274/1987/6270 6275/1838/6271 6282/1988/6278 6281/1839/6277
f 6275/1838/6271 6276/1837/6272 6283/1989/6279 6282/1988/6278
f 6276/1837/6272 6277/1990/6273 6284/1990/6280 6283/1989/6279
f 6277/1990/6273 6278/1835/6274 6285/1996/6281 6284/1990/6280
f 96/1997/96 1413/1995/1413 6237/1982/6233 1392/2000/1392
f 1413/1995/1413 1412/1994/1412 6238/1983/6234 6237/1982/6233
f 1412/1994/1412 1411/1839/1411 6239/1986/6235 6238/1983/6234
f 1411/1839/1411 1410/1838/1410 6240/1988/6236 6239/1986/6235
f 1410/1838/1410 1409/1837/1409 6241/1989/6237 6240/1988/6236
f 1409/1837/1409 1408/1990/1408 6242/1990/6238 6241/1989/6237
f 1408/1990/1408 1407/1999/1407 6243/1835/6239 6242/1990/6238
f 1407/1999/1407 95/59/95 1428/1833/1428 6243/1835/6239
f 6243/1835/6239 1428/1833/1428 1429/1833/1429 6250/1991/6246
f 6250/1991/6246 1429/1833/1429 1430/1833/1430 6257/1993/6253
f 6257/1993/6253 1430/1833/1430 1431/1833/1431 6264/1991/6260
f 6264/1991/6260 1431/1833/1431 1432/1833/1432 6271/1993/6267
f 6271/1993/6267 1432/1833/1432 1433/1833/1433 6278/1835/6274
f 6278/1835/6274 1433/1833/1433 1434/1833/1434 6285/1996/6281
f 6285/1996/6281 1434/1833/1434 98/59/98 1463/1999/1463
f 6284/1990/6280 6285/1996/6281 1463/1999/1463 1464/1990/1464
f 6283/1989/6279 6284/1990/6280 1464/1990/1464 1465/1837/1465
f 6282/1988/6278 6283/1989/6279 1465/1837/1465 1466/1838/1466
f 6281/1839/6277 6282/1988/6278 1466/1838/1466 1467/1839/1467
f 6280/1840/6276 6281/1839/6277 1467/1839/1467 1468/1994/1468
f 6279/1992/6275 6280/1840/6276 1468/1994/1468 1469/1995/1469
f 1386/2000/1386 6279/1992/6275 1469/1995/1469 100/1997/100
f 1387/1997/1387 6272/1985/6268 6279/1992/6275 1386/2000/1386
f 1388/1998/1388 6265/1982/6261 6272/1985/6268 1387/1997/1387
f 1389/2001/1389 6258/1995/6254 6265/1982/6261 1388/1998/1388
f 1390/1998/1390 6251/1992/6247 6258/1995/6254 1389/2001/1389
f 1391/1998/1391 6244/1985/6240 6251/1992/6247 1390/1998/1390
f 1392/2000/1392 6237/1982/6233 6244/1985/6240 1391/1998/1391
f 6286/1762/6282 6287/442/6283 6294/1751/6290 6293/1765/6289
f 6287/442/6283 6288/1753/6284 6295/1754/6291 6294/1751/6290
f 6288/1753/6284 6289/1755/6285 6296/2036/6292 6295/1754/6291
f 6289/1755/6285 6290/439/6286 6297/1757/6293 6296/2036/6292
f 6290/439/6286 6291/1758/6287 6298/1759/6294 6297/1757/6293
f 6291/1758/6287 6292/437/6288 6299/1768/6295 6298/1759/6294
f 6293/1765/6289 6294/1751/6290 6301/442/6297 6300/443/6296
f 6294/1751/6290 6295/1754/6291 6302/441/6298 6301/442/6297
f 6295/1754/6291 6296/2036/6292 6303/2037/6299 6302/441/6298
f 6296/2036/6292 6297/1757/6293 6304/439/6300 6303/2037/6299
f 6297/1757/6293 6298/1759/6294 6305/438/6301 6304/439/6300
f 6298/1759/6294 6299/1768/6295 6306/1775/6302 6305/438/6301
f 6300/443/6296 6301/442/6297 6308/442/6304 6307/1762/6303
f 6301/442/6297 6302/441/6298 6309/2038/6305 6308/442/6304
f 6302/441/6298 6303/2037/6299 6310/1755/6306 6309/2038/6305
f 6303/2037/6299 6304/439/6300 6311/1763/6307 6310/1755/6306
f 6304/439/6300 6305/438/6301 6312/1758/6308 6311/1763/6307
f 6305/438/6301 6306/1775/6302 6313/1764/6309 6312/1758/6308
f 6307/1762/6303 6308/442/6304 6315/1751/6311 6314/1765/6310
f 6308/442/6304 6309/2038/6305 6316/1766/6312 6315/1751/6311
f 6309/2038/6305 6310/1755/6306 6317/440/6313 6316/1766/6312
f 6310/1755/6306 6311/1763/6307 6318/1767/6314 6317/440/6313
f 6311/1763/6307 6312/1758/6308 6319/2039/6315 6318/1767/6314
f 6312/1758/6308 6313/1764/6309 6320/1768/6316 6319/2039/6315
f 6314/1765/6310 6315/1751/6311 6322/1769/6318 6321/443/6317
f 6315/1751/6311 6316/1766/6312 6323/1754/6319 6322/1769/6318
f 6316/1766/6312 6317/440/6313 6324/440/6320 6323/1754/6319
f 6317/440/6313 6318/1767/6314 6325/1770/6321 6324/440/6320
f 6318/1767/6314 6319/2039/6315 6326/438/6322 6325/1770/6321
f 6319/2039/6315 6320/1768/6316 6327/437/6323 6326/438/6322
f 6321/443/6317 6322/1769/6318 6329/442/6325 6328/1761/6324
f 6322/1769/6318 6323/1754/6319 6330/441/6326 6329/442/6325
f 6323/1754/6319 6324/440/6320 6331/1772/6327 6330/441/6326
f 6324/440/6320 6325/1770/6321 6332/439/6328 6331/1772/6327
f 6325/1770/6321 6326/438/6322 6333/1771/6329 6332/439/6328
f 6326/438/6322 6327/437/6323 6334/437/6330 6333/1771/6329
f 94/1773/94 1420/443/1420 6286/1762/6282 1378/445/1378
f 1420/443/1420 1419/1774/1419 6287/442/6283 6286/1762/6282
f 1419/1774/1419 1418/441/1418 6288/1753/6284 6287/442/6283
f 1418/441/1418 1417/440/1417 6289/1755/6285 6288/1753/6284
f 1417/440/1417 1416/439/1416 6290/439/6286 6289/1755/6285
f 1416/439/1416 1415/1771/1415 6291/1758/6287 6290/439/6286
f 1415/1771/1415 1414/1775/1414 6292/437/6288 6291/1758/6287
f 1414/1775/1414 93/1776/93 1421/2034/1421 6292/437/6288
f 6292/437/6288 1421/2034/1421 1422/1777/1422 6299/1768/6295
f 6299/1768/6295 1422/1777/1422 1423/2035/1423 6306/1775/6302
f 6306/1775/6302 1423/2035/1423 1424/1778/1424 6313/1764/6309
f 6313/1764/6309 1424/1778/1424 1425/1777/1425 6320/1768/6316
f 6320/1768/6316 1425/1777/1425 1426/1779/1426 6327/437/6323
f 6327/437/6323 1426/1779/1426 1427/1776/1427 6334/437/6330
f 6334/437/6330 1427/1776/1427 97/1779/97 1470/1775/1470
f 6333/1771/6329 6334/437/6330 1470/1775/1470 1471/438/1471
f 6332/439/6328 6333/1771/6329 1471/438/1471 1472/2100/1472
f 6331/1772/6327 6332/439/6328 1472/2100/1472 1473/440/1473
f 6330/441/6326 6331/1772/6327 1473/440/1473 1474/2099/1474
f 6329/442/6325 6330/441/6326 1474/2099/1474 1475/2097/1475
f 6328/1761/6324 6329/442/6325 1475/2097/1475 1476/2098/1476
f 1372/1773/1372 6328/1761/6324 1476/2098/1476 99/1773/99
f 1373/1782/1373 6321/443/6317 6328/1761/6324 1372/1773/1372
f 1374/445/1374 6314/1765/6310 6321/443/6317 1373/1782/1373
f 1375/1773/1375 6307/1762/6303 6314/1765/6310 1374/445/1374
f 1376/1773/1376 6300/443/6296 6307/1762/6303 1375/1773/1375
f 1377/1782/1377 6293/1765/6289 6300/443/6296 1376/1773/1376
f 1378/445/1378 6286/1762/6282 6293/1765/6289 1377/1782/1377
f 6335/1762/6331 6336/442/6332 6343/1751/6339 6342/1765/6338
f 6336/442/6332 6337/1753/6333 6344/1754/6340 6343/1751/6339
f 6337/1753/6333 6338/1755/6334 6345/2036/6341 6344/1754/6340
f 6338/1755/6334 6339/439/6335 6346/1757/6342 6345/2036/6341
f 6339/439/6335 6340/1758/6336 6347/1759/6343 6346/1757/6342
f 6340/1758/6336 6341/437/6337 6348/1768/6344 6347/1759/6343
f 6342/1765/6338 6343/1751/6339 6350/442/6346 6349/443/6345
f 6343/1751/6339 6344/1754/6340 6351/441/6347 6350/442/6346
f 6344/1754/6340 6345/2036/6341 6352/2037/6348 6351/441/6347
f 6345/2036/6341 6346/1757/6342 6353/439/6349 6352/2037/6348
f 6346/1757/6342 6347/1759/6343 6354/438/6350 6353/439/6349
f 6347/1759/6343 6348/1768/6344 6355/1775/6351 6354/438/6350
f 6349/443/6345 6350/442/6346 6357/442/6353 6356/1762/6352
f 6350/442/6346 6351/441/6347 6358/2038/6354 6357/442/6353
f 6351/441/6347 6352/2037/6348 6359/1755/6355 6358/2038/6354
f 6352/2037/6348 6353/439/6349 6360/1763/6356 6359/1755/6355
f 6353/439/6349 6354/438/6350 6361/1758/6357 6360/1763/6356
f 6354/438/6350 6355/1775/6351 6362/1764/6358 6361/1758/6357
f 6356/1762/6352 6357/442/6353 6364/1751/6360 6363/1765/6359
f 6357/442/6353 6358/2038/6354 6365/1766/6361 6364/1751/6360
f 6358/2038/6354 6359/1755/6355 6366/440/6362 6365/1766/6361
f 6359/1755/6355 6360/1763/6356 6367/1767/6363 6366/440/6362
f 6360/1763/6356 6361/1758/6357 6368/2039/6364 6367/1767/6363
f 6361/1758/6357 6362/1764/6358 6369/1768/6365 6368/2039/6364
f 6363/1765/6359 6364/1751/6360 6371/1769/6367 6370/443/6366
f 6364/1751/6360 6365/1766/6361 6372/1754/6368 6371/1769/6367
f 6365/1766/6361 6366/440/6362 6373/440/6369 6372/1754/6368
f 6366/440/6362 6367/1767/6363 6374/1770/6370 6373/440/6369
f 6367/1767/6363 6368/2039/6364 6375/438/6371 6374/1770/6370
f 6368/2039/6364 6369/1768/6365 6376/437/6372 6375/438/6371
f 6370/443/6366 6371/1769/6367 6378/442/6374 6377/1761/6373
f 6371/1769/6367 6372/1754/6368 6379/441/6375 6378/442/6374
f 6372/1754/6368 6373/440/6369 6380/1772/6376 6379/441/6375
f 6373/440/6369 6374/1770/6370 6381/439/6377 6380/1772/6376
f 6374/1770/6370 6375/438/6371 6382/1771/6378 6381/439/6377
f 6375/438/6371 6376/437/6372 6383/437/6379 6382/1771/6378
f 88/1780/88 1273/443/1273 6335/1762/6331 1350/2040/1350
f 1273/443/1273 1272/1774/1272 6336/442/6332 6335/1762/6331
f 1272/1774/1272 1271/441/1271 6337/1753/6333 6336/442/6332
f 1271/441/1271 1270/440/1270 6338/1755/6334 6337/1753/6333
f 1270/440/1270 1269/439/1269 6339/439/6335 6338/1755/6334
f 1269/439/1269 1268/1771/1268 6340/1758/6336 6339/439/6335
f 1268/1771/1268 1267/1775/1267 6341/437/6337 6340/1758/6336
f 1267/1775/1267 87/1776/87 1491/2034/1491 6341/437/6337
f 6341/437/6337 1491/2034/1491 1492/1777/1492 6348/1768/6344
f 6348/1768/6344 1492/1777/1492 1493/2035/1493 6355/1775/6351
f 6355/1775/6351 1493/2035/1493 1494/1778/1494 6362/1764/6358
f 6362/1764/6358 1494/1778/1494 1495/1777/1495 6369/1768/6365
f 6369/1768/6365 1495/1777/1495 1496/1779/1496 6376/437/6372
f 6376/437/6372 1496/1779/1496 1497/1776/1497 6383/437/6379
f 6383/437/6379 1497/1776/1497 103/1776/103 1505/1775/1505
f 6382/1771/6378 6383/437/6379 1505/1775/1505 1506/1771/1506
f 6381/439/6377 6382/1771/6378 1506/1771/1506 1507/439/1507
f 6380/1772/6376 6381/439/6377 1507/439/1507 1508/440/1508
f 6379/441/6375 6380/1772/6376 1508/440/1508 1509/441/1509
f 6378/442/6374 6379/441/6375 1509/441/1509 1510/1774/1510
f 6377/1761/6373 6378/442/6374 1510/1774/1510 1511/443/1511
f 1344/1773/1344 6377/1761/6373 1511/443/1511 101/1773/101
f 1345/1773/1345 6370/443/6366 6377/1761/6373 1344/1773/1344
f 1346/2041/1346 6363/1765/6359 6370/443/6366 1345/1773/1345
f 1347/1782/1347 6356/1762/6352 6363/1765/6359 1346/2041/1346
f 1348/1781/1348 6349/443/6345 6356/1762/6352 1347/1782/1347
f 1349/445/1349 6342/1765/6338 6349/443/6345 1348/1781/1348
f 1350/2040/1350 6335/1762/6331 6342/1765/6338 1349/445/1349
f 6384/1982/6380 6385/1983/6381 6392/1984/6388 6391/1985/6387
f 6385/1983/6381 6386/1986/6382 6393/1987/6389 6392/1984/6388
f 6386/1986/6382 6387/1988/6383 6394/1838/6390 6393/1987/6389
f 6387/1988/6383 6388/1989/6384 6395/1837/6391 6394/1838/6390
f 6388/1989/6384 6389/1990/6385 6396/1990/6392 6395/1837/6391
f 6389/1990/6385 6390/1835/6386 6397/1991/6393 6396/1990/6392
f 6391/1985/6387 6392/1984/6388 6399/1840/6395 6398/1992/6394
f 6392/1984/6388 6393/1987/6389 6400/1839/6396 6399/1840/6395
f 6393/1987/6389 6394/1838/6390 6401/1988/6397 6400/1839/6396
f 6394/1838/6390 6395/1837/6391 6402/1989/6398 6401/1988/6397
f 6395/1837/6391 6396/1990/6392 6403/1836/6399 6402/1989/6398
f 6396/1990/6392 6397/1991/6393 6404/1993/6400 6403/1836/6399
f 6398/1992/6394 6399/1840/6395 6406/1994/6402 6405/1995/6401
f 6399/1840/6395 6400/1839/6396 6407/1839/6403 6406/1994/6402
f 6400/1839/6396 6401/1988/6397 6408/1838/6404 6407/1839/6403
f 6401/1988/6397 6402/1989/6398 6409/1837/6405 6408/1838/6404
f 6402/1989/6398 6403/1836/6399 6410/1990/6406 6409/1837/6405
f 6403/1836/6399 6404/1993/6400 6411/1991/6407 6410/1990/6406
f 6405/1995/6401 6406/1994/6402 6413/1983/6409 6412/1982/6408
f 6406/1994/6402 6407/1839/6403 6414/1986/6410 6413/1983/6409
f 6407/1839/6403 6408/1838/6404 6415/1988/6411 6414/1986/6410
f 6408/1838/6404 6409/1837/6405 6416/1989/6412 6415/1988/6411
f 6409/1837/6405 6410/1990/6406 6417/1836/6413 6416/1989/6412
f 6410/1990/6406 6411/1991/6407 6418/1993/6414 6417/1836/6413
f 6412/1982/6408 6413/1983/6409 6420/1984/6416 6419/1985/6415
f 6413/1983/6409 6414/1986/6410 6421/1987/6417 6420/1984/6416
f 6414/1986/6410 6415/1988/6411 6422/1838/6418 6421/1987/6417
f 6415/1988/6411 6416/1989/6412 6423/1837/6419 6422/1838/6418
f 6416/1989/6412 6417/1836/6413 6424/1990/6420 6423/1837/6419
f 6417/1836/6413 6418/1993/6414 6425/1835/6421 6424/1990/6420
f 6419/1985/6415 6420/1984/6416 6427/1840/6423 6426/1992/6422
f 6420/1984/6416 6421/1987/6417 6428/1839/6424 6427/1840/6423
f 6421/1987/6417 6422/1838/6418 6429/1988/6425 6428/1839/6424
f 6422/1838/6418 6423/1837/6419 6430/1989/6426 6429/1988/6425
f 6423/1837/6419 6424/1990/6420 6431/1990/6427 6430/1989/6426
f 6424/1990/6420 6425/1835/6421 6432/1996/6428 6431/1990/6427
f 86/1997/86 1259/1995/1259 6384/1982/6380 1364/1998/1364
f 1259/1995/1259 1258/1994/1258 6385/1983/6381 6384/1982/6380
f 1258/1994/1258 1257/1839/1257 6386/1986/6382 6385/1983/6381
f 1257/1839/1257 1256/1838/1256 6387/1988/6383 6386/1986/6382
f 1256/1838/1256 1255/1837/1255 6388/1989/6384 6387/1988/6383
f 1255/1837/1255 1254/1990/1254 6389/1990/6385 6388/1989/6384
f 1254/1990/1254 1253/1999/1253 6390/1835/6386 6389/1990/6385
f 1253/1999/1253 85/59/85 1498/1833/1498 6390/1835/6386
f 6390/1835/6386 1498/1833/1498 1499/1833/1499 6397/1991/6393
f 6397/1991/6393 1499/1833/1499 1500/1833/1500 6404/1993/6400
f 6404/1993/6400 1500/1833/1500 1501/1833/1501 6411/1991/6407
f 6411/1991/6407 1501/1833/1501 1502/1833/1502 6418/1993/6414
f 6418/1993/6414 1502/1833/1502 1503/1833/1503 6425/1835/6421
f 6425/1835/6421 1503/1833/1503 1504/1833/1504 6432/1996/6428
f 6432/1996/6428 1504/1833/1504 104/59/104 1512/1999/1512
f 6431/1990/6427 6432/1996/6428 1512/1999/1512 1513/1990/1513
f 6430/1989/6426 6431/1990/6427 1513/1990/1513 1514/1837/1514
f 6429/1988/6425 6430/1989/6426 1514/1837/1514 1515/1838/1515
f 6428/1839/6424 6429/1988/6425 1515/1838/1515 1516/1839/1516
f 6427/1840/6423 6428/1839/6424 1516/1839/1516 1517/1994/1517
f 6426/1992/6422 6427/1840/6423 1517/1994/1517 1518/1995/1518
f 1358/2000/1358 6426/1992/6422 1518/1995/1518 102/1997/102
f 1359/2001/1359 6419/1985/6415 6426/1992/6422 1358/2000/1358
f 1360/1998/1360 6412/1982/6408 6419/1985/6415 1359/2001/1359
f 1361/1997/1361 6405/1995/6401 6412/1982/6408 1360/1998/1360
f 1362/2000/1362 6398/1992/6394 6405/1995/6401 1361/1997/1361
f 1363/2001/1363 6391/1985/6387 6398/1992/6394 1362/2000/1362
f 1364/1998/1364 6384/1982/6380 6391/1985/6387 1363/2001/1363
f 6433/1963/6429 6434/1964/6430 6441/1904/6437 6440/1965/6436
f 6434/1964/6430 6435/1966/6431 6442/1967/6438 6441/1904/6437
f 6435/1966/6431 6436/1968/6432 6443/1969/6439 6442/1967/6438
f 6436/1968/6432 6437/1970/6433 6444/1971/6440 6443/1969/6439
f 6437/1970/6433 6438/1972/6434 6445/1973/6441 6444/1971/6440
f 6438/1972/6434 6439/1974/6435 6446/1975/6442 6445/1973/6441
f 6440/1965/6436 6441/1904/6437 6448/1964/6444 6447/1976/6443
f 6441/1904/6437 6442/1967/6438 6449/1966/6445 6448/1964/6444
f 6442/1967/6438 6443/1969/6439 6450/1902/6446 6449/1966/6445
f 6443/1969/6439 6444/1971/6440 6451/1977/6447 6450/1902/6446
f 6444/1971/6440 6445/1973/6441 6452/1978/6448 6451/1977/6447
f 6445/1973/6441 6446/1975/6442 6453/1979/6449 6452/1978/6448
f 6447/1976/6443 6448/1964/6444 6455/1904/6451 6454/1965/6450
f 6448/1964/6444 6449/1966/6445 6456/1967/6452 6455/1904/6451
f 6449/1966/6445 6450/1902/6446 6457/1902/6453 6456/1967/6452
f 6450/1902/6446 6451/1977/6447 6458/1980/6454 6457/1902/6453
f 6451/1977/6447 6452/1978/6448 6459/1978/6455 6458/1980/6454
f 6452/1978/6448 6453/1979/6449 6460/1899/6456 6459/1978/6455
f 6454/1965/6450 6455/1904/6451 6462/1964/6458 6461/1976/6457
f 6455/1904/6451 6456/1967/6452 6463/1966/6459 6462/1964/6458
f 6456/1967/6452 6457/1902/6453 6464/1968/6460 6463/1966/6459
f 6457/1902/6453 6458/1980/6454 6465/1970/6461 6464/1968/6460
f 6458/1980/6454 6459/1978/6455 6466/1972/6462 6465/1970/6461
f 6459/1978/6455 6460/1899/6456 6467/1974/6463 6466/1972/6462
f 6461/1976/6457 6462/1964/6458 6469/1904/6465 6468/1963/6464
f 6462/1964/6458 6463/1966/6459 6470/1967/6466 6469/1904/6465
f 6463/1966/6459 6464/1968/6460 6471/1969/6467 6470/1967/6466
f 6464/1968/6460 6465/1970/6461 6472/1971/6468 6471/1969/6467
f 6465/1970/6461 6466/1972/6462 6473/1973/6469 6472/1971/6468
f 6466/1972/6462 6467/1974/6463 6474/1975/6470 6473/1973/6469
f 6468/1963/6464 6469/1904/6465 6476/1964/6472 6475/1963/6471
f 6469/1904/6465 6470/1967/6466 6477/1966/6473 6476/1964/6472
f 6470/1967/6466 6471/1969/6467 6478/1902/6474 6477/1966/6473
f 6471/1969/6467 6472/1971/6468 6479/1977/6475 6478/1902/6474
f 6472/1971/6468 6473/1973/6469 6480/1978/6476 6479/1977/6475
f 6473/1973/6469 6474/1975/6470 6481/1979/6477 6480/1978/6476
f 85/283/85 1280/1963/1280 6433/1963/6429 1498/1898/1498
f 1280/1963/1280 1279/1904/1279 6434/1964/6430 6433/1963/6429
f 1279/1904/1279 1278/1967/1278 6435/1966/6431 6434/1964/6430
f 1278/1967/1278 1277/1902/1277 6436/1968/6432 6435/1966/6431
f 1277/1902/1277 1276/1980/1276 6437/1970/6433 6436/1968/6432
f 1276/1980/1276 1275/1978/1275 6438/1972/6434 6437/1970/6433
f 1275/1978/1275 1274/1899/1274 6439/1974/6435 6438/1972/6434
f 1274/1899/1274 88/1780/88 1350/2040/1350 6439/1974/6435
f 6439/1974/6435 1350/2040/1350 1349/445/1349 6446/1975/6442
f 6446/1975/6442 1349/445/1349 1348/1781/1348 6453/1979/6449
f 6453/1979/6449 1348/1781/1348 1347/1782/1347 6460/1899/6456
f 6460/1899/6456 1347/1782/1347 1346/2041/1346 6467/1974/6463
f 6467/1974/6463 1346/2041/1346 1345/1773/1345 6474/1975/6470
f 6474/1975/6470 1345/1773/1345 1344/1773/1344 6481/1979/6477
f 6481/1979/6477 1344/1773/1344 101/1773/101 1519/1899/1519
f 6480/1978/6476 6481/1979/6477 1519/1899/1519 1520/1978/1520
f 6479/1977/6475 6480/1978/6476 1520/1978/1520 1521/1980/1521
f 6478/1902/6474 6479/1977/6475 1521/1980/1521 1522/1902/1522
f 6477/1966/6473 6478/1902/6474 1522/1902/1522 1523/1967/1523
f 6476/1964/6472 6477/1966/6473 1523/1967/1523 1524/1904/1524
f 6475/1963/6471 6476/1964/6472 1524/1904/1524 1525/1963/1525
f 1504/1981/1504 6475/1963/6471 1525/1963/1525 104/283/104
f 1503/1898/1503 6468/1963/6464 6475/1963/6471 1504/1981/1504
f 1502/1898/1502 6461/1976/6457 6468/1963/6464 1503/1898/1503
f 1501/1898/1501 6454/1965/6450 6461/1976/6457 1502/1898/1502
f 1500/1898/1500 6447/1976/6443 6454/1965/6450 1501/1898/1501
f 1499/1898/1499 6440/1965/6436 6447/1976/6443 1500/1898/1500
f 1498/1898/1498 6433/1963/6429 6440/1965/6436 1499/1898/1499
f 6482/2002/6478 6483/2003/6479 6490/2004/6486 6489/2005/6485
f 6483/2003/6479 6484/2006/6480 6491/2007/6487 6490/2004/6486
f 6484/2006/6480 6485/2008/6481 6492/2009/6488 6491/2007/6487
f 6485/2008/6481 6486/2010/6482 6493/2011/6489 6492/2009/6488
f 6486/2010/6482 6487/2022/6483 6494/2013/6490 6493/2011/6489
f 6487/2022/6483 6488/2014/6484 6495/2015/6491 6494/2013/6490
f 6489/2005/6485 6490/2004/6486 6497/1961/6493 6496/1962/6492
f 6490/2004/6486 6491/2007/6487 6498/1960/6494 6497/1961/6493
f 6491/2007/6487 6492/2009/6488 6499/2017/6495 6498/1960/6494
f 6492/2009/6488 6493/2011/6489 6500/2018/6496 6499/2017/6495
f 6493/2011/6489 6494/2013/6490 6501/1957/6497 6500/2018/6496
f 6494/2013/6490 6495/2015/6491 6502/2014/6498 6501/1957/6497
f 6496/1962/6492 6497/1961/6493 6504/2019/6500 6503/2020/6499
f 6497/1961/6493 6498/1960/6494 6505/2006/6501 6504/2019/6500
f 6498/1960/6494 6499/2017/6495 6506/2008/6502 6505/2006/6501
f 6499/2017/6495 6500/2018/6496 6507/2021/6503 6506/2008/6502
f 6500/2018/6496 6501/1957/6497 6508/2022/6504 6507/2021/6503
f 6501/1957/6497 6502/2014/6498 6509/2023/6505 6508/2022/6504
f 6503/2020/6499 6504/2019/6500 6511/2024/6507 6510/2005/6506
f 6504/2019/6500 6505/2006/6501 6512/2025/6508 6511/2024/6507
f 6505/2006/6501 6506/2008/6502 6513/2017/6509 6512/2025/6508
f 6506/2008/6502 6507/2021/6503 6514/2026/6510 6513/2017/6509
f 6507/2021/6503 6508/2022/6504 6515/2013/6511 6514/2026/6510
f 6508/2022/6504 6509/2023/6505 6516/2015/6512 6515/2013/6511
f 6510/2005/6506 6511/2024/6507 6518/2033/6514 6517/2027/6513
f 6511/2024/6507 6512/2025/6508 6519/2025/6515 6518/2033/6514
f 6512/2025/6508 6513/2017/6509 6520/2017/6516 6519/2025/6515
f 6513/2017/6509 6514/2026/6510 6521/1958/6517 6520/2017/6516
f 6514/2026/6510 6515/2013/6511 6522/1957/6518 6521/1958/6517
f 6515/2013/6511 6516/2015/6512 6523/2014/6519 6522/1957/6518
f 6517/2027/6513 6518/2033/6514 6525/2019/6521 6524/2027/6520
f 6518/2033/6514 6519/2025/6515 6526/1960/6522 6525/2019/6521
f 6519/2025/6515 6520/2017/6516 6527/2028/6523 6526/1960/6522
f 6520/2017/6516 6521/1958/6517 6528/2021/6524 6527/2028/6523
f 6521/1958/6517 6522/1957/6518 6529/2029/6525 6528/2021/6524
f 6522/1957/6518 6523/2014/6519 6530/1956/6526 6529/2029/6525
f 87/1776/87 1266/2016/1266 6482/2002/6478 1491/2034/1491
f 1266/2016/1266 1265/2032/1265 6483/2003/6479 6482/2002/6478
f 1265/2032/1265 1264/1960/1264 6484/2006/6480 6483/2003/6479
f 1264/1960/1264 1263/1959/1263 6485/2008/6481 6484/2006/6480
f 1263/1959/1263 1262/2018/1262 6486/2010/6482 6485/2008/6481
f 1262/2018/1262 1261/1957/1261 6487/2022/6483 6486/2010/6482
f 1261/1957/1261 1260/2014/1260 6488/2014/6484 6487/2022/6483
f 1260/2014/1260 86/1997/86 1364/1998/1364 6488/2014/6484
f 6488/2014/6484 1364/1998/1364 1363/2001/1363 6495/2015/6491
f 6495/2015/6491 1363/2001/1363 1362/2000/1362 6502/2014/6498
f 6502/2014/6498 1362/2000/1362 1361/1997/1361 6509/2023/6505
f 6509/2023/6505 1361/1997/1361 1360/1998/1360 6516/2015/6512
f 6516/2015/6512 1360/1998/1360 1359/2001/1359 6523/2014/6519
f 6523/2014/6519 1359/2001/1359 1358/2000/1358 6530/1956/6526
f 6530/1956/6526 1358/2000/1358 102/1997/102 1526/2014/1526
f 6529/2029/6525 6530/1956/6526 1526/2014/1526 1527/1957/1527
f 6528/2021/6524 6529/2029/6525 1527/1957/1527 1528/2018/1528
f 6527/2028/6523 6528/2021/6524 1528/2018/1528 1529/1959/1529
f 6526/1960/6522 6527/2028/6523 1529/1959/1529 1530/1960/1530
f 6525/2019/6521 6526/1960/6522 1530/1960/1530 1531/2032/1531
f 6524/2027/6520 6525/2019/6521 1531/2032/1531 1532/2016/1532
f 1497/1776/1497 6524/2027/6520 1532/2016/1532 103/1776/103
f 1496/1779/1496 6517/2027/6513 6524/2027/6520 1497/1776/1497
f 1495/1777/1495 6510/2005/6506 6517/2027/6513 1496/1779/1496
f 1494/1778/1494 6503/2020/6499 6510/2005/6506 1495/1777/1495
f 1493/2035/1493 6496/1962/6492 6503/2020/6499 1494/1778/1494
f 1492/1777/1492 6489/2005/6485 6496/1962/6492 1493/2035/1493
f 1491/2034/1491 6482/2002/6478 6489/2005/6485 1492/1777/1492
